Test Date,County,New Positives,Cumulative Number of Positives,Total Number of Tests Performed,Cumulative Number of Tests Performed
03/01/2020,Albany,0,0,0,0
03/02/2020,Albany,0,0,0,0
03/03/2020,Albany,0,0,0,0
03/04/2020,Albany,0,0,0,0
03/05/2020,Albany,0,0,3,3
03/06/2020,Albany,0,0,0,3
03/07/2020,Albany,0,0,5,8
03/08/2020,Albany,0,0,2,10
03/09/2020,Albany,0,0,3,13
03/10/2020,Albany,0,0,2,15
03/11/2020,Albany,0,0,13,28
03/12/2020,Albany,1,1,11,39
03/13/2020,Albany,2,3,26,65
03/14/2020,Albany,3,6,108,173
03/15/2020,Albany,6,12,108,281
03/16/2020,Albany,11,23,140,421
03/17/2020,Albany,13,36,267,688
03/18/2020,Albany,7,43,331,1019
03/19/2020,Albany,18,61,450,1469
03/20/2020,Albany,27,88,499,1968
03/21/2020,Albany,35,123,577,2545
03/22/2020,Albany,4,127,197,2742
03/23/2020,Albany,19,146,144,2886
03/24/2020,Albany,6,152,198,3084
03/25/2020,Albany,19,171,93,3177
03/26/2020,Albany,16,187,112,3289
03/27/2020,Albany,8,195,101,3390
03/28/2020,Albany,10,205,73,3463
03/29/2020,Albany,12,217,61,3524
03/30/2020,Albany,9,226,72,3596
03/31/2020,Albany,14,240,108,3704
04/01/2020,Albany,13,253,106,3810
04/02/2020,Albany,14,267,105,3915
04/03/2020,Albany,26,293,123,4038
04/04/2020,Albany,12,305,117,4155
04/05/2020,Albany,14,319,89,4244
04/06/2020,Albany,14,333,86,4330
04/07/2020,Albany,9,342,74,4404
04/08/2020,Albany,37,379,229,4633
04/09/2020,Albany,47,426,332,4965
04/10/2020,Albany,20,446,159,5124
04/11/2020,Albany,32,478,223,5347
04/12/2020,Albany,21,499,193,5540
04/13/2020,Albany,36,535,216,5756
04/14/2020,Albany,13,548,106,5862
04/15/2020,Albany,33,581,301,6163
04/16/2020,Albany,38,619,273,6436
04/17/2020,Albany,29,648,291,6727
04/18/2020,Albany,34,682,305,7032
04/19/2020,Albany,5,687,103,7135
04/20/2020,Albany,17,704,164,7299
04/21/2020,Albany,33,737,236,7535
04/22/2020,Albany,21,758,178,7713
04/23/2020,Albany,47,805,319,8032
04/24/2020,Albany,94,899,626,8658
04/25/2020,Albany,49,948,402,9060
04/26/2020,Albany,31,979,263,9323
04/27/2020,Albany,30,1009,197,9520
04/28/2020,Albany,58,1067,351,9871
04/29/2020,Albany,98,1165,439,10310
04/30/2020,Albany,39,1204,378,10688
05/01/2020,Albany,34,1238,434,11122
05/02/2020,Albany,20,1258,441,11563
05/03/2020,Albany,29,1287,391,11954
05/04/2020,Albany,7,1294,130,12084
05/05/2020,Albany,27,1321,367,12451
05/06/2020,Albany,27,1348,407,12858
05/07/2020,Albany,36,1384,385,13243
05/08/2020,Albany,32,1416,488,13731
05/09/2020,Albany,16,1432,455,14186
05/10/2020,Albany,24,1456,384,14570
05/11/2020,Albany,23,1479,341,14911
05/12/2020,Albany,15,1494,335,15246
05/13/2020,Albany,15,1509,546,15792
05/14/2020,Albany,29,1538,541,16333
05/15/2020,Albany,34,1572,482,16815
05/16/2020,Albany,7,1579,411,17226
05/17/2020,Albany,31,1610,342,17568
05/18/2020,Albany,45,1655,398,17966
05/19/2020,Albany,27,1682,697,18663
05/20/2020,Albany,18,1700,650,19313
05/21/2020,Albany,56,1756,920,20233
05/22/2020,Albany,14,1770,655,20888
05/23/2020,Albany,12,1782,438,21326
05/24/2020,Albany,9,1791,378,21704
05/25/2020,Albany,2,1793,328,22032
05/26/2020,Albany,3,1796,369,22401
05/27/2020,Albany,18,1814,666,23067
05/28/2020,Albany,20,1834,416,23483
05/29/2020,Albany,9,1843,521,24004
05/30/2020,Albany,17,1860,760,24764
05/31/2020,Albany,22,1882,537,25301
06/01/2020,Albany,18,1900,618,25919
06/02/2020,Albany,20,1920,1170,27089
06/03/2020,Albany,10,1930,817,27906
06/04/2020,Albany,11,1941,1179,29085
06/05/2020,Albany,12,1953,1164,30249
06/06/2020,Albany,8,1961,751,31000
06/07/2020,Albany,17,1978,1194,32194
06/08/2020,Albany,5,1983,616,32810
06/09/2020,Albany,3,1986,569,33379
06/10/2020,Albany,10,1996,774,34153
06/11/2020,Albany,11,2007,1103,35256
06/12/2020,Albany,9,2016,739,35995
06/13/2020,Albany,4,2020,874,36869
06/14/2020,Albany,2,2022,496,37365
06/15/2020,Albany,4,2026,577,37942
06/16/2020,Albany,3,2029,592,38534
06/17/2020,Albany,5,2034,843,39377
06/18/2020,Albany,15,2049,1070,40447
06/19/2020,Albany,4,2053,610,41057
06/20/2020,Albany,1,2054,784,41841
06/21/2020,Albany,6,2060,931,42772
06/22/2020,Albany,2,2062,427,43199
06/23/2020,Albany,3,2065,586,43785
06/24/2020,Albany,11,2076,1325,45110
06/25/2020,Albany,8,2084,630,45740
06/26/2020,Albany,7,2091,799,46539
06/27/2020,Albany,6,2097,762,47301
06/28/2020,Albany,2,2099,514,47815
06/29/2020,Albany,3,2102,543,48358
06/30/2020,Albany,10,2112,731,49089
07/01/2020,Albany,13,2125,928,50017
07/02/2020,Albany,5,2130,805,50822
07/03/2020,Albany,15,2145,970,51792
07/04/2020,Albany,7,2152,1098,52890
07/05/2020,Albany,8,2160,626,53516
07/06/2020,Albany,4,2164,421,53937
07/07/2020,Albany,11,2175,1020,54957
07/08/2020,Albany,8,2183,1260,56217
07/09/2020,Albany,7,2190,625,56842
07/10/2020,Albany,18,2208,1252,58094
07/11/2020,Albany,11,2219,815,58909
07/12/2020,Albany,6,2225,594,59503
07/13/2020,Albany,22,2247,1139,60642
07/14/2020,Albany,33,2280,860,61502
07/15/2020,Albany,10,2290,1065,62567
07/16/2020,Albany,20,2310,1098,63665
07/17/2020,Albany,5,2315,816,64481
07/18/2020,Albany,3,2318,335,64816
07/19/2020,Albany,4,2322,877,65693
07/20/2020,Albany,29,2351,1354,67047
07/21/2020,Albany,18,2369,981,68028
07/22/2020,Albany,32,2401,975,69003
07/23/2020,Albany,25,2426,896,69899
07/24/2020,Albany,12,2438,632,70531
07/25/2020,Albany,13,2451,817,71348
07/26/2020,Albany,2,2453,820,72168
07/27/2020,Albany,15,2468,929,73097
07/28/2020,Albany,12,2480,843,73940
07/29/2020,Albany,13,2493,763,74703
07/30/2020,Albany,10,2503,745,75448
07/31/2020,Albany,12,2515,1055,76503
08/01/2020,Albany,6,2521,463,76966
08/02/2020,Albany,10,2531,529,77495
08/03/2020,Albany,12,2543,770,78265
08/04/2020,Albany,13,2556,1218,79483
08/05/2020,Albany,9,2565,800,80283
08/06/2020,Albany,8,2573,757,81040
08/07/2020,Albany,8,2581,946,81986
08/08/2020,Albany,14,2595,903,82889
08/09/2020,Albany,5,2600,739,83628
08/10/2020,Albany,14,2614,1127,84755
08/11/2020,Albany,10,2624,1451,86206
08/12/2020,Albany,12,2636,1052,87258
08/13/2020,Albany,3,2639,1173,88431
08/14/2020,Albany,4,2643,1109,89540
08/15/2020,Albany,11,2654,1142,90682
08/16/2020,Albany,3,2657,700,91382
08/17/2020,Albany,4,2661,991,92373
08/18/2020,Albany,14,2675,1197,93570
08/19/2020,Albany,9,2684,1750,95320
08/20/2020,Albany,7,2691,1443,96763
08/21/2020,Albany,2,2693,1336,98099
08/22/2020,Albany,6,2699,1263,99362
08/23/2020,Albany,2,2701,490,99852
08/24/2020,Albany,10,2711,972,100824
08/25/2020,Albany,7,2718,1042,101866
08/26/2020,Albany,18,2736,1266,103132
08/27/2020,Albany,10,2746,1264,104396
08/28/2020,Albany,8,2754,1183,105579
08/29/2020,Albany,10,2764,1519,107098
08/30/2020,Albany,6,2770,594,107692
08/31/2020,Albany,16,2786,841,108533
09/01/2020,Albany,5,2791,1116,109649
09/02/2020,Albany,11,2802,1655,111304
09/03/2020,Albany,17,2819,899,112203
09/04/2020,Albany,4,2823,996,113199
09/05/2020,Albany,8,2831,824,114023
09/06/2020,Albany,2,2833,727,114750
09/07/2020,Albany,7,2840,665,115415
09/08/2020,Albany,6,2846,499,115914
09/09/2020,Albany,13,2859,724,116638
09/10/2020,Albany,23,2882,1326,117964
09/11/2020,Albany,14,2896,1386,119350
09/12/2020,Albany,19,2915,844,120194
09/13/2020,Albany,6,2921,555,120749
09/14/2020,Albany,15,2936,797,121546
09/15/2020,Albany,12,2948,997,122543
09/16/2020,Albany,21,2969,1084,123627
09/17/2020,Albany,10,2979,1229,124856
09/18/2020,Albany,27,3006,1322,126178
09/19/2020,Albany,10,3016,1147,127325
09/20/2020,Albany,8,3024,669,127994
09/21/2020,Albany,13,3037,776,128770
09/22/2020,Albany,6,3043,869,129639
09/23/2020,Albany,10,3053,1519,131158
09/24/2020,Albany,10,3063,1348,132506
09/25/2020,Albany,19,3082,1202,133708
09/26/2020,Albany,13,3095,1091,134799
09/27/2020,Albany,9,3104,789,135588
09/28/2020,Albany,12,3116,939,136527
09/29/2020,Albany,4,3120,925,137452
09/30/2020,Albany,13,3133,1496,138948
10/01/2020,Albany,20,3153,1343,140291
10/02/2020,Albany,22,3175,1783,142074
10/03/2020,Albany,15,3190,1052,143126
10/04/2020,Albany,11,3201,833,143959
10/05/2020,Albany,17,3218,1061,145020
10/06/2020,Albany,15,3233,1328,146348
10/07/2020,Albany,18,3251,2089,148437
10/08/2020,Albany,17,3268,2240,150677
10/09/2020,Albany,12,3280,2225,152902
10/10/2020,Albany,13,3293,1823,154725
10/11/2020,Albany,11,3304,819,155544
10/12/2020,Albany,20,3324,1393,156937
10/13/2020,Albany,19,3343,1278,158215
10/14/2020,Albany,26,3369,1823,160038
10/15/2020,Albany,14,3383,3007,163045
10/16/2020,Albany,15,3398,1318,164363
10/17/2020,Albany,18,3416,1354,165717
10/18/2020,Albany,11,3427,769,166486
10/19/2020,Albany,9,3436,997,167483
10/20/2020,Albany,24,3460,1466,168949
10/21/2020,Albany,28,3488,1454,170403
10/22/2020,Albany,28,3516,1856,172259
10/23/2020,Albany,33,3549,2694,174953
10/24/2020,Albany,28,3577,1148,176101
10/25/2020,Albany,13,3590,809,176910
10/26/2020,Albany,23,3613,1212,178122
10/27/2020,Albany,14,3627,1082,179204
10/28/2020,Albany,33,3660,2240,181444
10/29/2020,Albany,45,3705,2037,183481
10/30/2020,Albany,19,3724,1581,185062
10/31/2020,Albany,26,3750,1578,186640
11/01/2020,Albany,21,3771,905,187545
11/02/2020,Albany,31,3802,1432,188977
11/03/2020,Albany,43,3845,1169,190146
11/04/2020,Albany,32,3877,2982,193128
11/05/2020,Albany,65,3942,3059,196187
11/06/2020,Albany,82,4024,2976,199163
11/07/2020,Albany,25,4049,2845,202008
11/08/2020,Albany,46,4095,976,202984
11/09/2020,Albany,97,4192,1767,204751
11/10/2020,Albany,60,4252,4990,209741
11/11/2020,Albany,84,4336,2714,212455
11/12/2020,Albany,89,4425,3923,216378
11/13/2020,Albany,89,4514,3012,219390
11/14/2020,Albany,15,4529,1000,220390
11/15/2020,Albany,43,4572,1955,222345
11/16/2020,Albany,81,4653,1773,224118
11/17/2020,Albany,77,4730,1628,225746
11/18/2020,Albany,92,4822,2566,228312
11/19/2020,Albany,84,4906,4662,232974
11/20/2020,Albany,107,5013,2351,235325
11/21/2020,Albany,95,5108,3915,239240
11/22/2020,Albany,40,5148,1827,241067
11/23/2020,Albany,85,5233,2269,243336
11/24/2020,Albany,91,5324,2282,245618
11/25/2020,Albany,102,5426,2909,248527
11/26/2020,Albany,129,5555,2300,250827
11/27/2020,Albany,63,5618,1911,252738
11/28/2020,Albany,94,5712,2465,255203
11/29/2020,Albany,104,5816,2187,257390
11/30/2020,Albany,152,5968,2826,260216
12/01/2020,Albany,170,6138,2656,262872
12/02/2020,Albany,120,6258,2848,265720
12/03/2020,Albany,148,6406,3002,268722
12/04/2020,Albany,165,6571,4048,272770
12/05/2020,Albany,140,6711,2700,275470
12/06/2020,Albany,107,6818,1453,276923
12/07/2020,Albany,173,6991,2223,279146
12/08/2020,Albany,185,7176,1922,281068
12/09/2020,Albany,216,7392,3015,284083
12/10/2020,Albany,163,7555,3138,287221
12/11/2020,Albany,163,7718,2794,290015
12/12/2020,Albany,170,7888,2708,292723
12/13/2020,Albany,162,8050,1766,294489
12/14/2020,Albany,164,8214,1646,296135
12/15/2020,Albany,191,8405,2463,298598
12/16/2020,Albany,208,8613,3191,301789
12/17/2020,Albany,208,8821,3258,305047
12/18/2020,Albany,176,8997,2498,307545
12/19/2020,Albany,177,9174,2716,310261
12/20/2020,Albany,203,9377,2095,312356
12/21/2020,Albany,209,9586,2519,314875
12/22/2020,Albany,200,9786,2485,317360
12/23/2020,Albany,259,10045,2544,319904
12/24/2020,Albany,229,10274,4015,323919
12/25/2020,Albany,215,10489,2413,326332
12/26/2020,Albany,140,10629,1858,328190
12/27/2020,Albany,251,10880,1657,329847
12/28/2020,Albany,232,11112,1869,331716
12/29/2020,Albany,221,11333,2096,333812
12/30/2020,Albany,252,11585,2845,336657
12/31/2020,Albany,332,11917,3711,340368
01/01/2021,Albany,282,12199,2716,343084
01/02/2021,Albany,206,12405,1950,345034
01/03/2021,Albany,188,12593,1365,346399
01/04/2021,Albany,259,12852,2046,348445
01/05/2021,Albany,260,13112,2403,350848
01/06/2021,Albany,298,13410,3628,354476
01/07/2021,Albany,287,13697,3320,357796
01/08/2021,Albany,233,13930,3553,361349
01/09/2021,Albany,266,14196,2977,364326
01/10/2021,Albany,215,14411,2523,366849
01/11/2021,Albany,352,14763,2895,369744
01/12/2021,Albany,211,14974,2409,372153
01/13/2021,Albany,256,15230,2998,375151
01/14/2021,Albany,290,15520,3947,379098
01/15/2021,Albany,251,15771,3592,382690
01/16/2021,Albany,210,15981,2948,385638
01/17/2021,Albany,187,16168,1963,387601
01/18/2021,Albany,175,16343,2056,389657
01/19/2021,Albany,178,16521,2099,391756
01/20/2021,Albany,267,16788,3998,395754
01/21/2021,Albany,257,17045,3840,399594
01/22/2021,Albany,242,17287,3275,402869
01/23/2021,Albany,198,17485,2808,405677
01/24/2021,Albany,135,17620,2110,407787
01/25/2021,Albany,178,17798,2459,410246
01/26/2021,Albany,179,17977,2405,412651
01/27/2021,Albany,212,18189,3486,416137
01/28/2021,Albany,170,18359,3924,420061
01/29/2021,Albany,160,18519,3700,423761
01/30/2021,Albany,182,18701,3852,427613
01/31/2021,Albany,70,18771,1424,429037
02/01/2021,Albany,87,18858,1272,430309
02/02/2021,Albany,80,18938,1276,431585
02/03/2021,Albany,162,19100,2997,434582
02/04/2021,Albany,115,19215,5240,439822
02/05/2021,Albany,129,19344,3933,443755
02/06/2021,Albany,94,19438,2658,446413
02/07/2021,Albany,69,19507,1714,448127
02/08/2021,Albany,80,19587,1394,449521
02/09/2021,Albany,68,19655,1766,451287
02/10/2021,Albany,93,19748,5082,456369
02/11/2021,Albany,84,19832,2686,459055
02/12/2021,Albany,76,19908,5570,464625
02/13/2021,Albany,74,19982,2018,466643
02/14/2021,Albany,51,20033,3431,470074
02/15/2021,Albany,57,20090,1353,471427
02/16/2021,Albany,42,20132,4248,475675
02/17/2021,Albany,52,20184,2399,478074
02/18/2021,Albany,88,20272,3283,481357
02/19/2021,Albany,64,20336,7797,489154
02/20/2021,Albany,56,20392,3727,492881
02/21/2021,Albany,49,20441,1542,494423
02/22/2021,Albany,45,20486,1305,495728
02/23/2021,Albany,40,20526,1843,497571
02/24/2021,Albany,94,20620,4931,502502
02/25/2021,Albany,63,20683,5862,508364
02/26/2021,Albany,75,20758,4453,512817
02/27/2021,Albany,90,20848,4113,516930
02/28/2021,Albany,42,20890,1612,518542
03/01/2021,Albany,41,20931,1242,519784
03/02/2021,Albany,54,20985,1994,521778
03/03/2021,Albany,45,21030,2493,524271
03/04/2021,Albany,84,21114,5983,530254
03/05/2021,Albany,66,21180,4295,534549
03/06/2021,Albany,59,21239,2283,536832
03/07/2021,Albany,63,21302,1515,538347
03/08/2021,Albany,52,21354,1118,539465
03/09/2021,Albany,49,21403,1749,541214
03/10/2021,Albany,65,21468,4543,545757
03/11/2021,Albany,43,21511,3924,549681
03/12/2021,Albany,40,21551,3374,553055
03/13/2021,Albany,44,21595,3750,556805
03/14/2021,Albany,50,21645,1466,558271
03/15/2021,Albany,43,21688,1457,559728
03/16/2021,Albany,48,21736,1907,561635
03/17/2021,Albany,70,21806,4089,565724
03/18/2021,Albany,61,21867,2860,568584
03/19/2021,Albany,47,21914,4698,573282
03/20/2021,Albany,68,21982,4197,577479
03/21/2021,Albany,42,22024,1385,578864
03/22/2021,Albany,54,22078,1247,580111
03/23/2021,Albany,63,22141,1659,581770
03/24/2021,Albany,73,22214,4447,586217
03/25/2021,Albany,62,22276,4003,590220
03/26/2021,Albany,75,22351,3732,593952
03/27/2021,Albany,67,22418,2573,596525
03/28/2021,Albany,58,22476,2781,599306
03/29/2021,Albany,60,22536,1426,600732
03/30/2021,Albany,77,22613,1923,602655
03/31/2021,Albany,83,22696,3171,605826
04/01/2021,Albany,42,22738,4022,609848
04/02/2021,Albany,61,22799,4096,613944
04/03/2021,Albany,56,22855,2515,616459
04/04/2021,Albany,70,22925,1373,617832
04/05/2021,Albany,40,22965,1139,618971
04/06/2021,Albany,46,23011,1966,620937
04/07/2021,Albany,68,23079,2097,623034
04/08/2021,Albany,70,23149,4494,627528
04/09/2021,Albany,68,23217,3101,630629
04/10/2021,Albany,63,23280,2326,632955
04/11/2021,Albany,43,23323,1013,633968
04/12/2021,Albany,45,23368,1386,635354
04/13/2021,Albany,41,23409,1790,637144
04/14/2021,Albany,64,23473,2498,639642
04/15/2021,Albany,62,23535,1719,641361
04/16/2021,Albany,74,23609,2618,643979
04/17/2021,Albany,70,23679,2656,646635
04/18/2021,Albany,39,23718,1334,647969
04/19/2021,Albany,54,23772,1031,649000
04/20/2021,Albany,28,23800,1669,650669
04/21/2021,Albany,70,23870,2541,653210
04/22/2021,Albany,44,23914,2179,655389
04/23/2021,Albany,38,23952,3326,658715
04/24/2021,Albany,24,23976,2009,660724
04/25/2021,Albany,33,24009,1125,661849
04/26/2021,Albany,29,24038,1268,663117
04/27/2021,Albany,18,24056,1401,664518
04/28/2021,Albany,46,24102,2234,666752
04/29/2021,Albany,26,24128,2400,669152
04/30/2021,Albany,31,24159,2044,671196
05/01/2021,Albany,21,24180,2176,673372
05/02/2021,Albany,12,24192,1217,674589
05/03/2021,Albany,20,24212,854,675443
05/04/2021,Albany,14,24226,1661,677104
05/05/2021,Albany,20,24246,2021,679125
05/06/2021,Albany,24,24270,1717,680842
05/07/2021,Albany,32,24302,5310,686152
05/08/2021,Albany,19,24321,1600,687752
05/09/2021,Albany,13,24334,902,688654
05/10/2021,Albany,15,24349,1077,689731
05/11/2021,Albany,19,24368,1212,690943
05/12/2021,Albany,17,24385,1939,692882
05/13/2021,Albany,21,24406,2972,695854
05/14/2021,Albany,22,24428,2307,698161
05/15/2021,Albany,17,24445,1612,699773
05/16/2021,Albany,10,24455,900,700673
05/17/2021,Albany,11,24466,766,701439
05/18/2021,Albany,14,24480,1306,702745
05/19/2021,Albany,13,24493,2476,705221
05/20/2021,Albany,23,24516,1969,707190
05/21/2021,Albany,15,24531,1771,708961
05/22/2021,Albany,18,24549,1218,710179
05/23/2021,Albany,17,24566,806,710985
05/24/2021,Albany,17,24583,544,711529
05/25/2021,Albany,10,24593,1336,712865
05/26/2021,Albany,10,24603,1699,714564
05/27/2021,Albany,11,24614,1454,716018
05/28/2021,Albany,7,24621,1420,717438
05/29/2021,Albany,7,24628,1119,718557
05/30/2021,Albany,5,24633,577,719134
05/31/2021,Albany,1,24634,305,719439
06/01/2021,Albany,8,24642,670,720109
06/02/2021,Albany,6,24648,1075,721184
06/03/2021,Albany,4,24652,2250,723434
06/04/2021,Albany,9,24661,1711,725145
06/05/2021,Albany,7,24668,1074,726219
06/06/2021,Albany,7,24675,571,726790
06/07/2021,Albany,3,24678,996,727786
06/08/2021,Albany,4,24682,985,728771
06/09/2021,Albany,3,24685,1498,730269
06/10/2021,Albany,2,24687,1509,731778
06/11/2021,Albany,2,24689,1864,733642
06/12/2021,Albany,5,24694,758,734400
06/13/2021,Albany,2,24696,539,734939
06/14/2021,Albany,3,24699,319,735258
06/15/2021,Albany,1,24700,856,736114
06/16/2021,Albany,3,24703,1212,737326
06/17/2021,Albany,5,24708,754,738080
06/18/2021,Albany,4,24712,1069,739149
06/19/2021,Albany,4,24716,738,739887
06/20/2021,Albany,2,24718,492,740379
06/21/2021,Albany,1,24719,373,740752
06/22/2021,Albany,3,24722,667,741419
06/23/2021,Albany,1,24723,945,742364
06/24/2021,Albany,3,24726,757,743121
06/25/2021,Albany,2,24728,928,744049
06/26/2021,Albany,1,24729,1068,745117
06/27/2021,Albany,4,24733,469,745586
06/28/2021,Albany,0,24733,434,746020
06/29/2021,Albany,1,24734,457,746477
06/30/2021,Albany,1,24735,970,747447
07/01/2021,Albany,1,24736,617,748064
07/02/2021,Albany,1,24737,555,748619
07/03/2021,Albany,2,24739,544,749163
07/04/2021,Albany,0,24739,313,749476
07/05/2021,Albany,1,24740,315,749791
07/06/2021,Albany,0,24740,299,750090
07/07/2021,Albany,6,24746,605,750695
07/08/2021,Albany,2,24748,665,751360
07/09/2021,Albany,5,24753,578,751938
07/10/2021,Albany,5,24758,408,752346
07/11/2021,Albany,9,24767,424,752770
07/12/2021,Albany,3,24770,339,753109
07/13/2021,Albany,8,24778,438,753547
07/14/2021,Albany,8,24786,585,754132
07/15/2021,Albany,9,24795,496,754628
07/16/2021,Albany,5,24800,463,755091
07/17/2021,Albany,10,24810,622,755713
07/18/2021,Albany,13,24823,466,756179
07/19/2021,Albany,8,24831,507,756686
07/20/2021,Albany,11,24842,605,757291
07/21/2021,Albany,17,24859,733,758024
07/22/2021,Albany,22,24881,773,758797
07/23/2021,Albany,12,24893,618,759415
07/24/2021,Albany,24,24917,759,760174
07/25/2021,Albany,7,24924,335,760509
07/26/2021,Albany,19,24943,553,761062
07/27/2021,Albany,22,24965,770,761832
07/28/2021,Albany,36,25001,1072,762904
07/29/2021,Albany,26,25027,639,763543
07/30/2021,Albany,32,25059,836,764379
07/31/2021,Albany,26,25085,698,765077
08/01/2021,Albany,22,25107,536,765613
08/02/2021,Albany,49,25156,733,766346
08/03/2021,Albany,44,25200,907,767253
08/04/2021,Albany,37,25237,1086,768339
08/05/2021,Albany,60,25297,1196,769535
08/06/2021,Albany,79,25376,1286,770821
08/07/2021,Albany,34,25410,872,771693
08/08/2021,Albany,58,25468,797,772490
08/09/2021,Albany,42,25510,788,773278
08/10/2021,Albany,55,25565,1216,774494
08/11/2021,Albany,42,25607,1744,776238
08/12/2021,Albany,63,25670,1468,777706
08/13/2021,Albany,71,25741,1366,779072
08/14/2021,Albany,67,25808,1217,780289
08/15/2021,Albany,39,25847,832,781121
08/16/2021,Albany,56,25903,1044,782165
08/17/2021,Albany,62,25965,1354,783519
08/18/2021,Albany,52,26017,1874,785393
08/19/2021,Albany,72,26089,2173,787566
08/20/2021,Albany,82,26171,2154,789720
08/21/2021,Albany,60,26231,1343,791063
08/22/2021,Albany,42,26273,952,792015
08/23/2021,Albany,46,26319,731,792746
08/24/2021,Albany,63,26382,1271,794017
08/25/2021,Albany,66,26448,1779,795796
08/26/2021,Albany,121,26569,2257,798053
08/27/2021,Albany,90,26659,2026,800079
08/28/2021,Albany,73,26732,1261,801340
08/29/2021,Albany,67,26799,1107,802447
08/30/2021,Albany,62,26861,1016,803463
08/31/2021,Albany,64,26925,1798,805261
09/01/2021,Albany,95,27020,1724,806985
09/02/2021,Albany,89,27109,1975,808960
09/03/2021,Albany,91,27200,1904,810864
09/04/2021,Albany,52,27252,1523,812387
09/05/2021,Albany,54,27306,1129,813516
09/06/2021,Albany,49,27355,727,814243
09/07/2021,Albany,45,27400,1209,815452
09/08/2021,Albany,81,27481,1685,817137
09/09/2021,Albany,90,27571,2161,819298
09/10/2021,Albany,67,27638,1675,820973
09/11/2021,Albany,67,27705,1823,822796
09/12/2021,Albany,64,27769,1061,823857
09/13/2021,Albany,48,27817,803,824660
09/14/2021,Albany,57,27874,1224,825884
09/15/2021,Albany,130,28004,2545,828429
09/16/2021,Albany,69,28073,1796,830225
09/17/2021,Albany,91,28164,1708,831933
09/18/2021,Albany,75,28239,2316,834249
09/19/2021,Albany,40,28279,930,835179
09/20/2021,Albany,86,28365,1698,836877
09/21/2021,Albany,74,28439,1726,838603
09/22/2021,Albany,74,28513,2733,841336
09/23/2021,Albany,124,28637,2731,844067
09/24/2021,Albany,71,28708,1952,846019
09/25/2021,Albany,70,28778,2254,848273
09/26/2021,Albany,58,28836,1186,849459
09/27/2021,Albany,97,28933,1491,850950
09/28/2021,Albany,93,29026,2891,853841
09/29/2021,Albany,66,29092,2571,856412
09/30/2021,Albany,98,29190,2557,858969
10/01/2021,Albany,79,29269,2394,861363
10/02/2021,Albany,109,29378,2398,863761
10/03/2021,Albany,31,29409,1062,864823
10/04/2021,Albany,66,29475,1748,866571
10/05/2021,Albany,102,29577,2927,869498
10/06/2021,Albany,94,29671,2685,872183
10/07/2021,Albany,102,29773,3053,875236
10/08/2021,Albany,79,29852,2898,878134
10/09/2021,Albany,41,29893,1312,879446
10/10/2021,Albany,100,29993,2768,882214
10/11/2021,Albany,42,30035,1000,883214
10/12/2021,Albany,84,30119,2274,885488
10/13/2021,Albany,95,30214,2585,888073
10/14/2021,Albany,105,30319,3181,891254
10/15/2021,Albany,124,30443,3241,894495
10/16/2021,Albany,67,30510,2570,897065
10/17/2021,Albany,71,30581,1724,898789
10/18/2021,Albany,52,30633,800,899589
10/19/2021,Albany,127,30760,2570,902159
10/20/2021,Albany,78,30838,2678,904837
10/21/2021,Albany,77,30915,2642,907479
10/22/2021,Albany,105,31020,3033,910512
10/23/2021,Albany,54,31074,1884,912396
03/01/2020,Allegany,0,0,0,0
03/02/2020,Allegany,0,0,0,0
03/03/2020,Allegany,0,0,0,0
03/04/2020,Allegany,0,0,0,0
03/05/2020,Allegany,0,0,0,0
03/06/2020,Allegany,0,0,0,0
03/07/2020,Allegany,0,0,0,0
03/08/2020,Allegany,0,0,0,0
03/09/2020,Allegany,0,0,0,0
03/10/2020,Allegany,0,0,0,0
03/11/2020,Allegany,0,0,4,4
03/12/2020,Allegany,0,0,1,5
03/13/2020,Allegany,0,0,0,5
03/14/2020,Allegany,0,0,1,6
03/15/2020,Allegany,2,2,5,11
03/16/2020,Allegany,0,2,1,12
03/17/2020,Allegany,0,2,0,12
03/18/2020,Allegany,0,2,3,15
03/19/2020,Allegany,0,2,2,17
03/20/2020,Allegany,0,2,10,27
03/21/2020,Allegany,0,2,10,37
03/22/2020,Allegany,0,2,39,76
03/23/2020,Allegany,0,2,2,78
03/24/2020,Allegany,0,2,5,83
03/25/2020,Allegany,0,2,6,89
03/26/2020,Allegany,0,2,9,98
03/27/2020,Allegany,0,2,4,102
03/28/2020,Allegany,4,6,12,114
03/29/2020,Allegany,1,7,7,121
03/30/2020,Allegany,0,7,4,125
03/31/2020,Allegany,2,9,10,135
04/01/2020,Allegany,3,12,14,149
04/02/2020,Allegany,2,14,18,167
04/03/2020,Allegany,2,16,13,180
04/04/2020,Allegany,0,16,8,188
04/05/2020,Allegany,1,17,8,196
04/06/2020,Allegany,0,17,3,199
04/07/2020,Allegany,4,21,16,215
04/08/2020,Allegany,1,22,12,227
04/09/2020,Allegany,4,26,21,248
04/10/2020,Allegany,0,26,16,264
04/11/2020,Allegany,0,26,11,275
04/12/2020,Allegany,0,26,5,280
04/13/2020,Allegany,2,28,14,294
04/14/2020,Allegany,0,28,10,304
04/15/2020,Allegany,0,28,8,312
04/16/2020,Allegany,1,29,21,333
04/17/2020,Allegany,1,30,15,348
04/18/2020,Allegany,0,30,7,355
04/19/2020,Allegany,0,30,5,360
04/20/2020,Allegany,0,30,9,369
04/21/2020,Allegany,0,30,10,379
04/22/2020,Allegany,0,30,14,393
04/23/2020,Allegany,1,31,10,403
04/24/2020,Allegany,4,35,61,464
04/25/2020,Allegany,0,35,12,476
04/26/2020,Allegany,0,35,9,485
04/27/2020,Allegany,0,35,14,499
04/28/2020,Allegany,0,35,26,525
04/29/2020,Allegany,0,35,18,543
04/30/2020,Allegany,0,35,20,563
05/01/2020,Allegany,0,35,11,574
05/02/2020,Allegany,0,35,18,592
05/03/2020,Allegany,0,35,14,606
05/04/2020,Allegany,0,35,31,637
05/05/2020,Allegany,0,35,22,659
05/06/2020,Allegany,0,35,40,699
05/07/2020,Allegany,0,35,33,732
05/08/2020,Allegany,0,35,18,750
05/09/2020,Allegany,1,36,20,770
05/10/2020,Allegany,2,38,35,805
05/11/2020,Allegany,4,42,41,846
05/12/2020,Allegany,2,44,39,885
05/13/2020,Allegany,0,44,53,938
05/14/2020,Allegany,0,44,44,982
05/15/2020,Allegany,0,44,27,1009
05/16/2020,Allegany,0,44,36,1045
05/17/2020,Allegany,0,44,89,1134
05/18/2020,Allegany,0,44,28,1162
05/19/2020,Allegany,0,44,49,1211
05/20/2020,Allegany,0,44,68,1279
05/21/2020,Allegany,0,44,47,1326
05/22/2020,Allegany,0,44,26,1352
05/23/2020,Allegany,0,44,33,1385
05/24/2020,Allegany,0,44,53,1438
05/25/2020,Allegany,0,44,28,1466
05/26/2020,Allegany,1,45,96,1562
05/27/2020,Allegany,0,45,98,1660
05/28/2020,Allegany,0,45,60,1720
05/29/2020,Allegany,0,45,64,1784
05/30/2020,Allegany,0,45,51,1835
05/31/2020,Allegany,3,48,100,1935
06/01/2020,Allegany,0,48,160,2095
06/02/2020,Allegany,1,49,181,2276
06/03/2020,Allegany,0,49,131,2407
06/04/2020,Allegany,2,51,154,2561
06/05/2020,Allegany,0,51,309,2870
06/06/2020,Allegany,0,51,98,2968
06/07/2020,Allegany,0,51,149,3117
06/08/2020,Allegany,0,51,220,3337
06/09/2020,Allegany,1,52,128,3465
06/10/2020,Allegany,1,53,137,3602
06/11/2020,Allegany,0,53,163,3765
06/12/2020,Allegany,1,54,144,3909
06/13/2020,Allegany,0,54,103,4012
06/14/2020,Allegany,1,55,65,4077
06/15/2020,Allegany,0,55,120,4197
06/16/2020,Allegany,0,55,134,4331
06/17/2020,Allegany,2,57,77,4408
06/18/2020,Allegany,1,58,220,4628
06/19/2020,Allegany,0,58,166,4794
06/20/2020,Allegany,0,58,66,4860
06/21/2020,Allegany,0,58,114,4974
06/22/2020,Allegany,0,58,142,5116
06/23/2020,Allegany,0,58,104,5220
06/24/2020,Allegany,0,58,131,5351
06/25/2020,Allegany,0,58,109,5460
06/26/2020,Allegany,0,58,55,5515
06/27/2020,Allegany,1,59,74,5589
06/28/2020,Allegany,0,59,157,5746
06/29/2020,Allegany,0,59,194,5940
06/30/2020,Allegany,2,61,78,6018
07/01/2020,Allegany,1,62,48,6066
07/02/2020,Allegany,1,63,105,6171
07/03/2020,Allegany,0,63,75,6246
07/04/2020,Allegany,0,63,97,6343
07/05/2020,Allegany,0,63,93,6436
07/06/2020,Allegany,0,63,87,6523
07/07/2020,Allegany,1,64,205,6728
07/08/2020,Allegany,0,64,91,6819
07/09/2020,Allegany,0,64,78,6897
07/10/2020,Allegany,2,66,106,7003
07/11/2020,Allegany,0,66,107,7110
07/12/2020,Allegany,0,66,88,7198
07/13/2020,Allegany,2,68,243,7441
07/14/2020,Allegany,1,69,97,7538
07/15/2020,Allegany,1,70,80,7618
07/16/2020,Allegany,1,71,72,7690
07/17/2020,Allegany,0,71,111,7801
07/18/2020,Allegany,0,71,78,7879
07/19/2020,Allegany,0,71,72,7951
07/20/2020,Allegany,1,72,97,8048
07/21/2020,Allegany,0,72,171,8219
07/22/2020,Allegany,0,72,130,8349
07/23/2020,Allegany,2,74,112,8461
07/24/2020,Allegany,0,74,138,8599
07/25/2020,Allegany,0,74,75,8674
07/26/2020,Allegany,0,74,58,8732
07/27/2020,Allegany,0,74,53,8785
07/28/2020,Allegany,0,74,212,8997
07/29/2020,Allegany,0,74,100,9097
07/30/2020,Allegany,0,74,65,9162
07/31/2020,Allegany,0,74,102,9264
08/01/2020,Allegany,0,74,118,9382
08/02/2020,Allegany,1,75,63,9445
08/03/2020,Allegany,0,75,153,9598
08/04/2020,Allegany,1,76,178,9776
08/05/2020,Allegany,2,78,118,9894
08/06/2020,Allegany,1,79,128,10022
08/07/2020,Allegany,0,79,110,10132
08/08/2020,Allegany,0,79,65,10197
08/09/2020,Allegany,1,80,71,10268
08/10/2020,Allegany,0,80,325,10593
08/11/2020,Allegany,0,80,95,10688
08/12/2020,Allegany,0,80,74,10762
08/13/2020,Allegany,0,80,90,10852
08/14/2020,Allegany,0,80,141,10993
08/15/2020,Allegany,0,80,118,11111
08/16/2020,Allegany,0,80,66,11177
08/17/2020,Allegany,0,80,169,11346
08/18/2020,Allegany,0,80,242,11588
08/19/2020,Allegany,1,81,94,11682
08/20/2020,Allegany,3,84,149,11831
08/21/2020,Allegany,0,84,145,11976
08/22/2020,Allegany,1,85,93,12069
08/23/2020,Allegany,0,85,47,12116
08/24/2020,Allegany,1,86,199,12315
08/25/2020,Allegany,0,86,258,12573
08/26/2020,Allegany,1,87,180,12753
08/27/2020,Allegany,0,87,236,12989
08/28/2020,Allegany,1,88,180,13169
08/29/2020,Allegany,1,89,149,13318
08/30/2020,Allegany,0,89,94,13412
08/31/2020,Allegany,0,89,355,13767
09/01/2020,Allegany,0,89,122,13889
09/02/2020,Allegany,1,90,253,14142
09/03/2020,Allegany,0,90,220,14362
09/04/2020,Allegany,2,92,126,14488
09/05/2020,Allegany,0,92,51,14539
09/06/2020,Allegany,0,92,102,14641
09/07/2020,Allegany,0,92,194,14835
09/08/2020,Allegany,0,92,156,14991
09/09/2020,Allegany,1,93,86,15077
09/10/2020,Allegany,0,93,230,15307
09/11/2020,Allegany,1,94,135,15442
09/12/2020,Allegany,0,94,51,15493
09/13/2020,Allegany,0,94,106,15599
09/14/2020,Allegany,0,94,121,15720
09/15/2020,Allegany,0,94,232,15952
09/16/2020,Allegany,0,94,86,16038
09/17/2020,Allegany,1,95,169,16207
09/18/2020,Allegany,1,96,115,16322
09/19/2020,Allegany,2,98,165,16487
09/20/2020,Allegany,1,99,145,16632
09/21/2020,Allegany,0,99,230,16862
09/22/2020,Allegany,0,99,135,16997
09/23/2020,Allegany,2,101,161,17158
09/24/2020,Allegany,2,103,129,17287
09/25/2020,Allegany,3,106,301,17588
09/26/2020,Allegany,0,106,137,17725
09/27/2020,Allegany,0,106,129,17854
09/28/2020,Allegany,2,108,170,18024
09/29/2020,Allegany,6,114,139,18163
09/30/2020,Allegany,5,119,140,18303
10/01/2020,Allegany,3,122,207,18510
10/02/2020,Allegany,2,124,435,18945
10/03/2020,Allegany,0,124,153,19098
10/04/2020,Allegany,1,125,67,19165
10/05/2020,Allegany,3,128,330,19495
10/06/2020,Allegany,2,130,314,19809
10/07/2020,Allegany,1,131,309,20118
10/08/2020,Allegany,10,141,203,20321
10/09/2020,Allegany,3,144,137,20458
10/10/2020,Allegany,6,150,266,20724
10/11/2020,Allegany,1,151,110,20834
10/12/2020,Allegany,5,156,434,21268
10/13/2020,Allegany,5,161,379,21647
10/14/2020,Allegany,15,176,355,22002
10/15/2020,Allegany,12,188,191,22193
10/16/2020,Allegany,12,200,342,22535
10/17/2020,Allegany,5,205,182,22717
10/18/2020,Allegany,7,212,120,22837
10/19/2020,Allegany,8,220,195,23032
10/20/2020,Allegany,4,224,627,23659
10/21/2020,Allegany,19,243,206,23865
10/22/2020,Allegany,21,264,485,24350
10/23/2020,Allegany,5,269,312,24662
10/24/2020,Allegany,2,271,128,24790
10/25/2020,Allegany,16,287,148,24938
10/26/2020,Allegany,2,289,136,25074
10/27/2020,Allegany,19,308,464,25538
10/28/2020,Allegany,6,314,591,26129
10/29/2020,Allegany,22,336,628,26757
10/30/2020,Allegany,5,341,256,27013
10/31/2020,Allegany,7,348,85,27098
11/01/2020,Allegany,16,364,358,27456
11/02/2020,Allegany,10,374,227,27683
11/03/2020,Allegany,5,379,477,28160
11/04/2020,Allegany,10,389,704,28864
11/05/2020,Allegany,25,414,245,29109
11/06/2020,Allegany,41,455,296,29405
11/07/2020,Allegany,14,469,187,29592
11/08/2020,Allegany,2,471,59,29651
11/09/2020,Allegany,13,484,263,29914
11/10/2020,Allegany,19,503,799,30713
11/11/2020,Allegany,40,543,715,31428
11/12/2020,Allegany,46,589,432,31860
11/13/2020,Allegany,39,628,272,32132
11/14/2020,Allegany,16,644,97,32229
11/15/2020,Allegany,6,650,125,32354
11/16/2020,Allegany,17,667,196,32550
11/17/2020,Allegany,25,692,302,32852
11/18/2020,Allegany,17,709,1511,34363
11/19/2020,Allegany,49,758,2048,36411
11/20/2020,Allegany,49,807,1098,37509
11/21/2020,Allegany,39,846,505,38014
11/22/2020,Allegany,10,856,274,38288
11/23/2020,Allegany,13,869,290,38578
11/24/2020,Allegany,38,907,422,39000
11/25/2020,Allegany,23,930,389,39389
11/26/2020,Allegany,53,983,456,39845
11/27/2020,Allegany,14,997,150,39995
11/28/2020,Allegany,22,1019,397,40392
11/29/2020,Allegany,23,1042,328,40720
11/30/2020,Allegany,16,1058,197,40917
12/01/2020,Allegany,11,1069,338,41255
12/02/2020,Allegany,26,1095,298,41553
12/03/2020,Allegany,32,1127,344,41897
12/04/2020,Allegany,55,1182,376,42273
12/05/2020,Allegany,42,1224,401,42674
12/06/2020,Allegany,15,1239,132,42806
12/07/2020,Allegany,3,1242,94,42900
12/08/2020,Allegany,44,1286,737,43637
12/09/2020,Allegany,20,1306,343,43980
12/10/2020,Allegany,44,1350,342,44322
12/11/2020,Allegany,27,1377,338,44660
12/12/2020,Allegany,18,1395,154,44814
12/13/2020,Allegany,8,1403,113,44927
12/14/2020,Allegany,24,1427,166,45093
12/15/2020,Allegany,24,1451,535,45628
12/16/2020,Allegany,17,1468,240,45868
12/17/2020,Allegany,34,1502,398,46266
12/18/2020,Allegany,35,1537,411,46677
12/19/2020,Allegany,22,1559,221,46898
12/20/2020,Allegany,17,1576,128,47026
12/21/2020,Allegany,31,1607,264,47290
12/22/2020,Allegany,20,1627,246,47536
12/23/2020,Allegany,35,1662,372,47908
12/24/2020,Allegany,31,1693,288,48196
12/25/2020,Allegany,26,1719,201,48397
12/26/2020,Allegany,12,1731,231,48628
12/27/2020,Allegany,17,1748,114,48742
12/28/2020,Allegany,14,1762,149,48891
12/29/2020,Allegany,20,1782,158,49049
12/30/2020,Allegany,49,1831,432,49481
12/31/2020,Allegany,45,1876,279,49760
01/01/2021,Allegany,18,1894,255,50015
01/02/2021,Allegany,33,1927,253,50268
01/03/2021,Allegany,20,1947,169,50437
01/04/2021,Allegany,14,1961,152,50589
01/05/2021,Allegany,21,1982,257,50846
01/06/2021,Allegany,33,2015,270,51116
01/07/2021,Allegany,51,2066,372,51488
01/08/2021,Allegany,29,2095,209,51697
01/09/2021,Allegany,28,2123,226,51923
01/10/2021,Allegany,72,2195,472,52395
01/11/2021,Allegany,31,2226,426,52821
01/12/2021,Allegany,12,2238,280,53101
01/13/2021,Allegany,19,2257,225,53326
01/14/2021,Allegany,29,2286,460,53786
01/15/2021,Allegany,27,2313,311,54097
01/16/2021,Allegany,15,2328,449,54546
01/17/2021,Allegany,19,2347,159,54705
01/18/2021,Allegany,19,2366,335,55040
01/19/2021,Allegany,9,2375,422,55462
01/20/2021,Allegany,19,2394,330,55792
01/21/2021,Allegany,19,2413,303,56095
01/22/2021,Allegany,29,2442,536,56631
01/23/2021,Allegany,17,2459,357,56988
01/24/2021,Allegany,21,2480,306,57294
01/25/2021,Allegany,16,2496,306,57600
01/26/2021,Allegany,17,2513,455,58055
01/27/2021,Allegany,19,2532,406,58461
01/28/2021,Allegany,9,2541,432,58893
01/29/2021,Allegany,12,2553,681,59574
01/30/2021,Allegany,25,2578,590,60164
01/31/2021,Allegany,8,2586,255,60419
02/01/2021,Allegany,8,2594,250,60669
02/02/2021,Allegany,17,2611,498,61167
02/03/2021,Allegany,18,2629,374,61541
02/04/2021,Allegany,23,2652,2950,64491
02/05/2021,Allegany,13,2665,509,65000
02/06/2021,Allegany,18,2683,442,65442
02/07/2021,Allegany,7,2690,341,65783
02/08/2021,Allegany,8,2698,88,65871
02/09/2021,Allegany,12,2710,2480,68351
02/10/2021,Allegany,11,2721,1844,70195
02/11/2021,Allegany,13,2734,319,70514
02/12/2021,Allegany,13,2747,462,70976
02/13/2021,Allegany,8,2755,554,71530
02/14/2021,Allegany,5,2760,238,71768
02/15/2021,Allegany,8,2768,226,71994
02/16/2021,Allegany,28,2796,3523,75517
02/17/2021,Allegany,17,2813,274,75791
02/18/2021,Allegany,10,2823,1242,77033
02/19/2021,Allegany,9,2832,976,78009
02/20/2021,Allegany,7,2839,1989,79998
02/21/2021,Allegany,5,2844,137,80135
02/22/2021,Allegany,6,2850,172,80307
02/23/2021,Allegany,6,2856,1015,81322
02/24/2021,Allegany,13,2869,10407,91729
02/25/2021,Allegany,9,2878,1772,93501
02/26/2021,Allegany,14,2892,601,94102
02/27/2021,Allegany,8,2900,1707,95809
02/28/2021,Allegany,4,2904,223,96032
03/01/2021,Allegany,2,2906,132,96164
03/02/2021,Allegany,2,2908,818,96982
03/03/2021,Allegany,5,2913,1789,98771
03/04/2021,Allegany,6,2919,2923,101694
03/05/2021,Allegany,5,2924,593,102287
03/06/2021,Allegany,6,2930,1817,104104
03/07/2021,Allegany,6,2936,159,104263
03/08/2021,Allegany,0,2936,221,104484
03/09/2021,Allegany,3,2939,909,105393
03/10/2021,Allegany,5,2944,1683,107076
03/11/2021,Allegany,6,2950,3106,110182
03/12/2021,Allegany,6,2956,1865,112047
03/13/2021,Allegany,1,2957,284,112331
03/14/2021,Allegany,2,2959,158,112489
03/15/2021,Allegany,3,2962,233,112722
03/16/2021,Allegany,3,2965,1360,114082
03/17/2021,Allegany,5,2970,3306,117388
03/18/2021,Allegany,1,2971,3039,120427
03/19/2021,Allegany,5,2976,1936,122363
03/20/2021,Allegany,5,2981,705,123068
03/21/2021,Allegany,3,2984,167,123235
03/22/2021,Allegany,4,2988,195,123430
03/23/2021,Allegany,1,2989,609,124039
03/24/2021,Allegany,6,2995,934,124973
03/25/2021,Allegany,5,3000,1677,126650
03/26/2021,Allegany,3,3003,1634,128284
03/27/2021,Allegany,8,3011,670,128954
03/28/2021,Allegany,3,3014,402,129356
03/29/2021,Allegany,4,3018,202,129558
03/30/2021,Allegany,11,3029,849,130407
03/31/2021,Allegany,12,3041,515,130922
04/01/2021,Allegany,7,3048,1625,132547
04/02/2021,Allegany,12,3060,669,133216
04/03/2021,Allegany,7,3067,446,133662
04/04/2021,Allegany,4,3071,194,133856
04/05/2021,Allegany,5,3076,119,133975
04/06/2021,Allegany,8,3084,475,134450
04/07/2021,Allegany,13,3097,912,135362
04/08/2021,Allegany,10,3107,1031,136393
04/09/2021,Allegany,11,3118,548,136941
04/10/2021,Allegany,8,3126,800,137741
04/11/2021,Allegany,3,3129,94,137835
04/12/2021,Allegany,4,3133,232,138067
04/13/2021,Allegany,8,3141,467,138534
04/14/2021,Allegany,13,3154,497,139031
04/15/2021,Allegany,7,3161,729,139760
04/16/2021,Allegany,17,3178,360,140120
04/17/2021,Allegany,7,3185,1075,141195
04/18/2021,Allegany,8,3193,156,141351
04/19/2021,Allegany,4,3197,242,141593
04/20/2021,Allegany,7,3204,1066,142659
04/21/2021,Allegany,16,3220,659,143318
04/22/2021,Allegany,11,3231,738,144056
04/23/2021,Allegany,9,3240,898,144954
04/24/2021,Allegany,2,3242,488,145442
04/25/2021,Allegany,6,3248,138,145580
04/26/2021,Allegany,7,3255,225,145805
04/27/2021,Allegany,10,3265,282,146087
04/28/2021,Allegany,8,3273,758,146845
04/29/2021,Allegany,9,3282,351,147196
04/30/2021,Allegany,17,3299,839,148035
05/01/2021,Allegany,10,3309,411,148446
05/02/2021,Allegany,13,3322,159,148605
05/03/2021,Allegany,7,3329,329,148934
05/04/2021,Allegany,7,3336,235,149169
05/05/2021,Allegany,7,3343,658,149827
05/06/2021,Allegany,10,3353,447,150274
05/07/2021,Allegany,13,3366,614,150888
05/08/2021,Allegany,6,3372,400,151288
05/09/2021,Allegany,7,3379,170,151458
05/10/2021,Allegany,7,3386,141,151599
05/11/2021,Allegany,7,3393,351,151950
05/12/2021,Allegany,5,3398,330,152280
05/13/2021,Allegany,19,3417,717,152997
05/14/2021,Allegany,16,3433,569,153566
05/15/2021,Allegany,7,3440,246,153812
05/16/2021,Allegany,11,3451,138,153950
05/17/2021,Allegany,7,3458,200,154150
05/18/2021,Allegany,6,3464,252,154402
05/19/2021,Allegany,15,3479,363,154765
05/20/2021,Allegany,7,3486,504,155269
05/21/2021,Allegany,12,3498,456,155725
05/22/2021,Allegany,5,3503,294,156019
05/23/2021,Allegany,3,3506,182,156201
05/24/2021,Allegany,5,3511,84,156285
05/25/2021,Allegany,6,3517,251,156536
05/26/2021,Allegany,2,3519,324,156860
05/27/2021,Allegany,4,3523,550,157410
05/28/2021,Allegany,6,3529,186,157596
05/29/2021,Allegany,0,3529,216,157812
05/30/2021,Allegany,2,3531,66,157878
05/31/2021,Allegany,1,3532,60,157938
06/01/2021,Allegany,1,3533,277,158215
06/02/2021,Allegany,2,3535,265,158480
06/03/2021,Allegany,1,3536,405,158885
06/04/2021,Allegany,9,3545,304,159189
06/05/2021,Allegany,4,3549,149,159338
06/06/2021,Allegany,0,3549,139,159477
06/07/2021,Allegany,2,3551,47,159524
06/08/2021,Allegany,4,3555,302,159826
06/09/2021,Allegany,0,3555,230,160056
06/10/2021,Allegany,0,3555,347,160403
06/11/2021,Allegany,0,3555,204,160607
06/12/2021,Allegany,0,3555,107,160714
06/13/2021,Allegany,0,3555,72,160786
06/14/2021,Allegany,0,3555,59,160845
06/15/2021,Allegany,1,3556,144,160989
06/16/2021,Allegany,1,3557,214,161203
06/17/2021,Allegany,1,3558,214,161417
06/18/2021,Allegany,1,3559,136,161553
06/19/2021,Allegany,0,3559,74,161627
06/20/2021,Allegany,0,3559,94,161721
06/21/2021,Allegany,2,3561,55,161776
06/22/2021,Allegany,0,3561,109,161885
06/23/2021,Allegany,0,3561,138,162023
06/24/2021,Allegany,0,3561,159,162182
06/25/2021,Allegany,0,3561,126,162308
06/26/2021,Allegany,1,3562,100,162408
06/27/2021,Allegany,0,3562,88,162496
06/28/2021,Allegany,0,3562,41,162537
06/29/2021,Allegany,0,3562,98,162635
06/30/2021,Allegany,0,3562,130,162765
07/01/2021,Allegany,0,3562,168,162933
07/02/2021,Allegany,0,3562,115,163048
07/03/2021,Allegany,0,3562,57,163105
07/04/2021,Allegany,0,3562,74,163179
07/05/2021,Allegany,0,3562,26,163205
07/06/2021,Allegany,0,3562,29,163234
07/07/2021,Allegany,0,3562,40,163274
07/08/2021,Allegany,1,3563,78,163352
07/09/2021,Allegany,0,3563,136,163488
07/10/2021,Allegany,0,3563,33,163521
07/11/2021,Allegany,0,3563,35,163556
07/12/2021,Allegany,1,3564,51,163607
07/13/2021,Allegany,0,3564,64,163671
07/14/2021,Allegany,1,3565,72,163743
07/15/2021,Allegany,2,3567,139,163882
07/16/2021,Allegany,2,3569,242,164124
07/17/2021,Allegany,0,3569,67,164191
07/18/2021,Allegany,0,3569,44,164235
07/19/2021,Allegany,2,3571,50,164285
07/20/2021,Allegany,1,3572,71,164356
07/21/2021,Allegany,2,3574,75,164431
07/22/2021,Allegany,1,3575,81,164512
07/23/2021,Allegany,1,3576,47,164559
07/24/2021,Allegany,0,3576,41,164600
07/25/2021,Allegany,0,3576,36,164636
07/26/2021,Allegany,0,3576,57,164693
07/27/2021,Allegany,0,3576,67,164760
07/28/2021,Allegany,2,3578,55,164815
07/29/2021,Allegany,1,3579,114,164929
07/30/2021,Allegany,1,3580,67,164996
07/31/2021,Allegany,2,3582,56,165052
08/01/2021,Allegany,0,3582,36,165088
08/02/2021,Allegany,0,3582,54,165142
08/03/2021,Allegany,3,3585,104,165246
08/04/2021,Allegany,2,3587,81,165327
08/05/2021,Allegany,5,3592,121,165448
08/06/2021,Allegany,4,3596,85,165533
08/07/2021,Allegany,1,3597,59,165592
08/08/2021,Allegany,1,3598,77,165669
08/09/2021,Allegany,7,3605,108,165777
08/10/2021,Allegany,6,3611,101,165878
08/11/2021,Allegany,7,3618,103,165981
08/12/2021,Allegany,2,3620,194,166175
08/13/2021,Allegany,1,3621,112,166287
08/14/2021,Allegany,1,3622,65,166352
08/15/2021,Allegany,5,3627,63,166415
08/16/2021,Allegany,3,3630,96,166511
08/17/2021,Allegany,3,3633,261,166772
08/18/2021,Allegany,2,3635,120,166892
08/19/2021,Allegany,4,3639,250,167142
08/20/2021,Allegany,2,3641,146,167288
08/21/2021,Allegany,6,3647,126,167414
08/22/2021,Allegany,4,3651,103,167517
08/23/2021,Allegany,6,3657,177,167694
08/24/2021,Allegany,10,3667,417,168111
08/25/2021,Allegany,7,3674,254,168365
08/26/2021,Allegany,14,3688,286,168651
08/27/2021,Allegany,4,3692,237,168888
08/28/2021,Allegany,11,3703,295,169183
08/29/2021,Allegany,4,3707,123,169306
08/30/2021,Allegany,8,3715,138,169444
08/31/2021,Allegany,6,3721,283,169727
09/01/2021,Allegany,11,3732,238,169965
09/02/2021,Allegany,17,3749,375,170340
09/03/2021,Allegany,19,3768,270,170610
09/04/2021,Allegany,7,3775,222,170832
09/05/2021,Allegany,9,3784,182,171014
09/06/2021,Allegany,6,3790,107,171121
09/07/2021,Allegany,8,3798,170,171291
09/08/2021,Allegany,8,3806,176,171467
09/09/2021,Allegany,24,3830,368,171835
09/10/2021,Allegany,13,3843,269,172104
09/11/2021,Allegany,19,3862,310,172414
09/12/2021,Allegany,13,3875,86,172500
09/13/2021,Allegany,14,3889,213,172713
09/14/2021,Allegany,7,3896,237,172950
09/15/2021,Allegany,30,3926,530,173480
09/16/2021,Allegany,20,3946,465,173945
09/17/2021,Allegany,21,3967,367,174312
09/18/2021,Allegany,14,3981,370,174682
09/19/2021,Allegany,5,3986,149,174831
09/20/2021,Allegany,14,4000,297,175128
09/21/2021,Allegany,19,4019,470,175598
09/22/2021,Allegany,19,4038,425,176023
09/23/2021,Allegany,23,4061,579,176602
09/24/2021,Allegany,16,4077,333,176935
09/25/2021,Allegany,14,4091,300,177235
09/26/2021,Allegany,15,4106,239,177474
09/27/2021,Allegany,10,4116,168,177642
09/28/2021,Allegany,14,4130,342,177984
09/29/2021,Allegany,22,4152,444,178428
09/30/2021,Allegany,16,4168,451,178879
10/01/2021,Allegany,29,4197,340,179219
10/02/2021,Allegany,20,4217,444,179663
10/03/2021,Allegany,11,4228,117,179780
10/04/2021,Allegany,12,4240,156,179936
10/05/2021,Allegany,20,4260,354,180290
10/06/2021,Allegany,30,4290,334,180624
10/07/2021,Allegany,30,4320,496,181120
10/08/2021,Allegany,24,4344,446,181566
10/09/2021,Allegany,16,4360,209,181775
10/10/2021,Allegany,43,4403,255,182030
10/11/2021,Allegany,19,4422,212,182242
10/12/2021,Allegany,14,4436,379,182621
10/13/2021,Allegany,24,4460,318,182939
10/14/2021,Allegany,28,4488,460,183399
10/15/2021,Allegany,29,4517,494,183893
10/16/2021,Allegany,25,4542,289,184182
10/17/2021,Allegany,20,4562,184,184366
10/18/2021,Allegany,9,4571,150,184516
10/19/2021,Allegany,13,4584,309,184825
10/20/2021,Allegany,31,4615,403,185228
10/21/2021,Allegany,26,4641,360,185588
10/22/2021,Allegany,20,4661,359,185947
10/23/2021,Allegany,21,4682,338,186285
03/01/2020,Bronx,0,0,0,0
03/02/2020,Bronx,0,0,0,0
03/03/2020,Bronx,0,0,1,1
03/04/2020,Bronx,0,0,0,1
03/05/2020,Bronx,0,0,5,6
03/06/2020,Bronx,0,0,6,12
03/07/2020,Bronx,0,0,17,29
03/08/2020,Bronx,1,1,16,45
03/09/2020,Bronx,4,5,31,76
03/10/2020,Bronx,0,5,47,123
03/11/2020,Bronx,2,7,31,154
03/12/2020,Bronx,3,10,36,190
03/13/2020,Bronx,10,20,99,289
03/14/2020,Bronx,8,28,80,369
03/15/2020,Bronx,29,57,116,485
03/16/2020,Bronx,29,86,151,636
03/17/2020,Bronx,123,209,433,1069
03/18/2020,Bronx,154,363,597,1666
03/19/2020,Bronx,191,554,605,2271
03/20/2020,Bronx,297,851,884,3155
03/21/2020,Bronx,367,1218,1044,4199
03/22/2020,Bronx,606,1824,1276,5475
03/23/2020,Bronx,455,2279,970,6445
03/24/2020,Bronx,611,2890,1188,7633
03/25/2020,Bronx,838,3728,1770,9403
03/26/2020,Bronx,829,4557,1428,10831
03/27/2020,Bronx,846,5403,1478,12309
03/28/2020,Bronx,901,6304,1529,13838
03/29/2020,Bronx,658,6962,1160,14998
03/30/2020,Bronx,804,7766,1341,16339
03/31/2020,Bronx,1095,8861,1818,18157
04/01/2020,Bronx,1066,9927,1754,19911
04/02/2020,Bronx,1159,11086,1946,21857
04/03/2020,Bronx,1229,12315,2108,23965
04/04/2020,Bronx,1053,13368,1778,25743
04/05/2020,Bronx,959,14327,1628,27371
04/06/2020,Bronx,1021,15348,1996,29367
04/07/2020,Bronx,1278,16626,2562,31929
04/08/2020,Bronx,1166,17792,2348,34277
04/09/2020,Bronx,1368,19160,2637,36914
04/10/2020,Bronx,1317,20477,2580,39494
04/11/2020,Bronx,964,21441,2081,41575
04/12/2020,Bronx,764,22205,1623,43198
04/13/2020,Bronx,1061,23266,2294,45492
04/14/2020,Bronx,1387,24653,2622,48114
04/15/2020,Bronx,1279,25932,2939,51053
04/16/2020,Bronx,1103,27035,2793,53846
04/17/2020,Bronx,984,28019,2597,56443
04/18/2020,Bronx,804,28823,2162,58605
04/19/2020,Bronx,549,29372,1707,60312
04/20/2020,Bronx,617,29989,2050,62362
04/21/2020,Bronx,879,30868,2942,65304
04/22/2020,Bronx,791,31659,3084,68388
04/23/2020,Bronx,1042,32701,3691,72079
04/24/2020,Bronx,1482,34183,4800,76879
04/25/2020,Bronx,787,34970,2967,79846
04/26/2020,Bronx,586,35556,2363,82209
04/27/2020,Bronx,438,35994,2107,84316
04/28/2020,Bronx,606,36600,2938,87254
04/29/2020,Bronx,644,37244,2977,90231
04/30/2020,Bronx,541,37785,2824,93055
05/01/2020,Bronx,665,38450,3694,96749
05/02/2020,Bronx,466,38916,2857,99606
05/03/2020,Bronx,307,39223,1869,101475
05/04/2020,Bronx,253,39476,2001,103476
05/05/2020,Bronx,363,39839,2657,106133
05/06/2020,Bronx,342,40181,2786,108919
05/07/2020,Bronx,352,40533,3078,111997
05/08/2020,Bronx,271,40804,2873,114870
05/09/2020,Bronx,255,41059,2935,117805
05/10/2020,Bronx,237,41296,2140,119945
05/11/2020,Bronx,145,41441,1510,121455
05/12/2020,Bronx,236,41677,2678,124133
05/13/2020,Bronx,303,41980,3338,127471
05/14/2020,Bronx,539,42519,4408,131879
05/15/2020,Bronx,293,42812,3632,135511
05/16/2020,Bronx,210,43022,2861,138372
05/17/2020,Bronx,136,43158,2126,140498
05/18/2020,Bronx,112,43270,2102,142600
05/19/2020,Bronx,148,43418,2682,145282
05/20/2020,Bronx,185,43603,3618,148900
05/21/2020,Bronx,163,43766,3421,152321
05/22/2020,Bronx,155,43921,3518,155839
05/23/2020,Bronx,216,44137,4575,160414
05/24/2020,Bronx,110,44247,2445,162859
05/25/2020,Bronx,117,44364,2233,165092
05/26/2020,Bronx,139,44503,3064,168156
05/27/2020,Bronx,250,44753,5657,173813
05/28/2020,Bronx,221,44974,5781,179594
05/29/2020,Bronx,142,45116,4817,184411
05/30/2020,Bronx,137,45253,4338,188749
05/31/2020,Bronx,106,45359,3997,192746
06/01/2020,Bronx,107,45466,4069,196815
06/02/2020,Bronx,105,45571,3579,200394
06/03/2020,Bronx,117,45688,4303,204697
06/04/2020,Bronx,90,45778,4606,209303
06/05/2020,Bronx,104,45882,5144,214447
06/06/2020,Bronx,98,45980,4164,218611
06/07/2020,Bronx,72,46052,3718,222329
06/08/2020,Bronx,75,46127,3214,225543
06/09/2020,Bronx,96,46223,4468,230011
06/10/2020,Bronx,93,46316,3929,233940
06/11/2020,Bronx,80,46396,4894,238834
06/12/2020,Bronx,105,46501,5869,244703
06/13/2020,Bronx,66,46567,4578,249281
06/14/2020,Bronx,78,46645,4689,253970
06/15/2020,Bronx,65,46710,4542,258512
06/16/2020,Bronx,68,46778,5106,263618
06/17/2020,Bronx,52,46830,5556,269174
06/18/2020,Bronx,85,46915,6272,275446
06/19/2020,Bronx,64,46979,5007,280453
06/20/2020,Bronx,48,47027,4694,285147
06/21/2020,Bronx,65,47092,4917,290064
06/22/2020,Bronx,62,47154,3723,293787
06/23/2020,Bronx,76,47230,3549,297336
06/24/2020,Bronx,64,47294,4930,302266
06/25/2020,Bronx,89,47383,4377,306643
06/26/2020,Bronx,73,47456,5794,312437
06/27/2020,Bronx,58,47514,5208,317645
06/28/2020,Bronx,41,47555,3588,321233
06/29/2020,Bronx,43,47598,4056,325289
06/30/2020,Bronx,53,47651,4725,330014
07/01/2020,Bronx,107,47758,5267,335281
07/02/2020,Bronx,80,47838,5521,340802
07/03/2020,Bronx,64,47902,4449,345251
07/04/2020,Bronx,36,47938,4275,349526
07/05/2020,Bronx,56,47994,4111,353637
07/06/2020,Bronx,44,48038,3695,357332
07/07/2020,Bronx,38,48076,3456,360788
07/08/2020,Bronx,50,48126,3993,364781
07/09/2020,Bronx,82,48208,5706,370487
07/10/2020,Bronx,59,48267,4932,375419
07/11/2020,Bronx,60,48327,4401,379820
07/12/2020,Bronx,50,48377,3980,383800
07/13/2020,Bronx,56,48433,4169,387969
07/14/2020,Bronx,63,48496,4435,392404
07/15/2020,Bronx,79,48575,5635,398039
07/16/2020,Bronx,68,48643,5250,403289
07/17/2020,Bronx,72,48715,5748,409037
07/18/2020,Bronx,54,48769,4297,413334
07/19/2020,Bronx,68,48837,3543,416877
07/20/2020,Bronx,89,48926,4443,421320
07/21/2020,Bronx,91,49017,5492,426812
07/22/2020,Bronx,69,49086,4802,431614
07/23/2020,Bronx,114,49200,5276,436890
07/24/2020,Bronx,80,49280,4754,441644
07/25/2020,Bronx,56,49336,3711,445355
07/26/2020,Bronx,52,49388,3459,448814
07/27/2020,Bronx,34,49422,3654,452468
07/28/2020,Bronx,59,49481,3397,455865
07/29/2020,Bronx,46,49527,4741,460606
07/30/2020,Bronx,46,49573,3994,464600
07/31/2020,Bronx,53,49626,5253,469853
08/01/2020,Bronx,50,49676,3384,473237
08/02/2020,Bronx,38,49714,3630,476867
08/03/2020,Bronx,109,49823,7059,483926
08/04/2020,Bronx,83,49906,5301,489227
08/05/2020,Bronx,74,49980,5205,494432
08/06/2020,Bronx,77,50057,5151,499583
08/07/2020,Bronx,63,50120,4634,504217
08/08/2020,Bronx,68,50188,5261,509478
08/09/2020,Bronx,38,50226,4747,514225
08/10/2020,Bronx,52,50278,5083,519308
08/11/2020,Bronx,91,50369,7934,527242
08/12/2020,Bronx,116,50485,7110,534352
08/13/2020,Bronx,94,50579,6420,540772
08/14/2020,Bronx,72,50651,6849,547621
08/15/2020,Bronx,73,50724,6399,554020
08/16/2020,Bronx,62,50786,4742,558762
08/17/2020,Bronx,54,50840,4675,563437
08/18/2020,Bronx,67,50907,5591,569028
08/19/2020,Bronx,47,50954,5402,574430
08/20/2020,Bronx,56,51010,6412,580842
08/21/2020,Bronx,57,51067,6574,587416
08/22/2020,Bronx,70,51137,4937,592353
08/23/2020,Bronx,57,51194,5141,597494
08/24/2020,Bronx,45,51239,4296,601790
08/25/2020,Bronx,53,51292,5358,607148
08/26/2020,Bronx,65,51357,5535,612683
08/27/2020,Bronx,49,51406,6190,618873
08/28/2020,Bronx,62,51468,6305,625178
08/29/2020,Bronx,65,51533,6778,631956
08/30/2020,Bronx,77,51610,4854,636810
08/31/2020,Bronx,53,51663,4880,641690
09/01/2020,Bronx,48,51711,7314,649004
09/02/2020,Bronx,57,51768,5696,654700
09/03/2020,Bronx,52,51820,6594,661294
09/04/2020,Bronx,40,51860,6365,667659
09/05/2020,Bronx,52,51912,5858,673517
09/06/2020,Bronx,32,51944,4414,677931
09/07/2020,Bronx,40,51984,5366,683297
09/08/2020,Bronx,34,52018,5571,688868
09/09/2020,Bronx,58,52076,5655,694523
09/10/2020,Bronx,49,52125,5615,700138
09/11/2020,Bronx,61,52186,7455,707593
09/12/2020,Bronx,49,52235,4625,712218
09/13/2020,Bronx,46,52281,4288,716506
09/14/2020,Bronx,54,52335,4856,721362
09/15/2020,Bronx,36,52371,4810,726172
09/16/2020,Bronx,51,52422,5950,732122
09/17/2020,Bronx,46,52468,5601,737723
09/18/2020,Bronx,58,52526,6097,743820
09/19/2020,Bronx,52,52578,7106,750926
09/20/2020,Bronx,41,52619,3854,754780
09/21/2020,Bronx,47,52666,5869,760649
09/22/2020,Bronx,44,52710,5074,765723
09/23/2020,Bronx,46,52756,5812,771535
09/24/2020,Bronx,59,52815,7131,778666
09/25/2020,Bronx,57,52872,6388,785054
09/26/2020,Bronx,48,52920,4941,789995
09/27/2020,Bronx,36,52956,3456,793451
09/28/2020,Bronx,69,53025,6624,800075
09/29/2020,Bronx,66,53091,6152,806227
09/30/2020,Bronx,78,53169,6093,812320
10/01/2020,Bronx,63,53232,6554,818874
10/02/2020,Bronx,66,53298,6513,825387
10/03/2020,Bronx,55,53353,5282,830669
10/04/2020,Bronx,64,53417,4521,835190
10/05/2020,Bronx,84,53501,6190,841380
10/06/2020,Bronx,55,53556,5842,847222
10/07/2020,Bronx,61,53617,6595,853817
10/08/2020,Bronx,74,53691,7217,861034
10/09/2020,Bronx,71,53762,6783,867817
10/10/2020,Bronx,74,53836,6143,873960
10/11/2020,Bronx,58,53894,3930,877890
10/12/2020,Bronx,66,53960,6546,884436
10/13/2020,Bronx,46,54006,6116,890552
10/14/2020,Bronx,71,54077,6174,896726
10/15/2020,Bronx,121,54198,7400,904126
10/16/2020,Bronx,109,54307,9054,913180
10/17/2020,Bronx,102,54409,6911,920091
10/18/2020,Bronx,63,54472,5081,925172
10/19/2020,Bronx,51,54523,5727,930899
10/20/2020,Bronx,105,54628,7912,938811
10/21/2020,Bronx,78,54706,6996,945807
10/22/2020,Bronx,86,54792,7642,953449
10/23/2020,Bronx,100,54892,9802,963251
10/24/2020,Bronx,119,55011,6745,969996
10/25/2020,Bronx,75,55086,4808,974804
10/26/2020,Bronx,127,55213,7625,982429
10/27/2020,Bronx,141,55354,7498,989927
10/28/2020,Bronx,173,55527,8348,998275
10/29/2020,Bronx,134,55661,8374,1006649
10/30/2020,Bronx,106,55767,6473,1013122
10/31/2020,Bronx,145,55912,7975,1021097
11/01/2020,Bronx,87,55999,5713,1026810
11/02/2020,Bronx,166,56165,7615,1034425
11/03/2020,Bronx,127,56292,9344,1043769
11/04/2020,Bronx,168,56460,8765,1052534
11/05/2020,Bronx,195,56655,8772,1061306
11/06/2020,Bronx,162,56817,8258,1069564
11/07/2020,Bronx,247,57064,7618,1077182
11/08/2020,Bronx,170,57234,6413,1083595
11/09/2020,Bronx,191,57425,7110,1090705
11/10/2020,Bronx,232,57657,8467,1099172
11/11/2020,Bronx,260,57917,10011,1109183
11/12/2020,Bronx,288,58205,9635,1118818
11/13/2020,Bronx,286,58491,10066,1128884
11/14/2020,Bronx,221,58712,8575,1137459
11/15/2020,Bronx,193,58905,7790,1145249
11/16/2020,Bronx,360,59265,9704,1154953
11/17/2020,Bronx,283,59548,7300,1162253
11/18/2020,Bronx,308,59856,11469,1173722
11/19/2020,Bronx,377,60233,11946,1185668
11/20/2020,Bronx,402,60635,10570,1196238
11/21/2020,Bronx,344,60979,10351,1206589
11/22/2020,Bronx,337,61316,9809,1216398
11/23/2020,Bronx,301,61617,8453,1224851
11/24/2020,Bronx,347,61964,8787,1233638
11/25/2020,Bronx,414,62378,11708,1245346
11/26/2020,Bronx,392,62770,10035,1255381
11/27/2020,Bronx,379,63149,9203,1264584
11/28/2020,Bronx,399,63548,9829,1274413
11/29/2020,Bronx,449,63997,9560,1283973
11/30/2020,Bronx,497,64494,10467,1294440
12/01/2020,Bronx,511,65005,10712,1305152
12/02/2020,Bronx,525,65530,10720,1315872
12/03/2020,Bronx,598,66128,12932,1328804
12/04/2020,Bronx,554,66682,12632,1341436
12/05/2020,Bronx,575,67257,12827,1354263
12/06/2020,Bronx,497,67754,9573,1363836
12/07/2020,Bronx,691,68445,11975,1375811
12/08/2020,Bronx,559,69004,11463,1387274
12/09/2020,Bronx,536,69540,13004,1400278
12/10/2020,Bronx,545,70085,13299,1413577
12/11/2020,Bronx,582,70667,14137,1427714
12/12/2020,Bronx,596,71263,14842,1442556
12/13/2020,Bronx,475,71738,10333,1452889
12/14/2020,Bronx,671,72409,12776,1465665
12/15/2020,Bronx,601,73010,11360,1477025
12/16/2020,Bronx,675,73685,14431,1491456
12/17/2020,Bronx,720,74405,15274,1506730
12/18/2020,Bronx,511,74916,9822,1516552
12/19/2020,Bronx,580,75496,12049,1528601
12/20/2020,Bronx,473,75969,8681,1537282
12/21/2020,Bronx,542,76511,9974,1547256
12/22/2020,Bronx,637,77148,11328,1558584
12/23/2020,Bronx,739,77887,14098,1572682
12/24/2020,Bronx,776,78663,13179,1585861
12/25/2020,Bronx,645,79308,12212,1598073
12/26/2020,Bronx,451,79759,8838,1606911
12/27/2020,Bronx,591,80350,7063,1613974
12/28/2020,Bronx,754,81104,11558,1625532
12/29/2020,Bronx,778,81882,8649,1634181
12/30/2020,Bronx,1110,82992,15473,1649654
12/31/2020,Bronx,983,83975,12937,1662591
01/01/2021,Bronx,1094,85069,13672,1676263
01/02/2021,Bronx,577,85646,7217,1683480
01/03/2021,Bronx,631,86277,7455,1690935
01/04/2021,Bronx,796,87073,12710,1703645
01/05/2021,Bronx,871,87944,10740,1714385
01/06/2021,Bronx,1224,89168,14834,1729219
01/07/2021,Bronx,1185,90353,15694,1744913
01/08/2021,Bronx,1051,91404,15365,1760278
01/09/2021,Bronx,906,92310,15255,1775533
01/10/2021,Bronx,997,93307,12524,1788057
01/11/2021,Bronx,1094,94401,14373,1802430
01/12/2021,Bronx,944,95345,11933,1814363
01/13/2021,Bronx,1024,96369,13746,1828109
01/14/2021,Bronx,1434,97803,21084,1849193
01/15/2021,Bronx,1227,99030,18569,1867762
01/16/2021,Bronx,1085,100115,15650,1883412
01/17/2021,Bronx,1055,101170,12518,1895930
01/18/2021,Bronx,1057,102227,13779,1909709
01/19/2021,Bronx,789,103016,11814,1921523
01/20/2021,Bronx,1087,104103,14683,1936206
01/21/2021,Bronx,1256,105359,18045,1954251
01/22/2021,Bronx,1227,106586,17143,1971394
01/23/2021,Bronx,1229,107815,16911,1988305
01/24/2021,Bronx,1180,108995,17973,2006278
01/25/2021,Bronx,966,109961,11351,2017629
01/26/2021,Bronx,885,110846,14393,2032022
01/27/2021,Bronx,1231,112077,17826,2049848
01/28/2021,Bronx,1156,113233,17959,2067807
01/29/2021,Bronx,1143,114376,16492,2084299
01/30/2021,Bronx,1051,115427,15693,2099992
01/31/2021,Bronx,878,116305,12274,2112266
02/01/2021,Bronx,799,117104,11193,2123459
02/02/2021,Bronx,473,117577,7688,2131147
02/03/2021,Bronx,503,118080,8461,2139608
02/04/2021,Bronx,743,118823,11023,2150631
02/05/2021,Bronx,1024,119847,16021,2166652
02/06/2021,Bronx,1223,121070,16118,2182770
02/07/2021,Bronx,1014,122084,15290,2198060
02/08/2021,Bronx,939,123023,11654,2209714
02/09/2021,Bronx,728,123751,12874,2222588
02/10/2021,Bronx,1232,124983,18786,2241374
02/11/2021,Bronx,918,125901,15735,2257109
02/12/2021,Bronx,1002,126903,17006,2274115
02/13/2021,Bronx,798,127701,12878,2286993
02/14/2021,Bronx,723,128424,13448,2300441
02/15/2021,Bronx,694,129118,10119,2310560
02/16/2021,Bronx,573,129691,9582,2320142
02/17/2021,Bronx,668,130359,13431,2333573
02/18/2021,Bronx,1074,131433,16704,2350277
02/19/2021,Bronx,798,132231,15013,2365290
02/20/2021,Bronx,650,132881,10965,2376255
02/21/2021,Bronx,648,133529,9944,2386199
02/22/2021,Bronx,692,134221,10131,2396330
02/23/2021,Bronx,469,134690,13036,2409366
02/24/2021,Bronx,935,135625,16980,2426346
02/25/2021,Bronx,935,136560,18621,2444967
02/26/2021,Bronx,842,137402,17950,2462917
02/27/2021,Bronx,824,138226,16074,2478991
02/28/2021,Bronx,670,138896,14206,2493197
03/01/2021,Bronx,600,139496,8959,2502156
03/02/2021,Bronx,754,140250,13455,2515611
03/03/2021,Bronx,731,140981,16338,2531949
03/04/2021,Bronx,930,141911,19644,2551593
03/05/2021,Bronx,778,142689,16995,2568588
03/06/2021,Bronx,618,143307,13100,2581688
03/07/2021,Bronx,456,143763,9051,2590739
03/08/2021,Bronx,728,144491,14967,2605706
03/09/2021,Bronx,561,145052,13161,2618867
03/10/2021,Bronx,611,145663,14088,2632955
03/11/2021,Bronx,910,146573,18594,2651549
03/12/2021,Bronx,582,147155,13639,2665188
03/13/2021,Bronx,437,147592,9652,2674840
03/14/2021,Bronx,451,148043,8181,2683021
03/15/2021,Bronx,556,148599,11041,2694062
03/16/2021,Bronx,975,149574,19610,2713672
03/17/2021,Bronx,701,150275,16432,2730104
03/18/2021,Bronx,745,151020,18188,2748292
03/19/2021,Bronx,643,151663,16421,2764713
03/20/2021,Bronx,713,152376,15129,2779842
03/21/2021,Bronx,631,153007,9751,2789593
03/22/2021,Bronx,529,153536,9804,2799397
03/23/2021,Bronx,552,154088,12353,2811750
03/24/2021,Bronx,655,154743,16477,2828227
03/25/2021,Bronx,708,155451,17435,2845662
03/26/2021,Bronx,722,156173,15689,2861351
03/27/2021,Bronx,883,157056,18132,2879483
03/28/2021,Bronx,837,157893,15486,2894969
03/29/2021,Bronx,565,158458,10882,2905851
03/30/2021,Bronx,730,159188,14993,2920844
03/31/2021,Bronx,815,160003,16706,2937550
04/01/2021,Bronx,652,160655,16484,2954034
04/02/2021,Bronx,620,161275,13774,2967808
04/03/2021,Bronx,650,161925,14242,2982050
04/04/2021,Bronx,488,162413,11179,2993229
04/05/2021,Bronx,439,162852,8224,3001453
04/06/2021,Bronx,551,163403,13769,3015222
04/07/2021,Bronx,580,163983,17790,3033012
04/08/2021,Bronx,712,164695,20196,3053208
04/09/2021,Bronx,579,165274,19027,3072235
04/10/2021,Bronx,501,165775,15043,3087278
04/11/2021,Bronx,345,166120,9422,3096700
04/12/2021,Bronx,342,166462,7628,3104328
04/13/2021,Bronx,377,166839,11450,3115778
04/14/2021,Bronx,420,167259,14876,3130654
04/15/2021,Bronx,549,167808,16628,3147282
04/16/2021,Bronx,666,168474,25470,3172752
04/17/2021,Bronx,452,168926,16771,3189523
04/18/2021,Bronx,320,169246,10795,3200318
04/19/2021,Bronx,290,169536,7894,3208212
04/20/2021,Bronx,272,169808,13153,3221365
04/21/2021,Bronx,434,170242,17758,3239123
04/22/2021,Bronx,336,170578,16505,3255628
04/23/2021,Bronx,319,170897,15795,3271423
04/24/2021,Bronx,302,171199,16311,3287734
04/25/2021,Bronx,194,171393,8924,3296658
04/26/2021,Bronx,188,171581,7505,3304163
04/27/2021,Bronx,184,171765,11390,3315553
04/28/2021,Bronx,304,172069,17840,3333393
04/29/2021,Bronx,280,172349,16553,3349946
04/30/2021,Bronx,247,172596,16915,3366861
05/01/2021,Bronx,212,172808,13348,3380209
05/02/2021,Bronx,140,172948,7913,3388122
05/03/2021,Bronx,139,173087,6870,3394992
05/04/2021,Bronx,262,173349,15276,3410268
05/05/2021,Bronx,153,173502,14422,3424690
05/06/2021,Bronx,152,173654,15202,3439892
05/07/2021,Bronx,234,173888,17620,3457512
05/08/2021,Bronx,145,174033,11453,3468965
05/09/2021,Bronx,118,174151,7987,3476952
05/10/2021,Bronx,73,174224,7033,3483985
05/11/2021,Bronx,132,174356,12406,3496391
05/12/2021,Bronx,151,174507,16929,3513320
05/13/2021,Bronx,139,174646,15729,3529049
05/14/2021,Bronx,108,174754,13210,3542259
05/15/2021,Bronx,111,174865,11969,3554228
05/16/2021,Bronx,72,174937,7874,3562102
05/17/2021,Bronx,72,175009,7019,3569121
05/18/2021,Bronx,69,175078,11544,3580665
05/19/2021,Bronx,130,175208,15718,3596383
05/20/2021,Bronx,82,175290,13948,3610331
05/21/2021,Bronx,95,175385,13618,3623949
05/22/2021,Bronx,69,175454,10477,3634426
05/23/2021,Bronx,65,175519,6302,3640728
05/24/2021,Bronx,39,175558,6565,3647293
05/25/2021,Bronx,54,175612,11244,3658537
05/26/2021,Bronx,67,175679,12472,3671009
05/27/2021,Bronx,89,175768,14830,3685839
05/28/2021,Bronx,54,175822,12062,3697901
05/29/2021,Bronx,58,175880,10435,3708336
05/30/2021,Bronx,36,175916,5829,3714165
05/31/2021,Bronx,44,175960,4509,3718674
06/01/2021,Bronx,26,175986,5164,3723838
06/02/2021,Bronx,55,176041,11334,3735172
06/03/2021,Bronx,65,176106,17314,3752486
06/04/2021,Bronx,68,176174,10401,3762887
06/05/2021,Bronx,56,176230,10098,3772985
06/06/2021,Bronx,52,176282,5727,3778712
06/07/2021,Bronx,55,176337,6139,3784851
06/08/2021,Bronx,44,176381,10318,3795169
06/09/2021,Bronx,96,176477,13174,3808343
06/10/2021,Bronx,49,176526,10357,3818700
06/11/2021,Bronx,56,176582,12718,3831418
06/12/2021,Bronx,35,176617,10669,3842087
06/13/2021,Bronx,38,176655,5571,3847658
06/14/2021,Bronx,35,176690,4916,3852574
06/15/2021,Bronx,32,176722,9154,3861728
06/16/2021,Bronx,44,176766,10665,3872393
06/17/2021,Bronx,41,176807,9482,3881875
06/18/2021,Bronx,40,176847,10905,3892780
06/19/2021,Bronx,26,176873,8020,3900800
06/20/2021,Bronx,17,176890,5367,3906167
06/21/2021,Bronx,24,176914,5136,3911303
06/22/2021,Bronx,30,176944,8367,3919670
06/23/2021,Bronx,22,176966,9426,3929096
06/24/2021,Bronx,23,176989,8622,3937718
06/25/2021,Bronx,36,177025,9595,3947313
06/26/2021,Bronx,21,177046,6334,3953647
06/27/2021,Bronx,19,177065,4769,3958416
06/28/2021,Bronx,23,177088,5338,3963754
06/29/2021,Bronx,36,177124,7203,3970957
06/30/2021,Bronx,28,177152,5815,3976772
07/01/2021,Bronx,42,177194,5659,3982431
07/02/2021,Bronx,28,177222,6629,3989060
07/03/2021,Bronx,29,177251,4808,3993868
07/04/2021,Bronx,28,177279,4046,3997914
07/05/2021,Bronx,14,177293,2527,4000441
07/06/2021,Bronx,70,177363,6425,4006866
07/07/2021,Bronx,62,177425,9796,4016662
07/08/2021,Bronx,84,177509,8697,4025359
07/09/2021,Bronx,50,177559,7279,4032638
07/10/2021,Bronx,52,177611,4679,4037317
07/11/2021,Bronx,49,177660,4088,4041405
07/12/2021,Bronx,49,177709,4549,4045954
07/13/2021,Bronx,65,177774,5502,4051456
07/14/2021,Bronx,75,177849,7515,4058971
07/15/2021,Bronx,73,177922,7548,4066519
07/16/2021,Bronx,93,178015,7162,4073681
07/17/2021,Bronx,92,178107,6220,4079901
07/18/2021,Bronx,83,178190,4235,4084136
07/19/2021,Bronx,85,178275,5532,4089668
07/20/2021,Bronx,98,178373,6769,4096437
07/21/2021,Bronx,132,178505,7788,4104225
07/22/2021,Bronx,169,178674,10533,4114758
07/23/2021,Bronx,148,178822,8025,4122783
07/24/2021,Bronx,152,178974,7248,4130031
07/25/2021,Bronx,74,179048,4424,4134455
07/26/2021,Bronx,124,179172,5202,4139657
07/27/2021,Bronx,155,179327,7475,4147132
07/28/2021,Bronx,192,179519,7956,4155088
07/29/2021,Bronx,203,179722,8983,4164071
07/30/2021,Bronx,294,180016,11522,4175593
07/31/2021,Bronx,174,180190,7105,4182698
08/01/2021,Bronx,155,180345,5512,4188210
08/02/2021,Bronx,272,180617,7142,4195352
08/03/2021,Bronx,176,180793,9923,4205275
08/04/2021,Bronx,291,181084,9971,4215246
08/05/2021,Bronx,277,181361,9997,4225243
08/06/2021,Bronx,282,181643,11682,4236925
08/07/2021,Bronx,231,181874,9831,4246756
08/08/2021,Bronx,279,182153,8510,4255266
08/09/2021,Bronx,225,182378,6752,4262018
08/10/2021,Bronx,258,182636,9738,4271756
08/11/2021,Bronx,391,183027,10541,4282297
08/12/2021,Bronx,327,183354,10007,4292304
08/13/2021,Bronx,318,183672,11378,4303682
08/14/2021,Bronx,320,183992,10968,4314650
08/15/2021,Bronx,204,184196,6885,4321535
08/16/2021,Bronx,225,184421,7080,4328615
08/17/2021,Bronx,263,184684,11871,4340486
08/18/2021,Bronx,417,185101,13003,4353489
08/19/2021,Bronx,298,185399,10282,4363771
08/20/2021,Bronx,353,185752,12532,4376303
08/21/2021,Bronx,306,186058,11024,4387327
08/22/2021,Bronx,265,186323,7211,4394538
08/23/2021,Bronx,280,186603,6836,4401374
08/24/2021,Bronx,293,186896,11290,4412664
08/25/2021,Bronx,339,187235,11618,4424282
08/26/2021,Bronx,317,187552,12724,4437006
08/27/2021,Bronx,527,188079,17485,4454491
08/28/2021,Bronx,300,188379,11017,4465508
08/29/2021,Bronx,238,188617,7716,4473224
08/30/2021,Bronx,236,188853,6540,4479764
08/31/2021,Bronx,264,189117,9455,4489219
09/01/2021,Bronx,265,189382,10223,4499442
09/02/2021,Bronx,418,189800,15714,4515156
09/03/2021,Bronx,301,190101,10740,4525896
09/04/2021,Bronx,279,190380,10033,4535929
09/05/2021,Bronx,167,190547,6452,4542381
09/06/2021,Bronx,165,190712,5264,4547645
09/07/2021,Bronx,202,190914,6016,4553661
09/08/2021,Bronx,363,191277,15424,4569085
09/09/2021,Bronx,353,191630,15008,4584093
09/10/2021,Bronx,362,191992,14940,4599033
09/11/2021,Bronx,239,192231,11271,4610304
09/12/2021,Bronx,211,192442,7810,4618114
09/13/2021,Bronx,228,192670,8735,4626849
09/14/2021,Bronx,198,192868,10878,4637727
09/15/2021,Bronx,241,193109,13453,4651180
09/16/2021,Bronx,294,193403,15163,4666343
09/17/2021,Bronx,259,193662,14992,4681335
09/18/2021,Bronx,196,193858,12726,4694061
09/19/2021,Bronx,167,194025,8215,4702276
09/20/2021,Bronx,241,194266,9360,4711636
09/21/2021,Bronx,290,194556,14550,4726186
09/22/2021,Bronx,245,194801,14378,4740564
09/23/2021,Bronx,221,195022,14808,4755372
09/24/2021,Bronx,211,195233,14957,4770329
09/25/2021,Bronx,171,195404,13247,4783576
09/26/2021,Bronx,120,195524,8009,4791585
09/27/2021,Bronx,219,195743,11730,4803315
09/28/2021,Bronx,152,195895,11570,4814885
09/29/2021,Bronx,198,196093,16871,4831756
09/30/2021,Bronx,189,196282,14567,4846323
10/01/2021,Bronx,167,196449,15850,4862173
10/02/2021,Bronx,151,196600,12419,4874592
10/03/2021,Bronx,94,196694,10104,4884696
10/04/2021,Bronx,104,196798,9307,4894003
10/05/2021,Bronx,185,196983,12355,4906358
10/06/2021,Bronx,187,197170,18146,4924504
10/07/2021,Bronx,184,197354,13288,4937792
10/08/2021,Bronx,136,197490,14207,4951999
10/09/2021,Bronx,117,197607,9273,4961272
10/10/2021,Bronx,168,197775,16755,4978027
10/11/2021,Bronx,141,197916,9337,4987364
10/12/2021,Bronx,107,198023,8975,4996339
10/13/2021,Bronx,122,198145,10965,5007304
10/14/2021,Bronx,154,198299,14589,5021893
10/15/2021,Bronx,136,198435,13851,5035744
10/16/2021,Bronx,117,198552,14412,5050156
10/17/2021,Bronx,87,198639,9440,5059596
10/18/2021,Bronx,74,198713,7704,5067300
10/19/2021,Bronx,181,198894,15124,5082424
10/20/2021,Bronx,111,199005,13157,5095581
10/21/2021,Bronx,125,199130,12819,5108400
10/22/2021,Bronx,106,199236,14133,5122533
10/23/2021,Bronx,91,199327,11276,5133809
03/01/2020,Broome,0,0,0,0
03/02/2020,Broome,0,0,0,0
03/03/2020,Broome,0,0,0,0
03/04/2020,Broome,0,0,0,0
03/05/2020,Broome,0,0,0,0
03/06/2020,Broome,0,0,0,0
03/07/2020,Broome,0,0,0,0
03/08/2020,Broome,0,0,2,2
03/09/2020,Broome,0,0,1,3
03/10/2020,Broome,0,0,1,4
03/11/2020,Broome,0,0,1,5
03/12/2020,Broome,1,1,2,7
03/13/2020,Broome,0,1,2,9
03/14/2020,Broome,0,1,3,12
03/15/2020,Broome,0,1,2,14
03/16/2020,Broome,0,1,1,15
03/17/2020,Broome,0,1,6,21
03/18/2020,Broome,1,2,9,30
03/19/2020,Broome,0,2,3,33
03/20/2020,Broome,0,2,16,49
03/21/2020,Broome,1,3,5,54
03/22/2020,Broome,4,7,20,74
03/23/2020,Broome,2,9,18,92
03/24/2020,Broome,2,11,13,105
03/25/2020,Broome,5,16,37,142
03/26/2020,Broome,2,18,25,167
03/27/2020,Broome,5,23,37,204
03/28/2020,Broome,6,29,45,249
03/29/2020,Broome,6,35,36,285
03/30/2020,Broome,3,38,48,333
03/31/2020,Broome,4,42,35,368
04/01/2020,Broome,4,46,43,411
04/02/2020,Broome,10,56,72,483
04/03/2020,Broome,9,65,55,538
04/04/2020,Broome,6,71,36,574
04/05/2020,Broome,5,76,33,607
04/06/2020,Broome,10,86,47,654
04/07/2020,Broome,2,88,24,678
04/08/2020,Broome,17,105,82,760
04/09/2020,Broome,7,112,58,818
04/10/2020,Broome,5,117,31,849
04/11/2020,Broome,9,126,60,909
04/12/2020,Broome,7,133,39,948
04/13/2020,Broome,13,146,90,1038
04/14/2020,Broome,7,153,73,1111
04/15/2020,Broome,14,167,74,1185
04/16/2020,Broome,11,178,82,1267
04/17/2020,Broome,8,186,64,1331
04/18/2020,Broome,6,192,52,1383
04/19/2020,Broome,7,199,43,1426
04/20/2020,Broome,6,205,47,1473
04/21/2020,Broome,14,219,54,1527
04/22/2020,Broome,5,224,102,1629
04/23/2020,Broome,8,232,85,1714
04/24/2020,Broome,19,251,212,1926
04/25/2020,Broome,6,257,105,2031
04/26/2020,Broome,4,261,69,2100
04/27/2020,Broome,5,266,60,2160
04/28/2020,Broome,7,273,87,2247
04/29/2020,Broome,11,284,114,2361
04/30/2020,Broome,15,299,110,2471
05/01/2020,Broome,6,305,114,2585
05/02/2020,Broome,22,327,415,3000
05/03/2020,Broome,7,334,353,3353
05/04/2020,Broome,4,338,180,3533
05/05/2020,Broome,7,345,273,3806
05/06/2020,Broome,15,360,333,4139
05/07/2020,Broome,4,364,214,4353
05/08/2020,Broome,8,372,252,4605
05/09/2020,Broome,1,373,317,4922
05/10/2020,Broome,5,378,319,5241
05/11/2020,Broome,1,379,271,5512
05/12/2020,Broome,3,382,291,5803
05/13/2020,Broome,1,383,343,6146
05/14/2020,Broome,7,390,343,6489
05/15/2020,Broome,23,413,458,6947
05/16/2020,Broome,1,414,486,7433
05/17/2020,Broome,9,423,379,7812
05/18/2020,Broome,6,429,295,8107
05/19/2020,Broome,7,436,639,8746
05/20/2020,Broome,15,451,419,9165
05/21/2020,Broome,17,468,820,9985
05/22/2020,Broome,17,485,645,10630
05/23/2020,Broome,16,501,629,11259
05/24/2020,Broome,18,519,669,11928
05/25/2020,Broome,3,522,536,12464
05/26/2020,Broome,6,528,369,12833
05/27/2020,Broome,17,545,523,13356
05/28/2020,Broome,12,557,614,13970
05/29/2020,Broome,4,561,531,14501
05/30/2020,Broome,5,566,1002,15503
05/31/2020,Broome,8,574,777,16280
06/01/2020,Broome,4,578,629,16909
06/02/2020,Broome,11,589,826,17735
06/03/2020,Broome,4,593,631,18366
06/04/2020,Broome,12,605,1417,19783
06/05/2020,Broome,8,613,1311,21094
06/06/2020,Broome,7,620,950,22044
06/07/2020,Broome,4,624,745,22789
06/08/2020,Broome,3,627,797,23586
06/09/2020,Broome,3,630,755,24341
06/10/2020,Broome,11,641,875,25216
06/11/2020,Broome,3,644,1085,26301
06/12/2020,Broome,3,647,779,27080
06/13/2020,Broome,4,651,795,27875
06/14/2020,Broome,4,655,382,28257
06/15/2020,Broome,1,656,606,28863
06/16/2020,Broome,1,657,546,29409
06/17/2020,Broome,0,657,442,29851
06/18/2020,Broome,6,663,952,30803
06/19/2020,Broome,2,665,586,31389
06/20/2020,Broome,3,668,430,31819
06/21/2020,Broome,2,670,552,32371
06/22/2020,Broome,1,671,588,32959
06/23/2020,Broome,0,671,179,33138
06/24/2020,Broome,9,680,935,34073
06/25/2020,Broome,17,697,509,34582
06/26/2020,Broome,4,701,922,35504
06/27/2020,Broome,2,703,486,35990
06/28/2020,Broome,7,710,377,36367
06/29/2020,Broome,6,716,772,37139
06/30/2020,Broome,6,722,448,37587
07/01/2020,Broome,7,729,846,38433
07/02/2020,Broome,7,736,476,38909
07/03/2020,Broome,16,752,979,39888
07/04/2020,Broome,1,753,898,40786
07/05/2020,Broome,4,757,554,41340
07/06/2020,Broome,5,762,588,41928
07/07/2020,Broome,4,766,234,42162
07/08/2020,Broome,4,770,731,42893
07/09/2020,Broome,14,784,662,43555
07/10/2020,Broome,23,807,747,44302
07/11/2020,Broome,13,820,1236,45538
07/12/2020,Broome,7,827,595,46133
07/13/2020,Broome,14,841,852,46985
07/14/2020,Broome,11,852,592,47577
07/15/2020,Broome,9,861,914,48491
07/16/2020,Broome,9,870,595,49086
07/17/2020,Broome,7,877,522,49608
07/18/2020,Broome,6,883,347,49955
07/19/2020,Broome,19,902,914,50869
07/20/2020,Broome,15,917,687,51556
07/21/2020,Broome,13,930,915,52471
07/22/2020,Broome,4,934,538,53009
07/23/2020,Broome,20,954,756,53765
07/24/2020,Broome,12,966,762,54527
07/25/2020,Broome,12,978,549,55076
07/26/2020,Broome,8,986,1287,56363
07/27/2020,Broome,6,992,522,56885
07/28/2020,Broome,23,1015,779,57664
07/29/2020,Broome,14,1029,698,58362
07/30/2020,Broome,8,1037,777,59139
07/31/2020,Broome,11,1048,781,59920
08/01/2020,Broome,6,1054,825,60745
08/02/2020,Broome,10,1064,743,61488
08/03/2020,Broome,14,1078,1025,62513
08/04/2020,Broome,4,1082,379,62892
08/05/2020,Broome,12,1094,711,63603
08/06/2020,Broome,21,1115,517,64120
08/07/2020,Broome,5,1120,412,64532
08/08/2020,Broome,6,1126,583,65115
08/09/2020,Broome,5,1131,747,65862
08/10/2020,Broome,12,1143,1408,67270
08/11/2020,Broome,7,1150,559,67829
08/12/2020,Broome,3,1153,641,68470
08/13/2020,Broome,12,1165,947,69417
08/14/2020,Broome,0,1165,708,70125
08/15/2020,Broome,1,1166,417,70542
08/16/2020,Broome,6,1172,607,71149
08/17/2020,Broome,5,1177,1523,72672
08/18/2020,Broome,12,1189,679,73351
08/19/2020,Broome,7,1196,627,73978
08/20/2020,Broome,15,1211,1124,75102
08/21/2020,Broome,16,1227,1203,76305
08/22/2020,Broome,12,1239,725,77030
08/23/2020,Broome,11,1250,848,77878
08/24/2020,Broome,6,1256,508,78386
08/25/2020,Broome,12,1268,844,79230
08/26/2020,Broome,6,1274,1434,80664
08/27/2020,Broome,9,1283,902,81566
08/28/2020,Broome,3,1286,851,82417
08/29/2020,Broome,9,1295,4937,87354
08/30/2020,Broome,12,1307,1000,88354
08/31/2020,Broome,4,1311,482,88836
09/01/2020,Broome,4,1315,477,89313
09/02/2020,Broome,18,1333,809,90122
09/03/2020,Broome,9,1342,850,90972
09/04/2020,Broome,8,1350,2400,93372
09/05/2020,Broome,7,1357,873,94245
09/06/2020,Broome,8,1365,546,94791
09/07/2020,Broome,9,1374,644,95435
09/08/2020,Broome,4,1378,199,95634
09/09/2020,Broome,5,1383,572,96206
09/10/2020,Broome,12,1395,1248,97454
09/11/2020,Broome,15,1410,1875,99329
09/12/2020,Broome,8,1418,571,99900
09/13/2020,Broome,2,1420,720,100620
09/14/2020,Broome,3,1423,593,101213
09/15/2020,Broome,5,1428,514,101727
09/16/2020,Broome,9,1437,730,102457
09/17/2020,Broome,13,1450,1394,103851
09/18/2020,Broome,9,1459,1102,104953
09/19/2020,Broome,6,1465,2159,107112
09/20/2020,Broome,7,1472,502,107614
09/21/2020,Broome,4,1476,738,108352
09/22/2020,Broome,4,1480,850,109202
09/23/2020,Broome,16,1496,1356,110558
09/24/2020,Broome,17,1513,1327,111885
09/25/2020,Broome,37,1550,1510,113395
09/26/2020,Broome,22,1572,606,114001
09/27/2020,Broome,34,1606,690,114691
09/28/2020,Broome,36,1642,1175,115866
09/29/2020,Broome,31,1673,928,116794
09/30/2020,Broome,56,1729,1188,117982
10/01/2020,Broome,57,1786,1472,119454
10/02/2020,Broome,110,1896,2145,121599
10/03/2020,Broome,51,1947,1591,123190
10/04/2020,Broome,27,1974,865,124055
10/05/2020,Broome,52,2026,892,124947
10/06/2020,Broome,105,2131,1723,126670
10/07/2020,Broome,108,2239,2144,128814
10/08/2020,Broome,75,2314,2332,131146
10/09/2020,Broome,86,2400,1885,133031
10/10/2020,Broome,42,2442,1235,134266
10/11/2020,Broome,43,2485,1371,135637
10/12/2020,Broome,53,2538,1434,137071
10/13/2020,Broome,69,2607,1318,138389
10/14/2020,Broome,96,2703,3366,141755
10/15/2020,Broome,81,2784,2717,144472
10/16/2020,Broome,60,2844,2030,146502
10/17/2020,Broome,52,2896,1241,147743
10/18/2020,Broome,31,2927,1088,148831
10/19/2020,Broome,76,3003,1756,150587
10/20/2020,Broome,57,3060,1439,152026
10/21/2020,Broome,106,3166,2307,154333
10/22/2020,Broome,96,3262,2746,157079
10/23/2020,Broome,68,3330,2217,159296
10/24/2020,Broome,38,3368,1375,160671
10/25/2020,Broome,47,3415,1246,161917
10/26/2020,Broome,101,3516,2013,163930
10/27/2020,Broome,50,3566,1639,165569
10/28/2020,Broome,54,3620,1908,167477
10/29/2020,Broome,42,3662,2192,169669
10/30/2020,Broome,48,3710,2050,171719
10/31/2020,Broome,28,3738,1267,172986
11/01/2020,Broome,21,3759,850,173836
11/02/2020,Broome,30,3789,1500,175336
11/03/2020,Broome,46,3835,1166,176502
11/04/2020,Broome,49,3884,1707,178209
11/05/2020,Broome,43,3927,2293,180502
11/06/2020,Broome,55,3982,2430,182932
11/07/2020,Broome,21,4003,1307,184239
11/08/2020,Broome,29,4032,863,185102
11/09/2020,Broome,54,4086,1253,186355
11/10/2020,Broome,81,4167,2119,188474
11/11/2020,Broome,48,4215,1841,190315
11/12/2020,Broome,88,4303,3055,193370
11/13/2020,Broome,59,4362,2125,195495
11/14/2020,Broome,32,4394,988,196483
11/15/2020,Broome,37,4431,1030,197513
11/16/2020,Broome,38,4469,1302,198815
11/17/2020,Broome,76,4545,2432,201247
11/18/2020,Broome,75,4620,2157,203404
11/19/2020,Broome,68,4688,1697,205101
11/20/2020,Broome,104,4792,3228,208329
11/21/2020,Broome,67,4859,2477,210806
11/22/2020,Broome,68,4927,1555,212361
11/23/2020,Broome,56,4983,1614,213975
11/24/2020,Broome,71,5054,2168,216143
11/25/2020,Broome,89,5143,2889,219032
11/26/2020,Broome,58,5201,1606,220638
11/27/2020,Broome,33,5234,1053,221691
11/28/2020,Broome,74,5308,2116,223807
11/29/2020,Broome,59,5367,1080,224887
11/30/2020,Broome,81,5448,1376,226263
12/01/2020,Broome,103,5551,2123,228386
12/02/2020,Broome,106,5657,1538,229924
12/03/2020,Broome,111,5768,2223,232147
12/04/2020,Broome,107,5875,2245,234392
12/05/2020,Broome,71,5946,1685,236077
12/06/2020,Broome,57,6003,952,237029
12/07/2020,Broome,54,6057,955,237984
12/08/2020,Broome,103,6160,1797,239781
12/09/2020,Broome,78,6238,2012,241793
12/10/2020,Broome,68,6306,2076,243869
12/11/2020,Broome,84,6390,1953,245822
12/12/2020,Broome,70,6460,2195,248017
12/13/2020,Broome,72,6532,988,249005
12/14/2020,Broome,69,6601,1208,250213
12/15/2020,Broome,91,6692,1829,252042
12/16/2020,Broome,72,6764,2080,254122
12/17/2020,Broome,129,6893,1941,256063
12/18/2020,Broome,45,6938,979,257042
12/19/2020,Broome,66,7004,1253,258295
12/20/2020,Broome,79,7083,968,259263
12/21/2020,Broome,61,7144,609,259872
12/22/2020,Broome,174,7318,2094,261966
12/23/2020,Broome,111,7429,2028,263994
12/24/2020,Broome,111,7540,1957,265951
12/25/2020,Broome,76,7616,1447,267398
12/26/2020,Broome,47,7663,880,268278
12/27/2020,Broome,82,7745,1124,269402
12/28/2020,Broome,110,7855,941,270343
12/29/2020,Broome,149,8004,1428,271771
12/30/2020,Broome,153,8157,1960,273731
12/31/2020,Broome,144,8301,1793,275524
01/01/2021,Broome,186,8487,2247,277771
01/02/2021,Broome,114,8601,978,278749
01/03/2021,Broome,71,8672,759,279508
01/04/2021,Broome,116,8788,848,280356
01/05/2021,Broome,243,9031,2404,282760
01/06/2021,Broome,233,9264,2379,285139
01/07/2021,Broome,195,9459,2464,287603
01/08/2021,Broome,191,9650,1819,289422
01/09/2021,Broome,194,9844,2446,291868
01/10/2021,Broome,115,9959,1135,293003
01/11/2021,Broome,136,10095,1157,294160
01/12/2021,Broome,201,10296,2045,296205
01/13/2021,Broome,161,10457,2379,298584
01/14/2021,Broome,163,10620,2170,300754
01/15/2021,Broome,123,10743,2223,302977
01/16/2021,Broome,123,10866,1742,304719
01/17/2021,Broome,115,10981,1304,306023
01/18/2021,Broome,127,11108,1103,307126
01/19/2021,Broome,147,11255,1982,309108
01/20/2021,Broome,212,11467,2388,311496
01/21/2021,Broome,190,11657,2302,313798
01/22/2021,Broome,147,11804,2349,316147
01/23/2021,Broome,120,11924,1783,317930
01/24/2021,Broome,84,12008,1234,319164
01/25/2021,Broome,96,12104,1037,320201
01/26/2021,Broome,123,12227,2200,322401
01/27/2021,Broome,139,12366,2299,324700
01/28/2021,Broome,143,12509,1852,326552
01/29/2021,Broome,142,12651,1986,328538
01/30/2021,Broome,97,12748,2045,330583
01/31/2021,Broome,46,12794,927,331510
02/01/2021,Broome,37,12831,709,332219
02/02/2021,Broome,88,12919,1466,333685
02/03/2021,Broome,119,13038,1861,335546
02/04/2021,Broome,83,13121,1676,337222
02/05/2021,Broome,111,13232,2770,339992
02/06/2021,Broome,73,13305,2339,342331
02/07/2021,Broome,44,13349,1641,343972
02/08/2021,Broome,44,13393,1792,345764
02/09/2021,Broome,64,13457,2895,348659
02/10/2021,Broome,75,13532,3552,352211
02/11/2021,Broome,53,13585,2384,354595
02/12/2021,Broome,63,13648,2003,356598
02/13/2021,Broome,56,13704,1649,358247
02/14/2021,Broome,53,13757,829,359076
02/15/2021,Broome,46,13803,1143,360219
02/16/2021,Broome,66,13869,2317,362536
02/17/2021,Broome,98,13967,2401,364937
02/18/2021,Broome,84,14051,3611,368548
02/19/2021,Broome,94,14145,3831,372379
02/20/2021,Broome,83,14228,3671,376050
02/21/2021,Broome,37,14265,852,376902
02/22/2021,Broome,51,14316,1056,377958
02/23/2021,Broome,96,14412,2850,380808
02/24/2021,Broome,109,14521,4300,385108
02/25/2021,Broome,116,14637,3937,389045
02/26/2021,Broome,98,14735,3602,392647
02/27/2021,Broome,107,14842,3490,396137
02/28/2021,Broome,28,14870,750,396887
03/01/2021,Broome,43,14913,1232,398119
03/02/2021,Broome,115,15028,3719,401838
03/03/2021,Broome,141,15169,3957,405795
03/04/2021,Broome,107,15276,3093,408888
03/05/2021,Broome,108,15384,3954,412842
03/06/2021,Broome,77,15461,3086,415928
03/07/2021,Broome,36,15497,614,416542
03/08/2021,Broome,39,15536,1062,417604
03/09/2021,Broome,84,15620,3741,421345
03/10/2021,Broome,56,15676,3618,424963
03/11/2021,Broome,59,15735,3729,428692
03/12/2021,Broome,59,15794,4501,433193
03/13/2021,Broome,39,15833,2683,435876
03/14/2021,Broome,20,15853,609,436485
03/15/2021,Broome,30,15883,803,437288
03/16/2021,Broome,55,15938,4162,441450
03/17/2021,Broome,49,15987,3475,444925
03/18/2021,Broome,39,16026,3111,448036
03/19/2021,Broome,58,16084,3294,451330
03/20/2021,Broome,46,16130,2858,454188
03/21/2021,Broome,43,16173,814,455002
03/22/2021,Broome,38,16211,820,455822
03/23/2021,Broome,43,16254,3816,459638
03/24/2021,Broome,41,16295,3862,463500
03/25/2021,Broome,46,16341,3322,466822
03/26/2021,Broome,52,16393,3769,470591
03/27/2021,Broome,47,16440,3164,473755
03/28/2021,Broome,52,16492,726,474481
03/29/2021,Broome,38,16530,989,475470
03/30/2021,Broome,46,16576,4002,479472
03/31/2021,Broome,74,16650,3112,482584
04/01/2021,Broome,45,16695,3552,486136
04/02/2021,Broome,51,16746,3114,489250
04/03/2021,Broome,37,16783,2755,492005
04/04/2021,Broome,23,16806,529,492534
04/05/2021,Broome,36,16842,1205,493739
04/06/2021,Broome,39,16881,3260,496999
04/07/2021,Broome,29,16910,3226,500225
04/08/2021,Broome,47,16957,3701,503926
04/09/2021,Broome,50,17007,2994,506920
04/10/2021,Broome,47,17054,2554,509474
04/11/2021,Broome,44,17098,504,509978
04/12/2021,Broome,31,17129,811,510789
04/13/2021,Broome,46,17175,4120,514909
04/14/2021,Broome,64,17239,3362,518271
04/15/2021,Broome,54,17293,3524,521795
04/16/2021,Broome,67,17360,2931,524726
04/17/2021,Broome,57,17417,3024,527750
04/18/2021,Broome,38,17455,590,528340
04/19/2021,Broome,47,17502,713,529053
04/20/2021,Broome,57,17559,3754,532807
04/21/2021,Broome,51,17610,2591,535398
04/22/2021,Broome,50,17660,3141,538539
04/23/2021,Broome,60,17720,3425,541964
04/24/2021,Broome,38,17758,2646,544610
04/25/2021,Broome,29,17787,727,545337
04/26/2021,Broome,34,17821,887,546224
04/27/2021,Broome,44,17865,3204,549428
04/28/2021,Broome,45,17910,3315,552743
04/29/2021,Broome,36,17946,2817,555560
04/30/2021,Broome,29,17975,3031,558591
05/01/2021,Broome,22,17997,2607,561198
05/02/2021,Broome,23,18020,545,561743
05/03/2021,Broome,37,18057,924,562667
05/04/2021,Broome,24,18081,3246,565913
05/05/2021,Broome,24,18105,2950,568863
05/06/2021,Broome,22,18127,2501,571364
05/07/2021,Broome,51,18178,2839,574203
05/08/2021,Broome,39,18217,3120,577323
05/09/2021,Broome,26,18243,576,577899
05/10/2021,Broome,15,18258,960,578859
05/11/2021,Broome,17,18275,2838,581697
05/12/2021,Broome,25,18300,2713,584410
05/13/2021,Broome,28,18328,2587,586997
05/14/2021,Broome,16,18344,3001,589998
05/15/2021,Broome,23,18367,2345,592343
05/16/2021,Broome,14,18381,1062,593405
05/17/2021,Broome,7,18388,826,594231
05/18/2021,Broome,18,18406,1857,596088
05/19/2021,Broome,23,18429,1811,597899
05/20/2021,Broome,27,18456,1287,599186
05/21/2021,Broome,7,18463,2848,602034
05/22/2021,Broome,19,18482,1889,603923
05/23/2021,Broome,10,18492,401,604324
05/24/2021,Broome,7,18499,565,604889
05/25/2021,Broome,9,18508,1895,606784
05/26/2021,Broome,17,18525,1827,608611
05/27/2021,Broome,14,18539,1614,610225
05/28/2021,Broome,3,18542,1578,611803
05/29/2021,Broome,6,18548,1167,612970
05/30/2021,Broome,2,18550,425,613395
05/31/2021,Broome,4,18554,362,613757
06/01/2021,Broome,3,18557,582,614339
06/02/2021,Broome,9,18566,1897,616236
06/03/2021,Broome,17,18583,1479,617715
06/04/2021,Broome,10,18593,1363,619078
06/05/2021,Broome,2,18595,991,620069
06/06/2021,Broome,4,18599,397,620466
06/07/2021,Broome,1,18600,423,620889
06/08/2021,Broome,0,18600,1500,622389
06/09/2021,Broome,3,18603,1142,623531
06/10/2021,Broome,4,18607,1259,624790
06/11/2021,Broome,5,18612,1306,626096
06/12/2021,Broome,4,18616,906,627002
06/13/2021,Broome,3,18619,320,627322
06/14/2021,Broome,4,18623,719,628041
06/15/2021,Broome,2,18625,1243,629284
06/16/2021,Broome,1,18626,1111,630395
06/17/2021,Broome,4,18630,928,631323
06/18/2021,Broome,3,18633,870,632193
06/19/2021,Broome,3,18636,641,632834
06/20/2021,Broome,1,18637,364,633198
06/21/2021,Broome,1,18638,339,633537
06/22/2021,Broome,3,18641,824,634361
06/23/2021,Broome,2,18643,1137,635498
06/24/2021,Broome,4,18647,611,636109
06/25/2021,Broome,1,18648,594,636703
06/26/2021,Broome,2,18650,559,637262
06/27/2021,Broome,2,18652,294,637556
06/28/2021,Broome,0,18652,673,638229
06/29/2021,Broome,3,18655,755,638984
06/30/2021,Broome,1,18656,810,639794
07/01/2021,Broome,3,18659,696,640490
07/02/2021,Broome,0,18659,323,640813
07/03/2021,Broome,1,18660,477,641290
07/04/2021,Broome,9,18669,467,641757
07/05/2021,Broome,0,18669,218,641975
07/06/2021,Broome,0,18669,482,642457
07/07/2021,Broome,2,18671,862,643319
07/08/2021,Broome,5,18676,770,644089
07/09/2021,Broome,2,18678,465,644554
07/10/2021,Broome,3,18681,433,644987
07/11/2021,Broome,1,18682,278,645265
07/12/2021,Broome,4,18686,323,645588
07/13/2021,Broome,4,18690,855,646443
07/14/2021,Broome,3,18693,664,647107
07/15/2021,Broome,2,18695,445,647552
07/16/2021,Broome,7,18702,630,648182
07/17/2021,Broome,4,18706,573,648755
07/18/2021,Broome,4,18710,254,649009
07/19/2021,Broome,5,18715,466,649475
07/20/2021,Broome,3,18718,521,649996
07/21/2021,Broome,6,18724,752,650748
07/22/2021,Broome,6,18730,549,651297
07/23/2021,Broome,14,18744,616,651913
07/24/2021,Broome,7,18751,417,652330
07/25/2021,Broome,4,18755,247,652577
07/26/2021,Broome,9,18764,292,652869
07/27/2021,Broome,5,18769,416,653285
07/28/2021,Broome,7,18776,816,654101
07/29/2021,Broome,13,18789,757,654858
07/30/2021,Broome,11,18800,707,655565
07/31/2021,Broome,14,18814,499,656064
08/01/2021,Broome,13,18827,427,656491
08/02/2021,Broome,23,18850,407,656898
08/03/2021,Broome,32,18882,1371,658269
08/04/2021,Broome,19,18901,1441,659710
08/05/2021,Broome,28,18929,1167,660877
08/06/2021,Broome,34,18963,939,661816
08/07/2021,Broome,31,18994,619,662435
08/08/2021,Broome,26,19020,414,662849
08/09/2021,Broome,27,19047,663,663512
08/10/2021,Broome,27,19074,966,664478
08/11/2021,Broome,42,19116,1477,665955
08/12/2021,Broome,64,19180,1418,667373
08/13/2021,Broome,46,19226,1137,668510
08/14/2021,Broome,28,19254,692,669202
08/15/2021,Broome,31,19285,463,669665
08/16/2021,Broome,37,19322,497,670162
08/17/2021,Broome,43,19365,1170,671332
08/18/2021,Broome,49,19414,1106,672438
08/19/2021,Broome,23,19437,1310,673748
08/20/2021,Broome,43,19480,1365,675113
08/21/2021,Broome,43,19523,1076,676189
08/22/2021,Broome,37,19560,474,676663
08/23/2021,Broome,37,19597,704,677367
08/24/2021,Broome,70,19667,1579,678946
08/25/2021,Broome,59,19726,1353,680299
08/26/2021,Broome,83,19809,1332,681631
08/27/2021,Broome,72,19881,1531,683162
08/28/2021,Broome,56,19937,1341,684503
08/29/2021,Broome,54,19991,549,685052
08/30/2021,Broome,50,20041,963,686015
08/31/2021,Broome,68,20109,1926,687941
09/01/2021,Broome,92,20201,1554,689495
09/02/2021,Broome,111,20312,1990,691485
09/03/2021,Broome,94,20406,1630,693115
09/04/2021,Broome,65,20471,1355,694470
09/05/2021,Broome,54,20525,598,695068
09/06/2021,Broome,35,20560,595,695663
09/07/2021,Broome,58,20618,824,696487
09/08/2021,Broome,84,20702,1457,697944
09/09/2021,Broome,106,20808,1913,699857
09/10/2021,Broome,75,20883,1760,701617
09/11/2021,Broome,78,20961,1529,703146
09/12/2021,Broome,59,21020,611,703757
09/13/2021,Broome,61,21081,1354,705111
09/14/2021,Broome,97,21178,1869,706980
09/15/2021,Broome,91,21269,2051,709031
09/16/2021,Broome,100,21369,2657,711688
09/17/2021,Broome,117,21486,2408,714096
09/18/2021,Broome,71,21557,1489,715585
09/19/2021,Broome,49,21606,666,716251
09/20/2021,Broome,58,21664,797,717048
09/21/2021,Broome,109,21773,1871,718919
09/22/2021,Broome,125,21898,2453,721372
09/23/2021,Broome,90,21988,2056,723428
09/24/2021,Broome,114,22102,2346,725774
09/25/2021,Broome,98,22200,1960,727734
09/26/2021,Broome,63,22263,724,728458
09/27/2021,Broome,72,22335,964,729422
09/28/2021,Broome,101,22436,2373,731795
09/29/2021,Broome,81,22517,2155,733950
09/30/2021,Broome,94,22611,2345,736295
10/01/2021,Broome,91,22702,2601,738896
10/02/2021,Broome,78,22780,2077,740973
10/03/2021,Broome,67,22847,732,741705
10/04/2021,Broome,53,22900,909,742614
10/05/2021,Broome,94,22994,2269,744883
10/06/2021,Broome,114,23108,2252,747135
10/07/2021,Broome,105,23213,1894,749029
10/08/2021,Broome,121,23334,2029,751058
10/09/2021,Broome,38,23372,1545,752603
10/10/2021,Broome,100,23472,977,753580
10/11/2021,Broome,71,23543,801,754381
10/12/2021,Broome,126,23669,1869,756250
10/13/2021,Broome,119,23788,2174,758424
10/14/2021,Broome,115,23903,2090,760514
10/15/2021,Broome,123,24026,2623,763137
10/16/2021,Broome,95,24121,1843,764980
10/17/2021,Broome,62,24183,653,765633
10/18/2021,Broome,50,24233,746,766379
10/19/2021,Broome,120,24353,2192,768571
10/20/2021,Broome,98,24451,1888,770459
10/21/2021,Broome,101,24552,1921,772380
10/22/2021,Broome,105,24657,2162,774542
10/23/2021,Broome,72,24729,1645,776187
03/01/2020,Cattaraugus,0,0,0,0
03/02/2020,Cattaraugus,0,0,0,0
03/03/2020,Cattaraugus,0,0,0,0
03/04/2020,Cattaraugus,0,0,0,0
03/05/2020,Cattaraugus,0,0,0,0
03/06/2020,Cattaraugus,0,0,0,0
03/07/2020,Cattaraugus,0,0,0,0
03/08/2020,Cattaraugus,0,0,0,0
03/09/2020,Cattaraugus,0,0,0,0
03/10/2020,Cattaraugus,0,0,0,0
03/11/2020,Cattaraugus,0,0,0,0
03/12/2020,Cattaraugus,0,0,2,2
03/13/2020,Cattaraugus,0,0,2,4
03/14/2020,Cattaraugus,0,0,1,5
03/15/2020,Cattaraugus,0,0,2,7
03/16/2020,Cattaraugus,0,0,0,7
03/17/2020,Cattaraugus,0,0,0,7
03/18/2020,Cattaraugus,0,0,5,12
03/19/2020,Cattaraugus,0,0,2,14
03/20/2020,Cattaraugus,0,0,10,24
03/21/2020,Cattaraugus,0,0,23,47
03/22/2020,Cattaraugus,0,0,14,61
03/23/2020,Cattaraugus,0,0,12,73
03/24/2020,Cattaraugus,0,0,3,76
03/25/2020,Cattaraugus,0,0,12,88
03/26/2020,Cattaraugus,0,0,13,101
03/27/2020,Cattaraugus,1,1,25,126
03/28/2020,Cattaraugus,3,4,13,139
03/29/2020,Cattaraugus,2,6,7,146
03/30/2020,Cattaraugus,0,6,5,151
03/31/2020,Cattaraugus,1,7,12,163
04/01/2020,Cattaraugus,1,8,28,191
04/02/2020,Cattaraugus,1,9,24,215
04/03/2020,Cattaraugus,0,9,8,223
04/04/2020,Cattaraugus,1,10,12,235
04/05/2020,Cattaraugus,2,12,16,251
04/06/2020,Cattaraugus,1,13,14,265
04/07/2020,Cattaraugus,2,15,19,284
04/08/2020,Cattaraugus,2,17,15,299
04/09/2020,Cattaraugus,1,18,26,325
04/10/2020,Cattaraugus,1,19,7,332
04/11/2020,Cattaraugus,9,28,32,364
04/12/2020,Cattaraugus,0,28,6,370
04/13/2020,Cattaraugus,4,32,13,383
04/14/2020,Cattaraugus,0,32,11,394
04/15/2020,Cattaraugus,0,32,14,408
04/16/2020,Cattaraugus,2,34,31,439
04/17/2020,Cattaraugus,0,34,15,454
04/18/2020,Cattaraugus,0,34,17,471
04/19/2020,Cattaraugus,0,34,1,472
04/20/2020,Cattaraugus,1,35,8,480
04/21/2020,Cattaraugus,2,37,34,514
04/22/2020,Cattaraugus,0,37,40,554
04/23/2020,Cattaraugus,2,39,32,586
04/24/2020,Cattaraugus,6,45,102,688
04/25/2020,Cattaraugus,0,45,24,712
04/26/2020,Cattaraugus,0,45,21,733
04/27/2020,Cattaraugus,0,45,15,748
04/28/2020,Cattaraugus,2,47,76,824
04/29/2020,Cattaraugus,0,47,85,909
04/30/2020,Cattaraugus,2,49,78,987
05/01/2020,Cattaraugus,1,50,80,1067
05/02/2020,Cattaraugus,3,53,54,1121
05/03/2020,Cattaraugus,0,53,7,1128
05/04/2020,Cattaraugus,0,53,14,1142
05/05/2020,Cattaraugus,1,54,47,1189
05/06/2020,Cattaraugus,5,59,65,1254
05/07/2020,Cattaraugus,0,59,36,1290
05/08/2020,Cattaraugus,1,60,54,1344
05/09/2020,Cattaraugus,0,60,21,1365
05/10/2020,Cattaraugus,1,61,103,1468
05/11/2020,Cattaraugus,0,61,29,1497
05/12/2020,Cattaraugus,0,61,77,1574
05/13/2020,Cattaraugus,3,64,134,1708
05/14/2020,Cattaraugus,0,64,173,1881
05/15/2020,Cattaraugus,1,65,186,2067
05/16/2020,Cattaraugus,0,65,142,2209
05/17/2020,Cattaraugus,2,67,207,2416
05/18/2020,Cattaraugus,2,69,24,2440
05/19/2020,Cattaraugus,1,70,152,2592
05/20/2020,Cattaraugus,1,71,186,2778
05/21/2020,Cattaraugus,3,74,125,2903
05/22/2020,Cattaraugus,4,78,176,3079
05/23/2020,Cattaraugus,0,78,172,3251
05/24/2020,Cattaraugus,3,81,311,3562
05/25/2020,Cattaraugus,0,81,136,3698
05/26/2020,Cattaraugus,1,82,162,3860
05/27/2020,Cattaraugus,3,85,286,4146
05/28/2020,Cattaraugus,1,86,147,4293
05/29/2020,Cattaraugus,1,87,189,4482
05/30/2020,Cattaraugus,1,88,183,4665
05/31/2020,Cattaraugus,1,89,215,4880
06/01/2020,Cattaraugus,0,89,333,5213
06/02/2020,Cattaraugus,1,90,375,5588
06/03/2020,Cattaraugus,1,91,290,5878
06/04/2020,Cattaraugus,1,92,304,6182
06/05/2020,Cattaraugus,0,92,416,6598
06/06/2020,Cattaraugus,2,94,193,6791
06/07/2020,Cattaraugus,1,95,245,7036
06/08/2020,Cattaraugus,0,95,183,7219
06/09/2020,Cattaraugus,1,96,205,7424
06/10/2020,Cattaraugus,2,98,258,7682
06/11/2020,Cattaraugus,3,101,282,7964
06/12/2020,Cattaraugus,0,101,341,8305
06/13/2020,Cattaraugus,3,104,272,8577
06/14/2020,Cattaraugus,2,106,155,8732
06/15/2020,Cattaraugus,1,107,393,9125
06/16/2020,Cattaraugus,2,109,202,9327
06/17/2020,Cattaraugus,0,109,219,9546
06/18/2020,Cattaraugus,0,109,335,9881
06/19/2020,Cattaraugus,4,113,325,10206
06/20/2020,Cattaraugus,2,115,377,10583
06/21/2020,Cattaraugus,0,115,252,10835
06/22/2020,Cattaraugus,3,118,220,11055
06/23/2020,Cattaraugus,2,120,210,11265
06/24/2020,Cattaraugus,1,121,316,11581
06/25/2020,Cattaraugus,2,123,149,11730
06/26/2020,Cattaraugus,0,123,389,12119
06/27/2020,Cattaraugus,0,123,107,12226
06/28/2020,Cattaraugus,0,123,191,12417
06/29/2020,Cattaraugus,0,123,120,12537
06/30/2020,Cattaraugus,0,123,163,12700
07/01/2020,Cattaraugus,1,124,173,12873
07/02/2020,Cattaraugus,0,124,313,13186
07/03/2020,Cattaraugus,3,127,460,13646
07/04/2020,Cattaraugus,0,127,202,13848
07/05/2020,Cattaraugus,1,128,249,14097
07/06/2020,Cattaraugus,0,128,129,14226
07/07/2020,Cattaraugus,2,130,119,14345
07/08/2020,Cattaraugus,1,131,210,14555
07/09/2020,Cattaraugus,3,134,421,14976
07/10/2020,Cattaraugus,4,138,345,15321
07/11/2020,Cattaraugus,0,138,122,15443
07/12/2020,Cattaraugus,0,138,105,15548
07/13/2020,Cattaraugus,1,139,288,15836
07/14/2020,Cattaraugus,2,141,178,16014
07/15/2020,Cattaraugus,1,142,294,16308
07/16/2020,Cattaraugus,3,145,381,16689
07/17/2020,Cattaraugus,0,145,207,16896
07/18/2020,Cattaraugus,0,145,103,16999
07/19/2020,Cattaraugus,0,145,56,17055
07/20/2020,Cattaraugus,2,147,359,17414
07/21/2020,Cattaraugus,0,147,253,17667
07/22/2020,Cattaraugus,1,148,146,17813
07/23/2020,Cattaraugus,2,150,180,17993
07/24/2020,Cattaraugus,0,150,340,18333
07/25/2020,Cattaraugus,1,151,104,18437
07/26/2020,Cattaraugus,2,153,229,18666
07/27/2020,Cattaraugus,0,153,182,18848
07/28/2020,Cattaraugus,4,157,176,19024
07/29/2020,Cattaraugus,0,157,239,19263
07/30/2020,Cattaraugus,1,158,254,19517
07/31/2020,Cattaraugus,0,158,217,19734
08/01/2020,Cattaraugus,1,159,229,19963
08/02/2020,Cattaraugus,3,162,146,20109
08/03/2020,Cattaraugus,2,164,190,20299
08/04/2020,Cattaraugus,0,164,379,20678
08/05/2020,Cattaraugus,0,164,325,21003
08/06/2020,Cattaraugus,0,164,277,21280
08/07/2020,Cattaraugus,1,165,217,21497
08/08/2020,Cattaraugus,0,165,165,21662
08/09/2020,Cattaraugus,1,166,174,21836
08/10/2020,Cattaraugus,2,168,282,22118
08/11/2020,Cattaraugus,0,168,192,22310
08/12/2020,Cattaraugus,1,169,238,22548
08/13/2020,Cattaraugus,0,169,281,22829
08/14/2020,Cattaraugus,1,170,283,23112
08/15/2020,Cattaraugus,1,171,397,23509
08/16/2020,Cattaraugus,0,171,113,23622
08/17/2020,Cattaraugus,1,172,276,23898
08/18/2020,Cattaraugus,1,173,356,24254
08/19/2020,Cattaraugus,1,174,354,24608
08/20/2020,Cattaraugus,0,174,375,24983
08/21/2020,Cattaraugus,4,178,145,25128
08/22/2020,Cattaraugus,2,180,299,25427
08/23/2020,Cattaraugus,2,182,150,25577
08/24/2020,Cattaraugus,2,184,264,25841
08/25/2020,Cattaraugus,1,185,176,26017
08/26/2020,Cattaraugus,3,188,314,26331
08/27/2020,Cattaraugus,9,197,291,26622
08/28/2020,Cattaraugus,0,197,231,26853
08/29/2020,Cattaraugus,4,201,334,27187
08/30/2020,Cattaraugus,4,205,283,27470
08/31/2020,Cattaraugus,1,206,320,27790
09/01/2020,Cattaraugus,10,216,242,28032
09/02/2020,Cattaraugus,6,222,276,28308
09/03/2020,Cattaraugus,1,223,320,28628
09/04/2020,Cattaraugus,4,227,459,29087
09/05/2020,Cattaraugus,2,229,214,29301
09/06/2020,Cattaraugus,1,230,133,29434
09/07/2020,Cattaraugus,3,233,372,29806
09/08/2020,Cattaraugus,1,234,162,29968
09/09/2020,Cattaraugus,2,236,200,30168
09/10/2020,Cattaraugus,3,239,248,30416
09/11/2020,Cattaraugus,0,239,486,30902
09/12/2020,Cattaraugus,2,241,258,31160
09/13/2020,Cattaraugus,1,242,230,31390
09/14/2020,Cattaraugus,0,242,244,31634
09/15/2020,Cattaraugus,3,245,137,31771
09/16/2020,Cattaraugus,3,248,255,32026
09/17/2020,Cattaraugus,1,249,247,32273
09/18/2020,Cattaraugus,4,253,290,32563
09/19/2020,Cattaraugus,1,254,335,32898
09/20/2020,Cattaraugus,1,255,160,33058
09/21/2020,Cattaraugus,0,255,226,33284
09/22/2020,Cattaraugus,3,258,196,33480
09/23/2020,Cattaraugus,0,258,298,33778
09/24/2020,Cattaraugus,0,258,404,34182
09/25/2020,Cattaraugus,1,259,392,34574
09/26/2020,Cattaraugus,1,260,300,34874
09/27/2020,Cattaraugus,0,260,120,34994
09/28/2020,Cattaraugus,11,271,295,35289
09/29/2020,Cattaraugus,5,276,141,35430
09/30/2020,Cattaraugus,3,279,298,35728
10/01/2020,Cattaraugus,11,290,233,35961
10/02/2020,Cattaraugus,12,302,657,36618
10/03/2020,Cattaraugus,1,303,419,37037
10/04/2020,Cattaraugus,4,307,188,37225
10/05/2020,Cattaraugus,4,311,321,37546
10/06/2020,Cattaraugus,5,316,238,37784
10/07/2020,Cattaraugus,11,327,413,38197
10/08/2020,Cattaraugus,16,343,330,38527
10/09/2020,Cattaraugus,12,355,396,38923
10/10/2020,Cattaraugus,3,358,265,39188
10/11/2020,Cattaraugus,4,362,331,39519
10/12/2020,Cattaraugus,2,364,263,39782
10/13/2020,Cattaraugus,3,367,300,40082
10/14/2020,Cattaraugus,16,383,427,40509
10/15/2020,Cattaraugus,10,393,456,40965
10/16/2020,Cattaraugus,6,399,445,41410
10/17/2020,Cattaraugus,4,403,284,41694
10/18/2020,Cattaraugus,3,406,390,42084
10/19/2020,Cattaraugus,11,417,333,42417
10/20/2020,Cattaraugus,17,434,410,42827
10/21/2020,Cattaraugus,8,442,473,43300
10/22/2020,Cattaraugus,5,447,709,44009
10/23/2020,Cattaraugus,8,455,417,44426
10/24/2020,Cattaraugus,6,461,491,44917
10/25/2020,Cattaraugus,1,462,328,45245
10/26/2020,Cattaraugus,8,470,229,45474
10/27/2020,Cattaraugus,32,502,340,45814
10/28/2020,Cattaraugus,15,517,491,46305
10/29/2020,Cattaraugus,10,527,470,46775
10/30/2020,Cattaraugus,9,536,385,47160
10/31/2020,Cattaraugus,13,549,464,47624
11/01/2020,Cattaraugus,1,550,181,47805
11/02/2020,Cattaraugus,12,562,445,48250
11/03/2020,Cattaraugus,6,568,422,48672
11/04/2020,Cattaraugus,14,582,595,49267
11/05/2020,Cattaraugus,9,591,509,49776
11/06/2020,Cattaraugus,8,599,389,50165
11/07/2020,Cattaraugus,6,605,429,50594
11/08/2020,Cattaraugus,6,611,277,50871
11/09/2020,Cattaraugus,7,618,399,51270
11/10/2020,Cattaraugus,9,627,572,51842
11/11/2020,Cattaraugus,15,642,518,52360
11/12/2020,Cattaraugus,19,661,467,52827
11/13/2020,Cattaraugus,14,675,391,53218
11/14/2020,Cattaraugus,3,678,240,53458
11/15/2020,Cattaraugus,5,683,307,53765
11/16/2020,Cattaraugus,12,695,313,54078
11/17/2020,Cattaraugus,44,739,440,54518
11/18/2020,Cattaraugus,41,780,695,55213
11/19/2020,Cattaraugus,29,809,408,55621
11/20/2020,Cattaraugus,33,842,440,56061
11/21/2020,Cattaraugus,35,877,481,56542
11/22/2020,Cattaraugus,24,901,423,56965
11/23/2020,Cattaraugus,18,919,303,57268
11/24/2020,Cattaraugus,37,956,577,57845
11/25/2020,Cattaraugus,41,997,746,58591
11/26/2020,Cattaraugus,61,1058,686,59277
11/27/2020,Cattaraugus,17,1075,401,59678
11/28/2020,Cattaraugus,39,1114,581,60259
11/29/2020,Cattaraugus,21,1135,315,60574
11/30/2020,Cattaraugus,29,1164,550,61124
12/01/2020,Cattaraugus,35,1199,592,61716
12/02/2020,Cattaraugus,53,1252,608,62324
12/03/2020,Cattaraugus,39,1291,698,63022
12/04/2020,Cattaraugus,83,1374,839,63861
12/05/2020,Cattaraugus,38,1412,741,64602
12/06/2020,Cattaraugus,27,1439,257,64859
12/07/2020,Cattaraugus,31,1470,429,65288
12/08/2020,Cattaraugus,44,1514,595,65883
12/09/2020,Cattaraugus,80,1594,694,66577
12/10/2020,Cattaraugus,90,1684,854,67431
12/11/2020,Cattaraugus,38,1722,694,68125
12/12/2020,Cattaraugus,40,1762,694,68819
12/13/2020,Cattaraugus,21,1783,321,69140
12/14/2020,Cattaraugus,34,1817,426,69566
12/15/2020,Cattaraugus,51,1868,588,70154
12/16/2020,Cattaraugus,37,1905,704,70858
12/17/2020,Cattaraugus,71,1976,833,71691
12/18/2020,Cattaraugus,35,2011,553,72244
12/19/2020,Cattaraugus,26,2037,591,72835
12/20/2020,Cattaraugus,18,2055,295,73130
12/21/2020,Cattaraugus,53,2108,527,73657
12/22/2020,Cattaraugus,25,2133,480,74137
12/23/2020,Cattaraugus,34,2167,535,74672
12/24/2020,Cattaraugus,61,2228,822,75494
12/25/2020,Cattaraugus,46,2274,541,76035
12/26/2020,Cattaraugus,15,2289,220,76255
12/27/2020,Cattaraugus,48,2337,260,76515
12/28/2020,Cattaraugus,35,2372,300,76815
12/29/2020,Cattaraugus,65,2437,474,77289
12/30/2020,Cattaraugus,61,2498,729,78018
12/31/2020,Cattaraugus,87,2585,846,78864
01/01/2021,Cattaraugus,45,2630,778,79642
01/02/2021,Cattaraugus,37,2667,306,79948
01/03/2021,Cattaraugus,32,2699,283,80231
01/04/2021,Cattaraugus,38,2737,242,80473
01/05/2021,Cattaraugus,58,2795,598,81071
01/06/2021,Cattaraugus,41,2836,503,81574
01/07/2021,Cattaraugus,89,2925,814,82388
01/08/2021,Cattaraugus,58,2983,930,83318
01/09/2021,Cattaraugus,57,3040,516,83834
01/10/2021,Cattaraugus,32,3072,430,84264
01/11/2021,Cattaraugus,39,3111,537,84801
01/12/2021,Cattaraugus,45,3156,618,85419
01/13/2021,Cattaraugus,43,3199,501,85920
01/14/2021,Cattaraugus,54,3253,938,86858
01/15/2021,Cattaraugus,55,3308,819,87677
01/16/2021,Cattaraugus,36,3344,647,88324
01/17/2021,Cattaraugus,29,3373,401,88725
01/18/2021,Cattaraugus,27,3400,328,89053
01/19/2021,Cattaraugus,27,3427,653,89706
01/20/2021,Cattaraugus,35,3462,519,90225
01/21/2021,Cattaraugus,66,3528,668,90893
01/22/2021,Cattaraugus,53,3581,803,91696
01/23/2021,Cattaraugus,26,3607,676,92372
01/24/2021,Cattaraugus,16,3623,316,92688
01/25/2021,Cattaraugus,19,3642,395,93083
01/26/2021,Cattaraugus,35,3677,698,93781
01/27/2021,Cattaraugus,36,3713,1021,94802
01/28/2021,Cattaraugus,27,3740,862,95664
01/29/2021,Cattaraugus,18,3758,713,96377
01/30/2021,Cattaraugus,39,3797,761,97138
01/31/2021,Cattaraugus,12,3809,207,97345
02/01/2021,Cattaraugus,14,3823,365,97710
02/02/2021,Cattaraugus,20,3843,465,98175
02/03/2021,Cattaraugus,38,3881,840,99015
02/04/2021,Cattaraugus,47,3928,782,99797
02/05/2021,Cattaraugus,29,3957,619,100416
02/06/2021,Cattaraugus,28,3985,726,101142
02/07/2021,Cattaraugus,19,4004,276,101418
02/08/2021,Cattaraugus,8,4012,233,101651
02/09/2021,Cattaraugus,34,4046,557,102208
02/10/2021,Cattaraugus,29,4075,1008,103216
02/11/2021,Cattaraugus,31,4106,770,103986
02/12/2021,Cattaraugus,27,4133,550,104536
02/13/2021,Cattaraugus,28,4161,670,105206
02/14/2021,Cattaraugus,8,4169,213,105419
02/15/2021,Cattaraugus,16,4185,298,105717
02/16/2021,Cattaraugus,18,4203,549,106266
02/17/2021,Cattaraugus,25,4228,960,107226
02/18/2021,Cattaraugus,22,4250,630,107856
02/19/2021,Cattaraugus,19,4269,784,108640
02/20/2021,Cattaraugus,12,4281,331,108971
02/21/2021,Cattaraugus,9,4290,214,109185
02/22/2021,Cattaraugus,22,4312,470,109655
02/23/2021,Cattaraugus,12,4324,942,110597
02/24/2021,Cattaraugus,27,4351,719,111316
02/25/2021,Cattaraugus,12,4363,597,111913
02/26/2021,Cattaraugus,24,4387,634,112547
02/27/2021,Cattaraugus,24,4411,595,113142
02/28/2021,Cattaraugus,9,4420,188,113330
03/01/2021,Cattaraugus,13,4433,247,113577
03/02/2021,Cattaraugus,15,4448,1185,114762
03/03/2021,Cattaraugus,10,4458,629,115391
03/04/2021,Cattaraugus,16,4474,698,116089
03/05/2021,Cattaraugus,15,4489,580,116669
03/06/2021,Cattaraugus,10,4499,445,117114
03/07/2021,Cattaraugus,1,4500,213,117327
03/08/2021,Cattaraugus,7,4507,336,117663
03/09/2021,Cattaraugus,11,4518,527,118190
03/10/2021,Cattaraugus,10,4528,808,118998
03/11/2021,Cattaraugus,20,4548,521,119519
03/12/2021,Cattaraugus,4,4552,465,119984
03/13/2021,Cattaraugus,10,4562,281,120265
03/14/2021,Cattaraugus,13,4575,264,120529
03/15/2021,Cattaraugus,14,4589,349,120878
03/16/2021,Cattaraugus,18,4607,618,121496
03/17/2021,Cattaraugus,16,4623,725,122221
03/18/2021,Cattaraugus,3,4626,514,122735
03/19/2021,Cattaraugus,13,4639,474,123209
03/20/2021,Cattaraugus,10,4649,508,123717
03/21/2021,Cattaraugus,5,4654,229,123946
03/22/2021,Cattaraugus,15,4669,263,124209
03/23/2021,Cattaraugus,14,4683,884,125093
03/24/2021,Cattaraugus,16,4699,559,125652
03/25/2021,Cattaraugus,13,4712,533,126185
03/26/2021,Cattaraugus,22,4734,648,126833
03/27/2021,Cattaraugus,12,4746,612,127445
03/28/2021,Cattaraugus,15,4761,348,127793
03/29/2021,Cattaraugus,31,4792,355,128148
03/30/2021,Cattaraugus,21,4813,731,128879
03/31/2021,Cattaraugus,14,4827,988,129867
04/01/2021,Cattaraugus,18,4845,645,130512
04/02/2021,Cattaraugus,16,4861,493,131005
04/03/2021,Cattaraugus,16,4877,606,131611
04/04/2021,Cattaraugus,20,4897,247,131858
04/05/2021,Cattaraugus,6,4903,250,132108
04/06/2021,Cattaraugus,20,4923,463,132571
04/07/2021,Cattaraugus,22,4945,828,133399
04/08/2021,Cattaraugus,21,4966,706,134105
04/09/2021,Cattaraugus,19,4985,537,134642
04/10/2021,Cattaraugus,17,5002,658,135300
04/11/2021,Cattaraugus,13,5015,179,135479
04/12/2021,Cattaraugus,22,5037,267,135746
04/13/2021,Cattaraugus,31,5068,1067,136813
04/14/2021,Cattaraugus,30,5098,564,137377
04/15/2021,Cattaraugus,13,5111,480,137857
04/16/2021,Cattaraugus,37,5148,583,138440
04/17/2021,Cattaraugus,21,5169,535,138975
04/18/2021,Cattaraugus,11,5180,245,139220
04/19/2021,Cattaraugus,14,5194,208,139428
04/20/2021,Cattaraugus,19,5213,726,140154
04/21/2021,Cattaraugus,18,5231,572,140726
04/22/2021,Cattaraugus,13,5244,708,141434
04/23/2021,Cattaraugus,16,5260,546,141980
04/24/2021,Cattaraugus,10,5270,605,142585
04/25/2021,Cattaraugus,11,5281,210,142795
04/26/2021,Cattaraugus,12,5293,209,143004
04/27/2021,Cattaraugus,21,5314,1026,144030
04/28/2021,Cattaraugus,25,5339,609,144639
04/29/2021,Cattaraugus,35,5374,589,145228
04/30/2021,Cattaraugus,25,5399,810,146038
05/01/2021,Cattaraugus,12,5411,419,146457
05/02/2021,Cattaraugus,11,5422,217,146674
05/03/2021,Cattaraugus,11,5433,343,147017
05/04/2021,Cattaraugus,11,5444,583,147600
05/05/2021,Cattaraugus,16,5460,435,148035
05/06/2021,Cattaraugus,5,5465,425,148460
05/07/2021,Cattaraugus,31,5496,703,149163
05/08/2021,Cattaraugus,13,5509,372,149535
05/09/2021,Cattaraugus,7,5516,166,149701
05/10/2021,Cattaraugus,10,5526,228,149929
05/11/2021,Cattaraugus,13,5539,875,150804
05/12/2021,Cattaraugus,20,5559,649,151453
05/13/2021,Cattaraugus,15,5574,503,151956
05/14/2021,Cattaraugus,26,5600,698,152654
05/15/2021,Cattaraugus,12,5612,410,153064
05/16/2021,Cattaraugus,8,5620,166,153230
05/17/2021,Cattaraugus,5,5625,217,153447
05/18/2021,Cattaraugus,18,5643,494,153941
05/19/2021,Cattaraugus,10,5653,416,154357
05/20/2021,Cattaraugus,12,5665,591,154948
05/21/2021,Cattaraugus,3,5668,555,155503
05/22/2021,Cattaraugus,0,5668,292,155795
05/23/2021,Cattaraugus,3,5671,232,156027
05/24/2021,Cattaraugus,1,5672,137,156164
05/25/2021,Cattaraugus,6,5678,570,156734
05/26/2021,Cattaraugus,6,5684,436,157170
05/27/2021,Cattaraugus,2,5686,323,157493
05/28/2021,Cattaraugus,8,5694,436,157929
05/29/2021,Cattaraugus,8,5702,400,158329
05/30/2021,Cattaraugus,0,5702,96,158425
05/31/2021,Cattaraugus,0,5702,147,158572
06/01/2021,Cattaraugus,5,5707,278,158850
06/02/2021,Cattaraugus,2,5709,491,159341
06/03/2021,Cattaraugus,3,5712,412,159753
06/04/2021,Cattaraugus,3,5715,578,160331
06/05/2021,Cattaraugus,1,5716,257,160588
06/06/2021,Cattaraugus,0,5716,126,160714
06/07/2021,Cattaraugus,0,5716,221,160935
06/08/2021,Cattaraugus,1,5717,583,161518
06/09/2021,Cattaraugus,1,5718,316,161834
06/10/2021,Cattaraugus,0,5718,307,162141
06/11/2021,Cattaraugus,1,5719,384,162525
06/12/2021,Cattaraugus,1,5720,224,162749
06/13/2021,Cattaraugus,0,5720,102,162851
06/14/2021,Cattaraugus,0,5720,126,162977
06/15/2021,Cattaraugus,0,5720,252,163229
06/16/2021,Cattaraugus,2,5722,191,163420
06/17/2021,Cattaraugus,1,5723,190,163610
06/18/2021,Cattaraugus,0,5723,198,163808
06/19/2021,Cattaraugus,0,5723,152,163960
06/20/2021,Cattaraugus,0,5723,56,164016
06/21/2021,Cattaraugus,0,5723,128,164144
06/22/2021,Cattaraugus,0,5723,201,164345
06/23/2021,Cattaraugus,0,5723,169,164514
06/24/2021,Cattaraugus,0,5723,135,164649
06/25/2021,Cattaraugus,0,5723,200,164849
06/26/2021,Cattaraugus,0,5723,229,165078
06/27/2021,Cattaraugus,0,5723,83,165161
06/28/2021,Cattaraugus,0,5723,98,165259
06/29/2021,Cattaraugus,1,5724,209,165468
06/30/2021,Cattaraugus,1,5725,144,165612
07/01/2021,Cattaraugus,2,5727,160,165772
07/02/2021,Cattaraugus,1,5728,195,165967
07/03/2021,Cattaraugus,0,5728,149,166116
07/04/2021,Cattaraugus,0,5728,66,166182
07/05/2021,Cattaraugus,0,5728,79,166261
07/06/2021,Cattaraugus,1,5729,180,166441
07/07/2021,Cattaraugus,0,5729,115,166556
07/08/2021,Cattaraugus,1,5730,168,166724
07/09/2021,Cattaraugus,0,5730,177,166901
07/10/2021,Cattaraugus,0,5730,120,167021
07/11/2021,Cattaraugus,0,5730,58,167079
07/12/2021,Cattaraugus,0,5730,148,167227
07/13/2021,Cattaraugus,3,5733,109,167336
07/14/2021,Cattaraugus,2,5735,86,167422
07/15/2021,Cattaraugus,1,5736,217,167639
07/16/2021,Cattaraugus,2,5738,207,167846
07/17/2021,Cattaraugus,11,5749,164,168010
07/18/2021,Cattaraugus,0,5749,50,168060
07/19/2021,Cattaraugus,7,5756,90,168150
07/20/2021,Cattaraugus,2,5758,128,168278
07/21/2021,Cattaraugus,4,5762,152,168430
07/22/2021,Cattaraugus,2,5764,204,168634
07/23/2021,Cattaraugus,1,5765,74,168708
07/24/2021,Cattaraugus,1,5766,103,168811
07/25/2021,Cattaraugus,0,5766,38,168849
07/26/2021,Cattaraugus,1,5767,94,168943
07/27/2021,Cattaraugus,6,5773,140,169083
07/28/2021,Cattaraugus,4,5777,179,169262
07/29/2021,Cattaraugus,4,5781,154,169416
07/30/2021,Cattaraugus,10,5791,152,169568
07/31/2021,Cattaraugus,10,5801,139,169707
08/01/2021,Cattaraugus,3,5804,60,169767
08/02/2021,Cattaraugus,4,5808,222,169989
08/03/2021,Cattaraugus,4,5812,163,170152
08/04/2021,Cattaraugus,2,5814,253,170405
08/05/2021,Cattaraugus,2,5816,129,170534
08/06/2021,Cattaraugus,14,5830,225,170759
08/07/2021,Cattaraugus,4,5834,152,170911
08/08/2021,Cattaraugus,2,5836,84,170995
08/09/2021,Cattaraugus,4,5840,97,171092
08/10/2021,Cattaraugus,12,5852,335,171427
08/11/2021,Cattaraugus,11,5863,196,171623
08/12/2021,Cattaraugus,11,5874,366,171989
08/13/2021,Cattaraugus,11,5885,425,172414
08/14/2021,Cattaraugus,8,5893,202,172616
08/15/2021,Cattaraugus,4,5897,104,172720
08/16/2021,Cattaraugus,5,5902,217,172937
08/17/2021,Cattaraugus,10,5912,241,173178
08/18/2021,Cattaraugus,12,5924,413,173591
08/19/2021,Cattaraugus,18,5942,375,173966
08/20/2021,Cattaraugus,15,5957,293,174259
08/21/2021,Cattaraugus,16,5973,247,174506
08/22/2021,Cattaraugus,9,5982,343,174849
08/23/2021,Cattaraugus,10,5992,87,174936
08/24/2021,Cattaraugus,7,5999,294,175230
08/25/2021,Cattaraugus,18,6017,304,175534
08/26/2021,Cattaraugus,37,6054,581,176115
08/27/2021,Cattaraugus,29,6083,452,176567
08/28/2021,Cattaraugus,12,6095,362,176929
08/29/2021,Cattaraugus,16,6111,272,177201
08/30/2021,Cattaraugus,24,6135,190,177391
08/31/2021,Cattaraugus,22,6157,478,177869
09/01/2021,Cattaraugus,26,6183,455,178324
09/02/2021,Cattaraugus,41,6224,399,178723
09/03/2021,Cattaraugus,34,6258,411,179134
09/04/2021,Cattaraugus,11,6269,259,179393
09/05/2021,Cattaraugus,25,6294,320,179713
09/06/2021,Cattaraugus,27,6321,265,179978
09/07/2021,Cattaraugus,23,6344,499,180477
09/08/2021,Cattaraugus,45,6389,605,181082
09/09/2021,Cattaraugus,44,6433,404,181486
09/10/2021,Cattaraugus,34,6467,481,181967
09/11/2021,Cattaraugus,23,6490,393,182360
09/12/2021,Cattaraugus,18,6508,292,182652
09/13/2021,Cattaraugus,20,6528,292,182944
09/14/2021,Cattaraugus,16,6544,453,183397
09/15/2021,Cattaraugus,51,6595,671,184068
09/16/2021,Cattaraugus,27,6622,468,184536
09/17/2021,Cattaraugus,23,6645,503,185039
09/18/2021,Cattaraugus,30,6675,518,185557
09/19/2021,Cattaraugus,7,6682,156,185713
09/20/2021,Cattaraugus,28,6710,533,186246
09/21/2021,Cattaraugus,18,6728,515,186761
09/22/2021,Cattaraugus,22,6750,496,187257
09/23/2021,Cattaraugus,55,6805,770,188027
09/24/2021,Cattaraugus,28,6833,724,188751
09/25/2021,Cattaraugus,16,6849,316,189067
09/26/2021,Cattaraugus,28,6877,354,189421
09/27/2021,Cattaraugus,16,6893,259,189680
09/28/2021,Cattaraugus,38,6931,747,190427
09/29/2021,Cattaraugus,30,6961,469,190896
09/30/2021,Cattaraugus,39,7000,703,191599
10/01/2021,Cattaraugus,21,7021,613,192212
10/02/2021,Cattaraugus,35,7056,466,192678
10/03/2021,Cattaraugus,18,7074,198,192876
10/04/2021,Cattaraugus,26,7100,382,193258
10/05/2021,Cattaraugus,47,7147,714,193972
10/06/2021,Cattaraugus,23,7170,603,194575
10/07/2021,Cattaraugus,57,7227,599,195174
10/08/2021,Cattaraugus,17,7244,514,195688
10/09/2021,Cattaraugus,18,7262,342,196030
10/10/2021,Cattaraugus,54,7316,511,196541
10/11/2021,Cattaraugus,11,7327,174,196715
10/12/2021,Cattaraugus,48,7375,569,197284
10/13/2021,Cattaraugus,36,7411,454,197738
10/14/2021,Cattaraugus,71,7482,693,198431
10/15/2021,Cattaraugus,64,7546,507,198938
10/16/2021,Cattaraugus,40,7586,416,199354
10/17/2021,Cattaraugus,27,7613,241,199595
10/18/2021,Cattaraugus,9,7622,146,199741
10/19/2021,Cattaraugus,56,7678,610,200351
10/20/2021,Cattaraugus,54,7732,643,200994
10/21/2021,Cattaraugus,20,7752,488,201482
10/22/2021,Cattaraugus,65,7817,673,202155
10/23/2021,Cattaraugus,13,7830,343,202498
03/01/2020,Cayuga,0,0,0,0
03/02/2020,Cayuga,0,0,0,0
03/03/2020,Cayuga,0,0,0,0
03/04/2020,Cayuga,0,0,0,0
03/05/2020,Cayuga,0,0,0,0
03/06/2020,Cayuga,0,0,0,0
03/07/2020,Cayuga,0,0,0,0
03/08/2020,Cayuga,0,0,0,0
03/09/2020,Cayuga,0,0,0,0
03/10/2020,Cayuga,0,0,0,0
03/11/2020,Cayuga,0,0,0,0
03/12/2020,Cayuga,0,0,0,0
03/13/2020,Cayuga,0,0,0,0
03/14/2020,Cayuga,0,0,3,3
03/15/2020,Cayuga,0,0,1,4
03/16/2020,Cayuga,0,0,2,6
03/17/2020,Cayuga,0,0,2,8
03/18/2020,Cayuga,0,0,2,10
03/19/2020,Cayuga,0,0,3,13
03/20/2020,Cayuga,0,0,8,21
03/21/2020,Cayuga,0,0,25,46
03/22/2020,Cayuga,2,2,33,79
03/23/2020,Cayuga,0,2,10,89
03/24/2020,Cayuga,0,2,5,94
03/25/2020,Cayuga,0,2,13,107
03/26/2020,Cayuga,0,2,25,132
03/27/2020,Cayuga,0,2,26,158
03/28/2020,Cayuga,0,2,32,190
03/29/2020,Cayuga,1,3,37,227
03/30/2020,Cayuga,0,3,10,237
03/31/2020,Cayuga,0,3,9,246
04/01/2020,Cayuga,1,4,25,271
04/02/2020,Cayuga,2,6,36,307
04/03/2020,Cayuga,1,7,15,322
04/04/2020,Cayuga,1,8,32,354
04/05/2020,Cayuga,3,11,31,385
04/06/2020,Cayuga,3,14,33,418
04/07/2020,Cayuga,0,14,11,429
04/08/2020,Cayuga,2,16,37,466
04/09/2020,Cayuga,11,27,31,497
04/10/2020,Cayuga,1,28,5,502
04/11/2020,Cayuga,1,29,8,510
04/12/2020,Cayuga,1,30,5,515
04/13/2020,Cayuga,3,33,52,567
04/14/2020,Cayuga,3,36,10,577
04/15/2020,Cayuga,0,36,10,587
04/16/2020,Cayuga,0,36,1,588
04/17/2020,Cayuga,0,36,9,597
04/18/2020,Cayuga,0,36,9,606
04/19/2020,Cayuga,0,36,12,618
04/20/2020,Cayuga,0,36,1,619
04/21/2020,Cayuga,0,36,3,622
04/22/2020,Cayuga,1,37,12,634
04/23/2020,Cayuga,2,39,14,648
04/24/2020,Cayuga,8,47,191,839
04/25/2020,Cayuga,0,47,19,858
04/26/2020,Cayuga,1,48,20,878
04/27/2020,Cayuga,0,48,20,898
04/28/2020,Cayuga,0,48,34,932
04/29/2020,Cayuga,0,48,25,957
04/30/2020,Cayuga,3,51,28,985
05/01/2020,Cayuga,0,51,17,1002
05/02/2020,Cayuga,0,51,14,1016
05/03/2020,Cayuga,0,51,10,1026
05/04/2020,Cayuga,0,51,22,1048
05/05/2020,Cayuga,0,51,19,1067
05/06/2020,Cayuga,1,52,25,1092
05/07/2020,Cayuga,0,52,20,1112
05/08/2020,Cayuga,1,53,61,1173
05/09/2020,Cayuga,5,58,23,1196
05/10/2020,Cayuga,2,60,48,1244
05/11/2020,Cayuga,0,60,23,1267
05/12/2020,Cayuga,0,60,45,1312
05/13/2020,Cayuga,0,60,104,1416
05/14/2020,Cayuga,1,61,261,1677
05/15/2020,Cayuga,2,63,111,1788
05/16/2020,Cayuga,0,63,79,1867
05/17/2020,Cayuga,2,65,189,2056
05/18/2020,Cayuga,3,68,68,2124
05/19/2020,Cayuga,0,68,106,2230
05/20/2020,Cayuga,4,72,105,2335
05/21/2020,Cayuga,1,73,245,2580
05/22/2020,Cayuga,3,76,356,2936
05/23/2020,Cayuga,1,77,143,3079
05/24/2020,Cayuga,0,77,176,3255
05/25/2020,Cayuga,1,78,76,3331
05/26/2020,Cayuga,2,80,117,3448
05/27/2020,Cayuga,4,84,101,3549
05/28/2020,Cayuga,5,89,383,3932
05/29/2020,Cayuga,1,90,374,4306
05/30/2020,Cayuga,1,91,249,4555
05/31/2020,Cayuga,1,92,289,4844
06/01/2020,Cayuga,1,93,250,5094
06/02/2020,Cayuga,3,96,288,5382
06/03/2020,Cayuga,0,96,375,5757
06/04/2020,Cayuga,2,98,375,6132
06/05/2020,Cayuga,2,100,299,6431
06/06/2020,Cayuga,1,101,233,6664
06/07/2020,Cayuga,0,101,465,7129
06/08/2020,Cayuga,1,102,231,7360
06/09/2020,Cayuga,0,102,231,7591
06/10/2020,Cayuga,0,102,152,7743
06/11/2020,Cayuga,1,103,337,8080
06/12/2020,Cayuga,0,103,170,8250
06/13/2020,Cayuga,3,106,432,8682
06/14/2020,Cayuga,0,106,106,8788
06/15/2020,Cayuga,0,106,169,8957
06/16/2020,Cayuga,0,106,142,9099
06/17/2020,Cayuga,0,106,98,9197
06/18/2020,Cayuga,1,107,476,9673
06/19/2020,Cayuga,1,108,225,9898
06/20/2020,Cayuga,0,108,420,10318
06/21/2020,Cayuga,0,108,101,10419
06/22/2020,Cayuga,0,108,193,10612
06/23/2020,Cayuga,1,109,144,10756
06/24/2020,Cayuga,0,109,116,10872
06/25/2020,Cayuga,0,109,200,11072
06/26/2020,Cayuga,2,111,285,11357
06/27/2020,Cayuga,2,113,338,11695
06/28/2020,Cayuga,1,114,277,11972
06/29/2020,Cayuga,1,115,184,12156
06/30/2020,Cayuga,4,119,121,12277
07/01/2020,Cayuga,0,119,126,12403
07/02/2020,Cayuga,1,120,194,12597
07/03/2020,Cayuga,0,120,308,12905
07/04/2020,Cayuga,0,120,97,13002
07/05/2020,Cayuga,2,122,75,13077
07/06/2020,Cayuga,0,122,188,13265
07/07/2020,Cayuga,0,122,262,13527
07/08/2020,Cayuga,2,124,240,13767
07/09/2020,Cayuga,0,124,291,14058
07/10/2020,Cayuga,2,126,236,14294
07/11/2020,Cayuga,0,126,308,14602
07/12/2020,Cayuga,0,126,154,14756
07/13/2020,Cayuga,1,127,362,15118
07/14/2020,Cayuga,1,128,190,15308
07/15/2020,Cayuga,0,128,221,15529
07/16/2020,Cayuga,1,129,574,16103
07/17/2020,Cayuga,0,129,253,16356
07/18/2020,Cayuga,0,129,92,16448
07/19/2020,Cayuga,2,131,172,16620
07/20/2020,Cayuga,0,131,325,16945
07/21/2020,Cayuga,3,134,346,17291
07/22/2020,Cayuga,1,135,376,17667
07/23/2020,Cayuga,2,137,423,18090
07/24/2020,Cayuga,2,139,260,18350
07/25/2020,Cayuga,0,139,438,18788
07/26/2020,Cayuga,1,140,238,19026
07/27/2020,Cayuga,0,140,168,19194
07/28/2020,Cayuga,1,141,236,19430
07/29/2020,Cayuga,0,141,205,19635
07/30/2020,Cayuga,2,143,152,19787
07/31/2020,Cayuga,1,144,236,20023
08/01/2020,Cayuga,4,148,115,20138
08/02/2020,Cayuga,0,148,85,20223
08/03/2020,Cayuga,2,150,541,20764
08/04/2020,Cayuga,0,150,257,21021
08/05/2020,Cayuga,1,151,262,21283
08/06/2020,Cayuga,0,151,233,21516
08/07/2020,Cayuga,0,151,155,21671
08/08/2020,Cayuga,1,152,109,21780
08/09/2020,Cayuga,0,152,60,21840
08/10/2020,Cayuga,5,157,628,22468
08/11/2020,Cayuga,4,161,304,22772
08/12/2020,Cayuga,1,162,193,22965
08/13/2020,Cayuga,1,163,175,23140
08/14/2020,Cayuga,0,163,224,23364
08/15/2020,Cayuga,1,164,131,23495
08/16/2020,Cayuga,0,164,374,23869
08/17/2020,Cayuga,0,164,221,24090
08/18/2020,Cayuga,0,164,224,24314
08/19/2020,Cayuga,0,164,291,24605
08/20/2020,Cayuga,0,164,427,25032
08/21/2020,Cayuga,2,166,280,25312
08/22/2020,Cayuga,1,167,168,25480
08/23/2020,Cayuga,0,167,67,25547
08/24/2020,Cayuga,7,174,532,26079
08/25/2020,Cayuga,1,175,212,26291
08/26/2020,Cayuga,1,176,229,26520
08/27/2020,Cayuga,1,177,233,26753
08/28/2020,Cayuga,0,177,675,27428
08/29/2020,Cayuga,0,177,374,27802
08/30/2020,Cayuga,1,178,74,27876
08/31/2020,Cayuga,2,180,245,28121
09/01/2020,Cayuga,0,180,204,28325
09/02/2020,Cayuga,1,181,351,28676
09/03/2020,Cayuga,0,181,253,28929
09/04/2020,Cayuga,1,182,539,29468
09/05/2020,Cayuga,1,183,179,29647
09/06/2020,Cayuga,0,183,89,29736
09/07/2020,Cayuga,1,184,155,29891
09/08/2020,Cayuga,1,185,114,30005
09/09/2020,Cayuga,0,185,178,30183
09/10/2020,Cayuga,0,185,511,30694
09/11/2020,Cayuga,2,187,637,31331
09/12/2020,Cayuga,3,190,263,31594
09/13/2020,Cayuga,0,190,86,31680
09/14/2020,Cayuga,1,191,286,31966
09/15/2020,Cayuga,2,193,172,32138
09/16/2020,Cayuga,1,194,391,32529
09/17/2020,Cayuga,1,195,356,32885
09/18/2020,Cayuga,1,196,806,33691
09/19/2020,Cayuga,3,199,344,34035
09/20/2020,Cayuga,0,199,119,34154
09/21/2020,Cayuga,3,202,304,34458
09/22/2020,Cayuga,2,204,257,34715
09/23/2020,Cayuga,1,205,355,35070
09/24/2020,Cayuga,3,208,600,35670
09/25/2020,Cayuga,3,211,676,36346
09/26/2020,Cayuga,4,215,378,36724
09/27/2020,Cayuga,3,218,376,37100
09/28/2020,Cayuga,1,219,207,37307
09/29/2020,Cayuga,1,220,422,37729
09/30/2020,Cayuga,1,221,418,38147
10/01/2020,Cayuga,3,224,529,38676
10/02/2020,Cayuga,4,228,526,39202
10/03/2020,Cayuga,3,231,337,39539
10/04/2020,Cayuga,0,231,418,39957
10/05/2020,Cayuga,1,232,412,40369
10/06/2020,Cayuga,2,234,356,40725
10/07/2020,Cayuga,3,237,344,41069
10/08/2020,Cayuga,3,240,595,41664
10/09/2020,Cayuga,1,241,920,42584
10/10/2020,Cayuga,3,244,275,42859
10/11/2020,Cayuga,2,246,437,43296
10/12/2020,Cayuga,5,251,303,43599
10/13/2020,Cayuga,8,259,532,44131
10/14/2020,Cayuga,10,269,448,44579
10/15/2020,Cayuga,6,275,480,45059
10/16/2020,Cayuga,9,284,798,45857
10/17/2020,Cayuga,5,289,336,46193
10/18/2020,Cayuga,5,294,386,46579
10/19/2020,Cayuga,8,302,394,46973
10/20/2020,Cayuga,30,332,567,47540
10/21/2020,Cayuga,10,342,608,48148
10/22/2020,Cayuga,9,351,442,48590
10/23/2020,Cayuga,1,352,770,49360
10/24/2020,Cayuga,12,364,668,50028
10/25/2020,Cayuga,9,373,480,50508
10/26/2020,Cayuga,16,389,498,51006
10/27/2020,Cayuga,8,397,376,51382
10/28/2020,Cayuga,8,405,371,51753
10/29/2020,Cayuga,24,429,567,52320
10/30/2020,Cayuga,9,438,866,53186
10/31/2020,Cayuga,15,453,386,53572
11/01/2020,Cayuga,3,456,348,53920
11/02/2020,Cayuga,9,465,460,54380
11/03/2020,Cayuga,9,474,475,54855
11/04/2020,Cayuga,12,486,557,55412
11/05/2020,Cayuga,10,496,590,56002
11/06/2020,Cayuga,22,518,706,56708
11/07/2020,Cayuga,15,533,348,57056
11/08/2020,Cayuga,16,549,496,57552
11/09/2020,Cayuga,17,566,470,58022
11/10/2020,Cayuga,7,573,509,58531
11/11/2020,Cayuga,21,594,522,59053
11/12/2020,Cayuga,15,609,731,59784
11/13/2020,Cayuga,18,627,987,60771
11/14/2020,Cayuga,5,632,293,61064
11/15/2020,Cayuga,7,639,272,61336
11/16/2020,Cayuga,15,654,745,62081
11/17/2020,Cayuga,10,664,807,62888
11/18/2020,Cayuga,12,676,564,63452
11/19/2020,Cayuga,5,681,222,63674
11/20/2020,Cayuga,17,698,864,64538
11/21/2020,Cayuga,6,704,239,64777
11/22/2020,Cayuga,31,735,1032,65809
11/23/2020,Cayuga,27,762,850,66659
11/24/2020,Cayuga,21,783,415,67074
11/25/2020,Cayuga,11,794,515,67589
11/26/2020,Cayuga,28,822,771,68360
11/27/2020,Cayuga,24,846,279,68639
11/28/2020,Cayuga,23,869,444,69083
11/29/2020,Cayuga,21,890,499,69582
11/30/2020,Cayuga,27,917,343,69925
12/01/2020,Cayuga,13,930,573,70498
12/02/2020,Cayuga,53,983,588,71086
12/03/2020,Cayuga,34,1017,901,71987
12/04/2020,Cayuga,51,1068,570,72557
12/05/2020,Cayuga,51,1119,1031,73588
12/06/2020,Cayuga,77,1196,750,74338
12/07/2020,Cayuga,46,1242,494,74832
12/08/2020,Cayuga,40,1282,843,75675
12/09/2020,Cayuga,42,1324,873,76548
12/10/2020,Cayuga,97,1421,1226,77774
12/11/2020,Cayuga,67,1488,1060,78834
12/12/2020,Cayuga,56,1544,574,79408
12/13/2020,Cayuga,37,1581,836,80244
12/14/2020,Cayuga,48,1629,563,80807
12/15/2020,Cayuga,68,1697,634,81441
12/16/2020,Cayuga,101,1798,1071,82512
12/17/2020,Cayuga,86,1884,1476,83988
12/18/2020,Cayuga,69,1953,1010,84998
12/19/2020,Cayuga,67,2020,784,85782
12/20/2020,Cayuga,98,2118,852,86634
12/21/2020,Cayuga,46,2164,470,87104
12/22/2020,Cayuga,71,2235,772,87876
12/23/2020,Cayuga,62,2297,1259,89135
12/24/2020,Cayuga,86,2383,1155,90290
12/25/2020,Cayuga,53,2436,715,91005
12/26/2020,Cayuga,35,2471,271,91276
12/27/2020,Cayuga,104,2575,829,92105
12/28/2020,Cayuga,80,2655,537,92642
12/29/2020,Cayuga,87,2742,703,93345
12/30/2020,Cayuga,152,2894,1302,94647
12/31/2020,Cayuga,103,2997,664,95311
01/01/2021,Cayuga,75,3072,576,95887
01/02/2021,Cayuga,94,3166,955,96842
01/03/2021,Cayuga,128,3294,626,97468
01/04/2021,Cayuga,87,3381,814,98282
01/05/2021,Cayuga,111,3492,1086,99368
01/06/2021,Cayuga,97,3589,1064,100432
01/07/2021,Cayuga,118,3707,1069,101501
01/08/2021,Cayuga,76,3783,1059,102560
01/09/2021,Cayuga,65,3848,735,103295
01/10/2021,Cayuga,54,3902,634,103929
01/11/2021,Cayuga,62,3964,644,104573
01/12/2021,Cayuga,68,4032,939,105512
01/13/2021,Cayuga,71,4103,802,106314
01/14/2021,Cayuga,94,4197,1171,107485
01/15/2021,Cayuga,70,4267,964,108449
01/16/2021,Cayuga,43,4310,979,109428
01/17/2021,Cayuga,62,4372,603,110031
01/18/2021,Cayuga,60,4432,805,110836
01/19/2021,Cayuga,42,4474,1088,111924
01/20/2021,Cayuga,84,4558,923,112847
01/21/2021,Cayuga,50,4608,713,113560
01/22/2021,Cayuga,47,4655,1160,114720
01/23/2021,Cayuga,34,4689,660,115380
01/24/2021,Cayuga,21,4710,377,115757
01/25/2021,Cayuga,39,4749,588,116345
01/26/2021,Cayuga,30,4779,716,117061
01/27/2021,Cayuga,38,4817,695,117756
01/28/2021,Cayuga,24,4841,580,118336
01/29/2021,Cayuga,29,4870,1136,119472
01/30/2021,Cayuga,33,4903,606,120078
01/31/2021,Cayuga,19,4922,361,120439
02/01/2021,Cayuga,13,4935,632,121071
02/02/2021,Cayuga,23,4958,587,121658
02/03/2021,Cayuga,15,4973,545,122203
02/04/2021,Cayuga,27,5000,624,122827
02/05/2021,Cayuga,19,5019,728,123555
02/06/2021,Cayuga,13,5032,565,124120
02/07/2021,Cayuga,13,5045,491,124611
02/08/2021,Cayuga,7,5052,462,125073
02/09/2021,Cayuga,22,5074,906,125979
02/10/2021,Cayuga,20,5094,719,126698
02/11/2021,Cayuga,29,5123,599,127297
02/12/2021,Cayuga,21,5144,852,128149
02/13/2021,Cayuga,22,5166,449,128598
02/14/2021,Cayuga,10,5176,252,128850
02/15/2021,Cayuga,6,5182,147,128997
02/16/2021,Cayuga,7,5189,329,129326
02/17/2021,Cayuga,18,5207,732,130058
02/18/2021,Cayuga,21,5228,697,130755
02/19/2021,Cayuga,14,5242,699,131454
02/20/2021,Cayuga,47,5289,1070,132524
02/21/2021,Cayuga,7,5296,397,132921
02/22/2021,Cayuga,7,5303,277,133198
02/23/2021,Cayuga,9,5312,624,133822
02/24/2021,Cayuga,21,5333,963,134785
02/25/2021,Cayuga,12,5345,697,135482
02/26/2021,Cayuga,8,5353,1011,136493
02/27/2021,Cayuga,14,5367,605,137098
02/28/2021,Cayuga,12,5379,507,137605
03/01/2021,Cayuga,7,5386,212,137817
03/02/2021,Cayuga,12,5398,797,138614
03/03/2021,Cayuga,8,5406,718,139332
03/04/2021,Cayuga,15,5421,977,140309
03/05/2021,Cayuga,7,5428,936,141245
03/06/2021,Cayuga,10,5438,948,142193
03/07/2021,Cayuga,3,5441,242,142435
03/08/2021,Cayuga,3,5444,287,142722
03/09/2021,Cayuga,5,5449,514,143236
03/10/2021,Cayuga,6,5455,802,144038
03/11/2021,Cayuga,8,5463,813,144851
03/12/2021,Cayuga,8,5471,794,145645
03/13/2021,Cayuga,5,5476,570,146215
03/14/2021,Cayuga,10,5486,424,146639
03/15/2021,Cayuga,7,5493,515,147154
03/16/2021,Cayuga,4,5497,963,148117
03/17/2021,Cayuga,7,5504,511,148628
03/18/2021,Cayuga,8,5512,1203,149831
03/19/2021,Cayuga,7,5519,919,150750
03/20/2021,Cayuga,9,5528,572,151322
03/21/2021,Cayuga,5,5533,512,151834
03/22/2021,Cayuga,5,5538,458,152292
03/23/2021,Cayuga,7,5545,581,152873
03/24/2021,Cayuga,12,5557,936,153809
03/25/2021,Cayuga,11,5568,944,154753
03/26/2021,Cayuga,9,5577,869,155622
03/27/2021,Cayuga,15,5592,755,156377
03/28/2021,Cayuga,7,5599,550,156927
03/29/2021,Cayuga,11,5610,388,157315
03/30/2021,Cayuga,5,5615,718,158033
03/31/2021,Cayuga,8,5623,665,158698
04/01/2021,Cayuga,12,5635,727,159425
04/02/2021,Cayuga,12,5647,768,160193
04/03/2021,Cayuga,2,5649,707,160900
04/04/2021,Cayuga,30,5679,284,161184
04/05/2021,Cayuga,2,5681,561,161745
04/06/2021,Cayuga,17,5698,713,162458
04/07/2021,Cayuga,20,5718,526,162984
04/08/2021,Cayuga,27,5745,1241,164225
04/09/2021,Cayuga,10,5755,722,164947
04/10/2021,Cayuga,14,5769,552,165499
04/11/2021,Cayuga,9,5778,189,165688
04/12/2021,Cayuga,16,5794,562,166250
04/13/2021,Cayuga,16,5810,650,166900
04/14/2021,Cayuga,15,5825,1329,168229
04/15/2021,Cayuga,15,5840,665,168894
04/16/2021,Cayuga,23,5863,661,169555
04/17/2021,Cayuga,8,5871,832,170387
04/18/2021,Cayuga,22,5893,319,170706
04/19/2021,Cayuga,8,5901,571,171277
04/20/2021,Cayuga,14,5915,649,171926
04/21/2021,Cayuga,19,5934,996,172922
04/22/2021,Cayuga,16,5950,724,173646
04/23/2021,Cayuga,7,5957,585,174231
04/24/2021,Cayuga,5,5962,718,174949
04/25/2021,Cayuga,13,5975,325,175274
04/26/2021,Cayuga,6,5981,323,175597
04/27/2021,Cayuga,20,6001,633,176230
04/28/2021,Cayuga,13,6014,845,177075
04/29/2021,Cayuga,20,6034,716,177791
04/30/2021,Cayuga,15,6049,911,178702
05/01/2021,Cayuga,13,6062,490,179192
05/02/2021,Cayuga,10,6072,260,179452
05/03/2021,Cayuga,13,6085,429,179881
05/04/2021,Cayuga,8,6093,777,180658
05/05/2021,Cayuga,5,6098,918,181576
05/06/2021,Cayuga,14,6112,1021,182597
05/07/2021,Cayuga,15,6127,759,183356
05/08/2021,Cayuga,11,6138,515,183871
05/09/2021,Cayuga,7,6145,218,184089
05/10/2021,Cayuga,10,6155,382,184471
05/11/2021,Cayuga,5,6160,575,185046
05/12/2021,Cayuga,17,6177,1250,186296
05/13/2021,Cayuga,20,6197,857,187153
05/14/2021,Cayuga,17,6214,638,187791
05/15/2021,Cayuga,7,6221,409,188200
05/16/2021,Cayuga,10,6231,240,188440
05/17/2021,Cayuga,4,6235,319,188759
05/18/2021,Cayuga,11,6246,675,189434
05/19/2021,Cayuga,9,6255,753,190187
05/20/2021,Cayuga,10,6265,478,190665
05/21/2021,Cayuga,3,6268,477,191142
05/22/2021,Cayuga,7,6275,578,191720
05/23/2021,Cayuga,6,6281,196,191916
05/24/2021,Cayuga,1,6282,267,192183
05/25/2021,Cayuga,7,6289,529,192712
05/26/2021,Cayuga,4,6293,522,193234
05/27/2021,Cayuga,6,6299,549,193783
05/28/2021,Cayuga,8,6307,651,194434
05/29/2021,Cayuga,4,6311,334,194768
05/30/2021,Cayuga,2,6313,111,194879
05/31/2021,Cayuga,0,6313,48,194927
06/01/2021,Cayuga,3,6316,250,195177
06/02/2021,Cayuga,3,6319,401,195578
06/03/2021,Cayuga,3,6322,698,196276
06/04/2021,Cayuga,4,6326,704,196980
06/05/2021,Cayuga,2,6328,274,197254
06/06/2021,Cayuga,1,6329,101,197355
06/07/2021,Cayuga,2,6331,202,197557
06/08/2021,Cayuga,1,6332,306,197863
06/09/2021,Cayuga,1,6333,664,198527
06/10/2021,Cayuga,3,6336,330,198857
06/11/2021,Cayuga,0,6336,489,199346
06/12/2021,Cayuga,1,6337,277,199623
06/13/2021,Cayuga,0,6337,96,199719
06/14/2021,Cayuga,0,6337,182,199901
06/15/2021,Cayuga,0,6337,337,200238
06/16/2021,Cayuga,1,6338,377,200615
06/17/2021,Cayuga,0,6338,339,200954
06/18/2021,Cayuga,0,6338,486,201440
06/19/2021,Cayuga,0,6338,209,201649
06/20/2021,Cayuga,0,6338,97,201746
06/21/2021,Cayuga,0,6338,141,201887
06/22/2021,Cayuga,0,6338,203,202090
06/23/2021,Cayuga,1,6339,297,202387
06/24/2021,Cayuga,1,6340,214,202601
06/25/2021,Cayuga,2,6342,302,202903
06/26/2021,Cayuga,2,6344,260,203163
06/27/2021,Cayuga,1,6345,81,203244
06/28/2021,Cayuga,2,6347,97,203341
06/29/2021,Cayuga,3,6350,195,203536
06/30/2021,Cayuga,1,6351,264,203800
07/01/2021,Cayuga,2,6353,355,204155
07/02/2021,Cayuga,1,6354,298,204453
07/03/2021,Cayuga,0,6354,231,204684
07/04/2021,Cayuga,3,6357,99,204783
07/05/2021,Cayuga,0,6357,75,204858
07/06/2021,Cayuga,1,6358,100,204958
07/07/2021,Cayuga,1,6359,265,205223
07/08/2021,Cayuga,1,6360,174,205397
07/09/2021,Cayuga,2,6362,295,205692
07/10/2021,Cayuga,0,6362,189,205881
07/11/2021,Cayuga,0,6362,124,206005
07/12/2021,Cayuga,1,6363,66,206071
07/13/2021,Cayuga,1,6364,264,206335
07/14/2021,Cayuga,2,6366,178,206513
07/15/2021,Cayuga,2,6368,233,206746
07/16/2021,Cayuga,1,6369,157,206903
07/17/2021,Cayuga,4,6373,270,207173
07/18/2021,Cayuga,0,6373,52,207225
07/19/2021,Cayuga,4,6377,92,207317
07/20/2021,Cayuga,3,6380,220,207537
07/21/2021,Cayuga,3,6383,200,207737
07/22/2021,Cayuga,2,6385,179,207916
07/23/2021,Cayuga,1,6386,221,208137
07/24/2021,Cayuga,9,6395,217,208354
07/25/2021,Cayuga,1,6396,61,208415
07/26/2021,Cayuga,7,6403,150,208565
07/27/2021,Cayuga,8,6411,294,208859
07/28/2021,Cayuga,6,6417,225,209084
07/29/2021,Cayuga,3,6420,270,209354
07/30/2021,Cayuga,1,6421,331,209685
07/31/2021,Cayuga,5,6426,228,209913
08/01/2021,Cayuga,4,6430,79,209992
08/02/2021,Cayuga,5,6435,164,210156
08/03/2021,Cayuga,7,6442,282,210438
08/04/2021,Cayuga,4,6446,199,210637
08/05/2021,Cayuga,9,6455,243,210880
08/06/2021,Cayuga,19,6474,476,211356
08/07/2021,Cayuga,24,6498,328,211684
08/08/2021,Cayuga,7,6505,132,211816
08/09/2021,Cayuga,29,6534,236,212052
08/10/2021,Cayuga,10,6544,331,212383
08/11/2021,Cayuga,20,6564,365,212748
08/12/2021,Cayuga,13,6577,347,213095
08/13/2021,Cayuga,39,6616,453,213548
08/14/2021,Cayuga,30,6646,373,213921
08/15/2021,Cayuga,26,6672,231,214152
08/16/2021,Cayuga,39,6711,329,214481
08/17/2021,Cayuga,34,6745,932,215413
08/18/2021,Cayuga,36,6781,395,215808
08/19/2021,Cayuga,29,6810,804,216612
08/20/2021,Cayuga,36,6846,429,217041
08/21/2021,Cayuga,37,6883,511,217552
08/22/2021,Cayuga,25,6908,268,217820
08/23/2021,Cayuga,16,6924,232,218052
08/24/2021,Cayuga,12,6936,875,218927
08/25/2021,Cayuga,22,6958,357,219284
08/26/2021,Cayuga,60,7018,964,220248
08/27/2021,Cayuga,28,7046,723,220971
08/28/2021,Cayuga,25,7071,416,221387
08/29/2021,Cayuga,44,7115,392,221779
08/30/2021,Cayuga,25,7140,332,222111
08/31/2021,Cayuga,24,7164,474,222585
09/01/2021,Cayuga,28,7192,410,222995
09/02/2021,Cayuga,66,7258,1050,224045
09/03/2021,Cayuga,35,7293,1031,225076
09/04/2021,Cayuga,17,7310,360,225436
09/05/2021,Cayuga,33,7343,371,225807
09/06/2021,Cayuga,35,7378,204,226011
09/07/2021,Cayuga,25,7403,222,226233
09/08/2021,Cayuga,53,7456,902,227135
09/09/2021,Cayuga,44,7500,613,227748
09/10/2021,Cayuga,27,7527,569,228317
09/11/2021,Cayuga,51,7578,833,229150
09/12/2021,Cayuga,44,7622,321,229471
09/13/2021,Cayuga,18,7640,355,229826
09/14/2021,Cayuga,22,7662,583,230409
09/15/2021,Cayuga,63,7725,1149,231558
09/16/2021,Cayuga,35,7760,852,232410
09/17/2021,Cayuga,22,7782,539,232949
09/18/2021,Cayuga,46,7828,690,233639
09/19/2021,Cayuga,18,7846,282,233921
09/20/2021,Cayuga,61,7907,700,234621
09/21/2021,Cayuga,19,7926,683,235304
09/22/2021,Cayuga,16,7942,881,236185
09/23/2021,Cayuga,39,7981,995,237180
09/24/2021,Cayuga,32,8013,788,237968
09/25/2021,Cayuga,21,8034,413,238381
09/26/2021,Cayuga,25,8059,416,238797
09/27/2021,Cayuga,8,8067,269,239066
09/28/2021,Cayuga,30,8097,669,239735
09/29/2021,Cayuga,21,8118,804,240539
09/30/2021,Cayuga,39,8157,919,241458
10/01/2021,Cayuga,27,8184,919,242377
10/02/2021,Cayuga,15,8199,669,243046
10/03/2021,Cayuga,8,8207,253,243299
10/04/2021,Cayuga,24,8231,592,243891
10/05/2021,Cayuga,31,8262,759,244650
10/06/2021,Cayuga,34,8296,807,245457
10/07/2021,Cayuga,28,8324,1420,246877
10/08/2021,Cayuga,22,8346,691,247568
10/09/2021,Cayuga,27,8373,533,248101
10/10/2021,Cayuga,37,8410,588,248689
10/11/2021,Cayuga,13,8423,260,248949
10/12/2021,Cayuga,31,8454,667,249616
10/13/2021,Cayuga,26,8480,1151,250767
10/14/2021,Cayuga,33,8513,912,251679
10/15/2021,Cayuga,49,8562,787,252466
10/16/2021,Cayuga,20,8582,1117,253583
10/17/2021,Cayuga,18,8600,345,253928
10/18/2021,Cayuga,13,8613,401,254329
10/19/2021,Cayuga,27,8640,698,255027
10/20/2021,Cayuga,18,8658,769,255796
10/21/2021,Cayuga,16,8674,1113,256909
10/22/2021,Cayuga,28,8702,1010,257919
10/23/2021,Cayuga,20,8722,451,258370
03/01/2020,Chautauqua,0,0,0,0
03/02/2020,Chautauqua,0,0,0,0
03/03/2020,Chautauqua,0,0,0,0
03/04/2020,Chautauqua,0,0,0,0
03/05/2020,Chautauqua,0,0,0,0
03/06/2020,Chautauqua,0,0,0,0
03/07/2020,Chautauqua,0,0,0,0
03/08/2020,Chautauqua,0,0,0,0
03/09/2020,Chautauqua,0,0,0,0
03/10/2020,Chautauqua,0,0,0,0
03/11/2020,Chautauqua,0,0,0,0
03/12/2020,Chautauqua,0,0,1,1
03/13/2020,Chautauqua,0,0,1,2
03/14/2020,Chautauqua,0,0,0,2
03/15/2020,Chautauqua,0,0,1,3
03/16/2020,Chautauqua,0,0,0,3
03/17/2020,Chautauqua,0,0,0,3
03/18/2020,Chautauqua,0,0,3,6
03/19/2020,Chautauqua,0,0,1,7
03/20/2020,Chautauqua,0,0,2,9
03/21/2020,Chautauqua,0,0,4,13
03/22/2020,Chautauqua,0,0,12,25
03/23/2020,Chautauqua,0,0,4,29
03/24/2020,Chautauqua,1,1,3,32
03/25/2020,Chautauqua,0,1,4,36
03/26/2020,Chautauqua,0,1,20,56
03/27/2020,Chautauqua,4,5,19,75
03/28/2020,Chautauqua,0,5,20,95
03/29/2020,Chautauqua,0,5,3,98
03/30/2020,Chautauqua,1,6,9,107
03/31/2020,Chautauqua,0,6,9,116
04/01/2020,Chautauqua,2,8,8,124
04/02/2020,Chautauqua,1,9,15,139
04/03/2020,Chautauqua,1,10,20,159
04/04/2020,Chautauqua,1,11,28,187
04/05/2020,Chautauqua,4,15,50,237
04/06/2020,Chautauqua,1,16,37,274
04/07/2020,Chautauqua,1,17,6,280
04/08/2020,Chautauqua,1,18,32,312
04/09/2020,Chautauqua,2,20,54,366
04/10/2020,Chautauqua,1,21,67,433
04/11/2020,Chautauqua,1,22,39,472
04/12/2020,Chautauqua,1,23,25,497
04/13/2020,Chautauqua,0,23,8,505
04/14/2020,Chautauqua,1,24,19,524
04/15/2020,Chautauqua,0,24,29,553
04/16/2020,Chautauqua,1,25,32,585
04/17/2020,Chautauqua,0,25,22,607
04/18/2020,Chautauqua,0,25,20,627
04/19/2020,Chautauqua,0,25,9,636
04/20/2020,Chautauqua,0,25,3,639
04/21/2020,Chautauqua,1,26,26,665
04/22/2020,Chautauqua,0,26,38,703
04/23/2020,Chautauqua,1,27,74,777
04/24/2020,Chautauqua,0,27,97,874
04/25/2020,Chautauqua,2,29,56,930
04/26/2020,Chautauqua,1,30,101,1031
04/27/2020,Chautauqua,0,30,26,1057
04/28/2020,Chautauqua,1,31,64,1121
04/29/2020,Chautauqua,2,33,39,1160
04/30/2020,Chautauqua,2,35,47,1207
05/01/2020,Chautauqua,0,35,53,1260
05/02/2020,Chautauqua,1,36,18,1278
05/03/2020,Chautauqua,1,37,9,1287
05/04/2020,Chautauqua,0,37,54,1341
05/05/2020,Chautauqua,1,38,88,1429
05/06/2020,Chautauqua,2,40,80,1509
05/07/2020,Chautauqua,0,40,51,1560
05/08/2020,Chautauqua,0,40,97,1657
05/09/2020,Chautauqua,1,41,58,1715
05/10/2020,Chautauqua,0,41,27,1742
05/11/2020,Chautauqua,1,42,49,1791
05/12/2020,Chautauqua,1,43,125,1916
05/13/2020,Chautauqua,1,44,125,2041
05/14/2020,Chautauqua,1,45,139,2180
05/15/2020,Chautauqua,3,48,60,2240
05/16/2020,Chautauqua,0,48,91,2331
05/17/2020,Chautauqua,1,49,63,2394
05/18/2020,Chautauqua,0,49,98,2492
05/19/2020,Chautauqua,1,50,90,2582
05/20/2020,Chautauqua,8,58,273,2855
05/21/2020,Chautauqua,5,63,190,3045
05/22/2020,Chautauqua,9,72,217,3262
05/23/2020,Chautauqua,3,75,134,3396
05/24/2020,Chautauqua,0,75,38,3434
05/25/2020,Chautauqua,2,77,94,3528
05/26/2020,Chautauqua,1,78,145,3673
05/27/2020,Chautauqua,3,81,129,3802
05/28/2020,Chautauqua,1,82,637,4439
05/29/2020,Chautauqua,1,83,272,4711
05/30/2020,Chautauqua,1,84,637,5348
05/31/2020,Chautauqua,1,85,253,5601
06/01/2020,Chautauqua,1,86,184,5785
06/02/2020,Chautauqua,3,89,277,6062
06/03/2020,Chautauqua,6,95,604,6666
06/04/2020,Chautauqua,2,97,522,7188
06/05/2020,Chautauqua,2,99,364,7552
06/06/2020,Chautauqua,2,101,1131,8683
06/07/2020,Chautauqua,0,101,343,9026
06/08/2020,Chautauqua,2,103,250,9276
06/09/2020,Chautauqua,2,105,308,9584
06/10/2020,Chautauqua,1,106,778,10362
06/11/2020,Chautauqua,0,106,487,10849
06/12/2020,Chautauqua,0,106,370,11219
06/13/2020,Chautauqua,1,107,723,11942
06/14/2020,Chautauqua,0,107,261,12203
06/15/2020,Chautauqua,1,108,607,12810
06/16/2020,Chautauqua,0,108,439,13249
06/17/2020,Chautauqua,2,110,511,13760
06/18/2020,Chautauqua,2,112,407,14167
06/19/2020,Chautauqua,3,115,281,14448
06/20/2020,Chautauqua,1,116,511,14959
06/21/2020,Chautauqua,0,116,318,15277
06/22/2020,Chautauqua,0,116,393,15670
06/23/2020,Chautauqua,2,118,316,15986
06/24/2020,Chautauqua,3,121,332,16318
06/25/2020,Chautauqua,1,122,586,16904
06/26/2020,Chautauqua,1,123,207,17111
06/27/2020,Chautauqua,0,123,284,17395
06/28/2020,Chautauqua,0,123,372,17767
06/29/2020,Chautauqua,4,127,568,18335
06/30/2020,Chautauqua,0,127,492,18827
07/01/2020,Chautauqua,0,127,292,19119
07/02/2020,Chautauqua,2,129,227,19346
07/03/2020,Chautauqua,2,131,107,19453
07/04/2020,Chautauqua,1,132,287,19740
07/05/2020,Chautauqua,2,134,582,20322
07/06/2020,Chautauqua,1,135,428,20750
07/07/2020,Chautauqua,14,149,318,21068
07/08/2020,Chautauqua,3,152,193,21261
07/09/2020,Chautauqua,3,155,606,21867
07/10/2020,Chautauqua,15,170,352,22219
07/11/2020,Chautauqua,0,170,267,22486
07/12/2020,Chautauqua,1,171,192,22678
07/13/2020,Chautauqua,9,180,573,23251
07/14/2020,Chautauqua,6,186,479,23730
07/15/2020,Chautauqua,5,191,575,24305
07/16/2020,Chautauqua,1,192,670,24975
07/17/2020,Chautauqua,2,194,275,25250
07/18/2020,Chautauqua,0,194,295,25545
07/19/2020,Chautauqua,0,194,199,25744
07/20/2020,Chautauqua,12,206,769,26513
07/21/2020,Chautauqua,4,210,692,27205
07/22/2020,Chautauqua,2,212,385,27590
07/23/2020,Chautauqua,0,212,629,28219
07/24/2020,Chautauqua,4,216,408,28627
07/25/2020,Chautauqua,2,218,118,28745
07/26/2020,Chautauqua,0,218,57,28802
07/27/2020,Chautauqua,1,219,339,29141
07/28/2020,Chautauqua,4,223,386,29527
07/29/2020,Chautauqua,1,224,471,29998
07/30/2020,Chautauqua,4,228,422,30420
07/31/2020,Chautauqua,3,231,729,31149
08/01/2020,Chautauqua,1,232,262,31411
08/02/2020,Chautauqua,2,234,230,31641
08/03/2020,Chautauqua,7,241,295,31936
08/04/2020,Chautauqua,0,241,298,32234
08/05/2020,Chautauqua,3,244,232,32466
08/06/2020,Chautauqua,5,249,330,32796
08/07/2020,Chautauqua,4,253,530,33326
08/08/2020,Chautauqua,0,253,350,33676
08/09/2020,Chautauqua,4,257,418,34094
08/10/2020,Chautauqua,1,258,706,34800
08/11/2020,Chautauqua,0,258,949,35749
08/12/2020,Chautauqua,2,260,530,36279
08/13/2020,Chautauqua,0,260,376,36655
08/14/2020,Chautauqua,3,263,396,37051
08/15/2020,Chautauqua,0,263,194,37245
08/16/2020,Chautauqua,2,265,167,37412
08/17/2020,Chautauqua,6,271,1028,38440
08/18/2020,Chautauqua,1,272,259,38699
08/19/2020,Chautauqua,3,275,238,38937
08/20/2020,Chautauqua,3,278,497,39434
08/21/2020,Chautauqua,9,287,393,39827
08/22/2020,Chautauqua,2,289,308,40135
08/23/2020,Chautauqua,0,289,587,40722
08/24/2020,Chautauqua,16,305,415,41137
08/25/2020,Chautauqua,5,310,204,41341
08/26/2020,Chautauqua,30,340,683,42024
08/27/2020,Chautauqua,15,355,665,42689
08/28/2020,Chautauqua,18,373,492,43181
08/29/2020,Chautauqua,9,382,361,43542
08/30/2020,Chautauqua,12,394,676,44218
08/31/2020,Chautauqua,11,405,747,44965
09/01/2020,Chautauqua,23,428,653,45618
09/02/2020,Chautauqua,24,452,543,46161
09/03/2020,Chautauqua,12,464,557,46718
09/04/2020,Chautauqua,7,471,459,47177
09/05/2020,Chautauqua,4,475,522,47699
09/06/2020,Chautauqua,1,476,430,48129
09/07/2020,Chautauqua,1,477,207,48336
09/08/2020,Chautauqua,1,478,261,48597
09/09/2020,Chautauqua,14,492,530,49127
09/10/2020,Chautauqua,4,496,399,49526
09/11/2020,Chautauqua,11,507,514,50040
09/12/2020,Chautauqua,8,515,376,50416
09/13/2020,Chautauqua,1,516,140,50556
09/14/2020,Chautauqua,7,523,420,50976
09/15/2020,Chautauqua,4,527,630,51606
09/16/2020,Chautauqua,6,533,536,52142
09/17/2020,Chautauqua,2,535,463,52605
09/18/2020,Chautauqua,1,536,387,52992
09/19/2020,Chautauqua,1,537,388,53380
09/20/2020,Chautauqua,4,541,451,53831
09/21/2020,Chautauqua,6,547,607,54438
09/22/2020,Chautauqua,4,551,530,54968
09/23/2020,Chautauqua,3,554,276,55244
09/24/2020,Chautauqua,7,561,762,56006
09/25/2020,Chautauqua,7,568,502,56508
09/26/2020,Chautauqua,5,573,608,57116
09/27/2020,Chautauqua,5,578,343,57459
09/28/2020,Chautauqua,7,585,774,58233
09/29/2020,Chautauqua,5,590,486,58719
09/30/2020,Chautauqua,12,602,600,59319
10/01/2020,Chautauqua,2,604,588,59907
10/02/2020,Chautauqua,7,611,1057,60964
10/03/2020,Chautauqua,18,629,759,61723
10/04/2020,Chautauqua,3,632,390,62113
10/05/2020,Chautauqua,4,636,278,62391
10/06/2020,Chautauqua,5,641,423,62814
10/07/2020,Chautauqua,15,656,695,63509
10/08/2020,Chautauqua,12,668,620,64129
10/09/2020,Chautauqua,14,682,927,65056
10/10/2020,Chautauqua,9,691,1167,66223
10/11/2020,Chautauqua,4,695,288,66511
10/12/2020,Chautauqua,37,732,413,66924
10/13/2020,Chautauqua,16,748,406,67330
10/14/2020,Chautauqua,10,758,285,67615
10/15/2020,Chautauqua,13,771,640,68255
10/16/2020,Chautauqua,18,789,548,68803
10/17/2020,Chautauqua,7,796,368,69171
10/18/2020,Chautauqua,3,799,513,69684
10/19/2020,Chautauqua,6,805,558,70242
10/20/2020,Chautauqua,40,845,540,70782
10/21/2020,Chautauqua,13,858,932,71714
10/22/2020,Chautauqua,10,868,488,72202
10/23/2020,Chautauqua,9,877,910,73112
10/24/2020,Chautauqua,7,884,769,73881
10/25/2020,Chautauqua,3,887,433,74314
10/26/2020,Chautauqua,18,905,793,75107
10/27/2020,Chautauqua,19,924,622,75729
10/28/2020,Chautauqua,31,955,1345,77074
10/29/2020,Chautauqua,21,976,691,77765
10/30/2020,Chautauqua,18,994,671,78436
10/31/2020,Chautauqua,23,1017,950,79386
11/01/2020,Chautauqua,6,1023,706,80092
11/02/2020,Chautauqua,17,1040,639,80731
11/03/2020,Chautauqua,11,1051,528,81259
11/04/2020,Chautauqua,30,1081,1009,82268
11/05/2020,Chautauqua,13,1094,1187,83455
11/06/2020,Chautauqua,9,1103,919,84374
11/07/2020,Chautauqua,11,1114,1006,85380
11/08/2020,Chautauqua,4,1118,261,85641
11/09/2020,Chautauqua,18,1136,574,86215
11/10/2020,Chautauqua,25,1161,1816,88031
11/11/2020,Chautauqua,26,1187,1245,89276
11/12/2020,Chautauqua,23,1210,3147,92423
11/13/2020,Chautauqua,24,1234,2006,94429
11/14/2020,Chautauqua,5,1239,300,94729
11/15/2020,Chautauqua,9,1248,515,95244
11/16/2020,Chautauqua,17,1265,709,95953
11/17/2020,Chautauqua,39,1304,1817,97770
11/18/2020,Chautauqua,12,1316,769,98539
11/19/2020,Chautauqua,35,1351,1291,99830
11/20/2020,Chautauqua,11,1362,608,100438
11/21/2020,Chautauqua,30,1392,970,101408
11/22/2020,Chautauqua,11,1403,400,101808
11/23/2020,Chautauqua,11,1414,433,102241
11/24/2020,Chautauqua,35,1449,1313,103554
11/25/2020,Chautauqua,31,1480,833,104387
11/26/2020,Chautauqua,36,1516,977,105364
11/27/2020,Chautauqua,23,1539,197,105561
11/28/2020,Chautauqua,23,1562,516,106077
11/29/2020,Chautauqua,18,1580,520,106597
11/30/2020,Chautauqua,29,1609,509,107106
12/01/2020,Chautauqua,22,1631,821,107927
12/02/2020,Chautauqua,61,1692,988,108915
12/03/2020,Chautauqua,85,1777,1592,110507
12/04/2020,Chautauqua,64,1841,1151,111658
12/05/2020,Chautauqua,52,1893,683,112341
12/06/2020,Chautauqua,24,1917,311,112652
12/07/2020,Chautauqua,43,1960,1015,113667
12/08/2020,Chautauqua,67,2027,633,114300
12/09/2020,Chautauqua,72,2099,1125,115425
12/10/2020,Chautauqua,121,2220,846,116271
12/11/2020,Chautauqua,51,2271,869,117140
12/12/2020,Chautauqua,52,2323,632,117772
12/13/2020,Chautauqua,42,2365,318,118090
12/14/2020,Chautauqua,58,2423,716,118806
12/15/2020,Chautauqua,35,2458,408,119214
12/16/2020,Chautauqua,38,2496,1290,120504
12/17/2020,Chautauqua,128,2624,1015,121519
12/18/2020,Chautauqua,96,2720,1554,123073
12/19/2020,Chautauqua,50,2770,1350,124423
12/20/2020,Chautauqua,53,2823,487,124910
12/21/2020,Chautauqua,47,2870,188,125098
12/22/2020,Chautauqua,47,2917,1037,126135
12/23/2020,Chautauqua,70,2987,924,127059
12/24/2020,Chautauqua,113,3100,1066,128125
12/25/2020,Chautauqua,62,3162,686,128811
12/26/2020,Chautauqua,13,3175,270,129081
12/27/2020,Chautauqua,86,3261,350,129431
12/28/2020,Chautauqua,76,3337,787,130218
12/29/2020,Chautauqua,67,3404,475,130693
12/30/2020,Chautauqua,114,3518,1273,131966
12/31/2020,Chautauqua,107,3625,1006,132972
01/01/2021,Chautauqua,96,3721,1329,134301
01/02/2021,Chautauqua,64,3785,410,134711
01/03/2021,Chautauqua,130,3915,663,135374
01/04/2021,Chautauqua,102,4017,432,135806
01/05/2021,Chautauqua,109,4126,694,136500
01/06/2021,Chautauqua,61,4187,1432,137932
01/07/2021,Chautauqua,240,4427,1256,139188
01/08/2021,Chautauqua,134,4561,1256,140444
01/09/2021,Chautauqua,147,4708,1158,141602
01/10/2021,Chautauqua,99,4807,923,142525
01/11/2021,Chautauqua,119,4926,933,143458
01/12/2021,Chautauqua,78,5004,558,144016
01/13/2021,Chautauqua,87,5091,1131,145147
01/14/2021,Chautauqua,130,5221,1271,146418
01/15/2021,Chautauqua,129,5350,1036,147454
01/16/2021,Chautauqua,110,5460,1476,148930
01/17/2021,Chautauqua,81,5541,716,149646
01/18/2021,Chautauqua,60,5601,630,150276
01/19/2021,Chautauqua,59,5660,784,151060
01/20/2021,Chautauqua,82,5742,1180,152240
01/21/2021,Chautauqua,102,5844,1041,153281
01/22/2021,Chautauqua,103,5947,859,154140
01/23/2021,Chautauqua,66,6013,1570,155710
01/24/2021,Chautauqua,40,6053,783,156493
01/25/2021,Chautauqua,43,6096,656,157149
01/26/2021,Chautauqua,84,6180,956,158105
01/27/2021,Chautauqua,99,6279,1331,159436
01/28/2021,Chautauqua,62,6341,1077,160513
01/29/2021,Chautauqua,50,6391,981,161494
01/30/2021,Chautauqua,90,6481,2459,163953
01/31/2021,Chautauqua,33,6514,395,164348
02/01/2021,Chautauqua,46,6560,443,164791
02/02/2021,Chautauqua,36,6596,766,165557
02/03/2021,Chautauqua,71,6667,1267,166824
02/04/2021,Chautauqua,69,6736,1273,168097
02/05/2021,Chautauqua,46,6782,1239,169336
02/06/2021,Chautauqua,37,6819,784,170120
02/07/2021,Chautauqua,27,6846,646,170766
02/08/2021,Chautauqua,14,6860,318,171084
02/09/2021,Chautauqua,49,6909,1515,172599
02/10/2021,Chautauqua,31,6940,2663,175262
02/11/2021,Chautauqua,33,6973,788,176050
02/12/2021,Chautauqua,31,7004,1632,177682
02/13/2021,Chautauqua,40,7044,3020,180702
02/14/2021,Chautauqua,14,7058,357,181059
02/15/2021,Chautauqua,13,7071,344,181403
02/16/2021,Chautauqua,16,7087,1123,182526
02/17/2021,Chautauqua,35,7122,962,183488
02/18/2021,Chautauqua,18,7140,2448,185936
02/19/2021,Chautauqua,12,7152,2963,188899
02/20/2021,Chautauqua,33,7185,2031,190930
02/21/2021,Chautauqua,12,7197,786,191716
02/22/2021,Chautauqua,4,7201,225,191941
02/23/2021,Chautauqua,12,7213,1055,192996
02/24/2021,Chautauqua,44,7257,2453,195449
02/25/2021,Chautauqua,11,7268,2430,197879
02/26/2021,Chautauqua,20,7288,2111,199990
02/27/2021,Chautauqua,33,7321,2340,202330
02/28/2021,Chautauqua,15,7336,574,202904
03/01/2021,Chautauqua,5,7341,132,203036
03/02/2021,Chautauqua,20,7361,1555,204591
03/03/2021,Chautauqua,18,7379,1729,206320
03/04/2021,Chautauqua,23,7402,2080,208400
03/05/2021,Chautauqua,23,7425,1434,209834
03/06/2021,Chautauqua,18,7443,2814,212648
03/07/2021,Chautauqua,12,7455,281,212929
03/08/2021,Chautauqua,21,7476,1001,213930
03/09/2021,Chautauqua,10,7486,2272,216202
03/10/2021,Chautauqua,8,7494,2168,218370
03/11/2021,Chautauqua,23,7517,1997,220367
03/12/2021,Chautauqua,10,7527,1943,222310
03/13/2021,Chautauqua,11,7538,2428,224738
03/14/2021,Chautauqua,24,7562,532,225270
03/15/2021,Chautauqua,20,7582,219,225489
03/16/2021,Chautauqua,16,7598,1755,227244
03/17/2021,Chautauqua,37,7635,1915,229159
03/18/2021,Chautauqua,25,7660,1827,230986
03/19/2021,Chautauqua,21,7681,1989,232975
03/20/2021,Chautauqua,29,7710,2380,235355
03/21/2021,Chautauqua,10,7720,512,235867
03/22/2021,Chautauqua,22,7742,441,236308
03/23/2021,Chautauqua,14,7756,1489,237797
03/24/2021,Chautauqua,36,7792,3991,241788
03/25/2021,Chautauqua,25,7817,3293,245081
03/26/2021,Chautauqua,17,7834,1168,246249
03/27/2021,Chautauqua,20,7854,1608,247857
03/28/2021,Chautauqua,13,7867,820,248677
03/29/2021,Chautauqua,35,7902,518,249195
03/30/2021,Chautauqua,25,7927,1881,251076
03/31/2021,Chautauqua,23,7950,919,251995
04/01/2021,Chautauqua,20,7970,3492,255487
04/02/2021,Chautauqua,18,7988,964,256451
04/03/2021,Chautauqua,12,8000,1230,257681
04/04/2021,Chautauqua,50,8050,411,258092
04/05/2021,Chautauqua,9,8059,437,258529
04/06/2021,Chautauqua,18,8077,862,259391
04/07/2021,Chautauqua,22,8099,1146,260537
04/08/2021,Chautauqua,24,8123,1736,262273
04/09/2021,Chautauqua,26,8149,716,262989
04/10/2021,Chautauqua,29,8178,1517,264506
04/11/2021,Chautauqua,27,8205,703,265209
04/12/2021,Chautauqua,22,8227,342,265551
04/13/2021,Chautauqua,29,8256,1784,267335
04/14/2021,Chautauqua,48,8304,2810,270145
04/15/2021,Chautauqua,24,8328,1155,271300
04/16/2021,Chautauqua,50,8378,1333,272633
04/17/2021,Chautauqua,41,8419,1824,274457
04/18/2021,Chautauqua,9,8428,408,274865
04/19/2021,Chautauqua,13,8441,198,275063
04/20/2021,Chautauqua,18,8459,1786,276849
04/21/2021,Chautauqua,30,8489,1275,278124
04/22/2021,Chautauqua,15,8504,1521,279645
04/23/2021,Chautauqua,11,8515,538,280183
04/24/2021,Chautauqua,16,8531,1342,281525
04/25/2021,Chautauqua,5,8536,905,282430
04/26/2021,Chautauqua,9,8545,277,282707
04/27/2021,Chautauqua,17,8562,561,283268
04/28/2021,Chautauqua,27,8589,1323,284591
04/29/2021,Chautauqua,30,8619,1029,285620
04/30/2021,Chautauqua,16,8635,1416,287036
05/01/2021,Chautauqua,6,8641,805,287841
05/02/2021,Chautauqua,15,8656,300,288141
05/03/2021,Chautauqua,14,8670,510,288651
05/04/2021,Chautauqua,12,8682,416,289067
05/05/2021,Chautauqua,13,8695,1247,290314
05/06/2021,Chautauqua,8,8703,668,290982
05/07/2021,Chautauqua,11,8714,1907,292889
05/08/2021,Chautauqua,22,8736,738,293627
05/09/2021,Chautauqua,7,8743,592,294219
05/10/2021,Chautauqua,6,8749,162,294381
05/11/2021,Chautauqua,18,8767,621,295002
05/12/2021,Chautauqua,9,8776,1269,296271
05/13/2021,Chautauqua,12,8788,977,297248
05/14/2021,Chautauqua,19,8807,1342,298590
05/15/2021,Chautauqua,7,8814,493,299083
05/16/2021,Chautauqua,6,8820,396,299479
05/17/2021,Chautauqua,2,8822,523,300002
05/18/2021,Chautauqua,12,8834,422,300424
05/19/2021,Chautauqua,5,8839,1052,301476
05/20/2021,Chautauqua,10,8849,1002,302478
05/21/2021,Chautauqua,12,8861,635,303113
05/22/2021,Chautauqua,4,8865,526,303639
05/23/2021,Chautauqua,8,8873,638,304277
05/24/2021,Chautauqua,15,8888,106,304383
05/25/2021,Chautauqua,9,8897,422,304805
05/26/2021,Chautauqua,3,8900,670,305475
05/27/2021,Chautauqua,3,8903,757,306232
05/28/2021,Chautauqua,7,8910,470,306702
05/29/2021,Chautauqua,7,8917,809,307511
05/30/2021,Chautauqua,1,8918,89,307600
05/31/2021,Chautauqua,0,8918,42,307642
06/01/2021,Chautauqua,1,8919,242,307884
06/02/2021,Chautauqua,2,8921,762,308646
06/03/2021,Chautauqua,3,8924,586,309232
06/04/2021,Chautauqua,7,8931,768,310000
06/05/2021,Chautauqua,0,8931,497,310497
06/06/2021,Chautauqua,5,8936,320,310817
06/07/2021,Chautauqua,2,8938,727,311544
06/08/2021,Chautauqua,2,8940,355,311899
06/09/2021,Chautauqua,5,8945,736,312635
06/10/2021,Chautauqua,3,8948,492,313127
06/11/2021,Chautauqua,1,8949,763,313890
06/12/2021,Chautauqua,1,8950,241,314131
06/13/2021,Chautauqua,1,8951,491,314622
06/14/2021,Chautauqua,0,8951,136,314758
06/15/2021,Chautauqua,1,8952,205,314963
06/16/2021,Chautauqua,4,8956,378,315341
06/17/2021,Chautauqua,1,8957,402,315743
06/18/2021,Chautauqua,1,8958,206,315949
06/19/2021,Chautauqua,0,8958,214,316163
06/20/2021,Chautauqua,1,8959,247,316410
06/21/2021,Chautauqua,0,8959,209,316619
06/22/2021,Chautauqua,0,8959,177,316796
06/23/2021,Chautauqua,0,8959,259,317055
06/24/2021,Chautauqua,0,8959,371,317426
06/25/2021,Chautauqua,0,8959,272,317698
06/26/2021,Chautauqua,2,8961,198,317896
06/27/2021,Chautauqua,0,8961,145,318041
06/28/2021,Chautauqua,0,8961,87,318128
06/29/2021,Chautauqua,1,8962,191,318319
06/30/2021,Chautauqua,1,8963,229,318548
07/01/2021,Chautauqua,1,8964,333,318881
07/02/2021,Chautauqua,1,8965,226,319107
07/03/2021,Chautauqua,1,8966,146,319253
07/04/2021,Chautauqua,0,8966,214,319467
07/05/2021,Chautauqua,0,8966,103,319570
07/06/2021,Chautauqua,0,8966,191,319761
07/07/2021,Chautauqua,1,8967,332,320093
07/08/2021,Chautauqua,3,8970,211,320304
07/09/2021,Chautauqua,1,8971,353,320657
07/10/2021,Chautauqua,0,8971,224,320881
07/11/2021,Chautauqua,0,8971,142,321023
07/12/2021,Chautauqua,2,8973,58,321081
07/13/2021,Chautauqua,2,8975,118,321199
07/14/2021,Chautauqua,0,8975,276,321475
07/15/2021,Chautauqua,2,8977,163,321638
07/16/2021,Chautauqua,0,8977,105,321743
07/17/2021,Chautauqua,4,8981,214,321957
07/18/2021,Chautauqua,1,8982,47,322004
07/19/2021,Chautauqua,0,8982,117,322121
07/20/2021,Chautauqua,2,8984,118,322239
07/21/2021,Chautauqua,2,8986,112,322351
07/22/2021,Chautauqua,3,8989,201,322552
07/23/2021,Chautauqua,1,8990,66,322618
07/24/2021,Chautauqua,0,8990,168,322786
07/25/2021,Chautauqua,3,8993,47,322833
07/26/2021,Chautauqua,4,8997,161,322994
07/27/2021,Chautauqua,3,9000,131,323125
07/28/2021,Chautauqua,4,9004,186,323311
07/29/2021,Chautauqua,4,9008,235,323546
07/30/2021,Chautauqua,2,9010,117,323663
07/31/2021,Chautauqua,4,9014,156,323819
08/01/2021,Chautauqua,1,9015,45,323864
08/02/2021,Chautauqua,9,9024,172,324036
08/03/2021,Chautauqua,8,9032,212,324248
08/04/2021,Chautauqua,9,9041,270,324518
08/05/2021,Chautauqua,5,9046,226,324744
08/06/2021,Chautauqua,25,9071,598,325342
08/07/2021,Chautauqua,11,9082,218,325560
08/08/2021,Chautauqua,15,9097,117,325677
08/09/2021,Chautauqua,12,9109,130,325807
08/10/2021,Chautauqua,9,9118,234,326041
08/11/2021,Chautauqua,22,9140,230,326271
08/12/2021,Chautauqua,22,9162,421,326692
08/13/2021,Chautauqua,15,9177,492,327184
08/14/2021,Chautauqua,21,9198,204,327388
08/15/2021,Chautauqua,10,9208,189,327577
08/16/2021,Chautauqua,8,9216,203,327780
08/17/2021,Chautauqua,23,9239,287,328067
08/18/2021,Chautauqua,21,9260,413,328480
08/19/2021,Chautauqua,22,9282,785,329265
08/20/2021,Chautauqua,25,9307,446,329711
08/21/2021,Chautauqua,26,9333,274,329985
08/22/2021,Chautauqua,55,9388,300,330285
08/23/2021,Chautauqua,18,9406,144,330429
08/24/2021,Chautauqua,15,9421,185,330614
08/25/2021,Chautauqua,32,9453,252,330866
08/26/2021,Chautauqua,86,9539,1009,331875
08/27/2021,Chautauqua,55,9594,593,332468
08/28/2021,Chautauqua,23,9617,608,333076
08/29/2021,Chautauqua,40,9657,352,333428
08/30/2021,Chautauqua,35,9692,242,333670
08/31/2021,Chautauqua,21,9713,235,333905
09/01/2021,Chautauqua,43,9756,506,334411
09/02/2021,Chautauqua,53,9809,1002,335413
09/03/2021,Chautauqua,41,9850,697,336110
09/04/2021,Chautauqua,39,9889,334,336444
09/05/2021,Chautauqua,71,9960,461,336905
09/06/2021,Chautauqua,56,10016,408,337313
09/07/2021,Chautauqua,35,10051,291,337604
09/08/2021,Chautauqua,62,10113,748,338352
09/09/2021,Chautauqua,69,10182,568,338920
09/10/2021,Chautauqua,66,10248,823,339743
09/11/2021,Chautauqua,64,10312,483,340226
09/12/2021,Chautauqua,45,10357,667,340893
09/13/2021,Chautauqua,22,10379,179,341072
09/14/2021,Chautauqua,40,10419,495,341567
09/15/2021,Chautauqua,118,10537,1201,342768
09/16/2021,Chautauqua,85,10622,1430,344198
09/17/2021,Chautauqua,52,10674,470,344668
09/18/2021,Chautauqua,122,10796,856,345524
09/19/2021,Chautauqua,19,10815,737,346261
09/20/2021,Chautauqua,94,10909,614,346875
09/21/2021,Chautauqua,31,10940,558,347433
09/22/2021,Chautauqua,40,10980,957,348390
09/23/2021,Chautauqua,131,11111,1760,350150
09/24/2021,Chautauqua,79,11190,853,351003
09/25/2021,Chautauqua,45,11235,390,351393
09/26/2021,Chautauqua,70,11305,680,352073
09/27/2021,Chautauqua,18,11323,222,352295
09/28/2021,Chautauqua,86,11409,1082,353377
09/29/2021,Chautauqua,48,11457,718,354095
09/30/2021,Chautauqua,88,11545,1096,355191
10/01/2021,Chautauqua,42,11587,581,355772
10/02/2021,Chautauqua,72,11659,1007,356779
10/03/2021,Chautauqua,19,11678,322,357101
10/04/2021,Chautauqua,47,11725,942,358043
10/05/2021,Chautauqua,80,11805,677,358720
10/06/2021,Chautauqua,19,11824,547,359267
10/07/2021,Chautauqua,96,11920,1297,360564
10/08/2021,Chautauqua,58,11978,769,361333
10/09/2021,Chautauqua,37,12015,431,361764
10/10/2021,Chautauqua,54,12069,688,362452
10/11/2021,Chautauqua,18,12087,184,362636
10/12/2021,Chautauqua,39,12126,426,363062
10/13/2021,Chautauqua,23,12149,881,363943
10/14/2021,Chautauqua,50,12199,971,364914
10/15/2021,Chautauqua,49,12248,832,365746
10/16/2021,Chautauqua,33,12281,616,366362
10/17/2021,Chautauqua,27,12308,415,366777
10/18/2021,Chautauqua,10,12318,345,367122
10/19/2021,Chautauqua,61,12379,595,367717
10/20/2021,Chautauqua,49,12428,586,368303
10/21/2021,Chautauqua,21,12449,839,369142
10/22/2021,Chautauqua,51,12500,936,370078
10/23/2021,Chautauqua,26,12526,477,370555
03/01/2020,Chemung,0,0,0,0
03/02/2020,Chemung,0,0,0,0
03/03/2020,Chemung,0,0,0,0
03/04/2020,Chemung,0,0,0,0
03/05/2020,Chemung,0,0,0,0
03/06/2020,Chemung,0,0,0,0
03/07/2020,Chemung,0,0,0,0
03/08/2020,Chemung,0,0,0,0
03/09/2020,Chemung,0,0,0,0
03/10/2020,Chemung,0,0,1,1
03/11/2020,Chemung,0,0,0,1
03/12/2020,Chemung,0,0,0,1
03/13/2020,Chemung,0,0,0,1
03/14/2020,Chemung,0,0,0,1
03/15/2020,Chemung,0,0,1,2
03/16/2020,Chemung,0,0,0,2
03/17/2020,Chemung,0,0,0,2
03/18/2020,Chemung,0,0,2,4
03/19/2020,Chemung,0,0,6,10
03/20/2020,Chemung,0,0,10,20
03/21/2020,Chemung,0,0,2,22
03/22/2020,Chemung,0,0,17,39
03/23/2020,Chemung,1,1,17,56
03/24/2020,Chemung,0,1,5,61
03/25/2020,Chemung,6,7,57,118
03/26/2020,Chemung,4,11,48,166
03/27/2020,Chemung,1,12,48,214
03/28/2020,Chemung,3,15,25,239
03/29/2020,Chemung,0,15,7,246
03/30/2020,Chemung,5,20,47,293
03/31/2020,Chemung,2,22,42,335
04/01/2020,Chemung,0,22,14,349
04/02/2020,Chemung,13,35,84,433
04/03/2020,Chemung,1,36,28,461
04/04/2020,Chemung,2,38,35,496
04/05/2020,Chemung,9,47,50,546
04/06/2020,Chemung,2,49,22,568
04/07/2020,Chemung,6,55,56,624
04/08/2020,Chemung,4,59,38,662
04/09/2020,Chemung,0,59,39,701
04/10/2020,Chemung,1,60,26,727
04/11/2020,Chemung,0,60,6,733
04/12/2020,Chemung,0,60,9,742
04/13/2020,Chemung,4,64,40,782
04/14/2020,Chemung,5,69,43,825
04/15/2020,Chemung,1,70,18,843
04/16/2020,Chemung,1,71,9,852
04/17/2020,Chemung,1,72,32,884
04/18/2020,Chemung,1,73,15,899
04/19/2020,Chemung,0,73,17,916
04/20/2020,Chemung,2,75,32,948
04/21/2020,Chemung,0,75,38,986
04/22/2020,Chemung,1,76,29,1015
04/23/2020,Chemung,3,79,39,1054
04/24/2020,Chemung,24,103,228,1282
04/25/2020,Chemung,3,106,17,1299
04/26/2020,Chemung,2,108,20,1319
04/27/2020,Chemung,5,113,64,1383
04/28/2020,Chemung,6,119,96,1479
04/29/2020,Chemung,3,122,84,1563
04/30/2020,Chemung,1,123,54,1617
05/01/2020,Chemung,1,124,36,1653
05/02/2020,Chemung,1,125,26,1679
05/03/2020,Chemung,1,126,244,1923
05/04/2020,Chemung,0,126,154,2077
05/05/2020,Chemung,2,128,143,2220
05/06/2020,Chemung,1,129,89,2309
05/07/2020,Chemung,1,130,46,2355
05/08/2020,Chemung,1,131,108,2463
05/09/2020,Chemung,0,131,125,2588
05/10/2020,Chemung,0,131,174,2762
05/11/2020,Chemung,0,131,68,2830
05/12/2020,Chemung,1,132,282,3112
05/13/2020,Chemung,0,132,312,3424
05/14/2020,Chemung,1,133,234,3658
05/15/2020,Chemung,1,134,240,3898
05/16/2020,Chemung,0,134,106,4004
05/17/2020,Chemung,0,134,68,4072
05/18/2020,Chemung,0,134,118,4190
05/19/2020,Chemung,0,134,113,4303
05/20/2020,Chemung,0,134,91,4394
05/21/2020,Chemung,1,135,141,4535
05/22/2020,Chemung,1,136,233,4768
05/23/2020,Chemung,0,136,215,4983
05/24/2020,Chemung,0,136,196,5179
05/25/2020,Chemung,0,136,96,5275
05/26/2020,Chemung,0,136,295,5570
05/27/2020,Chemung,0,136,63,5633
05/28/2020,Chemung,1,137,99,5732
05/29/2020,Chemung,0,137,451,6183
05/30/2020,Chemung,0,137,337,6520
05/31/2020,Chemung,0,137,73,6593
06/01/2020,Chemung,0,137,145,6738
06/02/2020,Chemung,0,137,247,6985
06/03/2020,Chemung,0,137,219,7204
06/04/2020,Chemung,0,137,114,7318
06/05/2020,Chemung,0,137,853,8171
06/06/2020,Chemung,0,137,263,8434
06/07/2020,Chemung,0,137,217,8651
06/08/2020,Chemung,1,138,544,9195
06/09/2020,Chemung,0,138,296,9491
06/10/2020,Chemung,0,138,437,9928
06/11/2020,Chemung,0,138,169,10097
06/12/2020,Chemung,0,138,380,10477
06/13/2020,Chemung,0,138,157,10634
06/14/2020,Chemung,0,138,106,10740
06/15/2020,Chemung,0,138,219,10959
06/16/2020,Chemung,0,138,325,11284
06/17/2020,Chemung,0,138,317,11601
06/18/2020,Chemung,1,139,372,11973
06/19/2020,Chemung,0,139,267,12240
06/20/2020,Chemung,0,139,108,12348
06/21/2020,Chemung,0,139,198,12546
06/22/2020,Chemung,0,139,237,12783
06/23/2020,Chemung,0,139,275,13058
06/24/2020,Chemung,0,139,306,13364
06/25/2020,Chemung,0,139,148,13512
06/26/2020,Chemung,0,139,340,13852
06/27/2020,Chemung,1,140,276,14128
06/28/2020,Chemung,0,140,231,14359
06/29/2020,Chemung,1,141,167,14526
06/30/2020,Chemung,3,144,278,14804
07/01/2020,Chemung,0,144,194,14998
07/02/2020,Chemung,1,145,205,15203
07/03/2020,Chemung,1,146,419,15622
07/04/2020,Chemung,0,146,257,15879
07/05/2020,Chemung,0,146,250,16129
07/06/2020,Chemung,1,147,244,16373
07/07/2020,Chemung,0,147,276,16649
07/08/2020,Chemung,1,148,179,16828
07/09/2020,Chemung,0,148,308,17136
07/10/2020,Chemung,0,148,268,17404
07/11/2020,Chemung,0,148,378,17782
07/12/2020,Chemung,0,148,190,17972
07/13/2020,Chemung,1,149,332,18304
07/14/2020,Chemung,2,151,464,18768
07/15/2020,Chemung,0,151,422,19190
07/16/2020,Chemung,0,151,473,19663
07/17/2020,Chemung,2,153,284,19947
07/18/2020,Chemung,1,154,213,20160
07/19/2020,Chemung,1,155,139,20299
07/20/2020,Chemung,0,155,188,20487
07/21/2020,Chemung,1,156,273,20760
07/22/2020,Chemung,1,157,506,21266
07/23/2020,Chemung,1,158,640,21906
07/24/2020,Chemung,2,160,336,22242
07/25/2020,Chemung,0,160,146,22388
07/26/2020,Chemung,0,160,109,22497
07/27/2020,Chemung,0,160,142,22639
07/28/2020,Chemung,1,161,413,23052
07/29/2020,Chemung,1,162,387,23439
07/30/2020,Chemung,1,163,409,23848
07/31/2020,Chemung,0,163,232,24080
08/01/2020,Chemung,0,163,196,24276
08/02/2020,Chemung,0,163,90,24366
08/03/2020,Chemung,0,163,101,24467
08/04/2020,Chemung,2,165,570,25037
08/05/2020,Chemung,0,165,417,25454
08/06/2020,Chemung,3,168,376,25830
08/07/2020,Chemung,3,171,387,26217
08/08/2020,Chemung,0,171,264,26481
08/09/2020,Chemung,1,172,181,26662
08/10/2020,Chemung,4,176,273,26935
08/11/2020,Chemung,1,177,443,27378
08/12/2020,Chemung,7,184,472,27850
08/13/2020,Chemung,3,187,396,28246
08/14/2020,Chemung,1,188,476,28722
08/15/2020,Chemung,1,189,253,28975
08/16/2020,Chemung,1,190,149,29124
08/17/2020,Chemung,0,190,155,29279
08/18/2020,Chemung,1,191,320,29599
08/19/2020,Chemung,2,193,247,29846
08/20/2020,Chemung,0,193,573,30419
08/21/2020,Chemung,1,194,407,30826
08/22/2020,Chemung,0,194,264,31090
08/23/2020,Chemung,0,194,164,31254
08/24/2020,Chemung,0,194,103,31357
08/25/2020,Chemung,0,194,430,31787
08/26/2020,Chemung,0,194,371,32158
08/27/2020,Chemung,2,196,525,32683
08/28/2020,Chemung,0,196,302,32985
08/29/2020,Chemung,4,200,218,33203
08/30/2020,Chemung,3,203,146,33349
08/31/2020,Chemung,2,205,95,33444
09/01/2020,Chemung,0,205,338,33782
09/02/2020,Chemung,0,205,554,34336
09/03/2020,Chemung,1,206,243,34579
09/04/2020,Chemung,0,206,239,34818
09/05/2020,Chemung,2,208,176,34994
09/06/2020,Chemung,2,210,105,35099
09/07/2020,Chemung,1,211,141,35240
09/08/2020,Chemung,3,214,159,35399
09/09/2020,Chemung,4,218,677,36076
09/10/2020,Chemung,21,239,427,36503
09/11/2020,Chemung,8,247,379,36882
09/12/2020,Chemung,4,251,134,37016
09/13/2020,Chemung,0,251,325,37341
09/14/2020,Chemung,18,269,444,37785
09/15/2020,Chemung,6,275,365,38150
09/16/2020,Chemung,19,294,728,38878
09/17/2020,Chemung,11,305,653,39531
09/18/2020,Chemung,17,322,621,40152
09/19/2020,Chemung,8,330,273,40425
09/20/2020,Chemung,8,338,179,40604
09/21/2020,Chemung,11,349,243,40847
09/22/2020,Chemung,12,361,825,41672
09/23/2020,Chemung,26,387,750,42422
09/24/2020,Chemung,28,415,706,43128
09/25/2020,Chemung,25,440,599,43727
09/26/2020,Chemung,21,461,413,44140
09/27/2020,Chemung,9,470,152,44292
09/28/2020,Chemung,22,492,384,44676
09/29/2020,Chemung,18,510,582,45258
09/30/2020,Chemung,50,560,742,46000
10/01/2020,Chemung,31,591,590,46590
10/02/2020,Chemung,60,651,824,47414
10/03/2020,Chemung,70,721,744,48158
10/04/2020,Chemung,26,747,302,48460
10/05/2020,Chemung,38,785,499,48959
10/06/2020,Chemung,31,816,664,49623
10/07/2020,Chemung,39,855,869,50492
10/08/2020,Chemung,33,888,769,51261
10/09/2020,Chemung,41,929,930,52191
10/10/2020,Chemung,29,958,677,52868
10/11/2020,Chemung,27,985,401,53269
10/12/2020,Chemung,30,1015,491,53760
10/13/2020,Chemung,46,1061,815,54575
10/14/2020,Chemung,43,1104,604,55179
10/15/2020,Chemung,52,1156,994,56173
10/16/2020,Chemung,43,1199,792,56965
10/17/2020,Chemung,45,1244,808,57773
10/18/2020,Chemung,48,1292,429,58202
10/19/2020,Chemung,40,1332,482,58684
10/20/2020,Chemung,49,1381,942,59626
10/21/2020,Chemung,75,1456,1127,60753
10/22/2020,Chemung,54,1510,1150,61903
10/23/2020,Chemung,34,1544,891,62794
10/24/2020,Chemung,96,1640,1206,64000
10/25/2020,Chemung,22,1662,311,64311
10/26/2020,Chemung,48,1710,687,64998
10/27/2020,Chemung,33,1743,575,65573
10/28/2020,Chemung,34,1777,995,66568
10/29/2020,Chemung,20,1797,913,67481
10/30/2020,Chemung,29,1826,606,68087
10/31/2020,Chemung,26,1852,754,68841
11/01/2020,Chemung,38,1890,391,69232
11/02/2020,Chemung,33,1923,448,69680
11/03/2020,Chemung,25,1948,637,70317
11/04/2020,Chemung,48,1996,863,71180
11/05/2020,Chemung,50,2046,1036,72216
11/06/2020,Chemung,50,2096,853,73069
11/07/2020,Chemung,30,2126,937,74006
11/08/2020,Chemung,9,2135,501,74507
11/09/2020,Chemung,22,2157,591,75098
11/10/2020,Chemung,40,2197,972,76070
11/11/2020,Chemung,44,2241,927,76997
11/12/2020,Chemung,39,2280,1242,78239
11/13/2020,Chemung,51,2331,979,79218
11/14/2020,Chemung,31,2362,903,80121
11/15/2020,Chemung,18,2380,856,80977
11/16/2020,Chemung,24,2404,427,81404
11/17/2020,Chemung,34,2438,846,82250
11/18/2020,Chemung,49,2487,956,83206
11/19/2020,Chemung,31,2518,716,83922
11/20/2020,Chemung,53,2571,1633,85555
11/21/2020,Chemung,76,2647,868,86423
11/22/2020,Chemung,55,2702,1215,87638
11/23/2020,Chemung,22,2724,639,88277
11/24/2020,Chemung,45,2769,679,88956
11/25/2020,Chemung,103,2872,1488,90444
11/26/2020,Chemung,83,2955,1265,91709
11/27/2020,Chemung,38,2993,491,92200
11/28/2020,Chemung,55,3048,917,93117
11/29/2020,Chemung,39,3087,297,93414
11/30/2020,Chemung,22,3109,382,93796
12/01/2020,Chemung,31,3140,829,94625
12/02/2020,Chemung,72,3212,1301,95926
12/03/2020,Chemung,98,3310,1336,97262
12/04/2020,Chemung,85,3395,1237,98499
12/05/2020,Chemung,38,3433,1189,99688
12/06/2020,Chemung,24,3457,641,100329
12/07/2020,Chemung,16,3473,241,100570
12/08/2020,Chemung,58,3531,1102,101672
12/09/2020,Chemung,64,3595,1275,102947
12/10/2020,Chemung,56,3651,1537,104484
12/11/2020,Chemung,50,3701,1328,105812
12/12/2020,Chemung,42,3743,1021,106833
12/13/2020,Chemung,33,3776,397,107230
12/14/2020,Chemung,27,3803,451,107681
12/15/2020,Chemung,45,3848,875,108556
12/16/2020,Chemung,70,3918,1417,109973
12/17/2020,Chemung,73,3991,1577,111550
12/18/2020,Chemung,37,4028,616,112166
12/19/2020,Chemung,55,4083,959,113125
12/20/2020,Chemung,23,4106,293,113418
12/21/2020,Chemung,30,4136,404,113822
12/22/2020,Chemung,29,4165,953,114775
12/23/2020,Chemung,46,4211,1437,116212
12/24/2020,Chemung,42,4253,959,117171
12/25/2020,Chemung,31,4284,733,117904
12/26/2020,Chemung,15,4299,321,118225
12/27/2020,Chemung,43,4342,345,118570
12/28/2020,Chemung,47,4389,337,118907
12/29/2020,Chemung,59,4448,822,119729
12/30/2020,Chemung,83,4531,1447,121176
12/31/2020,Chemung,54,4585,782,121958
01/01/2021,Chemung,44,4629,825,122783
01/02/2021,Chemung,56,4685,515,123298
01/03/2021,Chemung,68,4753,464,123762
01/04/2021,Chemung,38,4791,378,124140
01/05/2021,Chemung,98,4889,960,125100
01/06/2021,Chemung,55,4944,1378,126478
01/07/2021,Chemung,94,5038,1292,127770
01/08/2021,Chemung,48,5086,1318,129088
01/09/2021,Chemung,53,5139,726,129814
01/10/2021,Chemung,53,5192,626,130440
01/11/2021,Chemung,66,5258,625,131065
01/12/2021,Chemung,47,5305,1077,132142
01/13/2021,Chemung,54,5359,1482,133624
01/14/2021,Chemung,63,5422,1328,134952
01/15/2021,Chemung,57,5479,1422,136374
01/16/2021,Chemung,55,5534,811,137185
01/17/2021,Chemung,33,5567,561,137746
01/18/2021,Chemung,36,5603,427,138173
01/19/2021,Chemung,40,5643,832,139005
01/20/2021,Chemung,46,5689,1833,140838
01/21/2021,Chemung,50,5739,1207,142045
01/22/2021,Chemung,43,5782,1238,143283
01/23/2021,Chemung,52,5834,1034,144317
01/24/2021,Chemung,32,5866,462,144779
01/25/2021,Chemung,23,5889,347,145126
01/26/2021,Chemung,41,5930,930,146056
01/27/2021,Chemung,48,5978,1447,147503
01/28/2021,Chemung,20,5998,1312,148815
01/29/2021,Chemung,20,6018,1174,149989
01/30/2021,Chemung,23,6041,849,150838
01/31/2021,Chemung,24,6065,472,151310
02/01/2021,Chemung,18,6083,285,151595
02/02/2021,Chemung,16,6099,723,152318
02/03/2021,Chemung,20,6119,845,153163
02/04/2021,Chemung,23,6142,726,153889
02/05/2021,Chemung,11,6153,748,154637
02/06/2021,Chemung,10,6163,753,155390
02/07/2021,Chemung,31,6194,511,155901
02/08/2021,Chemung,12,6206,265,156166
02/09/2021,Chemung,19,6225,834,157000
02/10/2021,Chemung,15,6240,1425,158425
02/11/2021,Chemung,9,6249,819,159244
02/12/2021,Chemung,17,6266,1123,160367
02/13/2021,Chemung,17,6283,756,161123
02/14/2021,Chemung,13,6296,360,161483
02/15/2021,Chemung,11,6307,341,161824
02/16/2021,Chemung,8,6315,585,162409
02/17/2021,Chemung,14,6329,1029,163438
02/18/2021,Chemung,16,6345,723,164161
02/19/2021,Chemung,5,6350,886,165047
02/20/2021,Chemung,12,6362,653,165700
02/21/2021,Chemung,13,6375,382,166082
02/22/2021,Chemung,17,6392,374,166456
02/23/2021,Chemung,5,6397,718,167174
02/24/2021,Chemung,11,6408,1042,168216
02/25/2021,Chemung,12,6420,557,168773
02/26/2021,Chemung,8,6428,1015,169788
02/27/2021,Chemung,9,6437,769,170557
02/28/2021,Chemung,3,6440,328,170885
03/01/2021,Chemung,5,6445,322,171207
03/02/2021,Chemung,8,6453,828,172035
03/03/2021,Chemung,1,6454,1166,173201
03/04/2021,Chemung,14,6468,757,173958
03/05/2021,Chemung,12,6480,804,174762
03/06/2021,Chemung,1,6481,915,175677
03/07/2021,Chemung,10,6491,233,175910
03/08/2021,Chemung,5,6496,418,176328
03/09/2021,Chemung,12,6508,869,177197
03/10/2021,Chemung,13,6521,1039,178236
03/11/2021,Chemung,15,6536,940,179176
03/12/2021,Chemung,18,6554,776,179952
03/13/2021,Chemung,5,6559,766,180718
03/14/2021,Chemung,7,6566,244,180962
03/15/2021,Chemung,2,6568,338,181300
03/16/2021,Chemung,5,6573,839,182139
03/17/2021,Chemung,17,6590,926,183065
03/18/2021,Chemung,8,6598,789,183854
03/19/2021,Chemung,18,6616,832,184686
03/20/2021,Chemung,14,6630,937,185623
03/21/2021,Chemung,17,6647,363,185986
03/22/2021,Chemung,16,6663,489,186475
03/23/2021,Chemung,13,6676,876,187351
03/24/2021,Chemung,29,6705,970,188321
03/25/2021,Chemung,35,6740,802,189123
03/26/2021,Chemung,26,6766,841,189964
03/27/2021,Chemung,15,6781,914,190878
03/28/2021,Chemung,16,6797,469,191347
03/29/2021,Chemung,21,6818,574,191921
03/30/2021,Chemung,18,6836,775,192696
03/31/2021,Chemung,25,6861,1172,193868
04/01/2021,Chemung,14,6875,713,194581
04/02/2021,Chemung,15,6890,871,195452
04/03/2021,Chemung,17,6907,757,196209
04/04/2021,Chemung,11,6918,339,196548
04/05/2021,Chemung,6,6924,558,197106
04/06/2021,Chemung,14,6938,723,197829
04/07/2021,Chemung,22,6960,868,198697
04/08/2021,Chemung,19,6979,749,199446
04/09/2021,Chemung,22,7001,1021,200467
04/10/2021,Chemung,21,7022,734,201201
04/11/2021,Chemung,11,7033,243,201444
04/12/2021,Chemung,19,7052,543,201987
04/13/2021,Chemung,16,7068,723,202710
04/14/2021,Chemung,13,7081,912,203622
04/15/2021,Chemung,17,7098,699,204321
04/16/2021,Chemung,44,7142,888,205209
04/17/2021,Chemung,20,7162,1061,206270
04/18/2021,Chemung,21,7183,421,206691
04/19/2021,Chemung,15,7198,317,207008
04/20/2021,Chemung,11,7209,696,207704
04/21/2021,Chemung,18,7227,1058,208762
04/22/2021,Chemung,18,7245,867,209629
04/23/2021,Chemung,21,7266,1001,210630
04/24/2021,Chemung,13,7279,808,211438
04/25/2021,Chemung,17,7296,368,211806
04/26/2021,Chemung,11,7307,326,212132
04/27/2021,Chemung,5,7312,839,212971
04/28/2021,Chemung,20,7332,970,213941
04/29/2021,Chemung,10,7342,739,214680
04/30/2021,Chemung,19,7361,1026,215706
05/01/2021,Chemung,24,7385,791,216497
05/02/2021,Chemung,11,7396,379,216876
05/03/2021,Chemung,12,7408,349,217225
05/04/2021,Chemung,8,7416,703,217928
05/05/2021,Chemung,7,7423,1009,218937
05/06/2021,Chemung,12,7435,403,219340
05/07/2021,Chemung,17,7452,974,220314
05/08/2021,Chemung,15,7467,646,220960
05/09/2021,Chemung,9,7476,442,221402
05/10/2021,Chemung,10,7486,372,221774
05/11/2021,Chemung,9,7495,637,222411
05/12/2021,Chemung,21,7516,729,223140
05/13/2021,Chemung,17,7533,580,223720
05/14/2021,Chemung,21,7554,1042,224762
05/15/2021,Chemung,6,7560,691,225453
05/16/2021,Chemung,10,7570,440,225893
05/17/2021,Chemung,8,7578,335,226228
05/18/2021,Chemung,9,7587,771,226999
05/19/2021,Chemung,13,7600,790,227789
05/20/2021,Chemung,11,7611,681,228470
05/21/2021,Chemung,14,7625,620,229090
05/22/2021,Chemung,8,7633,559,229649
05/23/2021,Chemung,4,7637,293,229942
05/24/2021,Chemung,4,7641,177,230119
05/25/2021,Chemung,11,7652,533,230652
05/26/2021,Chemung,18,7670,833,231485
05/27/2021,Chemung,17,7687,693,232178
05/28/2021,Chemung,10,7697,477,232655
05/29/2021,Chemung,10,7707,491,233146
05/30/2021,Chemung,11,7718,230,233376
05/31/2021,Chemung,4,7722,167,233543
06/01/2021,Chemung,2,7724,282,233825
06/02/2021,Chemung,0,7724,509,234334
06/03/2021,Chemung,4,7728,650,234984
06/04/2021,Chemung,8,7736,782,235766
06/05/2021,Chemung,4,7740,565,236331
06/06/2021,Chemung,5,7745,192,236523
06/07/2021,Chemung,4,7749,209,236732
06/08/2021,Chemung,1,7750,429,237161
06/09/2021,Chemung,3,7753,677,237838
06/10/2021,Chemung,1,7754,476,238314
06/11/2021,Chemung,3,7757,364,238678
06/12/2021,Chemung,1,7758,410,239088
06/13/2021,Chemung,1,7759,124,239212
06/14/2021,Chemung,2,7761,192,239404
06/15/2021,Chemung,3,7764,393,239797
06/16/2021,Chemung,5,7769,485,240282
06/17/2021,Chemung,3,7772,174,240456
06/18/2021,Chemung,2,7774,315,240771
06/19/2021,Chemung,0,7774,290,241061
06/20/2021,Chemung,2,7776,122,241183
06/21/2021,Chemung,0,7776,131,241314
06/22/2021,Chemung,0,7776,217,241531
06/23/2021,Chemung,3,7779,383,241914
06/24/2021,Chemung,0,7779,140,242054
06/25/2021,Chemung,1,7780,171,242225
06/26/2021,Chemung,0,7780,274,242499
06/27/2021,Chemung,0,7780,127,242626
06/28/2021,Chemung,2,7782,111,242737
06/29/2021,Chemung,1,7783,280,243017
06/30/2021,Chemung,0,7783,203,243220
07/01/2021,Chemung,0,7783,171,243391
07/02/2021,Chemung,0,7783,194,243585
07/03/2021,Chemung,1,7784,256,243841
07/04/2021,Chemung,2,7786,105,243946
07/05/2021,Chemung,1,7787,55,244001
07/06/2021,Chemung,1,7788,132,244133
07/07/2021,Chemung,2,7790,224,244357
07/08/2021,Chemung,1,7791,302,244659
07/09/2021,Chemung,2,7793,242,244901
07/10/2021,Chemung,4,7797,463,245364
07/11/2021,Chemung,2,7799,92,245456
07/12/2021,Chemung,4,7803,77,245533
07/13/2021,Chemung,2,7805,263,245796
07/14/2021,Chemung,3,7808,235,246031
07/15/2021,Chemung,1,7809,146,246177
07/16/2021,Chemung,1,7810,344,246521
07/17/2021,Chemung,1,7811,278,246799
07/18/2021,Chemung,3,7814,77,246876
07/19/2021,Chemung,3,7817,88,246964
07/20/2021,Chemung,4,7821,240,247204
07/21/2021,Chemung,1,7822,209,247413
07/22/2021,Chemung,4,7826,199,247612
07/23/2021,Chemung,0,7826,382,247994
07/24/2021,Chemung,6,7832,233,248227
07/25/2021,Chemung,2,7834,95,248322
07/26/2021,Chemung,0,7834,138,248460
07/27/2021,Chemung,1,7835,237,248697
07/28/2021,Chemung,3,7838,187,248884
07/29/2021,Chemung,2,7840,159,249043
07/30/2021,Chemung,5,7845,200,249243
07/31/2021,Chemung,4,7849,143,249386
08/01/2021,Chemung,2,7851,99,249485
08/02/2021,Chemung,5,7856,143,249628
08/03/2021,Chemung,16,7872,313,249941
08/04/2021,Chemung,4,7876,299,250240
08/05/2021,Chemung,5,7881,199,250439
08/06/2021,Chemung,17,7898,314,250753
08/07/2021,Chemung,8,7906,176,250929
08/08/2021,Chemung,6,7912,104,251033
08/09/2021,Chemung,14,7926,144,251177
08/10/2021,Chemung,14,7940,354,251531
08/11/2021,Chemung,21,7961,241,251772
08/12/2021,Chemung,7,7968,246,252018
08/13/2021,Chemung,17,7985,338,252356
08/14/2021,Chemung,2,7987,331,252687
08/15/2021,Chemung,9,7996,145,252832
08/16/2021,Chemung,12,8008,170,253002
08/17/2021,Chemung,15,8023,357,253359
08/18/2021,Chemung,17,8040,363,253722
08/19/2021,Chemung,9,8049,359,254081
08/20/2021,Chemung,19,8068,312,254393
08/21/2021,Chemung,16,8084,305,254698
08/22/2021,Chemung,26,8110,204,254902
08/23/2021,Chemung,17,8127,198,255100
08/24/2021,Chemung,22,8149,511,255611
08/25/2021,Chemung,18,8167,566,256177
08/26/2021,Chemung,35,8202,882,257059
08/27/2021,Chemung,31,8233,553,257612
08/28/2021,Chemung,17,8250,502,258114
08/29/2021,Chemung,19,8269,247,258361
08/30/2021,Chemung,21,8290,183,258544
08/31/2021,Chemung,14,8304,664,259208
09/01/2021,Chemung,21,8325,870,260078
09/02/2021,Chemung,29,8354,668,260746
09/03/2021,Chemung,36,8390,664,261410
09/04/2021,Chemung,20,8410,694,262104
09/05/2021,Chemung,25,8435,305,262409
09/06/2021,Chemung,26,8461,292,262701
09/07/2021,Chemung,22,8483,262,262963
09/08/2021,Chemung,37,8520,865,263828
09/09/2021,Chemung,26,8546,724,264552
09/10/2021,Chemung,45,8591,1040,265592
09/11/2021,Chemung,50,8641,1028,266620
09/12/2021,Chemung,19,8660,288,266908
09/13/2021,Chemung,21,8681,270,267178
09/14/2021,Chemung,29,8710,594,267772
09/15/2021,Chemung,62,8772,1070,268842
09/16/2021,Chemung,65,8837,717,269559
09/17/2021,Chemung,52,8889,872,270431
09/18/2021,Chemung,67,8956,1032,271463
09/19/2021,Chemung,35,8991,312,271775
09/20/2021,Chemung,30,9021,558,272333
09/21/2021,Chemung,48,9069,740,273073
09/22/2021,Chemung,43,9112,984,274057
09/23/2021,Chemung,72,9184,960,275017
09/24/2021,Chemung,93,9277,1306,276323
09/25/2021,Chemung,77,9354,992,277315
09/26/2021,Chemung,60,9414,552,277867
09/27/2021,Chemung,34,9448,342,278209
09/28/2021,Chemung,89,9537,1045,279254
09/29/2021,Chemung,53,9590,923,280177
09/30/2021,Chemung,53,9643,1215,281392
10/01/2021,Chemung,78,9721,1130,282522
10/02/2021,Chemung,67,9788,1126,283648
10/03/2021,Chemung,36,9824,341,283989
10/04/2021,Chemung,31,9855,415,284404
10/05/2021,Chemung,94,9949,967,285371
10/06/2021,Chemung,71,10020,977,286348
10/07/2021,Chemung,124,10144,1368,287716
10/08/2021,Chemung,67,10211,1161,288877
10/09/2021,Chemung,52,10263,923,289800
10/10/2021,Chemung,69,10332,643,290443
10/11/2021,Chemung,35,10367,406,290849
10/12/2021,Chemung,70,10437,830,291679
10/13/2021,Chemung,68,10505,922,292601
10/14/2021,Chemung,94,10599,1160,293761
10/15/2021,Chemung,84,10683,1372,295133
10/16/2021,Chemung,57,10740,772,295905
10/17/2021,Chemung,32,10772,340,296245
10/18/2021,Chemung,26,10798,258,296503
10/19/2021,Chemung,64,10862,982,297485
10/20/2021,Chemung,70,10932,1237,298722
10/21/2021,Chemung,34,10966,736,299458
10/22/2021,Chemung,55,11021,1295,300753
10/23/2021,Chemung,25,11046,812,301565
03/01/2020,Chenango,0,0,0,0
03/02/2020,Chenango,0,0,0,0
03/03/2020,Chenango,0,0,0,0
03/04/2020,Chenango,0,0,0,0
03/05/2020,Chenango,0,0,0,0
03/06/2020,Chenango,0,0,0,0
03/07/2020,Chenango,0,0,0,0
03/08/2020,Chenango,0,0,0,0
03/09/2020,Chenango,0,0,0,0
03/10/2020,Chenango,0,0,0,0
03/11/2020,Chenango,0,0,0,0
03/12/2020,Chenango,0,0,0,0
03/13/2020,Chenango,0,0,0,0
03/14/2020,Chenango,0,0,0,0
03/15/2020,Chenango,0,0,1,1
03/16/2020,Chenango,0,0,2,3
03/17/2020,Chenango,1,1,1,4
03/18/2020,Chenango,1,2,1,5
03/19/2020,Chenango,0,2,0,5
03/20/2020,Chenango,0,2,4,9
03/21/2020,Chenango,1,3,4,13
03/22/2020,Chenango,0,3,2,15
03/23/2020,Chenango,0,3,3,18
03/24/2020,Chenango,0,3,6,24
03/25/2020,Chenango,0,3,1,25
03/26/2020,Chenango,1,4,6,31
03/27/2020,Chenango,4,8,13,44
03/28/2020,Chenango,7,15,15,59
03/29/2020,Chenango,2,17,7,66
03/30/2020,Chenango,2,19,9,75
03/31/2020,Chenango,7,26,20,95
04/01/2020,Chenango,2,28,16,111
04/02/2020,Chenango,4,32,17,128
04/03/2020,Chenango,7,39,40,168
04/04/2020,Chenango,4,43,17,185
04/05/2020,Chenango,3,46,27,212
04/06/2020,Chenango,5,51,42,254
04/07/2020,Chenango,2,53,11,265
04/08/2020,Chenango,2,55,21,286
04/09/2020,Chenango,5,60,29,315
04/10/2020,Chenango,1,61,17,332
04/11/2020,Chenango,2,63,12,344
04/12/2020,Chenango,2,65,17,361
04/13/2020,Chenango,3,68,36,397
04/14/2020,Chenango,3,71,17,414
04/15/2020,Chenango,2,73,21,435
04/16/2020,Chenango,3,76,16,451
04/17/2020,Chenango,1,77,11,462
04/18/2020,Chenango,1,78,13,475
04/19/2020,Chenango,0,78,11,486
04/20/2020,Chenango,1,79,7,493
04/21/2020,Chenango,0,79,17,510
04/22/2020,Chenango,3,82,20,530
04/23/2020,Chenango,2,84,20,550
04/24/2020,Chenango,7,91,144,694
04/25/2020,Chenango,2,93,19,713
04/26/2020,Chenango,2,95,23,736
04/27/2020,Chenango,0,95,10,746
04/28/2020,Chenango,1,96,18,764
04/29/2020,Chenango,2,98,25,789
04/30/2020,Chenango,1,99,21,810
05/01/2020,Chenango,0,99,35,845
05/02/2020,Chenango,0,99,36,881
05/03/2020,Chenango,1,100,50,931
05/04/2020,Chenango,0,100,42,973
05/05/2020,Chenango,2,102,51,1024
05/06/2020,Chenango,3,105,50,1074
05/07/2020,Chenango,0,105,26,1100
05/08/2020,Chenango,4,109,181,1281
05/09/2020,Chenango,0,109,45,1326
05/10/2020,Chenango,2,111,107,1433
05/11/2020,Chenango,1,112,197,1630
05/12/2020,Chenango,0,112,83,1713
05/13/2020,Chenango,0,112,41,1754
05/14/2020,Chenango,1,113,45,1799
05/15/2020,Chenango,2,115,54,1853
05/16/2020,Chenango,2,117,50,1903
05/17/2020,Chenango,1,118,62,1965
05/18/2020,Chenango,0,118,67,2032
05/19/2020,Chenango,0,118,54,2086
05/20/2020,Chenango,0,118,150,2236
05/21/2020,Chenango,0,118,219,2455
05/22/2020,Chenango,0,118,143,2598
05/23/2020,Chenango,0,118,226,2824
05/24/2020,Chenango,1,119,217,3041
05/25/2020,Chenango,4,123,221,3262
05/26/2020,Chenango,2,125,122,3384
05/27/2020,Chenango,1,126,139,3523
05/28/2020,Chenango,4,130,168,3691
05/29/2020,Chenango,2,132,199,3890
05/30/2020,Chenango,1,133,404,4294
05/31/2020,Chenango,0,133,173,4467
06/01/2020,Chenango,0,133,190,4657
06/02/2020,Chenango,0,133,245,4902
06/03/2020,Chenango,0,133,193,5095
06/04/2020,Chenango,0,133,329,5424
06/05/2020,Chenango,0,133,252,5676
06/06/2020,Chenango,1,134,233,5909
06/07/2020,Chenango,1,135,313,6222
06/08/2020,Chenango,0,135,177,6399
06/09/2020,Chenango,2,137,234,6633
06/10/2020,Chenango,0,137,264,6897
06/11/2020,Chenango,1,138,273,7170
06/12/2020,Chenango,0,138,188,7358
06/13/2020,Chenango,0,138,219,7577
06/14/2020,Chenango,0,138,79,7656
06/15/2020,Chenango,1,139,213,7869
06/16/2020,Chenango,0,139,175,8044
06/17/2020,Chenango,0,139,281,8325
06/18/2020,Chenango,0,139,359,8684
06/19/2020,Chenango,0,139,169,8853
06/20/2020,Chenango,0,139,348,9201
06/21/2020,Chenango,1,140,134,9335
06/22/2020,Chenango,1,141,273,9608
06/23/2020,Chenango,1,142,83,9691
06/24/2020,Chenango,2,144,217,9908
06/25/2020,Chenango,1,145,300,10208
06/26/2020,Chenango,1,146,199,10407
06/27/2020,Chenango,0,146,234,10641
06/28/2020,Chenango,0,146,162,10803
06/29/2020,Chenango,0,146,104,10907
06/30/2020,Chenango,0,146,119,11026
07/01/2020,Chenango,2,148,231,11257
07/02/2020,Chenango,0,148,256,11513
07/03/2020,Chenango,1,149,115,11628
07/04/2020,Chenango,1,150,89,11717
07/05/2020,Chenango,6,156,433,12150
07/06/2020,Chenango,1,157,225,12375
07/07/2020,Chenango,2,159,83,12458
07/08/2020,Chenango,4,163,87,12545
07/09/2020,Chenango,3,166,208,12753
07/10/2020,Chenango,0,166,133,12886
07/11/2020,Chenango,0,166,162,13048
07/12/2020,Chenango,3,169,188,13236
07/13/2020,Chenango,2,171,282,13518
07/14/2020,Chenango,4,175,209,13727
07/15/2020,Chenango,3,178,129,13856
07/16/2020,Chenango,3,181,197,14053
07/17/2020,Chenango,1,182,173,14226
07/18/2020,Chenango,0,182,112,14338
07/19/2020,Chenango,2,184,134,14472
07/20/2020,Chenango,4,188,175,14647
07/21/2020,Chenango,3,191,306,14953
07/22/2020,Chenango,3,194,204,15157
07/23/2020,Chenango,2,196,212,15369
07/24/2020,Chenango,7,203,220,15589
07/25/2020,Chenango,0,203,102,15691
07/26/2020,Chenango,0,203,249,15940
07/27/2020,Chenango,0,203,92,16032
07/28/2020,Chenango,2,205,147,16179
07/29/2020,Chenango,1,206,108,16287
07/30/2020,Chenango,1,207,189,16476
07/31/2020,Chenango,2,209,193,16669
08/01/2020,Chenango,2,211,289,16958
08/02/2020,Chenango,0,211,206,17164
08/03/2020,Chenango,1,212,111,17275
08/04/2020,Chenango,0,212,179,17454
08/05/2020,Chenango,0,212,95,17549
08/06/2020,Chenango,3,215,213,17762
08/07/2020,Chenango,0,215,155,17917
08/08/2020,Chenango,1,216,165,18082
08/09/2020,Chenango,0,216,122,18204
08/10/2020,Chenango,2,218,520,18724
08/11/2020,Chenango,0,218,95,18819
08/12/2020,Chenango,0,218,158,18977
08/13/2020,Chenango,0,218,185,19162
08/14/2020,Chenango,0,218,227,19389
08/15/2020,Chenango,0,218,278,19667
08/16/2020,Chenango,0,218,249,19916
08/17/2020,Chenango,0,218,173,20089
08/18/2020,Chenango,0,218,183,20272
08/19/2020,Chenango,1,219,144,20416
08/20/2020,Chenango,3,222,419,20835
08/21/2020,Chenango,1,223,280,21115
08/22/2020,Chenango,0,223,131,21246
08/23/2020,Chenango,0,223,119,21365
08/24/2020,Chenango,0,223,144,21509
08/25/2020,Chenango,0,223,144,21653
08/26/2020,Chenango,1,224,173,21826
08/27/2020,Chenango,0,224,361,22187
08/28/2020,Chenango,1,225,290,22477
08/29/2020,Chenango,2,227,210,22687
08/30/2020,Chenango,1,228,153,22840
08/31/2020,Chenango,1,229,349,23189
09/01/2020,Chenango,0,229,158,23347
09/02/2020,Chenango,1,230,134,23481
09/03/2020,Chenango,1,231,164,23645
09/04/2020,Chenango,2,233,330,23975
09/05/2020,Chenango,2,235,176,24151
09/06/2020,Chenango,0,235,294,24445
09/07/2020,Chenango,4,239,187,24632
09/08/2020,Chenango,1,240,80,24712
09/09/2020,Chenango,2,242,120,24832
09/10/2020,Chenango,2,244,232,25064
09/11/2020,Chenango,1,245,446,25510
09/12/2020,Chenango,0,245,314,25824
09/13/2020,Chenango,0,245,255,26079
09/14/2020,Chenango,0,245,93,26172
09/15/2020,Chenango,0,245,92,26264
09/16/2020,Chenango,0,245,218,26482
09/17/2020,Chenango,3,248,223,26705
09/18/2020,Chenango,0,248,338,27043
09/19/2020,Chenango,0,248,283,27326
09/20/2020,Chenango,0,248,173,27499
09/21/2020,Chenango,0,248,87,27586
09/22/2020,Chenango,0,248,107,27693
09/23/2020,Chenango,0,248,161,27854
09/24/2020,Chenango,0,248,166,28020
09/25/2020,Chenango,1,249,457,28477
09/26/2020,Chenango,0,249,186,28663
09/27/2020,Chenango,2,251,103,28766
09/28/2020,Chenango,0,251,111,28877
09/29/2020,Chenango,2,253,174,29051
09/30/2020,Chenango,0,253,157,29208
10/01/2020,Chenango,4,257,262,29470
10/02/2020,Chenango,2,259,457,29927
10/03/2020,Chenango,2,261,298,30225
10/04/2020,Chenango,1,262,148,30373
10/05/2020,Chenango,1,263,78,30451
10/06/2020,Chenango,2,265,98,30549
10/07/2020,Chenango,2,267,247,30796
10/08/2020,Chenango,1,268,295,31091
10/09/2020,Chenango,3,271,312,31403
10/10/2020,Chenango,4,275,247,31650
10/11/2020,Chenango,2,277,400,32050
10/12/2020,Chenango,3,280,189,32239
10/13/2020,Chenango,10,290,93,32332
10/14/2020,Chenango,1,291,267,32599
10/15/2020,Chenango,3,294,297,32896
10/16/2020,Chenango,10,304,389,33285
10/17/2020,Chenango,9,313,281,33566
10/18/2020,Chenango,17,330,337,33903
10/19/2020,Chenango,1,331,233,34136
10/20/2020,Chenango,6,337,114,34250
10/21/2020,Chenango,10,347,198,34448
10/22/2020,Chenango,11,358,205,34653
10/23/2020,Chenango,7,365,356,35009
10/24/2020,Chenango,16,381,447,35456
10/25/2020,Chenango,5,386,198,35654
10/26/2020,Chenango,2,388,120,35774
10/27/2020,Chenango,9,397,404,36178
10/28/2020,Chenango,11,408,438,36616
10/29/2020,Chenango,5,413,174,36790
10/30/2020,Chenango,6,419,324,37114
10/31/2020,Chenango,6,425,317,37431
11/01/2020,Chenango,3,428,253,37684
11/02/2020,Chenango,2,430,207,37891
11/03/2020,Chenango,2,432,151,38042
11/04/2020,Chenango,11,443,333,38375
11/05/2020,Chenango,6,449,383,38758
11/06/2020,Chenango,6,455,401,39159
11/07/2020,Chenango,5,460,205,39364
11/08/2020,Chenango,8,468,159,39523
11/09/2020,Chenango,4,472,245,39768
11/10/2020,Chenango,5,477,316,40084
11/11/2020,Chenango,3,480,287,40371
11/12/2020,Chenango,9,489,327,40698
11/13/2020,Chenango,6,495,302,41000
11/14/2020,Chenango,6,501,145,41145
11/15/2020,Chenango,5,506,167,41312
11/16/2020,Chenango,6,512,181,41493
11/17/2020,Chenango,6,518,232,41725
11/18/2020,Chenango,13,531,344,42069
11/19/2020,Chenango,11,542,187,42256
11/20/2020,Chenango,9,551,344,42600
11/21/2020,Chenango,12,563,268,42868
11/22/2020,Chenango,15,578,360,43228
11/23/2020,Chenango,5,583,205,43433
11/24/2020,Chenango,19,602,353,43786
11/25/2020,Chenango,3,605,273,44059
11/26/2020,Chenango,18,623,406,44465
11/27/2020,Chenango,6,629,212,44677
11/28/2020,Chenango,10,639,314,44991
11/29/2020,Chenango,4,643,276,45267
11/30/2020,Chenango,6,649,203,45470
12/01/2020,Chenango,3,652,306,45776
12/02/2020,Chenango,13,665,409,46185
12/03/2020,Chenango,17,682,335,46520
12/04/2020,Chenango,28,710,577,47097
12/05/2020,Chenango,14,724,487,47584
12/06/2020,Chenango,15,739,287,47871
12/07/2020,Chenango,15,754,188,48059
12/08/2020,Chenango,13,767,307,48366
12/09/2020,Chenango,14,781,471,48837
12/10/2020,Chenango,34,815,339,49176
12/11/2020,Chenango,20,835,588,49764
12/12/2020,Chenango,33,868,410,50174
12/13/2020,Chenango,12,880,356,50530
12/14/2020,Chenango,12,892,150,50680
12/15/2020,Chenango,25,917,253,50933
12/16/2020,Chenango,11,928,352,51285
12/17/2020,Chenango,17,945,448,51733
12/18/2020,Chenango,17,962,206,51939
12/19/2020,Chenango,10,972,298,52237
12/20/2020,Chenango,16,988,212,52449
12/21/2020,Chenango,8,996,176,52625
12/22/2020,Chenango,24,1020,316,52941
12/23/2020,Chenango,16,1036,473,53414
12/24/2020,Chenango,38,1074,316,53730
12/25/2020,Chenango,28,1102,450,54180
12/26/2020,Chenango,6,1108,228,54408
12/27/2020,Chenango,21,1129,202,54610
12/28/2020,Chenango,31,1160,271,54881
12/29/2020,Chenango,19,1179,170,55051
12/30/2020,Chenango,35,1214,536,55587
12/31/2020,Chenango,36,1250,411,55998
01/01/2021,Chenango,25,1275,278,56276
01/02/2021,Chenango,21,1296,370,56646
01/03/2021,Chenango,30,1326,501,57147
01/04/2021,Chenango,11,1337,109,57256
01/05/2021,Chenango,20,1357,295,57551
01/06/2021,Chenango,36,1393,493,58044
01/07/2021,Chenango,37,1430,436,58480
01/08/2021,Chenango,41,1471,592,59072
01/09/2021,Chenango,31,1502,422,59494
01/10/2021,Chenango,27,1529,326,59820
01/11/2021,Chenango,29,1558,329,60149
01/12/2021,Chenango,23,1581,424,60573
01/13/2021,Chenango,31,1612,456,61029
01/14/2021,Chenango,42,1654,760,61789
01/15/2021,Chenango,26,1680,628,62417
01/16/2021,Chenango,24,1704,473,62890
01/17/2021,Chenango,46,1750,459,63349
01/18/2021,Chenango,8,1758,202,63551
01/19/2021,Chenango,37,1795,539,64090
01/20/2021,Chenango,26,1821,461,64551
01/21/2021,Chenango,29,1850,569,65120
01/22/2021,Chenango,38,1888,816,65936
01/23/2021,Chenango,38,1926,673,66609
01/24/2021,Chenango,17,1943,496,67105
01/25/2021,Chenango,16,1959,230,67335
01/26/2021,Chenango,18,1977,303,67638
01/27/2021,Chenango,24,2001,523,68161
01/28/2021,Chenango,48,2049,735,68896
01/29/2021,Chenango,29,2078,762,69658
01/30/2021,Chenango,32,2110,529,70187
01/31/2021,Chenango,9,2119,389,70576
02/01/2021,Chenango,14,2133,171,70747
02/02/2021,Chenango,13,2146,389,71136
02/03/2021,Chenango,29,2175,513,71649
02/04/2021,Chenango,20,2195,508,72157
02/05/2021,Chenango,19,2214,521,72678
02/06/2021,Chenango,23,2237,516,73194
02/07/2021,Chenango,12,2249,303,73497
02/08/2021,Chenango,7,2256,120,73617
02/09/2021,Chenango,10,2266,253,73870
02/10/2021,Chenango,19,2285,378,74248
02/11/2021,Chenango,13,2298,669,74917
02/12/2021,Chenango,9,2307,644,75561
02/13/2021,Chenango,12,2319,478,76039
02/14/2021,Chenango,8,2327,226,76265
02/15/2021,Chenango,1,2328,125,76390
02/16/2021,Chenango,1,2329,298,76688
02/17/2021,Chenango,9,2338,527,77215
02/18/2021,Chenango,6,2344,508,77723
02/19/2021,Chenango,15,2359,553,78276
02/20/2021,Chenango,17,2376,499,78775
02/21/2021,Chenango,7,2383,282,79057
02/22/2021,Chenango,2,2385,106,79163
02/23/2021,Chenango,5,2390,255,79418
02/24/2021,Chenango,7,2397,530,79948
02/25/2021,Chenango,13,2410,638,80586
02/26/2021,Chenango,17,2427,556,81142
02/27/2021,Chenango,7,2434,608,81750
02/28/2021,Chenango,5,2439,258,82008
03/01/2021,Chenango,4,2443,109,82117
03/02/2021,Chenango,9,2452,393,82510
03/03/2021,Chenango,9,2461,527,83037
03/04/2021,Chenango,13,2474,601,83638
03/05/2021,Chenango,13,2487,570,84208
03/06/2021,Chenango,15,2502,495,84703
03/07/2021,Chenango,3,2505,237,84940
03/08/2021,Chenango,5,2510,146,85086
03/09/2021,Chenango,17,2527,300,85386
03/10/2021,Chenango,4,2531,309,85695
03/11/2021,Chenango,10,2541,752,86447
03/12/2021,Chenango,13,2554,514,86961
03/13/2021,Chenango,9,2563,511,87472
03/14/2021,Chenango,7,2570,197,87669
03/15/2021,Chenango,15,2585,153,87822
03/16/2021,Chenango,13,2598,374,88196
03/17/2021,Chenango,11,2609,309,88505
03/18/2021,Chenango,16,2625,752,89257
03/19/2021,Chenango,14,2639,521,89778
03/20/2021,Chenango,12,2651,578,90356
03/21/2021,Chenango,8,2659,175,90531
03/22/2021,Chenango,12,2671,159,90690
03/23/2021,Chenango,15,2686,335,91025
03/24/2021,Chenango,14,2700,271,91296
03/25/2021,Chenango,23,2723,776,92072
03/26/2021,Chenango,27,2750,697,92769
03/27/2021,Chenango,21,2771,534,93303
03/28/2021,Chenango,13,2784,218,93521
03/29/2021,Chenango,13,2797,192,93713
03/30/2021,Chenango,21,2818,333,94046
03/31/2021,Chenango,17,2835,471,94517
04/01/2021,Chenango,17,2852,599,95116
04/02/2021,Chenango,14,2866,611,95727
04/03/2021,Chenango,13,2879,468,96195
04/04/2021,Chenango,14,2893,161,96356
04/05/2021,Chenango,7,2900,119,96475
04/06/2021,Chenango,12,2912,279,96754
04/07/2021,Chenango,22,2934,359,97113
04/08/2021,Chenango,22,2956,714,97827
04/09/2021,Chenango,17,2973,614,98441
04/10/2021,Chenango,14,2987,397,98838
04/11/2021,Chenango,20,3007,204,99042
04/12/2021,Chenango,11,3018,189,99231
04/13/2021,Chenango,13,3031,387,99618
04/14/2021,Chenango,17,3048,436,100054
04/15/2021,Chenango,10,3058,579,100633
04/16/2021,Chenango,19,3077,505,101138
04/17/2021,Chenango,14,3091,704,101842
04/18/2021,Chenango,13,3104,166,102008
04/19/2021,Chenango,21,3125,172,102180
04/20/2021,Chenango,13,3138,297,102477
04/21/2021,Chenango,18,3156,483,102960
04/22/2021,Chenango,27,3183,756,103716
04/23/2021,Chenango,19,3202,624,104340
04/24/2021,Chenango,11,3213,452,104792
04/25/2021,Chenango,6,3219,234,105026
04/26/2021,Chenango,10,3229,139,105165
04/27/2021,Chenango,9,3238,377,105542
04/28/2021,Chenango,18,3256,645,106187
04/29/2021,Chenango,12,3268,535,106722
04/30/2021,Chenango,20,3288,566,107288
05/01/2021,Chenango,10,3298,561,107849
05/02/2021,Chenango,11,3309,189,108038
05/03/2021,Chenango,13,3322,101,108139
05/04/2021,Chenango,9,3331,294,108433
05/05/2021,Chenango,11,3342,651,109084
05/06/2021,Chenango,11,3353,603,109687
05/07/2021,Chenango,3,3356,513,110200
05/08/2021,Chenango,10,3366,471,110671
05/09/2021,Chenango,3,3369,119,110790
05/10/2021,Chenango,7,3376,135,110925
05/11/2021,Chenango,12,3388,256,111181
05/12/2021,Chenango,4,3392,598,111779
05/13/2021,Chenango,5,3397,586,112365
05/14/2021,Chenango,5,3402,571,112936
05/15/2021,Chenango,7,3409,360,113296
05/16/2021,Chenango,3,3412,167,113463
05/17/2021,Chenango,8,3420,101,113564
05/18/2021,Chenango,12,3432,341,113905
05/19/2021,Chenango,5,3437,502,114407
05/20/2021,Chenango,9,3446,513,114920
05/21/2021,Chenango,5,3451,456,115376
05/22/2021,Chenango,4,3455,376,115752
05/23/2021,Chenango,0,3455,125,115877
05/24/2021,Chenango,1,3456,101,115978
05/25/2021,Chenango,2,3458,283,116261
05/26/2021,Chenango,4,3462,394,116655
05/27/2021,Chenango,0,3462,410,117065
05/28/2021,Chenango,4,3466,421,117486
05/29/2021,Chenango,2,3468,293,117779
05/30/2021,Chenango,1,3469,99,117878
05/31/2021,Chenango,2,3471,47,117925
06/01/2021,Chenango,2,3473,99,118024
06/02/2021,Chenango,2,3475,295,118319
06/03/2021,Chenango,1,3476,585,118904
06/04/2021,Chenango,2,3478,455,119359
06/05/2021,Chenango,5,3483,444,119803
06/06/2021,Chenango,5,3488,130,119933
06/07/2021,Chenango,1,3489,77,120010
06/08/2021,Chenango,3,3492,220,120230
06/09/2021,Chenango,2,3494,314,120544
06/10/2021,Chenango,1,3495,505,121049
06/11/2021,Chenango,0,3495,340,121389
06/12/2021,Chenango,3,3498,388,121777
06/13/2021,Chenango,0,3498,73,121850
06/14/2021,Chenango,1,3499,129,121979
06/15/2021,Chenango,2,3501,170,122149
06/16/2021,Chenango,2,3503,344,122493
06/17/2021,Chenango,1,3504,413,122906
06/18/2021,Chenango,0,3504,269,123175
06/19/2021,Chenango,0,3504,116,123291
06/20/2021,Chenango,0,3504,58,123349
06/21/2021,Chenango,1,3505,73,123422
06/22/2021,Chenango,2,3507,134,123556
06/23/2021,Chenango,2,3509,190,123746
06/24/2021,Chenango,1,3510,204,123950
06/25/2021,Chenango,1,3511,132,124082
06/26/2021,Chenango,0,3511,134,124216
06/27/2021,Chenango,1,3512,38,124254
06/28/2021,Chenango,1,3513,65,124319
06/29/2021,Chenango,1,3514,162,124481
06/30/2021,Chenango,2,3516,143,124624
07/01/2021,Chenango,0,3516,137,124761
07/02/2021,Chenango,0,3516,69,124830
07/03/2021,Chenango,0,3516,71,124901
07/04/2021,Chenango,0,3516,74,124975
07/05/2021,Chenango,0,3516,23,124998
07/06/2021,Chenango,0,3516,50,125048
07/07/2021,Chenango,2,3518,147,125195
07/08/2021,Chenango,0,3518,182,125377
07/09/2021,Chenango,0,3518,95,125472
07/10/2021,Chenango,1,3519,136,125608
07/11/2021,Chenango,0,3519,61,125669
07/12/2021,Chenango,0,3519,36,125705
07/13/2021,Chenango,0,3519,101,125806
07/14/2021,Chenango,0,3519,140,125946
07/15/2021,Chenango,0,3519,102,126048
07/16/2021,Chenango,0,3519,89,126137
07/17/2021,Chenango,0,3519,132,126269
07/18/2021,Chenango,1,3520,25,126294
07/19/2021,Chenango,2,3522,67,126361
07/20/2021,Chenango,2,3524,77,126438
07/21/2021,Chenango,1,3525,82,126520
07/22/2021,Chenango,1,3526,93,126613
07/23/2021,Chenango,1,3527,79,126692
07/24/2021,Chenango,4,3531,87,126779
07/25/2021,Chenango,0,3531,75,126854
07/26/2021,Chenango,5,3536,133,126987
07/27/2021,Chenango,2,3538,106,127093
07/28/2021,Chenango,8,3546,101,127194
07/29/2021,Chenango,7,3553,175,127369
07/30/2021,Chenango,9,3562,153,127522
07/31/2021,Chenango,5,3567,163,127685
08/01/2021,Chenango,3,3570,135,127820
08/02/2021,Chenango,2,3572,126,127946
08/03/2021,Chenango,6,3578,252,128198
08/04/2021,Chenango,5,3583,172,128370
08/05/2021,Chenango,7,3590,180,128550
08/06/2021,Chenango,9,3599,159,128709
08/07/2021,Chenango,8,3607,124,128833
08/08/2021,Chenango,14,3621,86,128919
08/09/2021,Chenango,9,3630,160,129079
08/10/2021,Chenango,14,3644,216,129295
08/11/2021,Chenango,4,3648,225,129520
08/12/2021,Chenango,24,3672,239,129759
08/13/2021,Chenango,12,3684,233,129992
08/14/2021,Chenango,10,3694,212,130204
08/15/2021,Chenango,11,3705,139,130343
08/16/2021,Chenango,8,3713,139,130482
08/17/2021,Chenango,13,3726,344,130826
08/18/2021,Chenango,12,3738,398,131224
08/19/2021,Chenango,13,3751,212,131436
08/20/2021,Chenango,16,3767,212,131648
08/21/2021,Chenango,10,3777,325,131973
08/22/2021,Chenango,7,3784,138,132111
08/23/2021,Chenango,10,3794,227,132338
08/24/2021,Chenango,15,3809,250,132588
08/25/2021,Chenango,14,3823,196,132784
08/26/2021,Chenango,15,3838,305,133089
08/27/2021,Chenango,11,3849,257,133346
08/28/2021,Chenango,11,3860,193,133539
08/29/2021,Chenango,12,3872,198,133737
08/30/2021,Chenango,15,3887,145,133882
08/31/2021,Chenango,17,3904,316,134198
09/01/2021,Chenango,22,3926,366,134564
09/02/2021,Chenango,12,3938,372,134936
09/03/2021,Chenango,18,3956,239,135175
09/04/2021,Chenango,12,3968,224,135399
09/05/2021,Chenango,9,3977,266,135665
09/06/2021,Chenango,8,3985,154,135819
09/07/2021,Chenango,6,3991,95,135914
09/08/2021,Chenango,11,4002,285,136199
09/09/2021,Chenango,18,4020,252,136451
09/10/2021,Chenango,11,4031,391,136842
09/11/2021,Chenango,15,4046,255,137097
09/12/2021,Chenango,11,4057,123,137220
09/13/2021,Chenango,11,4068,148,137368
09/14/2021,Chenango,12,4080,194,137562
09/15/2021,Chenango,18,4098,390,137952
09/16/2021,Chenango,14,4112,485,138437
09/17/2021,Chenango,21,4133,387,138824
09/18/2021,Chenango,15,4148,293,139117
09/19/2021,Chenango,8,4156,133,139250
09/20/2021,Chenango,12,4168,164,139414
09/21/2021,Chenango,22,4190,370,139784
09/22/2021,Chenango,22,4212,366,140150
09/23/2021,Chenango,21,4233,486,140636
09/24/2021,Chenango,12,4245,381,141017
09/25/2021,Chenango,14,4259,229,141246
09/26/2021,Chenango,8,4267,166,141412
09/27/2021,Chenango,8,4275,225,141637
09/28/2021,Chenango,9,4284,376,142013
09/29/2021,Chenango,22,4306,323,142336
09/30/2021,Chenango,20,4326,440,142776
10/01/2021,Chenango,12,4338,411,143187
10/02/2021,Chenango,21,4359,518,143705
10/03/2021,Chenango,9,4368,216,143921
10/04/2021,Chenango,9,4377,267,144188
10/05/2021,Chenango,24,4401,457,144645
10/06/2021,Chenango,18,4419,438,145083
10/07/2021,Chenango,29,4448,779,145862
10/08/2021,Chenango,27,4475,437,146299
10/09/2021,Chenango,16,4491,293,146592
10/10/2021,Chenango,9,4500,276,146868
10/11/2021,Chenango,16,4516,120,146988
10/12/2021,Chenango,27,4543,322,147310
10/13/2021,Chenango,13,4556,364,147674
10/14/2021,Chenango,38,4594,611,148285
10/15/2021,Chenango,25,4619,442,148727
10/16/2021,Chenango,16,4635,473,149200
10/17/2021,Chenango,14,4649,233,149433
10/18/2021,Chenango,8,4657,153,149586
10/19/2021,Chenango,17,4674,342,149928
10/20/2021,Chenango,15,4689,350,150278
10/21/2021,Chenango,17,4706,493,150771
10/22/2021,Chenango,9,4715,394,151165
10/23/2021,Chenango,18,4733,414,151579
03/01/2020,Clinton,0,0,0,0
03/02/2020,Clinton,0,0,0,0
03/03/2020,Clinton,0,0,0,0
03/04/2020,Clinton,0,0,0,0
03/05/2020,Clinton,0,0,0,0
03/06/2020,Clinton,0,0,0,0
03/07/2020,Clinton,0,0,0,0
03/08/2020,Clinton,0,0,0,0
03/09/2020,Clinton,0,0,0,0
03/10/2020,Clinton,0,0,0,0
03/11/2020,Clinton,0,0,4,4
03/12/2020,Clinton,0,0,3,7
03/13/2020,Clinton,0,0,1,8
03/14/2020,Clinton,0,0,1,9
03/15/2020,Clinton,0,0,0,9
03/16/2020,Clinton,1,1,1,10
03/17/2020,Clinton,0,1,3,13
03/18/2020,Clinton,1,2,21,34
03/19/2020,Clinton,0,2,9,43
03/20/2020,Clinton,2,4,12,55
03/21/2020,Clinton,0,4,2,57
03/22/2020,Clinton,2,6,12,69
03/23/2020,Clinton,2,8,17,86
03/24/2020,Clinton,2,10,14,100
03/25/2020,Clinton,1,11,16,116
03/26/2020,Clinton,0,11,6,122
03/27/2020,Clinton,1,12,22,144
03/28/2020,Clinton,1,13,18,162
03/29/2020,Clinton,4,17,19,181
03/30/2020,Clinton,4,21,9,190
03/31/2020,Clinton,4,25,21,211
04/01/2020,Clinton,0,25,5,216
04/02/2020,Clinton,5,30,16,232
04/03/2020,Clinton,1,31,11,243
04/04/2020,Clinton,2,33,23,266
04/05/2020,Clinton,3,36,14,280
04/06/2020,Clinton,1,37,16,296
04/07/2020,Clinton,2,39,25,321
04/08/2020,Clinton,1,40,25,346
04/09/2020,Clinton,3,43,17,363
04/10/2020,Clinton,0,43,23,386
04/11/2020,Clinton,0,43,25,411
04/12/2020,Clinton,1,44,9,420
04/13/2020,Clinton,1,45,23,443
04/14/2020,Clinton,0,45,8,451
04/15/2020,Clinton,1,46,17,468
04/16/2020,Clinton,1,47,21,489
04/17/2020,Clinton,1,48,16,505
04/18/2020,Clinton,1,49,12,517
04/19/2020,Clinton,2,51,10,527
04/20/2020,Clinton,0,51,17,544
04/21/2020,Clinton,0,51,4,548
04/22/2020,Clinton,1,52,11,559
04/23/2020,Clinton,1,53,14,573
04/24/2020,Clinton,1,54,39,612
04/25/2020,Clinton,3,57,28,640
04/26/2020,Clinton,2,59,30,670
04/27/2020,Clinton,0,59,15,685
04/28/2020,Clinton,0,59,23,708
04/29/2020,Clinton,0,59,40,748
04/30/2020,Clinton,2,61,48,796
05/01/2020,Clinton,1,62,35,831
05/02/2020,Clinton,4,66,33,864
05/03/2020,Clinton,2,68,21,885
05/04/2020,Clinton,1,69,27,912
05/05/2020,Clinton,0,69,25,937
05/06/2020,Clinton,0,69,22,959
05/07/2020,Clinton,5,74,72,1031
05/08/2020,Clinton,2,76,27,1058
05/09/2020,Clinton,0,76,33,1091
05/10/2020,Clinton,0,76,53,1144
05/11/2020,Clinton,1,77,38,1182
05/12/2020,Clinton,1,78,53,1235
05/13/2020,Clinton,3,81,123,1358
05/14/2020,Clinton,4,85,126,1484
05/15/2020,Clinton,6,91,150,1634
05/16/2020,Clinton,1,92,88,1722
05/17/2020,Clinton,2,94,155,1877
05/18/2020,Clinton,0,94,59,1936
05/19/2020,Clinton,0,94,58,1994
05/20/2020,Clinton,0,94,204,2198
05/21/2020,Clinton,0,94,131,2329
05/22/2020,Clinton,1,95,135,2464
05/23/2020,Clinton,0,95,131,2595
05/24/2020,Clinton,0,95,70,2665
05/25/2020,Clinton,0,95,108,2773
05/26/2020,Clinton,0,95,51,2824
05/27/2020,Clinton,0,95,201,3025
05/28/2020,Clinton,0,95,226,3251
05/29/2020,Clinton,0,95,441,3692
05/30/2020,Clinton,0,95,329,4021
05/31/2020,Clinton,1,96,146,4167
06/01/2020,Clinton,1,97,147,4314
06/02/2020,Clinton,0,97,309,4623
06/03/2020,Clinton,0,97,632,5255
06/04/2020,Clinton,0,97,319,5574
06/05/2020,Clinton,0,97,421,5995
06/06/2020,Clinton,0,97,305,6300
06/07/2020,Clinton,0,97,220,6520
06/08/2020,Clinton,0,97,105,6625
06/09/2020,Clinton,0,97,306,6931
06/10/2020,Clinton,1,98,268,7199
06/11/2020,Clinton,0,98,350,7549
06/12/2020,Clinton,0,98,285,7834
06/13/2020,Clinton,0,98,187,8021
06/14/2020,Clinton,0,98,137,8158
06/15/2020,Clinton,1,99,225,8383
06/16/2020,Clinton,0,99,242,8625
06/17/2020,Clinton,0,99,252,8877
06/18/2020,Clinton,0,99,251,9128
06/19/2020,Clinton,1,100,325,9453
06/20/2020,Clinton,0,100,112,9565
06/21/2020,Clinton,0,100,192,9757
06/22/2020,Clinton,0,100,167,9924
06/23/2020,Clinton,0,100,184,10108
06/24/2020,Clinton,1,101,312,10420
06/25/2020,Clinton,0,101,153,10573
06/26/2020,Clinton,0,101,264,10837
06/27/2020,Clinton,0,101,226,11063
06/28/2020,Clinton,0,101,160,11223
06/29/2020,Clinton,0,101,133,11356
06/30/2020,Clinton,0,101,287,11643
07/01/2020,Clinton,0,101,254,11897
07/02/2020,Clinton,0,101,156,12053
07/03/2020,Clinton,0,101,114,12167
07/04/2020,Clinton,2,103,183,12350
07/05/2020,Clinton,0,103,140,12490
07/06/2020,Clinton,2,105,295,12785
07/07/2020,Clinton,1,106,186,12971
07/08/2020,Clinton,1,107,339,13310
07/09/2020,Clinton,0,107,278,13588
07/10/2020,Clinton,1,108,211,13799
07/11/2020,Clinton,1,109,190,13989
07/12/2020,Clinton,0,109,178,14167
07/13/2020,Clinton,1,110,280,14447
07/14/2020,Clinton,1,111,215,14662
07/15/2020,Clinton,0,111,261,14923
07/16/2020,Clinton,0,111,236,15159
07/17/2020,Clinton,0,111,357,15516
07/18/2020,Clinton,2,113,145,15661
07/19/2020,Clinton,0,113,134,15795
07/20/2020,Clinton,1,114,339,16134
07/21/2020,Clinton,0,114,264,16398
07/22/2020,Clinton,0,114,317,16715
07/23/2020,Clinton,3,117,285,17000
07/24/2020,Clinton,2,119,334,17334
07/25/2020,Clinton,1,120,368,17702
07/26/2020,Clinton,0,120,183,17885
07/27/2020,Clinton,3,123,395,18280
07/28/2020,Clinton,0,123,129,18409
07/29/2020,Clinton,2,125,307,18716
07/30/2020,Clinton,1,126,158,18874
07/31/2020,Clinton,1,127,297,19171
08/01/2020,Clinton,0,127,381,19552
08/02/2020,Clinton,0,127,184,19736
08/03/2020,Clinton,0,127,309,20045
08/04/2020,Clinton,0,127,164,20209
08/05/2020,Clinton,0,127,116,20325
08/06/2020,Clinton,0,127,134,20459
08/07/2020,Clinton,0,127,338,20797
08/08/2020,Clinton,0,127,226,21023
08/09/2020,Clinton,1,128,252,21275
08/10/2020,Clinton,1,129,374,21649
08/11/2020,Clinton,0,129,139,21788
08/12/2020,Clinton,0,129,230,22018
08/13/2020,Clinton,1,130,151,22169
08/14/2020,Clinton,1,131,257,22426
08/15/2020,Clinton,1,132,287,22713
08/16/2020,Clinton,1,133,109,22822
08/17/2020,Clinton,1,134,363,23185
08/18/2020,Clinton,0,134,213,23398
08/19/2020,Clinton,1,135,170,23568
08/20/2020,Clinton,1,136,265,23833
08/21/2020,Clinton,5,141,335,24168
08/22/2020,Clinton,0,141,254,24422
08/23/2020,Clinton,1,142,82,24504
08/24/2020,Clinton,4,146,400,24904
08/25/2020,Clinton,1,147,157,25061
08/26/2020,Clinton,1,148,267,25328
08/27/2020,Clinton,1,149,193,25521
08/28/2020,Clinton,1,150,369,25890
08/29/2020,Clinton,0,150,197,26087
08/30/2020,Clinton,0,150,255,26342
08/31/2020,Clinton,1,151,203,26545
09/01/2020,Clinton,0,151,249,26794
09/02/2020,Clinton,1,152,171,26965
09/03/2020,Clinton,0,152,191,27156
09/04/2020,Clinton,0,152,385,27541
09/05/2020,Clinton,0,152,157,27698
09/06/2020,Clinton,0,152,308,28006
09/07/2020,Clinton,0,152,225,28231
09/08/2020,Clinton,0,152,51,28282
09/09/2020,Clinton,0,152,267,28549
09/10/2020,Clinton,0,152,173,28722
09/11/2020,Clinton,0,152,441,29163
09/12/2020,Clinton,1,153,229,29392
09/13/2020,Clinton,0,153,225,29617
09/14/2020,Clinton,1,154,330,29947
09/15/2020,Clinton,0,154,108,30055
09/16/2020,Clinton,0,154,241,30296
09/17/2020,Clinton,0,154,150,30446
09/18/2020,Clinton,0,154,328,30774
09/19/2020,Clinton,0,154,287,31061
09/20/2020,Clinton,0,154,94,31155
09/21/2020,Clinton,1,155,381,31536
09/22/2020,Clinton,1,156,226,31762
09/23/2020,Clinton,1,157,298,32060
09/24/2020,Clinton,1,158,433,32493
09/25/2020,Clinton,1,159,417,32910
09/26/2020,Clinton,1,160,412,33322
09/27/2020,Clinton,1,161,259,33581
09/28/2020,Clinton,1,162,296,33877
09/29/2020,Clinton,0,162,361,34238
09/30/2020,Clinton,0,162,1234,35472
10/01/2020,Clinton,2,164,407,35879
10/02/2020,Clinton,1,165,504,36383
10/03/2020,Clinton,1,166,467,36850
10/04/2020,Clinton,4,170,325,37175
10/05/2020,Clinton,3,173,425,37600
10/06/2020,Clinton,0,173,382,37982
10/07/2020,Clinton,4,177,444,38426
10/08/2020,Clinton,1,178,1050,39476
10/09/2020,Clinton,0,178,490,39966
10/10/2020,Clinton,1,179,582,40548
10/11/2020,Clinton,0,179,255,40803
10/12/2020,Clinton,3,182,569,41372
10/13/2020,Clinton,1,183,533,41905
10/14/2020,Clinton,4,187,528,42433
10/15/2020,Clinton,3,190,356,42789
10/16/2020,Clinton,2,192,538,43327
10/17/2020,Clinton,5,197,522,43849
10/18/2020,Clinton,2,199,210,44059
10/19/2020,Clinton,16,215,559,44618
10/20/2020,Clinton,5,220,353,44971
10/21/2020,Clinton,4,224,259,45230
10/22/2020,Clinton,8,232,305,45535
10/23/2020,Clinton,4,236,303,45838
10/24/2020,Clinton,4,240,565,46403
10/25/2020,Clinton,2,242,225,46628
10/26/2020,Clinton,2,244,446,47074
10/27/2020,Clinton,2,246,315,47389
10/28/2020,Clinton,2,248,387,47776
10/29/2020,Clinton,7,255,199,47975
10/30/2020,Clinton,8,263,218,48193
10/31/2020,Clinton,7,270,348,48541
11/01/2020,Clinton,3,273,267,48808
11/02/2020,Clinton,6,279,283,49091
11/03/2020,Clinton,3,282,439,49530
11/04/2020,Clinton,6,288,935,50465
11/05/2020,Clinton,4,292,1073,51538
11/06/2020,Clinton,5,297,322,51860
11/07/2020,Clinton,4,301,409,52269
11/08/2020,Clinton,2,303,313,52582
11/09/2020,Clinton,10,313,336,52918
11/10/2020,Clinton,18,331,211,53129
11/11/2020,Clinton,13,344,1683,54812
11/12/2020,Clinton,12,356,830,55642
11/13/2020,Clinton,16,372,243,55885
11/14/2020,Clinton,5,377,127,56012
11/15/2020,Clinton,3,380,921,56933
11/16/2020,Clinton,4,384,242,57175
11/17/2020,Clinton,5,389,247,57422
11/18/2020,Clinton,8,397,333,57755
11/19/2020,Clinton,9,406,1301,59056
11/20/2020,Clinton,6,412,539,59595
11/21/2020,Clinton,6,418,463,60058
11/22/2020,Clinton,10,428,566,60624
11/23/2020,Clinton,2,430,380,61004
11/24/2020,Clinton,4,434,333,61337
11/25/2020,Clinton,9,443,457,61794
11/26/2020,Clinton,5,448,364,62158
11/27/2020,Clinton,8,456,270,62428
11/28/2020,Clinton,3,459,459,62887
11/29/2020,Clinton,2,461,282,63169
11/30/2020,Clinton,19,480,491,63660
12/01/2020,Clinton,8,488,138,63798
12/02/2020,Clinton,7,495,329,64127
12/03/2020,Clinton,29,524,602,64729
12/04/2020,Clinton,8,532,451,65180
12/05/2020,Clinton,8,540,256,65436
12/06/2020,Clinton,9,549,370,65806
12/07/2020,Clinton,19,568,322,66128
12/08/2020,Clinton,6,574,268,66396
12/09/2020,Clinton,12,586,428,66824
12/10/2020,Clinton,11,597,607,67431
12/11/2020,Clinton,30,627,442,67873
12/12/2020,Clinton,30,657,1702,69575
12/13/2020,Clinton,41,698,418,69993
12/14/2020,Clinton,14,712,407,70400
12/15/2020,Clinton,19,731,311,70711
12/16/2020,Clinton,7,738,943,71654
12/17/2020,Clinton,11,749,821,72475
12/18/2020,Clinton,28,777,792,73267
12/19/2020,Clinton,18,795,495,73762
12/20/2020,Clinton,9,804,415,74177
12/21/2020,Clinton,14,818,404,74581
12/22/2020,Clinton,23,841,411,74992
12/23/2020,Clinton,22,863,475,75467
12/24/2020,Clinton,27,890,480,75947
12/25/2020,Clinton,31,921,647,76594
12/26/2020,Clinton,30,951,385,76979
12/27/2020,Clinton,29,980,365,77344
12/28/2020,Clinton,48,1028,458,77802
12/29/2020,Clinton,22,1050,447,78249
12/30/2020,Clinton,25,1075,785,79034
12/31/2020,Clinton,83,1158,868,79902
01/01/2021,Clinton,52,1210,716,80618
01/02/2021,Clinton,58,1268,610,81228
01/03/2021,Clinton,44,1312,353,81581
01/04/2021,Clinton,40,1352,456,82037
01/05/2021,Clinton,53,1405,676,82713
01/06/2021,Clinton,95,1500,1746,84459
01/07/2021,Clinton,56,1556,1136,85595
01/08/2021,Clinton,63,1619,945,86540
01/09/2021,Clinton,62,1681,738,87278
01/10/2021,Clinton,38,1719,642,87920
01/11/2021,Clinton,74,1793,761,88681
01/12/2021,Clinton,55,1848,517,89198
01/13/2021,Clinton,52,1900,671,89869
01/14/2021,Clinton,77,1977,1069,90938
01/15/2021,Clinton,63,2040,918,91856
01/16/2021,Clinton,51,2091,718,92574
01/17/2021,Clinton,38,2129,538,93112
01/18/2021,Clinton,51,2180,669,93781
01/19/2021,Clinton,29,2209,500,94281
01/20/2021,Clinton,55,2264,1016,95297
01/21/2021,Clinton,53,2317,733,96030
01/22/2021,Clinton,43,2360,782,96812
01/23/2021,Clinton,64,2424,1023,97835
01/24/2021,Clinton,34,2458,585,98420
01/25/2021,Clinton,47,2505,638,99058
01/26/2021,Clinton,37,2542,614,99672
01/27/2021,Clinton,41,2583,740,100412
01/28/2021,Clinton,53,2636,640,101052
01/29/2021,Clinton,34,2670,958,102010
01/30/2021,Clinton,50,2720,910,102920
01/31/2021,Clinton,29,2749,453,103373
02/01/2021,Clinton,30,2779,590,103963
02/02/2021,Clinton,20,2799,373,104336
02/03/2021,Clinton,25,2824,467,104803
02/04/2021,Clinton,32,2856,1082,105885
02/05/2021,Clinton,35,2891,1407,107292
02/06/2021,Clinton,37,2928,788,108080
02/07/2021,Clinton,42,2970,533,108613
02/08/2021,Clinton,29,2999,564,109177
02/09/2021,Clinton,27,3026,892,110069
02/10/2021,Clinton,77,3103,1250,111319
02/11/2021,Clinton,26,3129,706,112025
02/12/2021,Clinton,32,3161,1425,113450
02/13/2021,Clinton,44,3205,663,114113
02/14/2021,Clinton,34,3239,375,114488
02/15/2021,Clinton,19,3258,480,114968
02/16/2021,Clinton,20,3278,1441,116409
02/17/2021,Clinton,19,3297,365,116774
02/18/2021,Clinton,55,3352,1748,118522
02/19/2021,Clinton,17,3369,608,119130
02/20/2021,Clinton,21,3390,537,119667
02/21/2021,Clinton,25,3415,425,120092
02/22/2021,Clinton,37,3452,449,120541
02/23/2021,Clinton,16,3468,2516,123057
02/24/2021,Clinton,39,3507,2074,125131
02/25/2021,Clinton,23,3530,2550,127681
02/26/2021,Clinton,28,3558,700,128381
02/27/2021,Clinton,28,3586,700,129081
02/28/2021,Clinton,24,3610,644,129725
03/01/2021,Clinton,35,3645,478,130203
03/02/2021,Clinton,37,3682,1470,131673
03/03/2021,Clinton,22,3704,1617,133290
03/04/2021,Clinton,37,3741,1921,135211
03/05/2021,Clinton,20,3761,629,135840
03/06/2021,Clinton,27,3788,607,136447
03/07/2021,Clinton,15,3803,583,137030
03/08/2021,Clinton,27,3830,526,137556
03/09/2021,Clinton,13,3843,1359,138915
03/10/2021,Clinton,11,3854,1656,140571
03/11/2021,Clinton,16,3870,1980,142551
03/12/2021,Clinton,12,3882,432,142983
03/13/2021,Clinton,9,3891,661,143644
03/14/2021,Clinton,9,3900,520,144164
03/15/2021,Clinton,14,3914,409,144573
03/16/2021,Clinton,22,3936,1232,145805
03/17/2021,Clinton,14,3950,1520,147325
03/18/2021,Clinton,12,3962,1889,149214
03/19/2021,Clinton,9,3971,568,149782
03/20/2021,Clinton,16,3987,625,150407
03/21/2021,Clinton,15,4002,571,150978
03/22/2021,Clinton,29,4031,363,151341
03/23/2021,Clinton,24,4055,1255,152596
03/24/2021,Clinton,6,4061,1428,154024
03/25/2021,Clinton,16,4077,2088,156112
03/26/2021,Clinton,34,4111,731,156843
03/27/2021,Clinton,17,4128,2610,159453
03/28/2021,Clinton,27,4155,1137,160590
03/29/2021,Clinton,22,4177,746,161336
03/30/2021,Clinton,10,4187,1096,162432
03/31/2021,Clinton,35,4222,542,162974
04/01/2021,Clinton,8,4230,2037,165011
04/02/2021,Clinton,20,4250,830,165841
04/03/2021,Clinton,24,4274,848,166689
04/04/2021,Clinton,22,4296,445,167134
04/05/2021,Clinton,23,4319,958,168092
04/06/2021,Clinton,23,4342,1013,169105
04/07/2021,Clinton,22,4364,1460,170565
04/08/2021,Clinton,27,4391,2105,172670
04/09/2021,Clinton,26,4417,586,173256
04/10/2021,Clinton,20,4437,1006,174262
04/11/2021,Clinton,4,4441,259,174521
04/12/2021,Clinton,24,4465,1242,175763
04/13/2021,Clinton,7,4472,1183,176946
04/14/2021,Clinton,29,4501,1366,178312
04/15/2021,Clinton,10,4511,1782,180094
04/16/2021,Clinton,17,4528,883,180977
04/17/2021,Clinton,22,4550,1033,182010
04/18/2021,Clinton,13,4563,1032,183042
04/19/2021,Clinton,14,4577,446,183488
04/20/2021,Clinton,5,4582,1100,184588
04/21/2021,Clinton,9,4591,1376,185964
04/22/2021,Clinton,20,4611,1010,186974
04/23/2021,Clinton,22,4633,433,187407
04/24/2021,Clinton,9,4642,813,188220
04/25/2021,Clinton,12,4654,931,189151
04/26/2021,Clinton,8,4662,510,189661
04/27/2021,Clinton,4,4666,386,190047
04/28/2021,Clinton,9,4675,453,190500
04/29/2021,Clinton,8,4683,887,191387
04/30/2021,Clinton,10,4693,596,191983
05/01/2021,Clinton,8,4701,1359,193342
05/02/2021,Clinton,12,4713,398,193740
05/03/2021,Clinton,7,4720,484,194224
05/04/2021,Clinton,11,4731,330,194554
05/05/2021,Clinton,13,4744,550,195104
05/06/2021,Clinton,7,4751,583,195687
05/07/2021,Clinton,6,4757,625,196312
05/08/2021,Clinton,5,4762,485,196797
05/09/2021,Clinton,0,4762,719,197516
05/10/2021,Clinton,7,4769,758,198274
05/11/2021,Clinton,4,4773,279,198553
05/12/2021,Clinton,11,4784,388,198941
05/13/2021,Clinton,5,4789,858,199799
05/14/2021,Clinton,14,4803,654,200453
05/15/2021,Clinton,4,4807,436,200889
05/16/2021,Clinton,3,4810,572,201461
05/17/2021,Clinton,1,4811,277,201738
05/18/2021,Clinton,4,4815,359,202097
05/19/2021,Clinton,0,4815,743,202840
05/20/2021,Clinton,2,4817,656,203496
05/21/2021,Clinton,1,4818,303,203799
05/22/2021,Clinton,3,4821,288,204087
05/23/2021,Clinton,3,4824,340,204427
05/24/2021,Clinton,0,4824,403,204830
05/25/2021,Clinton,0,4824,248,205078
05/26/2021,Clinton,2,4826,265,205343
05/27/2021,Clinton,1,4827,998,206341
05/28/2021,Clinton,0,4827,184,206525
05/29/2021,Clinton,0,4827,374,206899
05/30/2021,Clinton,3,4830,409,207308
05/31/2021,Clinton,0,4830,167,207475
06/01/2021,Clinton,2,4832,74,207549
06/02/2021,Clinton,0,4832,155,207704
06/03/2021,Clinton,1,4833,578,208282
06/04/2021,Clinton,0,4833,698,208980
06/05/2021,Clinton,0,4833,225,209205
06/06/2021,Clinton,1,4834,592,209797
06/07/2021,Clinton,1,4835,138,209935
06/08/2021,Clinton,0,4835,171,210106
06/09/2021,Clinton,0,4835,201,210307
06/10/2021,Clinton,0,4835,578,210885
06/11/2021,Clinton,0,4835,154,211039
06/12/2021,Clinton,0,4835,491,211530
06/13/2021,Clinton,0,4835,295,211825
06/14/2021,Clinton,0,4835,106,211931
06/15/2021,Clinton,1,4836,263,212194
06/16/2021,Clinton,0,4836,236,212430
06/17/2021,Clinton,1,4837,307,212737
06/18/2021,Clinton,1,4838,137,212874
06/19/2021,Clinton,1,4839,130,213004
06/20/2021,Clinton,0,4839,185,213189
06/21/2021,Clinton,0,4839,82,213271
06/22/2021,Clinton,0,4839,122,213393
06/23/2021,Clinton,2,4841,174,213567
06/24/2021,Clinton,2,4843,203,213770
06/25/2021,Clinton,2,4845,133,213903
06/26/2021,Clinton,1,4846,172,214075
06/27/2021,Clinton,0,4846,126,214201
06/28/2021,Clinton,0,4846,115,214316
06/29/2021,Clinton,1,4847,152,214468
06/30/2021,Clinton,8,4855,116,214584
07/01/2021,Clinton,0,4855,212,214796
07/02/2021,Clinton,0,4855,108,214904
07/03/2021,Clinton,0,4855,188,215092
07/04/2021,Clinton,0,4855,110,215202
07/05/2021,Clinton,1,4856,57,215259
07/06/2021,Clinton,1,4857,115,215374
07/07/2021,Clinton,1,4858,152,215526
07/08/2021,Clinton,0,4858,170,215696
07/09/2021,Clinton,0,4858,138,215834
07/10/2021,Clinton,0,4858,171,216005
07/11/2021,Clinton,0,4858,144,216149
07/12/2021,Clinton,0,4858,124,216273
07/13/2021,Clinton,0,4858,109,216382
07/14/2021,Clinton,0,4858,111,216493
07/15/2021,Clinton,1,4859,190,216683
07/16/2021,Clinton,0,4859,149,216832
07/17/2021,Clinton,2,4861,135,216967
07/18/2021,Clinton,5,4866,91,217058
07/19/2021,Clinton,1,4867,97,217155
07/20/2021,Clinton,0,4867,100,217255
07/21/2021,Clinton,1,4868,163,217418
07/22/2021,Clinton,0,4868,144,217562
07/23/2021,Clinton,0,4868,143,217705
07/24/2021,Clinton,0,4868,154,217859
07/25/2021,Clinton,1,4869,89,217948
07/26/2021,Clinton,1,4870,76,218024
07/27/2021,Clinton,3,4873,149,218173
07/28/2021,Clinton,2,4875,183,218356
07/29/2021,Clinton,3,4878,264,218620
07/30/2021,Clinton,5,4883,105,218725
07/31/2021,Clinton,2,4885,190,218915
08/01/2021,Clinton,3,4888,112,219027
08/02/2021,Clinton,3,4891,87,219114
08/03/2021,Clinton,2,4893,189,219303
08/04/2021,Clinton,2,4895,167,219470
08/05/2021,Clinton,6,4901,206,219676
08/06/2021,Clinton,10,4911,226,219902
08/07/2021,Clinton,5,4916,269,220171
08/08/2021,Clinton,4,4920,170,220341
08/09/2021,Clinton,3,4923,240,220581
08/10/2021,Clinton,3,4926,210,220791
08/11/2021,Clinton,8,4934,265,221056
08/12/2021,Clinton,2,4936,324,221380
08/13/2021,Clinton,8,4944,260,221640
08/14/2021,Clinton,4,4948,295,221935
08/15/2021,Clinton,4,4952,296,222231
08/16/2021,Clinton,1,4953,327,222558
08/17/2021,Clinton,2,4955,170,222728
08/18/2021,Clinton,7,4962,263,222991
08/19/2021,Clinton,5,4967,400,223391
08/20/2021,Clinton,3,4970,343,223734
08/21/2021,Clinton,9,4979,371,224105
08/22/2021,Clinton,11,4990,242,224347
08/23/2021,Clinton,2,4992,131,224478
08/24/2021,Clinton,3,4995,156,224634
08/25/2021,Clinton,22,5017,394,225028
08/26/2021,Clinton,6,5023,488,225516
08/27/2021,Clinton,28,5051,330,225846
08/28/2021,Clinton,14,5065,536,226382
08/29/2021,Clinton,17,5082,336,226718
08/30/2021,Clinton,9,5091,433,227151
08/31/2021,Clinton,6,5097,263,227414
09/01/2021,Clinton,11,5108,328,227742
09/02/2021,Clinton,23,5131,530,228272
09/03/2021,Clinton,19,5150,615,228887
09/04/2021,Clinton,23,5173,801,229688
09/05/2021,Clinton,21,5194,488,230176
09/06/2021,Clinton,10,5204,342,230518
09/07/2021,Clinton,10,5214,206,230724
09/08/2021,Clinton,15,5229,357,231081
09/09/2021,Clinton,31,5260,795,231876
09/10/2021,Clinton,35,5295,734,232610
09/11/2021,Clinton,34,5329,621,233231
09/12/2021,Clinton,22,5351,517,233748
09/13/2021,Clinton,8,5359,315,234063
09/14/2021,Clinton,28,5387,422,234485
09/15/2021,Clinton,44,5431,617,235102
09/16/2021,Clinton,33,5464,763,235865
09/17/2021,Clinton,65,5529,792,236657
09/18/2021,Clinton,56,5585,1115,237772
09/19/2021,Clinton,30,5615,497,238269
09/20/2021,Clinton,40,5655,528,238797
09/21/2021,Clinton,19,5674,343,239140
09/22/2021,Clinton,42,5716,635,239775
09/23/2021,Clinton,58,5774,1058,240833
09/24/2021,Clinton,56,5830,723,241556
09/25/2021,Clinton,36,5866,723,242279
09/26/2021,Clinton,49,5915,609,242888
09/27/2021,Clinton,22,5937,330,243218
09/28/2021,Clinton,43,5980,700,243918
09/29/2021,Clinton,45,6025,827,244745
09/30/2021,Clinton,46,6071,902,245647
10/01/2021,Clinton,55,6126,1178,246825
10/02/2021,Clinton,37,6163,663,247488
10/03/2021,Clinton,30,6193,515,248003
10/04/2021,Clinton,30,6223,923,248926
10/05/2021,Clinton,32,6255,501,249427
10/06/2021,Clinton,33,6288,710,250137
10/07/2021,Clinton,51,6339,1150,251287
10/08/2021,Clinton,47,6386,951,252238
10/09/2021,Clinton,10,6396,256,252494
10/10/2021,Clinton,59,6455,1220,253714
10/11/2021,Clinton,25,6480,450,254164
10/12/2021,Clinton,27,6507,350,254514
10/13/2021,Clinton,23,6530,717,255231
10/14/2021,Clinton,31,6561,1123,256354
10/15/2021,Clinton,42,6603,701,257055
10/16/2021,Clinton,28,6631,718,257773
10/17/2021,Clinton,23,6654,674,258447
10/18/2021,Clinton,11,6665,653,259100
10/19/2021,Clinton,14,6679,358,259458
10/20/2021,Clinton,46,6725,718,260176
10/21/2021,Clinton,25,6750,1046,261222
10/22/2021,Clinton,37,6787,1432,262654
10/23/2021,Clinton,20,6807,654,263308
03/01/2020,Columbia,0,0,0,0
03/02/2020,Columbia,0,0,0,0
03/03/2020,Columbia,0,0,0,0
03/04/2020,Columbia,0,0,0,0
03/05/2020,Columbia,0,0,0,0
03/06/2020,Columbia,0,0,0,0
03/07/2020,Columbia,0,0,0,0
03/08/2020,Columbia,0,0,1,1
03/09/2020,Columbia,0,0,0,1
03/10/2020,Columbia,0,0,0,1
03/11/2020,Columbia,0,0,2,3
03/12/2020,Columbia,0,0,2,5
03/13/2020,Columbia,0,0,1,6
03/14/2020,Columbia,0,0,4,10
03/15/2020,Columbia,0,0,2,12
03/16/2020,Columbia,0,0,13,25
03/17/2020,Columbia,0,0,14,39
03/18/2020,Columbia,0,0,32,71
03/19/2020,Columbia,1,1,24,95
03/20/2020,Columbia,1,2,35,130
03/21/2020,Columbia,3,5,52,182
03/22/2020,Columbia,5,10,48,230
03/23/2020,Columbia,1,11,10,240
03/24/2020,Columbia,1,12,15,255
03/25/2020,Columbia,1,13,22,277
03/26/2020,Columbia,7,20,20,297
03/27/2020,Columbia,2,22,15,312
03/28/2020,Columbia,1,23,11,323
03/29/2020,Columbia,3,26,26,349
03/30/2020,Columbia,4,30,14,363
03/31/2020,Columbia,1,31,12,375
04/01/2020,Columbia,5,36,21,396
04/02/2020,Columbia,6,42,22,418
04/03/2020,Columbia,7,49,20,438
04/04/2020,Columbia,2,51,15,453
04/05/2020,Columbia,8,59,23,476
04/06/2020,Columbia,2,61,15,491
04/07/2020,Columbia,2,63,8,499
04/08/2020,Columbia,7,70,27,526
04/09/2020,Columbia,4,74,55,581
04/10/2020,Columbia,3,77,30,611
04/11/2020,Columbia,2,79,35,646
04/12/2020,Columbia,1,80,27,673
04/13/2020,Columbia,4,84,30,703
04/14/2020,Columbia,12,96,55,758
04/15/2020,Columbia,3,99,28,786
04/16/2020,Columbia,2,101,20,806
04/17/2020,Columbia,4,105,32,838
04/18/2020,Columbia,2,107,34,872
04/19/2020,Columbia,4,111,17,889
04/20/2020,Columbia,2,113,24,913
04/21/2020,Columbia,4,117,34,947
04/22/2020,Columbia,6,123,35,982
04/23/2020,Columbia,6,129,35,1017
04/24/2020,Columbia,11,140,105,1122
04/25/2020,Columbia,3,143,27,1149
04/26/2020,Columbia,3,146,22,1171
04/27/2020,Columbia,8,154,33,1204
04/28/2020,Columbia,11,165,37,1241
04/29/2020,Columbia,5,170,61,1302
04/30/2020,Columbia,32,202,76,1378
05/01/2020,Columbia,3,205,37,1415
05/02/2020,Columbia,4,209,57,1472
05/03/2020,Columbia,4,213,38,1510
05/04/2020,Columbia,16,229,79,1589
05/05/2020,Columbia,62,291,188,1777
05/06/2020,Columbia,11,302,58,1835
05/07/2020,Columbia,2,304,70,1905
05/08/2020,Columbia,0,304,42,1947
05/09/2020,Columbia,8,312,264,2211
05/10/2020,Columbia,2,314,41,2252
05/11/2020,Columbia,0,314,55,2307
05/12/2020,Columbia,4,318,85,2392
05/13/2020,Columbia,9,327,100,2492
05/14/2020,Columbia,6,333,95,2587
05/15/2020,Columbia,5,338,71,2658
05/16/2020,Columbia,2,340,68,2726
05/17/2020,Columbia,6,346,86,2812
05/18/2020,Columbia,4,350,39,2851
05/19/2020,Columbia,0,350,107,2958
05/20/2020,Columbia,5,355,128,3086
05/21/2020,Columbia,1,356,78,3164
05/22/2020,Columbia,3,359,96,3260
05/23/2020,Columbia,6,365,94,3354
05/24/2020,Columbia,7,372,134,3488
05/25/2020,Columbia,1,373,145,3633
05/26/2020,Columbia,7,380,62,3695
05/27/2020,Columbia,0,380,145,3840
05/28/2020,Columbia,2,382,159,3999
05/29/2020,Columbia,1,383,125,4124
05/30/2020,Columbia,4,387,211,4335
05/31/2020,Columbia,2,389,94,4429
06/01/2020,Columbia,2,391,167,4596
06/02/2020,Columbia,8,399,393,4989
06/03/2020,Columbia,1,400,276,5265
06/04/2020,Columbia,11,411,269,5534
06/05/2020,Columbia,1,412,225,5759
06/06/2020,Columbia,2,414,211,5970
06/07/2020,Columbia,0,414,144,6114
06/08/2020,Columbia,0,414,145,6259
06/09/2020,Columbia,6,420,310,6569
06/10/2020,Columbia,4,424,233,6802
06/11/2020,Columbia,4,428,412,7214
06/12/2020,Columbia,3,431,176,7390
06/13/2020,Columbia,5,436,198,7588
06/14/2020,Columbia,3,439,95,7683
06/15/2020,Columbia,3,442,198,7881
06/16/2020,Columbia,0,442,134,8015
06/17/2020,Columbia,1,443,189,8204
06/18/2020,Columbia,3,446,454,8658
06/19/2020,Columbia,5,451,335,8993
06/20/2020,Columbia,0,451,182,9175
06/21/2020,Columbia,1,452,146,9321
06/22/2020,Columbia,2,454,106,9427
06/23/2020,Columbia,0,454,174,9601
06/24/2020,Columbia,1,455,300,9901
06/25/2020,Columbia,5,460,447,10348
06/26/2020,Columbia,1,461,179,10527
06/27/2020,Columbia,2,463,165,10692
06/28/2020,Columbia,0,463,96,10788
06/29/2020,Columbia,1,464,221,11009
06/30/2020,Columbia,2,466,136,11145
07/01/2020,Columbia,6,472,289,11434
07/02/2020,Columbia,2,474,234,11668
07/03/2020,Columbia,0,474,150,11818
07/04/2020,Columbia,1,475,220,12038
07/05/2020,Columbia,2,477,247,12285
07/06/2020,Columbia,2,479,312,12597
07/07/2020,Columbia,3,482,291,12888
07/08/2020,Columbia,0,482,191,13079
07/09/2020,Columbia,0,482,212,13291
07/10/2020,Columbia,3,485,172,13463
07/11/2020,Columbia,1,486,189,13652
07/12/2020,Columbia,1,487,197,13849
07/13/2020,Columbia,2,489,289,14138
07/14/2020,Columbia,0,489,226,14364
07/15/2020,Columbia,0,489,200,14564
07/16/2020,Columbia,1,490,201,14765
07/17/2020,Columbia,1,491,307,15072
07/18/2020,Columbia,1,492,99,15171
07/19/2020,Columbia,0,492,99,15270
07/20/2020,Columbia,3,495,222,15492
07/21/2020,Columbia,2,497,197,15689
07/22/2020,Columbia,0,497,309,15998
07/23/2020,Columbia,1,498,324,16322
07/24/2020,Columbia,2,500,284,16606
07/25/2020,Columbia,0,500,116,16722
07/26/2020,Columbia,3,503,139,16861
07/27/2020,Columbia,1,504,232,17093
07/28/2020,Columbia,6,510,119,17212
07/29/2020,Columbia,3,513,221,17433
07/30/2020,Columbia,3,516,253,17686
07/31/2020,Columbia,3,519,258,17944
08/01/2020,Columbia,3,522,73,18017
08/02/2020,Columbia,1,523,73,18090
08/03/2020,Columbia,6,529,268,18358
08/04/2020,Columbia,2,531,264,18622
08/05/2020,Columbia,3,534,235,18857
08/06/2020,Columbia,1,535,194,19051
08/07/2020,Columbia,4,539,158,19209
08/08/2020,Columbia,1,540,166,19375
08/09/2020,Columbia,1,541,120,19495
08/10/2020,Columbia,5,546,415,19910
08/11/2020,Columbia,2,548,247,20157
08/12/2020,Columbia,2,550,222,20379
08/13/2020,Columbia,1,551,304,20683
08/14/2020,Columbia,0,551,214,20897
08/15/2020,Columbia,1,552,221,21118
08/16/2020,Columbia,0,552,103,21221
08/17/2020,Columbia,6,558,505,21726
08/18/2020,Columbia,1,559,398,22124
08/19/2020,Columbia,1,560,228,22352
08/20/2020,Columbia,1,561,296,22648
08/21/2020,Columbia,0,561,315,22963
08/22/2020,Columbia,1,562,203,23166
08/23/2020,Columbia,0,562,141,23307
08/24/2020,Columbia,2,564,317,23624
08/25/2020,Columbia,0,564,109,23733
08/26/2020,Columbia,4,568,279,24012
08/27/2020,Columbia,0,568,295,24307
08/28/2020,Columbia,1,569,304,24611
08/29/2020,Columbia,0,569,280,24891
08/30/2020,Columbia,0,569,261,25152
08/31/2020,Columbia,0,569,233,25385
09/01/2020,Columbia,1,570,347,25732
09/02/2020,Columbia,0,570,245,25977
09/03/2020,Columbia,4,574,206,26183
09/04/2020,Columbia,1,575,198,26381
09/05/2020,Columbia,0,575,190,26571
09/06/2020,Columbia,1,576,116,26687
09/07/2020,Columbia,0,576,237,26924
09/08/2020,Columbia,0,576,223,27147
09/09/2020,Columbia,0,576,213,27360
09/10/2020,Columbia,1,577,222,27582
09/11/2020,Columbia,0,577,182,27764
09/12/2020,Columbia,0,577,263,28027
09/13/2020,Columbia,0,577,133,28160
09/14/2020,Columbia,0,577,285,28445
09/15/2020,Columbia,0,577,162,28607
09/16/2020,Columbia,2,579,196,28803
09/17/2020,Columbia,1,580,153,28956
09/18/2020,Columbia,0,580,195,29151
09/19/2020,Columbia,1,581,318,29469
09/20/2020,Columbia,1,582,230,29699
09/21/2020,Columbia,0,582,233,29932
09/22/2020,Columbia,3,585,130,30062
09/23/2020,Columbia,1,586,227,30289
09/24/2020,Columbia,2,588,272,30561
09/25/2020,Columbia,3,591,220,30781
09/26/2020,Columbia,0,591,342,31123
09/27/2020,Columbia,0,591,180,31303
09/28/2020,Columbia,1,592,268,31571
09/29/2020,Columbia,3,595,236,31807
09/30/2020,Columbia,0,595,283,32090
10/01/2020,Columbia,9,604,267,32357
10/02/2020,Columbia,1,605,224,32581
10/03/2020,Columbia,3,608,292,32873
10/04/2020,Columbia,0,608,138,33011
10/05/2020,Columbia,1,609,330,33341
10/06/2020,Columbia,2,611,202,33543
10/07/2020,Columbia,0,611,346,33889
10/08/2020,Columbia,4,615,242,34131
10/09/2020,Columbia,2,617,365,34496
10/10/2020,Columbia,4,621,248,34744
10/11/2020,Columbia,3,624,267,35011
10/12/2020,Columbia,2,626,355,35366
10/13/2020,Columbia,3,629,224,35590
10/14/2020,Columbia,5,634,435,36025
10/15/2020,Columbia,1,635,224,36249
10/16/2020,Columbia,6,641,311,36560
10/17/2020,Columbia,6,647,362,36922
10/18/2020,Columbia,4,651,264,37186
10/19/2020,Columbia,6,657,251,37437
10/20/2020,Columbia,2,659,272,37709
10/21/2020,Columbia,4,663,372,38081
10/22/2020,Columbia,4,667,374,38455
10/23/2020,Columbia,2,669,351,38806
10/24/2020,Columbia,11,680,253,39059
10/25/2020,Columbia,12,692,304,39363
10/26/2020,Columbia,7,699,578,39941
10/27/2020,Columbia,11,710,486,40427
10/28/2020,Columbia,11,721,553,40980
10/29/2020,Columbia,2,723,411,41391
10/30/2020,Columbia,5,728,398,41789
10/31/2020,Columbia,8,736,380,42169
11/01/2020,Columbia,3,739,456,42625
11/02/2020,Columbia,6,745,436,43061
11/03/2020,Columbia,18,763,421,43482
11/04/2020,Columbia,11,774,395,43877
11/05/2020,Columbia,8,782,346,44223
11/06/2020,Columbia,7,789,286,44509
11/07/2020,Columbia,12,801,553,45062
11/08/2020,Columbia,11,812,403,45465
11/09/2020,Columbia,13,825,520,45985
11/10/2020,Columbia,19,844,454,46439
11/11/2020,Columbia,11,855,434,46873
11/12/2020,Columbia,15,870,443,47316
11/13/2020,Columbia,7,877,277,47593
11/14/2020,Columbia,4,881,206,47799
11/15/2020,Columbia,5,886,206,48005
11/16/2020,Columbia,9,895,355,48360
11/17/2020,Columbia,11,906,522,48882
11/18/2020,Columbia,12,918,609,49491
11/19/2020,Columbia,16,934,582,50073
11/20/2020,Columbia,18,952,504,50577
11/21/2020,Columbia,10,962,342,50919
11/22/2020,Columbia,3,965,379,51298
11/23/2020,Columbia,5,970,344,51642
11/24/2020,Columbia,9,979,476,52118
11/25/2020,Columbia,9,988,372,52490
11/26/2020,Columbia,17,1005,492,52982
11/27/2020,Columbia,7,1012,407,53389
11/28/2020,Columbia,8,1020,414,53803
11/29/2020,Columbia,7,1027,273,54076
11/30/2020,Columbia,8,1035,593,54669
12/01/2020,Columbia,9,1044,416,55085
12/02/2020,Columbia,17,1061,669,55754
12/03/2020,Columbia,12,1073,672,56426
12/04/2020,Columbia,13,1086,502,56928
12/05/2020,Columbia,14,1100,316,57244
12/06/2020,Columbia,11,1111,302,57546
12/07/2020,Columbia,6,1117,382,57928
12/08/2020,Columbia,22,1139,496,58424
12/09/2020,Columbia,18,1157,560,58984
12/10/2020,Columbia,18,1175,425,59409
12/11/2020,Columbia,13,1188,462,59871
12/12/2020,Columbia,16,1204,546,60417
12/13/2020,Columbia,21,1225,296,60713
12/14/2020,Columbia,19,1244,453,61166
12/15/2020,Columbia,14,1258,281,61447
12/16/2020,Columbia,30,1288,671,62118
12/17/2020,Columbia,27,1315,617,62735
12/18/2020,Columbia,22,1337,434,63169
12/19/2020,Columbia,15,1352,382,63551
12/20/2020,Columbia,23,1375,355,63906
12/21/2020,Columbia,27,1402,491,64397
12/22/2020,Columbia,14,1416,436,64833
12/23/2020,Columbia,19,1435,657,65490
12/24/2020,Columbia,35,1470,681,66171
12/25/2020,Columbia,24,1494,331,66502
12/26/2020,Columbia,18,1512,357,66859
12/27/2020,Columbia,25,1537,488,67347
12/28/2020,Columbia,29,1566,459,67806
12/29/2020,Columbia,13,1579,254,68060
12/30/2020,Columbia,51,1630,573,68633
12/31/2020,Columbia,48,1678,599,69232
01/01/2021,Columbia,38,1716,509,69741
01/02/2021,Columbia,37,1753,443,70184
01/03/2021,Columbia,15,1768,514,70698
01/04/2021,Columbia,24,1792,458,71156
01/05/2021,Columbia,62,1854,449,71605
01/06/2021,Columbia,52,1906,654,72259
01/07/2021,Columbia,47,1953,579,72838
01/08/2021,Columbia,55,2008,690,73528
01/09/2021,Columbia,52,2060,587,74115
01/10/2021,Columbia,53,2113,597,74712
01/11/2021,Columbia,28,2141,485,75197
01/12/2021,Columbia,45,2186,404,75601
01/13/2021,Columbia,17,2203,442,76043
01/14/2021,Columbia,96,2299,859,76902
01/15/2021,Columbia,45,2344,741,77643
01/16/2021,Columbia,53,2397,564,78207
01/17/2021,Columbia,35,2432,622,78829
01/18/2021,Columbia,63,2495,631,79460
01/19/2021,Columbia,29,2524,424,79884
01/20/2021,Columbia,54,2578,561,80445
01/21/2021,Columbia,67,2645,741,81186
01/22/2021,Columbia,48,2693,924,82110
01/23/2021,Columbia,30,2723,464,82574
01/24/2021,Columbia,39,2762,466,83040
01/25/2021,Columbia,25,2787,403,83443
01/26/2021,Columbia,33,2820,434,83877
01/27/2021,Columbia,33,2853,527,84404
01/28/2021,Columbia,54,2907,608,85012
01/29/2021,Columbia,47,2954,691,85703
01/30/2021,Columbia,17,2971,384,86087
01/31/2021,Columbia,30,3001,456,86543
02/01/2021,Columbia,19,3020,335,86878
02/02/2021,Columbia,20,3040,247,87125
02/03/2021,Columbia,11,3051,381,87506
02/04/2021,Columbia,24,3075,636,88142
02/05/2021,Columbia,29,3104,751,88893
02/06/2021,Columbia,18,3122,460,89353
02/07/2021,Columbia,13,3135,341,89694
02/08/2021,Columbia,21,3156,257,89951
02/09/2021,Columbia,6,3162,333,90284
02/10/2021,Columbia,16,3178,667,90951
02/11/2021,Columbia,18,3196,473,91424
02/12/2021,Columbia,18,3214,709,92133
02/13/2021,Columbia,9,3223,426,92559
02/14/2021,Columbia,11,3234,396,92955
02/15/2021,Columbia,17,3251,271,93226
02/16/2021,Columbia,20,3271,323,93549
02/17/2021,Columbia,13,3284,561,94110
02/18/2021,Columbia,13,3297,620,94730
02/19/2021,Columbia,15,3312,602,95332
02/20/2021,Columbia,6,3318,298,95630
02/21/2021,Columbia,10,3328,405,96035
02/22/2021,Columbia,7,3335,254,96289
02/23/2021,Columbia,12,3347,372,96661
02/24/2021,Columbia,13,3360,707,97368
02/25/2021,Columbia,8,3368,682,98050
02/26/2021,Columbia,7,3375,605,98655
02/27/2021,Columbia,13,3388,368,99023
02/28/2021,Columbia,12,3400,298,99321
03/01/2021,Columbia,5,3405,347,99668
03/02/2021,Columbia,16,3421,467,100135
03/03/2021,Columbia,4,3425,681,100816
03/04/2021,Columbia,9,3434,771,101587
03/05/2021,Columbia,9,3443,641,102228
03/06/2021,Columbia,13,3456,400,102628
03/07/2021,Columbia,4,3460,384,103012
03/08/2021,Columbia,13,3473,444,103456
03/09/2021,Columbia,6,3479,364,103820
03/10/2021,Columbia,5,3484,691,104511
03/11/2021,Columbia,7,3491,593,105104
03/12/2021,Columbia,11,3502,681,105785
03/13/2021,Columbia,5,3507,343,106128
03/14/2021,Columbia,2,3509,279,106407
03/15/2021,Columbia,13,3522,413,106820
03/16/2021,Columbia,10,3532,470,107290
03/17/2021,Columbia,12,3544,538,107828
03/18/2021,Columbia,20,3564,722,108550
03/19/2021,Columbia,8,3572,575,109125
03/20/2021,Columbia,7,3579,376,109501
03/21/2021,Columbia,7,3586,196,109697
03/22/2021,Columbia,20,3606,347,110044
03/23/2021,Columbia,8,3614,427,110471
03/24/2021,Columbia,9,3623,563,111034
03/25/2021,Columbia,9,3632,634,111668
03/26/2021,Columbia,7,3639,533,112201
03/27/2021,Columbia,17,3656,461,112662
03/28/2021,Columbia,8,3664,200,112862
03/29/2021,Columbia,10,3674,392,113254
03/30/2021,Columbia,16,3690,420,113674
03/31/2021,Columbia,5,3695,768,114442
04/01/2021,Columbia,9,3704,661,115103
04/02/2021,Columbia,10,3714,518,115621
04/03/2021,Columbia,9,3723,516,116137
04/04/2021,Columbia,11,3734,410,116547
04/05/2021,Columbia,3,3737,251,116798
04/06/2021,Columbia,10,3747,360,117158
04/07/2021,Columbia,7,3754,492,117650
04/08/2021,Columbia,8,3762,677,118327
04/09/2021,Columbia,17,3779,458,118785
04/10/2021,Columbia,5,3784,353,119138
04/11/2021,Columbia,9,3793,324,119462
04/12/2021,Columbia,6,3799,236,119698
04/13/2021,Columbia,4,3803,376,120074
04/14/2021,Columbia,6,3809,750,120824
04/15/2021,Columbia,9,3818,501,121325
04/16/2021,Columbia,8,3826,435,121760
04/17/2021,Columbia,6,3832,491,122251
04/18/2021,Columbia,5,3837,354,122605
04/19/2021,Columbia,4,3841,293,122898
04/20/2021,Columbia,7,3848,375,123273
04/21/2021,Columbia,2,3850,653,123926
04/22/2021,Columbia,7,3857,628,124554
04/23/2021,Columbia,5,3862,307,124861
04/24/2021,Columbia,3,3865,367,125228
04/25/2021,Columbia,2,3867,277,125505
04/26/2021,Columbia,8,3875,243,125748
04/27/2021,Columbia,6,3881,314,126062
04/28/2021,Columbia,1,3882,676,126738
04/29/2021,Columbia,7,3889,449,127187
04/30/2021,Columbia,5,3894,565,127752
05/01/2021,Columbia,4,3898,382,128134
05/02/2021,Columbia,6,3904,337,128471
05/03/2021,Columbia,9,3913,187,128658
05/04/2021,Columbia,11,3924,285,128943
05/05/2021,Columbia,9,3933,496,129439
05/06/2021,Columbia,11,3944,473,129912
05/07/2021,Columbia,7,3951,445,130357
05/08/2021,Columbia,17,3968,533,130890
05/09/2021,Columbia,6,3974,222,131112
05/10/2021,Columbia,0,3974,155,131267
05/11/2021,Columbia,9,3983,260,131527
05/12/2021,Columbia,8,3991,644,132171
05/13/2021,Columbia,10,4001,278,132449
05/14/2021,Columbia,7,4008,497,132946
05/15/2021,Columbia,5,4013,417,133363
05/16/2021,Columbia,5,4018,292,133655
05/17/2021,Columbia,2,4020,167,133822
05/18/2021,Columbia,6,4026,209,134031
05/19/2021,Columbia,5,4031,457,134488
05/20/2021,Columbia,1,4032,326,134814
05/21/2021,Columbia,5,4037,363,135177
05/22/2021,Columbia,0,4037,129,135306
05/23/2021,Columbia,0,4037,222,135528
05/24/2021,Columbia,1,4038,74,135602
05/25/2021,Columbia,0,4038,335,135937
05/26/2021,Columbia,3,4041,472,136409
05/27/2021,Columbia,0,4041,242,136651
05/28/2021,Columbia,3,4044,260,136911
05/29/2021,Columbia,0,4044,354,137265
05/30/2021,Columbia,1,4045,216,137481
05/31/2021,Columbia,0,4045,77,137558
06/01/2021,Columbia,1,4046,115,137673
06/02/2021,Columbia,0,4046,221,137894
06/03/2021,Columbia,0,4046,537,138431
06/04/2021,Columbia,11,4057,403,138834
06/05/2021,Columbia,2,4059,198,139032
06/06/2021,Columbia,0,4059,328,139360
06/07/2021,Columbia,0,4059,185,139545
06/08/2021,Columbia,2,4061,209,139754
06/09/2021,Columbia,0,4061,343,140097
06/10/2021,Columbia,0,4061,190,140287
06/11/2021,Columbia,1,4062,225,140512
06/12/2021,Columbia,2,4064,131,140643
06/13/2021,Columbia,0,4064,107,140750
06/14/2021,Columbia,0,4064,161,140911
06/15/2021,Columbia,0,4064,209,141120
06/16/2021,Columbia,1,4065,236,141356
06/17/2021,Columbia,0,4065,238,141594
06/18/2021,Columbia,3,4068,246,141840
06/19/2021,Columbia,0,4068,166,142006
06/20/2021,Columbia,0,4068,96,142102
06/21/2021,Columbia,0,4068,95,142197
06/22/2021,Columbia,0,4068,133,142330
06/23/2021,Columbia,1,4069,184,142514
06/24/2021,Columbia,2,4071,109,142623
06/25/2021,Columbia,1,4072,162,142785
06/26/2021,Columbia,1,4073,190,142975
06/27/2021,Columbia,0,4073,97,143072
06/28/2021,Columbia,0,4073,68,143140
06/29/2021,Columbia,6,4079,166,143306
06/30/2021,Columbia,0,4079,88,143394
07/01/2021,Columbia,0,4079,134,143528
07/02/2021,Columbia,3,4082,137,143665
07/03/2021,Columbia,0,4082,110,143775
07/04/2021,Columbia,1,4083,53,143828
07/05/2021,Columbia,0,4083,53,143881
07/06/2021,Columbia,0,4083,102,143983
07/07/2021,Columbia,0,4083,95,144078
07/08/2021,Columbia,2,4085,116,144194
07/09/2021,Columbia,0,4085,127,144321
07/10/2021,Columbia,0,4085,63,144384
07/11/2021,Columbia,0,4085,93,144477
07/12/2021,Columbia,3,4088,96,144573
07/13/2021,Columbia,1,4089,94,144667
07/14/2021,Columbia,0,4089,86,144753
07/15/2021,Columbia,1,4090,93,144846
07/16/2021,Columbia,1,4091,98,144944
07/17/2021,Columbia,5,4096,150,145094
07/18/2021,Columbia,0,4096,40,145134
07/19/2021,Columbia,4,4100,146,145280
07/20/2021,Columbia,4,4104,130,145410
07/21/2021,Columbia,0,4104,159,145569
07/22/2021,Columbia,4,4108,127,145696
07/23/2021,Columbia,1,4109,109,145805
07/24/2021,Columbia,4,4113,166,145971
07/25/2021,Columbia,2,4115,117,146088
07/26/2021,Columbia,3,4118,155,146243
07/27/2021,Columbia,2,4120,169,146412
07/28/2021,Columbia,5,4125,260,146672
07/29/2021,Columbia,5,4130,157,146829
07/30/2021,Columbia,9,4139,160,146989
07/31/2021,Columbia,5,4144,168,147157
08/01/2021,Columbia,2,4146,108,147265
08/02/2021,Columbia,6,4152,160,147425
08/03/2021,Columbia,4,4156,340,147765
08/04/2021,Columbia,2,4158,225,147990
08/05/2021,Columbia,3,4161,155,148145
08/06/2021,Columbia,6,4167,256,148401
08/07/2021,Columbia,1,4168,142,148543
08/08/2021,Columbia,2,4170,128,148671
08/09/2021,Columbia,4,4174,153,148824
08/10/2021,Columbia,7,4181,226,149050
08/11/2021,Columbia,4,4185,219,149269
08/12/2021,Columbia,6,4191,194,149463
08/13/2021,Columbia,6,4197,193,149656
08/14/2021,Columbia,7,4204,220,149876
08/15/2021,Columbia,7,4211,147,150023
08/16/2021,Columbia,8,4219,152,150175
08/17/2021,Columbia,12,4231,246,150421
08/18/2021,Columbia,4,4235,237,150658
08/19/2021,Columbia,17,4252,374,151032
08/20/2021,Columbia,9,4261,285,151317
08/21/2021,Columbia,8,4269,260,151577
08/22/2021,Columbia,9,4278,182,151759
08/23/2021,Columbia,2,4280,160,151919
08/24/2021,Columbia,18,4298,351,152270
08/25/2021,Columbia,12,4310,490,152760
08/26/2021,Columbia,22,4332,362,153122
08/27/2021,Columbia,8,4340,506,153628
08/28/2021,Columbia,8,4348,272,153900
08/29/2021,Columbia,5,4353,217,154117
08/30/2021,Columbia,6,4359,271,154388
08/31/2021,Columbia,7,4366,220,154608
09/01/2021,Columbia,5,4371,520,155128
09/02/2021,Columbia,9,4380,397,155525
09/03/2021,Columbia,17,4397,630,156155
09/04/2021,Columbia,10,4407,506,156661
09/05/2021,Columbia,10,4417,220,156881
09/06/2021,Columbia,12,4429,142,157023
09/07/2021,Columbia,8,4437,126,157149
09/08/2021,Columbia,8,4445,287,157436
09/09/2021,Columbia,8,4453,405,157841
09/10/2021,Columbia,21,4474,451,158292
09/11/2021,Columbia,15,4489,392,158684
09/12/2021,Columbia,8,4497,199,158883
09/13/2021,Columbia,12,4509,193,159076
09/14/2021,Columbia,16,4525,320,159396
09/15/2021,Columbia,23,4548,485,159881
09/16/2021,Columbia,10,4558,381,160262
09/17/2021,Columbia,22,4580,359,160621
09/18/2021,Columbia,28,4608,418,161039
09/19/2021,Columbia,5,4613,151,161190
09/20/2021,Columbia,19,4632,264,161454
09/21/2021,Columbia,23,4655,334,161788
09/22/2021,Columbia,9,4664,642,162430
09/23/2021,Columbia,35,4699,554,162984
09/24/2021,Columbia,20,4719,335,163319
09/25/2021,Columbia,8,4727,219,163538
09/26/2021,Columbia,10,4737,225,163763
09/27/2021,Columbia,8,4745,548,164311
09/28/2021,Columbia,24,4769,362,164673
09/29/2021,Columbia,11,4780,571,165244
09/30/2021,Columbia,17,4797,480,165724
10/01/2021,Columbia,8,4805,248,165972
10/02/2021,Columbia,17,4822,361,166333
10/03/2021,Columbia,6,4828,378,166711
10/04/2021,Columbia,9,4837,157,166868
10/05/2021,Columbia,10,4847,422,167290
10/06/2021,Columbia,9,4856,566,167856
10/07/2021,Columbia,19,4875,463,168319
10/08/2021,Columbia,5,4880,278,168597
10/09/2021,Columbia,5,4885,252,168849
10/10/2021,Columbia,16,4901,363,169212
10/11/2021,Columbia,8,4909,103,169315
10/12/2021,Columbia,11,4920,462,169777
10/13/2021,Columbia,8,4928,549,170326
10/14/2021,Columbia,21,4949,344,170670
10/15/2021,Columbia,8,4957,356,171026
10/16/2021,Columbia,9,4966,320,171346
10/17/2021,Columbia,11,4977,225,171571
10/18/2021,Columbia,7,4984,113,171684
10/19/2021,Columbia,14,4998,320,172004
10/20/2021,Columbia,11,5009,594,172598
10/21/2021,Columbia,16,5025,278,172876
10/22/2021,Columbia,12,5037,412,173288
10/23/2021,Columbia,6,5043,291,173579
03/01/2020,Cortland,0,0,0,0
03/02/2020,Cortland,0,0,0,0
03/03/2020,Cortland,0,0,0,0
03/04/2020,Cortland,0,0,0,0
03/05/2020,Cortland,0,0,0,0
03/06/2020,Cortland,0,0,0,0
03/07/2020,Cortland,0,0,1,1
03/08/2020,Cortland,0,0,0,1
03/09/2020,Cortland,0,0,0,1
03/10/2020,Cortland,0,0,0,1
03/11/2020,Cortland,0,0,0,1
03/12/2020,Cortland,0,0,0,1
03/13/2020,Cortland,0,0,0,1
03/14/2020,Cortland,0,0,1,2
03/15/2020,Cortland,0,0,0,2
03/16/2020,Cortland,0,0,2,4
03/17/2020,Cortland,0,0,1,5
03/18/2020,Cortland,0,0,1,6
03/19/2020,Cortland,0,0,7,13
03/20/2020,Cortland,0,0,15,28
03/21/2020,Cortland,1,1,17,45
03/22/2020,Cortland,1,2,55,100
03/23/2020,Cortland,0,2,30,130
03/24/2020,Cortland,0,2,3,133
03/25/2020,Cortland,0,2,41,174
03/26/2020,Cortland,2,4,34,208
03/27/2020,Cortland,1,5,45,253
03/28/2020,Cortland,1,6,28,281
03/29/2020,Cortland,2,8,48,329
03/30/2020,Cortland,0,8,9,338
03/31/2020,Cortland,0,8,12,350
04/01/2020,Cortland,0,8,42,392
04/02/2020,Cortland,2,10,54,446
04/03/2020,Cortland,0,10,32,478
04/04/2020,Cortland,0,10,38,516
04/05/2020,Cortland,3,13,42,558
04/06/2020,Cortland,3,16,25,583
04/07/2020,Cortland,0,16,18,601
04/08/2020,Cortland,0,16,41,642
04/09/2020,Cortland,1,17,25,667
04/10/2020,Cortland,0,17,20,687
04/11/2020,Cortland,1,18,18,705
04/12/2020,Cortland,2,20,18,723
04/13/2020,Cortland,2,22,38,761
04/14/2020,Cortland,1,23,6,767
04/15/2020,Cortland,1,24,17,784
04/16/2020,Cortland,1,25,13,797
04/17/2020,Cortland,0,25,19,816
04/18/2020,Cortland,0,25,11,827
04/19/2020,Cortland,0,25,12,839
04/20/2020,Cortland,0,25,2,841
04/21/2020,Cortland,0,25,5,846
04/22/2020,Cortland,0,25,30,876
04/23/2020,Cortland,0,25,30,906
04/24/2020,Cortland,3,28,109,1015
04/25/2020,Cortland,0,28,26,1041
04/26/2020,Cortland,0,28,16,1057
04/27/2020,Cortland,0,28,7,1064
04/28/2020,Cortland,0,28,22,1086
04/29/2020,Cortland,0,28,26,1112
04/30/2020,Cortland,0,28,31,1143
05/01/2020,Cortland,0,28,30,1173
05/02/2020,Cortland,0,28,16,1189
05/03/2020,Cortland,0,28,42,1231
05/04/2020,Cortland,0,28,12,1243
05/05/2020,Cortland,0,28,33,1276
05/06/2020,Cortland,1,29,27,1303
05/07/2020,Cortland,0,29,38,1341
05/08/2020,Cortland,0,29,96,1437
05/09/2020,Cortland,0,29,29,1466
05/10/2020,Cortland,0,29,27,1493
05/11/2020,Cortland,1,30,33,1526
05/12/2020,Cortland,1,31,40,1566
05/13/2020,Cortland,2,33,50,1616
05/14/2020,Cortland,0,33,95,1711
05/15/2020,Cortland,1,34,221,1932
05/16/2020,Cortland,0,34,140,2072
05/17/2020,Cortland,1,35,99,2171
05/18/2020,Cortland,1,36,62,2233
05/19/2020,Cortland,0,36,77,2310
05/20/2020,Cortland,0,36,144,2454
05/21/2020,Cortland,1,37,86,2540
05/22/2020,Cortland,1,38,223,2763
05/23/2020,Cortland,1,39,147,2910
05/24/2020,Cortland,0,39,221,3131
05/25/2020,Cortland,0,39,64,3195
05/26/2020,Cortland,0,39,82,3277
05/27/2020,Cortland,0,39,34,3311
05/28/2020,Cortland,0,39,207,3518
05/29/2020,Cortland,2,41,188,3706
05/30/2020,Cortland,0,41,261,3967
05/31/2020,Cortland,0,41,84,4051
06/01/2020,Cortland,0,41,128,4179
06/02/2020,Cortland,0,41,92,4271
06/03/2020,Cortland,0,41,130,4401
06/04/2020,Cortland,0,41,343,4744
06/05/2020,Cortland,0,41,294,5038
06/06/2020,Cortland,0,41,201,5239
06/07/2020,Cortland,1,42,179,5418
06/08/2020,Cortland,0,42,162,5580
06/09/2020,Cortland,0,42,153,5733
06/10/2020,Cortland,0,42,110,5843
06/11/2020,Cortland,0,42,258,6101
06/12/2020,Cortland,0,42,216,6317
06/13/2020,Cortland,0,42,174,6491
06/14/2020,Cortland,0,42,87,6578
06/15/2020,Cortland,0,42,155,6733
06/16/2020,Cortland,0,42,124,6857
06/17/2020,Cortland,2,44,107,6964
06/18/2020,Cortland,0,44,216,7180
06/19/2020,Cortland,0,44,251,7431
06/20/2020,Cortland,0,44,130,7561
06/21/2020,Cortland,0,44,84,7645
06/22/2020,Cortland,0,44,181,7826
06/23/2020,Cortland,0,44,90,7916
06/24/2020,Cortland,0,44,153,8069
06/25/2020,Cortland,0,44,106,8175
06/26/2020,Cortland,0,44,234,8409
06/27/2020,Cortland,2,46,234,8643
06/28/2020,Cortland,1,47,95,8738
06/29/2020,Cortland,0,47,144,8882
06/30/2020,Cortland,0,47,111,8993
07/01/2020,Cortland,0,47,138,9131
07/02/2020,Cortland,1,48,41,9172
07/03/2020,Cortland,2,50,135,9307
07/04/2020,Cortland,1,51,217,9524
07/05/2020,Cortland,1,52,55,9579
07/06/2020,Cortland,1,53,164,9743
07/07/2020,Cortland,1,54,137,9880
07/08/2020,Cortland,1,55,147,10027
07/09/2020,Cortland,1,56,92,10119
07/10/2020,Cortland,2,58,138,10257
07/11/2020,Cortland,0,58,278,10535
07/12/2020,Cortland,1,59,103,10638
07/13/2020,Cortland,0,59,143,10781
07/14/2020,Cortland,2,61,160,10941
07/15/2020,Cortland,2,63,85,11026
07/16/2020,Cortland,4,67,216,11242
07/17/2020,Cortland,1,68,285,11527
07/18/2020,Cortland,1,69,133,11660
07/19/2020,Cortland,0,69,83,11743
07/20/2020,Cortland,4,73,182,11925
07/21/2020,Cortland,4,77,398,12323
07/22/2020,Cortland,3,80,259,12582
07/23/2020,Cortland,2,82,98,12680
07/24/2020,Cortland,2,84,362,13042
07/25/2020,Cortland,1,85,212,13254
07/26/2020,Cortland,2,87,470,13724
07/27/2020,Cortland,2,89,267,13991
07/28/2020,Cortland,1,90,148,14139
07/29/2020,Cortland,0,90,166,14305
07/30/2020,Cortland,1,91,247,14552
07/31/2020,Cortland,0,91,168,14720
08/01/2020,Cortland,1,92,233,14953
08/02/2020,Cortland,0,92,103,15056
08/03/2020,Cortland,1,93,311,15367
08/04/2020,Cortland,1,94,88,15455
08/05/2020,Cortland,0,94,192,15647
08/06/2020,Cortland,1,95,148,15795
08/07/2020,Cortland,0,95,255,16050
08/08/2020,Cortland,0,95,149,16199
08/09/2020,Cortland,0,95,247,16446
08/10/2020,Cortland,0,95,327,16773
08/11/2020,Cortland,1,96,109,16882
08/12/2020,Cortland,1,97,187,17069
08/13/2020,Cortland,0,97,113,17182
08/14/2020,Cortland,0,97,211,17393
08/15/2020,Cortland,0,97,150,17543
08/16/2020,Cortland,0,97,112,17655
08/17/2020,Cortland,0,97,372,18027
08/18/2020,Cortland,0,97,143,18170
08/19/2020,Cortland,1,98,176,18346
08/20/2020,Cortland,0,98,168,18514
08/21/2020,Cortland,0,98,223,18737
08/22/2020,Cortland,0,98,106,18843
08/23/2020,Cortland,0,98,239,19082
08/24/2020,Cortland,0,98,103,19185
08/25/2020,Cortland,0,98,173,19358
08/26/2020,Cortland,0,98,82,19440
08/27/2020,Cortland,0,98,200,19640
08/28/2020,Cortland,0,98,196,19836
08/29/2020,Cortland,1,99,156,19992
08/30/2020,Cortland,1,100,93,20085
08/31/2020,Cortland,1,101,145,20230
09/01/2020,Cortland,1,102,92,20322
09/02/2020,Cortland,0,102,112,20434
09/03/2020,Cortland,0,102,231,20665
09/04/2020,Cortland,0,102,171,20836
09/05/2020,Cortland,1,103,223,21059
09/06/2020,Cortland,0,103,77,21136
09/07/2020,Cortland,0,103,224,21360
09/08/2020,Cortland,0,103,101,21461
09/09/2020,Cortland,1,104,98,21559
09/10/2020,Cortland,5,109,187,21746
09/11/2020,Cortland,10,119,378,22124
09/12/2020,Cortland,9,128,221,22345
09/13/2020,Cortland,4,132,193,22538
09/14/2020,Cortland,5,137,241,22779
09/15/2020,Cortland,0,137,279,23058
09/16/2020,Cortland,4,141,287,23345
09/17/2020,Cortland,9,150,279,23624
09/18/2020,Cortland,5,155,356,23980
09/19/2020,Cortland,4,159,305,24285
09/20/2020,Cortland,2,161,193,24478
09/21/2020,Cortland,1,162,167,24645
09/22/2020,Cortland,2,164,255,24900
09/23/2020,Cortland,3,167,172,25072
09/24/2020,Cortland,2,169,328,25400
09/25/2020,Cortland,2,171,376,25776
09/26/2020,Cortland,0,171,253,26029
09/27/2020,Cortland,0,171,176,26205
09/28/2020,Cortland,10,181,215,26420
09/29/2020,Cortland,3,184,858,27278
09/30/2020,Cortland,11,195,759,28037
10/01/2020,Cortland,3,198,350,28387
10/02/2020,Cortland,7,205,525,28912
10/03/2020,Cortland,18,223,411,29323
10/04/2020,Cortland,0,223,150,29473
10/05/2020,Cortland,14,237,166,29639
10/06/2020,Cortland,3,240,583,30222
10/07/2020,Cortland,20,260,347,30569
10/08/2020,Cortland,17,277,790,31359
10/09/2020,Cortland,16,293,546,31905
10/10/2020,Cortland,8,301,474,32379
10/11/2020,Cortland,16,317,498,32877
10/12/2020,Cortland,16,333,267,33144
10/13/2020,Cortland,13,346,1040,34184
10/14/2020,Cortland,25,371,1189,35373
10/15/2020,Cortland,16,387,1203,36576
10/16/2020,Cortland,12,399,1022,37598
10/17/2020,Cortland,7,406,635,38233
10/18/2020,Cortland,10,416,246,38479
10/19/2020,Cortland,20,436,282,38761
10/20/2020,Cortland,15,451,799,39560
10/21/2020,Cortland,24,475,1031,40591
10/22/2020,Cortland,13,488,454,41045
10/23/2020,Cortland,8,496,1258,42303
10/24/2020,Cortland,14,510,678,42981
10/25/2020,Cortland,14,524,1106,44087
10/26/2020,Cortland,18,542,742,44829
10/27/2020,Cortland,5,547,400,45229
10/28/2020,Cortland,6,553,1116,46345
10/29/2020,Cortland,14,567,426,46771
10/30/2020,Cortland,17,584,565,47336
10/31/2020,Cortland,5,589,408,47744
11/01/2020,Cortland,3,592,219,47963
11/02/2020,Cortland,6,598,315,48278
11/03/2020,Cortland,6,604,437,48715
11/04/2020,Cortland,9,613,476,49191
11/05/2020,Cortland,9,622,366,49557
11/06/2020,Cortland,11,633,410,49967
11/07/2020,Cortland,14,647,983,50950
11/08/2020,Cortland,9,656,450,51400
11/09/2020,Cortland,9,665,280,51680
11/10/2020,Cortland,12,677,774,52454
11/11/2020,Cortland,15,692,430,52884
11/12/2020,Cortland,20,712,504,53388
11/13/2020,Cortland,11,723,392,53780
11/14/2020,Cortland,27,750,419,54199
11/15/2020,Cortland,21,771,345,54544
11/16/2020,Cortland,8,779,330,54874
11/17/2020,Cortland,22,801,527,55401
11/18/2020,Cortland,26,827,447,55848
11/19/2020,Cortland,12,839,460,56308
11/20/2020,Cortland,31,870,792,57100
11/21/2020,Cortland,14,884,590,57690
11/22/2020,Cortland,23,907,386,58076
11/23/2020,Cortland,6,913,269,58345
11/24/2020,Cortland,38,951,550,58895
11/25/2020,Cortland,6,957,377,59272
11/26/2020,Cortland,22,979,285,59557
11/27/2020,Cortland,46,1025,279,59836
11/28/2020,Cortland,19,1044,338,60174
11/29/2020,Cortland,17,1061,426,60600
11/30/2020,Cortland,21,1082,366,60966
12/01/2020,Cortland,9,1091,466,61432
12/02/2020,Cortland,25,1116,482,61914
12/03/2020,Cortland,24,1140,541,62455
12/04/2020,Cortland,36,1176,607,63062
12/05/2020,Cortland,27,1203,402,63464
12/06/2020,Cortland,16,1219,229,63693
12/07/2020,Cortland,39,1258,325,64018
12/08/2020,Cortland,33,1291,455,64473
12/09/2020,Cortland,44,1335,607,65080
12/10/2020,Cortland,40,1375,689,65769
12/11/2020,Cortland,59,1434,802,66571
12/12/2020,Cortland,44,1478,574,67145
12/13/2020,Cortland,35,1513,310,67455
12/14/2020,Cortland,26,1539,323,67778
12/15/2020,Cortland,22,1561,379,68157
12/16/2020,Cortland,52,1613,469,68626
12/17/2020,Cortland,42,1655,747,69373
12/18/2020,Cortland,33,1688,568,69941
12/19/2020,Cortland,25,1713,424,70365
12/20/2020,Cortland,32,1745,357,70722
12/21/2020,Cortland,23,1768,225,70947
12/22/2020,Cortland,30,1798,613,71560
12/23/2020,Cortland,33,1831,335,71895
12/24/2020,Cortland,53,1884,579,72474
12/25/2020,Cortland,41,1925,466,72940
12/26/2020,Cortland,16,1941,187,73127
12/27/2020,Cortland,24,1965,215,73342
12/28/2020,Cortland,21,1986,167,73509
12/29/2020,Cortland,31,2017,317,73826
12/30/2020,Cortland,53,2070,464,74290
12/31/2020,Cortland,37,2107,371,74661
01/01/2021,Cortland,54,2161,587,75248
01/02/2021,Cortland,22,2183,340,75588
01/03/2021,Cortland,17,2200,240,75828
01/04/2021,Cortland,17,2217,191,76019
01/05/2021,Cortland,24,2241,397,76416
01/06/2021,Cortland,48,2289,603,77019
01/07/2021,Cortland,51,2340,460,77479
01/08/2021,Cortland,64,2404,872,78351
01/09/2021,Cortland,31,2435,571,78922
01/10/2021,Cortland,20,2455,354,79276
01/11/2021,Cortland,22,2477,318,79594
01/12/2021,Cortland,27,2504,360,79954
01/13/2021,Cortland,29,2533,499,80453
01/14/2021,Cortland,30,2563,671,81124
01/15/2021,Cortland,24,2587,552,81676
01/16/2021,Cortland,17,2604,598,82274
01/17/2021,Cortland,24,2628,348,82622
01/18/2021,Cortland,14,2642,221,82843
01/19/2021,Cortland,26,2668,343,83186
01/20/2021,Cortland,28,2696,530,83716
01/21/2021,Cortland,14,2710,605,84321
01/22/2021,Cortland,28,2738,1157,85478
01/23/2021,Cortland,15,2753,521,85999
01/24/2021,Cortland,9,2762,271,86270
01/25/2021,Cortland,8,2770,233,86503
01/26/2021,Cortland,3,2773,523,87026
01/27/2021,Cortland,20,2793,622,87648
01/28/2021,Cortland,12,2805,523,88171
01/29/2021,Cortland,27,2832,644,88815
01/30/2021,Cortland,14,2846,757,89572
01/31/2021,Cortland,7,2853,234,89806
02/01/2021,Cortland,12,2865,223,90029
02/02/2021,Cortland,5,2870,306,90335
02/03/2021,Cortland,19,2889,449,90784
02/04/2021,Cortland,9,2898,889,91673
02/05/2021,Cortland,13,2911,436,92109
02/06/2021,Cortland,12,2923,1770,93879
02/07/2021,Cortland,12,2935,223,94102
02/08/2021,Cortland,10,2945,212,94314
02/09/2021,Cortland,6,2951,291,94605
02/10/2021,Cortland,30,2981,1582,96187
02/11/2021,Cortland,9,2990,318,96505
02/12/2021,Cortland,14,3004,518,97023
02/13/2021,Cortland,12,3016,1463,98486
02/14/2021,Cortland,7,3023,1603,100089
02/15/2021,Cortland,4,3027,139,100228
02/16/2021,Cortland,11,3038,335,100563
02/17/2021,Cortland,15,3053,445,101008
02/18/2021,Cortland,7,3060,2731,103739
02/19/2021,Cortland,14,3074,567,104306
02/20/2021,Cortland,4,3078,2855,107161
02/21/2021,Cortland,12,3090,385,107546
02/22/2021,Cortland,8,3098,182,107728
02/23/2021,Cortland,4,3102,1438,109166
02/24/2021,Cortland,10,3112,1857,111023
02/25/2021,Cortland,28,3140,2511,113534
02/26/2021,Cortland,8,3148,1183,114717
02/27/2021,Cortland,13,3161,2972,117689
02/28/2021,Cortland,6,3167,158,117847
03/01/2021,Cortland,5,3172,175,118022
03/02/2021,Cortland,6,3178,972,118994
03/03/2021,Cortland,14,3192,1802,120796
03/04/2021,Cortland,15,3207,433,121229
03/05/2021,Cortland,24,3231,572,121801
03/06/2021,Cortland,10,3241,1956,123757
03/07/2021,Cortland,9,3250,238,123995
03/08/2021,Cortland,8,3258,132,124127
03/09/2021,Cortland,7,3265,960,125087
03/10/2021,Cortland,11,3276,2160,127247
03/11/2021,Cortland,6,3282,563,127810
03/12/2021,Cortland,14,3296,487,128297
03/13/2021,Cortland,5,3301,1718,130015
03/14/2021,Cortland,3,3304,197,130212
03/15/2021,Cortland,5,3309,128,130340
03/16/2021,Cortland,6,3315,824,131164
03/17/2021,Cortland,6,3321,1023,132187
03/18/2021,Cortland,4,3325,1847,134034
03/19/2021,Cortland,4,3329,565,134599
03/20/2021,Cortland,7,3336,1765,136364
03/21/2021,Cortland,6,3342,171,136535
03/22/2021,Cortland,4,3346,119,136654
03/23/2021,Cortland,10,3356,735,137389
03/24/2021,Cortland,7,3363,2157,139546
03/25/2021,Cortland,9,3372,668,140214
03/26/2021,Cortland,6,3378,1420,141634
03/27/2021,Cortland,5,3383,1427,143061
03/28/2021,Cortland,7,3390,412,143473
03/29/2021,Cortland,9,3399,260,143733
03/30/2021,Cortland,7,3406,822,144555
03/31/2021,Cortland,12,3418,471,145026
04/01/2021,Cortland,8,3426,654,145680
04/02/2021,Cortland,8,3434,898,146578
04/03/2021,Cortland,7,3441,1139,147717
04/04/2021,Cortland,5,3446,272,147989
04/05/2021,Cortland,7,3453,79,148068
04/06/2021,Cortland,4,3457,774,148842
04/07/2021,Cortland,13,3470,943,149785
04/08/2021,Cortland,12,3482,770,150555
04/09/2021,Cortland,5,3487,1168,151723
04/10/2021,Cortland,6,3493,370,152093
04/11/2021,Cortland,9,3502,221,152314
04/12/2021,Cortland,5,3507,327,152641
04/13/2021,Cortland,8,3515,483,153124
04/14/2021,Cortland,7,3522,1212,154336
04/15/2021,Cortland,6,3528,712,155048
04/16/2021,Cortland,9,3537,502,155550
04/17/2021,Cortland,9,3546,735,156285
04/18/2021,Cortland,7,3553,325,156610
04/19/2021,Cortland,6,3559,229,156839
04/20/2021,Cortland,10,3569,866,157705
04/21/2021,Cortland,10,3579,1230,158935
04/22/2021,Cortland,9,3588,487,159422
04/23/2021,Cortland,9,3597,1315,160737
04/24/2021,Cortland,2,3599,383,161120
04/25/2021,Cortland,2,3601,327,161447
04/26/2021,Cortland,2,3603,104,161551
04/27/2021,Cortland,10,3613,439,161990
04/28/2021,Cortland,6,3619,543,162533
04/29/2021,Cortland,3,3622,747,163280
04/30/2021,Cortland,2,3624,466,163746
05/01/2021,Cortland,12,3636,704,164450
05/02/2021,Cortland,7,3643,224,164674
05/03/2021,Cortland,9,3652,85,164759
05/04/2021,Cortland,11,3663,392,165151
05/05/2021,Cortland,10,3673,432,165583
05/06/2021,Cortland,6,3679,379,165962
05/07/2021,Cortland,15,3694,918,166880
05/08/2021,Cortland,8,3702,604,167484
05/09/2021,Cortland,2,3704,228,167712
05/10/2021,Cortland,6,3710,140,167852
05/11/2021,Cortland,6,3716,414,168266
05/12/2021,Cortland,12,3728,423,168689
05/13/2021,Cortland,22,3750,675,169364
05/14/2021,Cortland,6,3756,487,169851
05/15/2021,Cortland,10,3766,593,170444
05/16/2021,Cortland,7,3773,210,170654
05/17/2021,Cortland,12,3785,113,170767
05/18/2021,Cortland,10,3795,325,171092
05/19/2021,Cortland,12,3807,585,171677
05/20/2021,Cortland,9,3816,687,172364
05/21/2021,Cortland,8,3824,407,172771
05/22/2021,Cortland,7,3831,315,173086
05/23/2021,Cortland,2,3833,109,173195
05/24/2021,Cortland,6,3839,170,173365
05/25/2021,Cortland,8,3847,289,173654
05/26/2021,Cortland,10,3857,330,173984
05/27/2021,Cortland,13,3870,696,174680
05/28/2021,Cortland,5,3875,450,175130
05/29/2021,Cortland,5,3880,348,175478
05/30/2021,Cortland,7,3887,116,175594
05/31/2021,Cortland,2,3889,57,175651
06/01/2021,Cortland,4,3893,132,175783
06/02/2021,Cortland,2,3895,320,176103
06/03/2021,Cortland,3,3898,306,176409
06/04/2021,Cortland,4,3902,787,177196
06/05/2021,Cortland,6,3908,348,177544
06/06/2021,Cortland,3,3911,114,177658
06/07/2021,Cortland,2,3913,111,177769
06/08/2021,Cortland,2,3915,350,178119
06/09/2021,Cortland,1,3916,197,178316
06/10/2021,Cortland,3,3919,350,178666
06/11/2021,Cortland,5,3924,410,179076
06/12/2021,Cortland,1,3925,237,179313
06/13/2021,Cortland,0,3925,78,179391
06/14/2021,Cortland,1,3926,59,179450
06/15/2021,Cortland,0,3926,237,179687
06/16/2021,Cortland,0,3926,212,179899
06/17/2021,Cortland,1,3927,348,180247
06/18/2021,Cortland,2,3929,251,180498
06/19/2021,Cortland,0,3929,208,180706
06/20/2021,Cortland,0,3929,57,180763
06/21/2021,Cortland,1,3930,49,180812
06/22/2021,Cortland,1,3931,172,180984
06/23/2021,Cortland,0,3931,135,181119
06/24/2021,Cortland,0,3931,207,181326
06/25/2021,Cortland,0,3931,272,181598
06/26/2021,Cortland,2,3933,108,181706
06/27/2021,Cortland,1,3934,37,181743
06/28/2021,Cortland,0,3934,39,181782
06/29/2021,Cortland,0,3934,195,181977
06/30/2021,Cortland,0,3934,119,182096
07/01/2021,Cortland,1,3935,205,182301
07/02/2021,Cortland,0,3935,128,182429
07/03/2021,Cortland,0,3935,64,182493
07/04/2021,Cortland,0,3935,55,182548
07/05/2021,Cortland,0,3935,50,182598
07/06/2021,Cortland,1,3936,53,182651
07/07/2021,Cortland,0,3936,167,182818
07/08/2021,Cortland,0,3936,119,182937
07/09/2021,Cortland,0,3936,170,183107
07/10/2021,Cortland,0,3936,66,183173
07/11/2021,Cortland,0,3936,38,183211
07/12/2021,Cortland,1,3937,69,183280
07/13/2021,Cortland,1,3938,183,183463
07/14/2021,Cortland,2,3940,107,183570
07/15/2021,Cortland,0,3940,151,183721
07/16/2021,Cortland,0,3940,130,183851
07/17/2021,Cortland,1,3941,89,183940
07/18/2021,Cortland,1,3942,40,183980
07/19/2021,Cortland,2,3944,67,184047
07/20/2021,Cortland,1,3945,161,184208
07/21/2021,Cortland,4,3949,127,184335
07/22/2021,Cortland,2,3951,170,184505
07/23/2021,Cortland,4,3955,144,184649
07/24/2021,Cortland,2,3957,104,184753
07/25/2021,Cortland,1,3958,35,184788
07/26/2021,Cortland,0,3958,118,184906
07/27/2021,Cortland,3,3961,162,185068
07/28/2021,Cortland,4,3965,99,185167
07/29/2021,Cortland,3,3968,179,185346
07/30/2021,Cortland,5,3973,190,185536
07/31/2021,Cortland,1,3974,181,185717
08/01/2021,Cortland,5,3979,42,185759
08/02/2021,Cortland,1,3980,76,185835
08/03/2021,Cortland,1,3981,177,186012
08/04/2021,Cortland,3,3984,163,186175
08/05/2021,Cortland,4,3988,213,186388
08/06/2021,Cortland,11,3999,251,186639
08/07/2021,Cortland,6,4005,163,186802
08/08/2021,Cortland,8,4013,77,186879
08/09/2021,Cortland,8,4021,77,186956
08/10/2021,Cortland,5,4026,169,187125
08/11/2021,Cortland,11,4037,169,187294
08/12/2021,Cortland,14,4051,316,187610
08/13/2021,Cortland,15,4066,264,187874
08/14/2021,Cortland,13,4079,195,188069
08/15/2021,Cortland,12,4091,162,188231
08/16/2021,Cortland,10,4101,155,188386
08/17/2021,Cortland,17,4118,249,188635
08/18/2021,Cortland,18,4136,219,188854
08/19/2021,Cortland,13,4149,274,189128
08/20/2021,Cortland,18,4167,381,189509
08/21/2021,Cortland,29,4196,223,189732
08/22/2021,Cortland,12,4208,135,189867
08/23/2021,Cortland,6,4214,71,189938
08/24/2021,Cortland,20,4234,220,190158
08/25/2021,Cortland,24,4258,205,190363
08/26/2021,Cortland,32,4290,463,190826
08/27/2021,Cortland,24,4314,334,191160
08/28/2021,Cortland,8,4322,277,191437
08/29/2021,Cortland,17,4339,195,191632
08/30/2021,Cortland,18,4357,176,191808
08/31/2021,Cortland,9,4366,300,192108
09/01/2021,Cortland,30,4396,354,192462
09/02/2021,Cortland,15,4411,654,193116
09/03/2021,Cortland,21,4432,333,193449
09/04/2021,Cortland,21,4453,329,193778
09/05/2021,Cortland,10,4463,111,193889
09/06/2021,Cortland,23,4486,93,193982
09/07/2021,Cortland,20,4506,206,194188
09/08/2021,Cortland,16,4522,243,194431
09/09/2021,Cortland,37,4559,583,195014
09/10/2021,Cortland,26,4585,713,195727
09/11/2021,Cortland,35,4620,526,196253
09/12/2021,Cortland,18,4638,171,196424
09/13/2021,Cortland,9,4647,193,196617
09/14/2021,Cortland,19,4666,280,196897
09/15/2021,Cortland,33,4699,474,197371
09/16/2021,Cortland,28,4727,898,198269
09/17/2021,Cortland,18,4745,385,198654
09/18/2021,Cortland,38,4783,465,199119
09/19/2021,Cortland,11,4794,144,199263
09/20/2021,Cortland,17,4811,282,199545
09/21/2021,Cortland,13,4824,330,199875
09/22/2021,Cortland,16,4840,491,200366
09/23/2021,Cortland,22,4862,773,201139
09/24/2021,Cortland,32,4894,603,201742
09/25/2021,Cortland,14,4908,352,202094
09/26/2021,Cortland,11,4919,221,202315
09/27/2021,Cortland,19,4938,186,202501
09/28/2021,Cortland,15,4953,366,202867
09/29/2021,Cortland,22,4975,532,203399
09/30/2021,Cortland,25,5000,905,204304
10/01/2021,Cortland,15,5015,626,204930
10/02/2021,Cortland,26,5041,449,205379
10/03/2021,Cortland,13,5054,175,205554
10/04/2021,Cortland,18,5072,226,205780
10/05/2021,Cortland,16,5088,540,206320
10/06/2021,Cortland,23,5111,631,206951
10/07/2021,Cortland,23,5134,761,207712
10/08/2021,Cortland,23,5157,457,208169
10/09/2021,Cortland,9,5166,271,208440
10/10/2021,Cortland,7,5173,243,208683
10/11/2021,Cortland,12,5185,204,208887
10/12/2021,Cortland,14,5199,294,209181
10/13/2021,Cortland,21,5220,804,209985
10/14/2021,Cortland,17,5237,514,210499
10/15/2021,Cortland,21,5258,706,211205
10/16/2021,Cortland,26,5284,588,211793
10/17/2021,Cortland,10,5294,210,212003
10/18/2021,Cortland,19,5313,203,212206
10/19/2021,Cortland,9,5322,484,212690
10/20/2021,Cortland,20,5342,378,213068
10/21/2021,Cortland,15,5357,394,213462
10/22/2021,Cortland,23,5380,845,214307
10/23/2021,Cortland,21,5401,416,214723
03/01/2020,Delaware,0,0,0,0
03/02/2020,Delaware,0,0,0,0
03/03/2020,Delaware,0,0,0,0
03/04/2020,Delaware,0,0,0,0
03/05/2020,Delaware,0,0,0,0
03/06/2020,Delaware,0,0,0,0
03/07/2020,Delaware,0,0,0,0
03/08/2020,Delaware,0,0,0,0
03/09/2020,Delaware,0,0,1,1
03/10/2020,Delaware,0,0,1,2
03/11/2020,Delaware,0,0,2,4
03/12/2020,Delaware,1,1,1,5
03/13/2020,Delaware,0,1,1,6
03/14/2020,Delaware,0,1,1,7
03/15/2020,Delaware,0,1,5,12
03/16/2020,Delaware,0,1,0,12
03/17/2020,Delaware,0,1,0,12
03/18/2020,Delaware,0,1,1,13
03/19/2020,Delaware,0,1,4,17
03/20/2020,Delaware,0,1,8,25
03/21/2020,Delaware,2,3,10,35
03/22/2020,Delaware,0,3,10,45
03/23/2020,Delaware,0,3,5,50
03/24/2020,Delaware,2,5,5,55
03/25/2020,Delaware,2,7,12,67
03/26/2020,Delaware,1,8,7,74
03/27/2020,Delaware,0,8,13,87
03/28/2020,Delaware,0,8,4,91
03/29/2020,Delaware,3,11,12,103
03/30/2020,Delaware,5,16,11,114
03/31/2020,Delaware,4,20,13,127
04/01/2020,Delaware,2,22,7,134
04/02/2020,Delaware,2,24,9,143
04/03/2020,Delaware,2,26,18,161
04/04/2020,Delaware,1,27,12,173
04/05/2020,Delaware,2,29,28,201
04/06/2020,Delaware,7,36,30,231
04/07/2020,Delaware,1,37,16,247
04/08/2020,Delaware,0,37,22,269
04/09/2020,Delaware,2,39,20,289
04/10/2020,Delaware,0,39,17,306
04/11/2020,Delaware,0,39,10,316
04/12/2020,Delaware,3,42,14,330
04/13/2020,Delaware,3,45,48,378
04/14/2020,Delaware,1,46,7,385
04/15/2020,Delaware,1,47,9,394
04/16/2020,Delaware,1,48,10,404
04/17/2020,Delaware,1,49,8,412
04/18/2020,Delaware,0,49,10,422
04/19/2020,Delaware,0,49,5,427
04/20/2020,Delaware,0,49,3,430
04/21/2020,Delaware,1,50,18,448
04/22/2020,Delaware,0,50,21,469
04/23/2020,Delaware,1,51,15,484
04/24/2020,Delaware,7,58,135,619
04/25/2020,Delaware,0,58,35,654
04/26/2020,Delaware,0,58,21,675
04/27/2020,Delaware,1,59,16,691
04/28/2020,Delaware,1,60,14,705
04/29/2020,Delaware,1,61,24,729
04/30/2020,Delaware,0,61,24,753
05/01/2020,Delaware,0,61,29,782
05/02/2020,Delaware,0,61,28,810
05/03/2020,Delaware,1,62,54,864
05/04/2020,Delaware,0,62,31,895
05/05/2020,Delaware,0,62,30,925
05/06/2020,Delaware,1,63,30,955
05/07/2020,Delaware,0,63,24,979
05/08/2020,Delaware,0,63,30,1009
05/09/2020,Delaware,1,64,33,1042
05/10/2020,Delaware,1,65,19,1061
05/11/2020,Delaware,0,65,50,1111
05/12/2020,Delaware,1,66,53,1164
05/13/2020,Delaware,1,67,136,1300
05/14/2020,Delaware,0,67,120,1420
05/15/2020,Delaware,1,68,70,1490
05/16/2020,Delaware,1,69,51,1541
05/17/2020,Delaware,0,69,56,1597
05/18/2020,Delaware,0,69,65,1662
05/19/2020,Delaware,0,69,45,1707
05/20/2020,Delaware,2,71,65,1772
05/21/2020,Delaware,1,72,124,1896
05/22/2020,Delaware,2,74,51,1947
05/23/2020,Delaware,3,77,80,2027
05/24/2020,Delaware,0,77,44,2071
05/25/2020,Delaware,0,77,22,2093
05/26/2020,Delaware,1,78,205,2298
05/27/2020,Delaware,0,78,213,2511
05/28/2020,Delaware,1,79,156,2667
05/29/2020,Delaware,0,79,123,2790
05/30/2020,Delaware,0,79,209,2999
05/31/2020,Delaware,2,81,96,3095
06/01/2020,Delaware,1,82,138,3233
06/02/2020,Delaware,0,82,195,3428
06/03/2020,Delaware,0,82,171,3599
06/04/2020,Delaware,2,84,129,3728
06/05/2020,Delaware,1,85,217,3945
06/06/2020,Delaware,0,85,124,4069
06/07/2020,Delaware,0,85,164,4233
06/08/2020,Delaware,1,86,194,4427
06/09/2020,Delaware,1,87,198,4625
06/10/2020,Delaware,1,88,173,4798
06/11/2020,Delaware,0,88,92,4890
06/12/2020,Delaware,0,88,110,5000
06/13/2020,Delaware,0,88,181,5181
06/14/2020,Delaware,0,88,111,5292
06/15/2020,Delaware,0,88,206,5498
06/16/2020,Delaware,1,89,202,5700
06/17/2020,Delaware,0,89,116,5816
06/18/2020,Delaware,0,89,143,5959
06/19/2020,Delaware,1,90,144,6103
06/20/2020,Delaware,0,90,167,6270
06/21/2020,Delaware,0,90,134,6404
06/22/2020,Delaware,1,91,167,6571
06/23/2020,Delaware,0,91,91,6662
06/24/2020,Delaware,0,91,215,6877
06/25/2020,Delaware,0,91,69,6946
06/26/2020,Delaware,0,91,131,7077
06/27/2020,Delaware,0,91,220,7297
06/28/2020,Delaware,0,91,154,7451
06/29/2020,Delaware,0,91,147,7598
06/30/2020,Delaware,0,91,157,7755
07/01/2020,Delaware,0,91,106,7861
07/02/2020,Delaware,0,91,62,7923
07/03/2020,Delaware,0,91,73,7996
07/04/2020,Delaware,0,91,265,8261
07/05/2020,Delaware,0,91,85,8346
07/06/2020,Delaware,0,91,147,8493
07/07/2020,Delaware,0,91,50,8543
07/08/2020,Delaware,0,91,83,8626
07/09/2020,Delaware,0,91,78,8704
07/10/2020,Delaware,0,91,147,8851
07/11/2020,Delaware,1,92,247,9098
07/12/2020,Delaware,0,92,80,9178
07/13/2020,Delaware,0,92,111,9289
07/14/2020,Delaware,0,92,100,9389
07/15/2020,Delaware,0,92,117,9506
07/16/2020,Delaware,0,92,161,9667
07/17/2020,Delaware,1,93,193,9860
07/18/2020,Delaware,0,93,64,9924
07/19/2020,Delaware,0,93,105,10029
07/20/2020,Delaware,0,93,119,10148
07/21/2020,Delaware,0,93,187,10335
07/22/2020,Delaware,2,95,114,10449
07/23/2020,Delaware,2,97,120,10569
07/24/2020,Delaware,1,98,133,10702
07/25/2020,Delaware,0,98,77,10779
07/26/2020,Delaware,0,98,65,10844
07/27/2020,Delaware,1,99,110,10954
07/28/2020,Delaware,2,101,98,11052
07/29/2020,Delaware,0,101,186,11238
07/30/2020,Delaware,1,102,126,11364
07/31/2020,Delaware,1,103,156,11520
08/01/2020,Delaware,0,103,148,11668
08/02/2020,Delaware,1,104,134,11802
08/03/2020,Delaware,0,104,153,11955
08/04/2020,Delaware,0,104,130,12085
08/05/2020,Delaware,0,104,35,12120
08/06/2020,Delaware,0,104,163,12283
08/07/2020,Delaware,1,105,184,12467
08/08/2020,Delaware,0,105,150,12617
08/09/2020,Delaware,0,105,135,12752
08/10/2020,Delaware,1,106,273,13025
08/11/2020,Delaware,0,106,154,13179
08/12/2020,Delaware,1,107,139,13318
08/13/2020,Delaware,0,107,102,13420
08/14/2020,Delaware,0,107,169,13589
08/15/2020,Delaware,0,107,117,13706
08/16/2020,Delaware,0,107,80,13786
08/17/2020,Delaware,0,107,165,13951
08/18/2020,Delaware,1,108,173,14124
08/19/2020,Delaware,1,109,119,14243
08/20/2020,Delaware,0,109,146,14389
08/21/2020,Delaware,0,109,143,14532
08/22/2020,Delaware,0,109,177,14709
08/23/2020,Delaware,0,109,143,14852
08/24/2020,Delaware,0,109,112,14964
08/25/2020,Delaware,0,109,173,15137
08/26/2020,Delaware,1,110,131,15268
08/27/2020,Delaware,2,112,175,15443
08/28/2020,Delaware,0,112,120,15563
08/29/2020,Delaware,3,115,183,15746
08/30/2020,Delaware,0,115,90,15836
08/31/2020,Delaware,0,115,289,16125
09/01/2020,Delaware,5,120,159,16284
09/02/2020,Delaware,1,121,160,16444
09/03/2020,Delaware,0,121,382,16826
09/04/2020,Delaware,2,123,213,17039
09/05/2020,Delaware,0,123,134,17173
09/06/2020,Delaware,1,124,229,17402
09/07/2020,Delaware,1,125,165,17567
09/08/2020,Delaware,0,125,32,17599
09/09/2020,Delaware,0,125,69,17668
09/10/2020,Delaware,3,128,140,17808
09/11/2020,Delaware,0,128,213,18021
09/12/2020,Delaware,0,128,217,18238
09/13/2020,Delaware,0,128,169,18407
09/14/2020,Delaware,0,128,82,18489
09/15/2020,Delaware,1,129,86,18575
09/16/2020,Delaware,0,129,127,18702
09/17/2020,Delaware,0,129,132,18834
09/18/2020,Delaware,1,130,139,18973
09/19/2020,Delaware,0,130,217,19190
09/20/2020,Delaware,0,130,220,19410
09/21/2020,Delaware,1,131,205,19615
09/22/2020,Delaware,1,132,139,19754
09/23/2020,Delaware,1,133,122,19876
09/24/2020,Delaware,0,133,107,19983
09/25/2020,Delaware,0,133,232,20215
09/26/2020,Delaware,1,134,167,20382
09/27/2020,Delaware,1,135,171,20553
09/28/2020,Delaware,1,136,237,20790
09/29/2020,Delaware,0,136,510,21300
09/30/2020,Delaware,1,137,111,21411
10/01/2020,Delaware,1,138,129,21540
10/02/2020,Delaware,2,140,227,21767
10/03/2020,Delaware,1,141,170,21937
10/04/2020,Delaware,0,141,191,22128
10/05/2020,Delaware,2,143,139,22267
10/06/2020,Delaware,0,143,480,22747
10/07/2020,Delaware,1,144,159,22906
10/08/2020,Delaware,0,144,175,23081
10/09/2020,Delaware,2,146,185,23266
10/10/2020,Delaware,2,148,146,23412
10/11/2020,Delaware,1,149,223,23635
10/12/2020,Delaware,5,154,332,23967
10/13/2020,Delaware,0,154,501,24468
10/14/2020,Delaware,2,156,143,24611
10/15/2020,Delaware,1,157,138,24749
10/16/2020,Delaware,2,159,206,24955
10/17/2020,Delaware,0,159,165,25120
10/18/2020,Delaware,0,159,231,25351
10/19/2020,Delaware,0,159,224,25575
10/20/2020,Delaware,2,161,693,26268
10/21/2020,Delaware,3,164,109,26377
10/22/2020,Delaware,2,166,105,26482
10/23/2020,Delaware,2,168,189,26671
10/24/2020,Delaware,1,169,226,26897
10/25/2020,Delaware,0,169,223,27120
10/26/2020,Delaware,4,173,176,27296
10/27/2020,Delaware,4,177,1016,28312
10/28/2020,Delaware,1,178,160,28472
10/29/2020,Delaware,3,181,173,28645
10/30/2020,Delaware,6,187,142,28787
10/31/2020,Delaware,5,192,187,28974
11/01/2020,Delaware,1,193,176,29150
11/02/2020,Delaware,4,197,139,29289
11/03/2020,Delaware,8,205,298,29587
11/04/2020,Delaware,8,213,724,30311
11/05/2020,Delaware,9,222,173,30484
11/06/2020,Delaware,5,227,197,30681
11/07/2020,Delaware,11,238,160,30841
11/08/2020,Delaware,8,246,189,31030
11/09/2020,Delaware,9,255,394,31424
11/10/2020,Delaware,7,262,1305,32729
11/11/2020,Delaware,4,266,195,32924
11/12/2020,Delaware,5,271,130,33054
11/13/2020,Delaware,5,276,139,33193
11/14/2020,Delaware,1,277,136,33329
11/15/2020,Delaware,3,280,118,33447
11/16/2020,Delaware,1,281,166,33613
11/17/2020,Delaware,8,289,338,33951
11/18/2020,Delaware,2,291,418,34369
11/19/2020,Delaware,6,297,102,34471
11/20/2020,Delaware,3,300,238,34709
11/21/2020,Delaware,9,309,154,34863
11/22/2020,Delaware,5,314,384,35247
11/23/2020,Delaware,5,319,218,35465
11/24/2020,Delaware,7,326,297,35762
11/25/2020,Delaware,10,336,240,36002
11/26/2020,Delaware,6,342,173,36175
11/27/2020,Delaware,4,346,204,36379
11/28/2020,Delaware,13,359,353,36732
11/29/2020,Delaware,4,363,297,37029
11/30/2020,Delaware,12,375,343,37372
12/01/2020,Delaware,10,385,199,37571
12/02/2020,Delaware,8,393,233,37804
12/03/2020,Delaware,8,401,198,38002
12/04/2020,Delaware,19,420,428,38430
12/05/2020,Delaware,12,432,333,38763
12/06/2020,Delaware,14,446,329,39092
12/07/2020,Delaware,8,454,97,39189
12/08/2020,Delaware,16,470,301,39490
12/09/2020,Delaware,7,477,249,39739
12/10/2020,Delaware,11,488,215,39954
12/11/2020,Delaware,12,500,377,40331
12/12/2020,Delaware,12,512,285,40616
12/13/2020,Delaware,8,520,347,40963
12/14/2020,Delaware,5,525,105,41068
12/15/2020,Delaware,9,534,186,41254
12/16/2020,Delaware,4,538,152,41406
12/17/2020,Delaware,9,547,190,41596
12/18/2020,Delaware,19,566,228,41824
12/19/2020,Delaware,15,581,285,42109
12/20/2020,Delaware,9,590,189,42298
12/21/2020,Delaware,6,596,114,42412
12/22/2020,Delaware,9,605,331,42743
12/23/2020,Delaware,4,609,294,43037
12/24/2020,Delaware,14,623,285,43322
12/25/2020,Delaware,13,636,248,43570
12/26/2020,Delaware,13,649,166,43736
12/27/2020,Delaware,6,655,119,43855
12/28/2020,Delaware,20,675,255,44110
12/29/2020,Delaware,16,691,315,44425
12/30/2020,Delaware,16,707,246,44671
12/31/2020,Delaware,19,726,318,44989
01/01/2021,Delaware,10,736,278,45267
01/02/2021,Delaware,14,750,254,45521
01/03/2021,Delaware,10,760,188,45709
01/04/2021,Delaware,11,771,133,45842
01/05/2021,Delaware,12,783,251,46093
01/06/2021,Delaware,27,810,344,46437
01/07/2021,Delaware,28,838,305,46742
01/08/2021,Delaware,22,860,274,47016
01/09/2021,Delaware,29,889,408,47424
01/10/2021,Delaware,12,901,184,47608
01/11/2021,Delaware,25,926,279,47887
01/12/2021,Delaware,11,937,274,48161
01/13/2021,Delaware,14,951,213,48374
01/14/2021,Delaware,14,965,432,48806
01/15/2021,Delaware,18,983,373,49179
01/16/2021,Delaware,7,990,419,49598
01/17/2021,Delaware,10,1000,224,49822
01/18/2021,Delaware,9,1009,137,49959
01/19/2021,Delaware,20,1029,396,50355
01/20/2021,Delaware,15,1044,355,50710
01/21/2021,Delaware,23,1067,424,51134
01/22/2021,Delaware,33,1100,421,51555
01/23/2021,Delaware,19,1119,409,51964
01/24/2021,Delaware,15,1134,266,52230
01/25/2021,Delaware,25,1159,148,52378
01/26/2021,Delaware,8,1167,298,52676
01/27/2021,Delaware,12,1179,251,52927
01/28/2021,Delaware,18,1197,325,53252
01/29/2021,Delaware,8,1205,464,53716
01/30/2021,Delaware,12,1217,260,53976
01/31/2021,Delaware,9,1226,241,54217
02/01/2021,Delaware,7,1233,203,54420
02/02/2021,Delaware,1,1234,120,54540
02/03/2021,Delaware,7,1241,323,54863
02/04/2021,Delaware,12,1253,309,55172
02/05/2021,Delaware,8,1261,353,55525
02/06/2021,Delaware,16,1277,319,55844
02/07/2021,Delaware,8,1285,198,56042
02/08/2021,Delaware,5,1290,87,56129
02/09/2021,Delaware,11,1301,1523,57652
02/10/2021,Delaware,20,1321,359,58011
02/11/2021,Delaware,19,1340,372,58383
02/12/2021,Delaware,12,1352,237,58620
02/13/2021,Delaware,13,1365,463,59083
02/14/2021,Delaware,6,1371,190,59273
02/15/2021,Delaware,14,1385,125,59398
02/16/2021,Delaware,7,1392,851,60249
02/17/2021,Delaware,19,1411,398,60647
02/18/2021,Delaware,20,1431,337,60984
02/19/2021,Delaware,7,1438,359,61343
02/20/2021,Delaware,10,1448,248,61591
02/21/2021,Delaware,10,1458,312,61903
02/22/2021,Delaware,5,1463,88,61991
02/23/2021,Delaware,6,1469,965,62956
02/24/2021,Delaware,9,1478,938,63894
02/25/2021,Delaware,8,1486,787,64681
02/26/2021,Delaware,12,1498,321,65002
02/27/2021,Delaware,10,1508,405,65407
02/28/2021,Delaware,11,1519,170,65577
03/01/2021,Delaware,5,1524,124,65701
03/02/2021,Delaware,11,1535,1042,66743
03/03/2021,Delaware,8,1543,822,67565
03/04/2021,Delaware,17,1560,296,67861
03/05/2021,Delaware,13,1573,310,68171
03/06/2021,Delaware,17,1590,397,68568
03/07/2021,Delaware,15,1605,217,68785
03/08/2021,Delaware,10,1615,120,68905
03/09/2021,Delaware,11,1626,952,69857
03/10/2021,Delaware,9,1635,809,70666
03/11/2021,Delaware,27,1662,305,70971
03/12/2021,Delaware,24,1686,293,71264
03/13/2021,Delaware,11,1697,393,71657
03/14/2021,Delaware,10,1707,146,71803
03/15/2021,Delaware,3,1710,141,71944
03/16/2021,Delaware,11,1721,1064,73008
03/17/2021,Delaware,16,1737,912,73920
03/18/2021,Delaware,15,1752,314,74234
03/19/2021,Delaware,19,1771,264,74498
03/20/2021,Delaware,15,1786,394,74892
03/21/2021,Delaware,12,1798,218,75110
03/22/2021,Delaware,7,1805,126,75236
03/23/2021,Delaware,12,1817,1032,76268
03/24/2021,Delaware,17,1834,841,77109
03/25/2021,Delaware,12,1846,736,77845
03/26/2021,Delaware,17,1863,417,78262
03/27/2021,Delaware,16,1879,332,78594
03/28/2021,Delaware,8,1887,152,78746
03/29/2021,Delaware,7,1894,178,78924
03/30/2021,Delaware,19,1913,1019,79943
03/31/2021,Delaware,39,1952,431,80374
04/01/2021,Delaware,28,1980,717,81091
04/02/2021,Delaware,21,2001,453,81544
04/03/2021,Delaware,12,2013,290,81834
04/04/2021,Delaware,8,2021,242,82076
04/05/2021,Delaware,7,2028,137,82213
04/06/2021,Delaware,12,2040,962,83175
04/07/2021,Delaware,8,2048,898,84073
04/08/2021,Delaware,21,2069,875,84948
04/09/2021,Delaware,14,2083,419,85367
04/10/2021,Delaware,12,2095,319,85686
04/11/2021,Delaware,8,2103,170,85856
04/12/2021,Delaware,9,2112,201,86057
04/13/2021,Delaware,7,2119,1009,87066
04/14/2021,Delaware,18,2137,1025,88091
04/15/2021,Delaware,5,2142,635,88726
04/16/2021,Delaware,14,2156,400,89126
04/17/2021,Delaware,14,2170,465,89591
04/18/2021,Delaware,10,2180,146,89737
04/19/2021,Delaware,3,2183,113,89850
04/20/2021,Delaware,12,2195,1092,90942
04/21/2021,Delaware,6,2201,976,91918
04/22/2021,Delaware,12,2213,705,92623
04/23/2021,Delaware,15,2228,508,93131
04/24/2021,Delaware,6,2234,226,93357
04/25/2021,Delaware,3,2237,193,93550
04/26/2021,Delaware,1,2238,85,93635
04/27/2021,Delaware,5,2243,230,93865
04/28/2021,Delaware,6,2249,451,94316
04/29/2021,Delaware,9,2258,679,94995
04/30/2021,Delaware,8,2266,354,95349
05/01/2021,Delaware,5,2271,285,95634
05/02/2021,Delaware,1,2272,175,95809
05/03/2021,Delaware,4,2276,90,95899
05/04/2021,Delaware,3,2279,178,96077
05/05/2021,Delaware,8,2287,315,96392
05/06/2021,Delaware,3,2290,682,97074
05/07/2021,Delaware,3,2293,324,97398
05/08/2021,Delaware,4,2297,279,97677
05/09/2021,Delaware,1,2298,136,97813
05/10/2021,Delaware,3,2301,134,97947
05/11/2021,Delaware,6,2307,200,98147
05/12/2021,Delaware,4,2311,361,98508
05/13/2021,Delaware,6,2317,600,99108
05/14/2021,Delaware,3,2320,278,99386
05/15/2021,Delaware,0,2320,181,99567
05/16/2021,Delaware,1,2321,79,99646
05/17/2021,Delaware,3,2324,126,99772
05/18/2021,Delaware,8,2332,238,100010
05/19/2021,Delaware,2,2334,527,100537
05/20/2021,Delaware,3,2337,199,100736
05/21/2021,Delaware,7,2344,345,101081
05/22/2021,Delaware,1,2345,139,101220
05/23/2021,Delaware,3,2348,102,101322
05/24/2021,Delaware,0,2348,98,101420
05/25/2021,Delaware,0,2348,168,101588
05/26/2021,Delaware,1,2349,416,102004
05/27/2021,Delaware,1,2350,251,102255
05/28/2021,Delaware,2,2352,181,102436
05/29/2021,Delaware,2,2354,242,102678
05/30/2021,Delaware,2,2356,110,102788
05/31/2021,Delaware,1,2357,84,102872
06/01/2021,Delaware,0,2357,81,102953
06/02/2021,Delaware,0,2357,136,103089
06/03/2021,Delaware,4,2361,379,103468
06/04/2021,Delaware,5,2366,358,103826
06/05/2021,Delaware,6,2372,116,103942
06/06/2021,Delaware,2,2374,72,104014
06/07/2021,Delaware,0,2374,121,104135
06/08/2021,Delaware,2,2376,148,104283
06/09/2021,Delaware,0,2376,266,104549
06/10/2021,Delaware,1,2377,278,104827
06/11/2021,Delaware,2,2379,206,105033
06/12/2021,Delaware,0,2379,125,105158
06/13/2021,Delaware,0,2379,61,105219
06/14/2021,Delaware,2,2381,64,105283
06/15/2021,Delaware,2,2383,116,105399
06/16/2021,Delaware,2,2385,255,105654
06/17/2021,Delaware,0,2385,104,105758
06/18/2021,Delaware,0,2385,146,105904
06/19/2021,Delaware,0,2385,80,105984
06/20/2021,Delaware,1,2386,65,106049
06/21/2021,Delaware,0,2386,76,106125
06/22/2021,Delaware,2,2388,90,106215
06/23/2021,Delaware,1,2389,231,106446
06/24/2021,Delaware,0,2389,96,106542
06/25/2021,Delaware,2,2391,125,106667
06/26/2021,Delaware,1,2392,125,106792
06/27/2021,Delaware,1,2393,54,106846
06/28/2021,Delaware,1,2394,60,106906
06/29/2021,Delaware,1,2395,116,107022
06/30/2021,Delaware,0,2395,149,107171
07/01/2021,Delaware,0,2395,90,107261
07/02/2021,Delaware,0,2395,84,107345
07/03/2021,Delaware,0,2395,75,107420
07/04/2021,Delaware,0,2395,94,107514
07/05/2021,Delaware,0,2395,20,107534
07/06/2021,Delaware,0,2395,46,107580
07/07/2021,Delaware,0,2395,109,107689
07/08/2021,Delaware,2,2397,177,107866
07/09/2021,Delaware,0,2397,103,107969
07/10/2021,Delaware,0,2397,82,108051
07/11/2021,Delaware,1,2398,109,108160
07/12/2021,Delaware,0,2398,47,108207
07/13/2021,Delaware,2,2400,105,108312
07/14/2021,Delaware,0,2400,163,108475
07/15/2021,Delaware,1,2401,69,108544
07/16/2021,Delaware,0,2401,75,108619
07/17/2021,Delaware,0,2401,72,108691
07/18/2021,Delaware,3,2404,35,108726
07/19/2021,Delaware,0,2404,131,108857
07/20/2021,Delaware,3,2407,79,108936
07/21/2021,Delaware,2,2409,182,109118
07/22/2021,Delaware,1,2410,73,109191
07/23/2021,Delaware,2,2412,97,109288
07/24/2021,Delaware,0,2412,76,109364
07/25/2021,Delaware,0,2412,28,109392
07/26/2021,Delaware,3,2415,110,109502
07/27/2021,Delaware,4,2419,189,109691
07/28/2021,Delaware,6,2425,155,109846
07/29/2021,Delaware,6,2431,122,109968
07/30/2021,Delaware,1,2432,87,110055
07/31/2021,Delaware,2,2434,199,110254
08/01/2021,Delaware,1,2435,101,110355
08/02/2021,Delaware,8,2443,100,110455
08/03/2021,Delaware,5,2448,128,110583
08/04/2021,Delaware,2,2450,213,110796
08/05/2021,Delaware,3,2453,146,110942
08/06/2021,Delaware,13,2466,147,111089
08/07/2021,Delaware,10,2476,209,111298
08/08/2021,Delaware,5,2481,131,111429
08/09/2021,Delaware,9,2490,164,111593
08/10/2021,Delaware,12,2502,156,111749
08/11/2021,Delaware,19,2521,258,112007
08/12/2021,Delaware,9,2530,117,112124
08/13/2021,Delaware,12,2542,151,112275
08/14/2021,Delaware,11,2553,291,112566
08/15/2021,Delaware,7,2560,174,112740
08/16/2021,Delaware,2,2562,82,112822
08/17/2021,Delaware,7,2569,189,113011
08/18/2021,Delaware,14,2583,228,113239
08/19/2021,Delaware,7,2590,310,113549
08/20/2021,Delaware,9,2599,159,113708
08/21/2021,Delaware,4,2603,254,113962
08/22/2021,Delaware,3,2606,83,114045
08/23/2021,Delaware,6,2612,112,114157
08/24/2021,Delaware,4,2616,491,114648
08/25/2021,Delaware,17,2633,157,114805
08/26/2021,Delaware,10,2643,311,115116
08/27/2021,Delaware,5,2648,302,115418
08/28/2021,Delaware,7,2655,140,115558
08/29/2021,Delaware,12,2667,289,115847
08/30/2021,Delaware,1,2668,197,116044
08/31/2021,Delaware,10,2678,376,116420
09/01/2021,Delaware,7,2685,255,116675
09/02/2021,Delaware,19,2704,310,116985
09/03/2021,Delaware,12,2716,193,117178
09/04/2021,Delaware,17,2733,316,117494
09/05/2021,Delaware,13,2746,140,117634
09/06/2021,Delaware,10,2756,155,117789
09/07/2021,Delaware,15,2771,102,117891
09/08/2021,Delaware,16,2787,204,118095
09/09/2021,Delaware,26,2813,491,118586
09/10/2021,Delaware,20,2833,335,118921
09/11/2021,Delaware,37,2870,260,119181
09/12/2021,Delaware,13,2883,226,119407
09/13/2021,Delaware,22,2905,129,119536
09/14/2021,Delaware,24,2929,222,119758
09/15/2021,Delaware,28,2957,414,120172
09/16/2021,Delaware,33,2990,401,120573
09/17/2021,Delaware,15,3005,555,121128
09/18/2021,Delaware,12,3017,347,121475
09/19/2021,Delaware,26,3043,167,121642
09/20/2021,Delaware,13,3056,200,121842
09/21/2021,Delaware,14,3070,567,122409
09/22/2021,Delaware,20,3090,464,122873
09/23/2021,Delaware,33,3123,390,123263
09/24/2021,Delaware,10,3133,463,123726
09/25/2021,Delaware,9,3142,356,124082
09/26/2021,Delaware,9,3151,115,124197
09/27/2021,Delaware,12,3163,215,124412
09/28/2021,Delaware,16,3179,629,125041
09/29/2021,Delaware,17,3196,497,125538
09/30/2021,Delaware,11,3207,318,125856
10/01/2021,Delaware,25,3232,442,126298
10/02/2021,Delaware,32,3264,350,126648
10/03/2021,Delaware,9,3273,274,126922
10/04/2021,Delaware,19,3292,285,127207
10/05/2021,Delaware,19,3311,439,127646
10/06/2021,Delaware,18,3329,412,128058
10/07/2021,Delaware,19,3348,393,128451
10/08/2021,Delaware,20,3368,415,128866
10/09/2021,Delaware,14,3382,307,129173
10/10/2021,Delaware,25,3407,235,129408
10/11/2021,Delaware,10,3417,87,129495
10/12/2021,Delaware,19,3436,311,129806
10/13/2021,Delaware,16,3452,267,130073
10/14/2021,Delaware,21,3473,297,130370
10/15/2021,Delaware,22,3495,503,130873
10/16/2021,Delaware,12,3507,266,131139
10/17/2021,Delaware,14,3521,167,131306
10/18/2021,Delaware,8,3529,110,131416
10/19/2021,Delaware,17,3546,473,131889
10/20/2021,Delaware,14,3560,258,132147
10/21/2021,Delaware,14,3574,470,132617
10/22/2021,Delaware,11,3585,417,133034
10/23/2021,Delaware,6,3591,327,133361
03/01/2020,Dutchess,0,0,0,0
03/02/2020,Dutchess,0,0,0,0
03/03/2020,Dutchess,0,0,0,0
03/04/2020,Dutchess,0,0,0,0
03/05/2020,Dutchess,0,0,0,0
03/06/2020,Dutchess,0,0,0,0
03/07/2020,Dutchess,0,0,0,0
03/08/2020,Dutchess,0,0,0,0
03/09/2020,Dutchess,0,0,0,0
03/10/2020,Dutchess,0,0,2,2
03/11/2020,Dutchess,1,1,5,7
03/12/2020,Dutchess,0,1,3,10
03/13/2020,Dutchess,2,3,10,20
03/14/2020,Dutchess,4,7,17,37
03/15/2020,Dutchess,3,10,20,57
03/16/2020,Dutchess,6,16,32,89
03/17/2020,Dutchess,4,20,23,112
03/18/2020,Dutchess,11,31,107,219
03/19/2020,Dutchess,5,36,59,278
03/20/2020,Dutchess,13,49,205,483
03/21/2020,Dutchess,33,82,205,688
03/22/2020,Dutchess,18,100,135,823
03/23/2020,Dutchess,24,124,111,934
03/24/2020,Dutchess,29,153,146,1080
03/25/2020,Dutchess,37,190,209,1289
03/26/2020,Dutchess,35,225,155,1444
03/27/2020,Dutchess,37,262,200,1644
03/28/2020,Dutchess,58,320,195,1839
03/29/2020,Dutchess,72,392,227,2066
03/30/2020,Dutchess,92,484,300,2366
03/31/2020,Dutchess,63,547,196,2562
04/01/2020,Dutchess,120,667,330,2892
04/02/2020,Dutchess,142,809,415,3307
04/03/2020,Dutchess,129,938,447,3754
04/04/2020,Dutchess,139,1077,352,4106
04/05/2020,Dutchess,112,1189,338,4444
04/06/2020,Dutchess,60,1249,335,4779
04/07/2020,Dutchess,146,1395,462,5241
04/08/2020,Dutchess,98,1493,512,5753
04/09/2020,Dutchess,105,1598,509,6262
04/10/2020,Dutchess,146,1744,584,6846
04/11/2020,Dutchess,94,1838,431,7277
04/12/2020,Dutchess,43,1881,499,7776
04/13/2020,Dutchess,53,1934,566,8342
04/14/2020,Dutchess,114,2048,487,8829
04/15/2020,Dutchess,37,2085,314,9143
04/16/2020,Dutchess,57,2142,300,9443
04/17/2020,Dutchess,59,2201,381,9824
04/18/2020,Dutchess,39,2240,196,10020
04/19/2020,Dutchess,44,2284,357,10377
04/20/2020,Dutchess,47,2331,209,10586
04/21/2020,Dutchess,60,2391,313,10899
04/22/2020,Dutchess,69,2460,366,11265
04/23/2020,Dutchess,57,2517,374,11639
04/24/2020,Dutchess,143,2660,913,12552
04/25/2020,Dutchess,69,2729,485,13037
04/26/2020,Dutchess,64,2793,389,13426
04/27/2020,Dutchess,24,2817,223,13649
04/28/2020,Dutchess,64,2881,566,14215
04/29/2020,Dutchess,73,2954,427,14642
04/30/2020,Dutchess,48,3002,443,15085
05/01/2020,Dutchess,47,3049,473,15558
05/02/2020,Dutchess,37,3086,434,15992
05/03/2020,Dutchess,45,3131,370,16362
05/04/2020,Dutchess,20,3151,307,16669
05/05/2020,Dutchess,41,3192,370,17039
05/06/2020,Dutchess,41,3233,438,17477
05/07/2020,Dutchess,44,3277,482,17959
05/08/2020,Dutchess,42,3319,534,18493
05/09/2020,Dutchess,40,3359,471,18964
05/10/2020,Dutchess,19,3378,348,19312
05/11/2020,Dutchess,21,3399,216,19528
05/12/2020,Dutchess,30,3429,387,19915
05/13/2020,Dutchess,45,3474,459,20374
05/14/2020,Dutchess,24,3498,394,20768
05/15/2020,Dutchess,29,3527,627,21395
05/16/2020,Dutchess,16,3543,491,21886
05/17/2020,Dutchess,9,3552,337,22223
05/18/2020,Dutchess,158,3710,972,23195
05/19/2020,Dutchess,14,3724,536,23731
05/20/2020,Dutchess,21,3745,573,24304
05/21/2020,Dutchess,22,3767,556,24860
05/22/2020,Dutchess,26,3793,549,25409
05/23/2020,Dutchess,14,3807,874,26283
05/24/2020,Dutchess,18,3825,650,26933
05/25/2020,Dutchess,9,3834,301,27234
05/26/2020,Dutchess,13,3847,423,27657
05/27/2020,Dutchess,20,3867,911,28568
05/28/2020,Dutchess,20,3887,1257,29825
05/29/2020,Dutchess,12,3899,1265,31090
05/30/2020,Dutchess,10,3909,765,31855
05/31/2020,Dutchess,15,3924,1034,32889
06/01/2020,Dutchess,12,3936,936,33825
06/02/2020,Dutchess,15,3951,1003,34828
06/03/2020,Dutchess,11,3962,771,35599
06/04/2020,Dutchess,22,3984,1166,36765
06/05/2020,Dutchess,11,3995,1072,37837
06/06/2020,Dutchess,5,4000,793,38630
06/07/2020,Dutchess,6,4006,906,39536
06/08/2020,Dutchess,10,4016,717,40253
06/09/2020,Dutchess,6,4022,944,41197
06/10/2020,Dutchess,5,4027,1072,42269
06/11/2020,Dutchess,8,4035,1046,43315
06/12/2020,Dutchess,14,4049,1186,44501
06/13/2020,Dutchess,7,4056,766,45267
06/14/2020,Dutchess,12,4068,1161,46428
06/15/2020,Dutchess,7,4075,817,47245
06/16/2020,Dutchess,2,4077,841,48086
06/17/2020,Dutchess,11,4088,1071,49157
06/18/2020,Dutchess,22,4110,1206,50363
06/19/2020,Dutchess,17,4127,978,51341
06/20/2020,Dutchess,11,4138,1101,52442
06/21/2020,Dutchess,7,4145,781,53223
06/22/2020,Dutchess,5,4150,494,53717
06/23/2020,Dutchess,8,4158,595,54312
06/24/2020,Dutchess,18,4176,1245,55557
06/25/2020,Dutchess,3,4179,958,56515
06/26/2020,Dutchess,12,4191,1099,57614
06/27/2020,Dutchess,7,4198,828,58442
06/28/2020,Dutchess,3,4201,773,59215
06/29/2020,Dutchess,6,4207,422,59637
06/30/2020,Dutchess,6,4213,1015,60652
07/01/2020,Dutchess,12,4225,973,61625
07/02/2020,Dutchess,6,4231,967,62592
07/03/2020,Dutchess,7,4238,828,63420
07/04/2020,Dutchess,5,4243,1123,64543
07/05/2020,Dutchess,3,4246,1096,65639
07/06/2020,Dutchess,2,4248,772,66411
07/07/2020,Dutchess,2,4250,699,67110
07/08/2020,Dutchess,5,4255,1052,68162
07/09/2020,Dutchess,7,4262,1041,69203
07/10/2020,Dutchess,7,4269,1229,70432
07/11/2020,Dutchess,7,4276,1047,71479
07/12/2020,Dutchess,4,4280,839,72318
07/13/2020,Dutchess,38,4318,1153,73471
07/14/2020,Dutchess,19,4337,907,74378
07/15/2020,Dutchess,20,4357,1278,75656
07/16/2020,Dutchess,6,4363,1198,76854
07/17/2020,Dutchess,10,4373,1125,77979
07/18/2020,Dutchess,3,4376,802,78781
07/19/2020,Dutchess,0,4376,603,79384
07/20/2020,Dutchess,4,4380,852,80236
07/21/2020,Dutchess,7,4387,986,81222
07/22/2020,Dutchess,13,4400,1149,82371
07/23/2020,Dutchess,8,4408,1146,83517
07/24/2020,Dutchess,4,4412,1041,84558
07/25/2020,Dutchess,13,4425,921,85479
07/26/2020,Dutchess,15,4440,739,86218
07/27/2020,Dutchess,7,4447,1020,87238
07/28/2020,Dutchess,6,4453,1250,88488
07/29/2020,Dutchess,15,4468,1715,90203
07/30/2020,Dutchess,22,4490,1610,91813
07/31/2020,Dutchess,14,4504,1376,93189
08/01/2020,Dutchess,16,4520,1429,94618
08/02/2020,Dutchess,23,4543,1047,95665
08/03/2020,Dutchess,14,4557,796,96461
08/04/2020,Dutchess,11,4568,990,97451
08/05/2020,Dutchess,14,4582,1232,98683
08/06/2020,Dutchess,7,4589,992,99675
08/07/2020,Dutchess,11,4600,1191,100866
08/08/2020,Dutchess,7,4607,1244,102110
08/09/2020,Dutchess,6,4613,998,103108
08/10/2020,Dutchess,6,4619,885,103993
08/11/2020,Dutchess,12,4631,1114,105107
08/12/2020,Dutchess,9,4640,1362,106469
08/13/2020,Dutchess,15,4655,1549,108018
08/14/2020,Dutchess,13,4668,1797,109815
08/15/2020,Dutchess,18,4686,1581,111396
08/16/2020,Dutchess,14,4700,1177,112573
08/17/2020,Dutchess,4,4704,787,113360
08/18/2020,Dutchess,6,4710,1253,114613
08/19/2020,Dutchess,11,4721,1406,116019
08/20/2020,Dutchess,13,4734,1832,117851
08/21/2020,Dutchess,19,4753,1522,119373
08/22/2020,Dutchess,14,4767,1475,120848
08/23/2020,Dutchess,10,4777,1245,122093
08/24/2020,Dutchess,13,4790,1523,123616
08/25/2020,Dutchess,8,4798,1335,124951
08/26/2020,Dutchess,17,4815,2006,126957
08/27/2020,Dutchess,12,4827,1803,128760
08/28/2020,Dutchess,19,4846,2102,130862
08/29/2020,Dutchess,6,4852,1867,132729
08/30/2020,Dutchess,13,4865,1455,134184
08/31/2020,Dutchess,3,4868,1515,135699
09/01/2020,Dutchess,10,4878,1329,137028
09/02/2020,Dutchess,14,4892,1400,138428
09/03/2020,Dutchess,10,4902,1308,139736
09/04/2020,Dutchess,12,4914,1692,141428
09/05/2020,Dutchess,14,4928,1404,142832
09/06/2020,Dutchess,11,4939,992,143824
09/07/2020,Dutchess,5,4944,609,144433
09/08/2020,Dutchess,12,4956,867,145300
09/09/2020,Dutchess,6,4962,1341,146641
09/10/2020,Dutchess,13,4975,1436,148077
09/11/2020,Dutchess,9,4984,1632,149709
09/12/2020,Dutchess,2,4986,1298,151007
09/13/2020,Dutchess,8,4994,1157,152164
09/14/2020,Dutchess,12,5006,1047,153211
09/15/2020,Dutchess,8,5014,1186,154397
09/16/2020,Dutchess,28,5042,1294,155691
09/17/2020,Dutchess,8,5050,1205,156896
09/18/2020,Dutchess,3,5053,1444,158340
09/19/2020,Dutchess,6,5059,1591,159931
09/20/2020,Dutchess,17,5076,1090,161021
09/21/2020,Dutchess,8,5084,982,162003
09/22/2020,Dutchess,5,5089,910,162913
09/23/2020,Dutchess,16,5105,1303,164216
09/24/2020,Dutchess,3,5108,1388,165604
09/25/2020,Dutchess,7,5115,1346,166950
09/26/2020,Dutchess,5,5120,1218,168168
09/27/2020,Dutchess,4,5124,886,169054
09/28/2020,Dutchess,6,5130,896,169950
09/29/2020,Dutchess,7,5137,837,170787
09/30/2020,Dutchess,11,5148,1617,172404
10/01/2020,Dutchess,17,5165,2223,174627
10/02/2020,Dutchess,4,5169,2087,176714
10/03/2020,Dutchess,10,5179,1408,178122
10/04/2020,Dutchess,8,5187,1157,179279
10/05/2020,Dutchess,18,5205,1487,180766
10/06/2020,Dutchess,9,5214,1341,182107
10/07/2020,Dutchess,8,5222,2438,184545
10/08/2020,Dutchess,11,5233,1790,186335
10/09/2020,Dutchess,12,5245,1883,188218
10/10/2020,Dutchess,7,5252,1454,189672
10/11/2020,Dutchess,7,5259,1465,191137
10/12/2020,Dutchess,12,5271,1172,192309
10/13/2020,Dutchess,10,5281,1996,194305
10/14/2020,Dutchess,8,5289,1951,196256
10/15/2020,Dutchess,16,5305,1542,197798
10/16/2020,Dutchess,13,5318,2055,199853
10/17/2020,Dutchess,10,5328,1421,201274
10/18/2020,Dutchess,12,5340,1399,202673
10/19/2020,Dutchess,15,5355,1287,203960
10/20/2020,Dutchess,11,5366,1182,205142
10/21/2020,Dutchess,16,5382,1749,206891
10/22/2020,Dutchess,21,5403,2223,209114
10/23/2020,Dutchess,18,5421,1919,211033
10/24/2020,Dutchess,17,5438,1551,212584
10/25/2020,Dutchess,12,5450,1216,213800
10/26/2020,Dutchess,15,5465,1516,215316
10/27/2020,Dutchess,7,5472,1356,216672
10/28/2020,Dutchess,36,5508,2367,219039
10/29/2020,Dutchess,17,5525,1787,220826
10/30/2020,Dutchess,22,5547,1793,222619
10/31/2020,Dutchess,18,5565,1974,224593
11/01/2020,Dutchess,20,5585,1265,225858
11/02/2020,Dutchess,27,5612,1626,227484
11/03/2020,Dutchess,30,5642,1665,229149
11/04/2020,Dutchess,27,5669,1989,231138
11/05/2020,Dutchess,41,5710,1828,232966
11/06/2020,Dutchess,29,5739,2426,235392
11/07/2020,Dutchess,51,5790,2182,237574
11/08/2020,Dutchess,49,5839,1529,239103
11/09/2020,Dutchess,40,5879,1551,240654
11/10/2020,Dutchess,65,5944,2150,242804
11/11/2020,Dutchess,59,6003,2240,245044
11/12/2020,Dutchess,71,6074,3122,248166
11/13/2020,Dutchess,70,6144,2344,250510
11/14/2020,Dutchess,41,6185,1598,252108
11/15/2020,Dutchess,39,6224,3281,255389
11/16/2020,Dutchess,84,6308,2479,257868
11/17/2020,Dutchess,78,6386,2094,259962
11/18/2020,Dutchess,53,6439,1655,261617
11/19/2020,Dutchess,54,6493,2283,263900
11/20/2020,Dutchess,76,6569,2466,266366
11/21/2020,Dutchess,65,6634,2110,268476
11/22/2020,Dutchess,94,6728,2778,271254
11/23/2020,Dutchess,83,6811,2414,273668
11/24/2020,Dutchess,56,6867,1726,275394
11/25/2020,Dutchess,63,6930,2393,277787
11/26/2020,Dutchess,91,7021,2517,280304
11/27/2020,Dutchess,101,7122,2173,282477
11/28/2020,Dutchess,75,7197,2021,284498
11/29/2020,Dutchess,87,7284,2563,287061
11/30/2020,Dutchess,70,7354,1940,289001
12/01/2020,Dutchess,158,7512,2795,291796
12/02/2020,Dutchess,123,7635,3029,294825
12/03/2020,Dutchess,163,7798,2715,297540
12/04/2020,Dutchess,157,7955,2642,300182
12/05/2020,Dutchess,144,8099,2776,302958
12/06/2020,Dutchess,93,8192,1809,304767
12/07/2020,Dutchess,147,8339,2514,307281
12/08/2020,Dutchess,117,8456,1969,309250
12/09/2020,Dutchess,173,8629,2364,311614
12/10/2020,Dutchess,165,8794,2770,314384
12/11/2020,Dutchess,182,8976,3362,317746
12/12/2020,Dutchess,170,9146,2605,320351
12/13/2020,Dutchess,144,9290,2437,322788
12/14/2020,Dutchess,192,9482,2466,325254
12/15/2020,Dutchess,160,9642,2381,327635
12/16/2020,Dutchess,158,9800,2717,330352
12/17/2020,Dutchess,159,9959,3649,334001
12/18/2020,Dutchess,131,10090,2090,336091
12/19/2020,Dutchess,148,10238,2194,338285
12/20/2020,Dutchess,167,10405,2513,340798
12/21/2020,Dutchess,215,10620,2281,343079
12/22/2020,Dutchess,152,10772,2665,345744
12/23/2020,Dutchess,157,10929,2565,348309
12/24/2020,Dutchess,191,11120,2999,351308
12/25/2020,Dutchess,146,11266,2472,353780
12/26/2020,Dutchess,161,11427,2052,355832
12/27/2020,Dutchess,169,11596,1672,357504
12/28/2020,Dutchess,124,11720,2278,359782
12/29/2020,Dutchess,149,11869,2005,361787
12/30/2020,Dutchess,213,12082,2655,364442
12/31/2020,Dutchess,297,12379,3338,367780
01/01/2021,Dutchess,222,12601,2900,370680
01/02/2021,Dutchess,196,12797,2116,372796
01/03/2021,Dutchess,223,13020,2253,375049
01/04/2021,Dutchess,170,13190,1854,376903
01/05/2021,Dutchess,189,13379,2499,379402
01/06/2021,Dutchess,263,13642,3462,382864
01/07/2021,Dutchess,281,13923,3478,386342
01/08/2021,Dutchess,289,14212,3231,389573
01/09/2021,Dutchess,259,14471,3388,392961
01/10/2021,Dutchess,286,14757,2727,395688
01/11/2021,Dutchess,240,14997,2651,398339
01/12/2021,Dutchess,273,15270,2249,400588
01/13/2021,Dutchess,219,15489,2937,403525
01/14/2021,Dutchess,384,15873,4683,408208
01/15/2021,Dutchess,242,16115,3741,411949
01/16/2021,Dutchess,212,16327,3500,415449
01/17/2021,Dutchess,214,16541,2933,418382
01/18/2021,Dutchess,216,16757,2553,420935
01/19/2021,Dutchess,206,16963,2290,423225
01/20/2021,Dutchess,219,17182,3421,426646
01/21/2021,Dutchess,242,17424,3529,430175
01/22/2021,Dutchess,199,17623,3313,433488
01/23/2021,Dutchess,190,17813,3300,436788
01/24/2021,Dutchess,191,18004,3462,440250
01/25/2021,Dutchess,231,18235,2538,442788
01/26/2021,Dutchess,142,18377,2451,445239
01/27/2021,Dutchess,176,18553,3217,448456
01/28/2021,Dutchess,196,18749,3098,451554
01/29/2021,Dutchess,219,18968,3774,455328
01/30/2021,Dutchess,155,19123,2823,458151
01/31/2021,Dutchess,173,19296,3040,461191
02/01/2021,Dutchess,112,19408,1882,463073
02/02/2021,Dutchess,34,19442,962,464035
02/03/2021,Dutchess,70,19512,1744,465779
02/04/2021,Dutchess,167,19679,3406,469185
02/05/2021,Dutchess,186,19865,3719,472904
02/06/2021,Dutchess,131,19996,3584,476488
02/07/2021,Dutchess,126,20122,2744,479232
02/08/2021,Dutchess,133,20255,2046,481278
02/09/2021,Dutchess,93,20348,2575,483853
02/10/2021,Dutchess,129,20477,3488,487341
02/11/2021,Dutchess,118,20595,3575,490916
02/12/2021,Dutchess,119,20714,3083,493999
02/13/2021,Dutchess,123,20837,2802,496801
02/14/2021,Dutchess,106,20943,2422,499223
02/15/2021,Dutchess,81,21024,1563,500786
02/16/2021,Dutchess,107,21131,2103,502889
02/17/2021,Dutchess,91,21222,2615,505504
02/18/2021,Dutchess,122,21344,3023,508527
02/19/2021,Dutchess,108,21452,5257,513784
02/20/2021,Dutchess,113,21565,2454,516238
02/21/2021,Dutchess,91,21656,2092,518330
02/22/2021,Dutchess,113,21769,1873,520203
02/23/2021,Dutchess,93,21862,1665,521868
02/24/2021,Dutchess,106,21968,3191,525059
02/25/2021,Dutchess,120,22088,3901,528960
02/26/2021,Dutchess,102,22190,2771,531731
02/27/2021,Dutchess,107,22297,3001,534732
02/28/2021,Dutchess,90,22387,1982,536714
03/01/2021,Dutchess,70,22457,1666,538380
03/02/2021,Dutchess,92,22549,2243,540623
03/03/2021,Dutchess,129,22678,3073,543696
03/04/2021,Dutchess,116,22794,3616,547312
03/05/2021,Dutchess,106,22900,2934,550246
03/06/2021,Dutchess,106,23006,2923,553169
03/07/2021,Dutchess,78,23084,1936,555105
03/08/2021,Dutchess,100,23184,1678,556783
03/09/2021,Dutchess,104,23288,2446,559229
03/10/2021,Dutchess,151,23439,3162,562391
03/11/2021,Dutchess,146,23585,3784,566175
03/12/2021,Dutchess,121,23706,3014,569189
03/13/2021,Dutchess,64,23770,2230,571419
03/14/2021,Dutchess,158,23928,2600,574019
03/15/2021,Dutchess,111,24039,1894,575913
03/16/2021,Dutchess,117,24156,2159,578072
03/17/2021,Dutchess,126,24282,3675,581747
03/18/2021,Dutchess,127,24409,3526,585273
03/19/2021,Dutchess,162,24571,2820,588093
03/20/2021,Dutchess,173,24744,3128,591221
03/21/2021,Dutchess,118,24862,2172,593393
03/22/2021,Dutchess,115,24977,1689,595082
03/23/2021,Dutchess,155,25132,3271,598353
03/24/2021,Dutchess,150,25282,3603,601956
03/25/2021,Dutchess,118,25400,2944,604900
03/26/2021,Dutchess,130,25530,3745,608645
03/27/2021,Dutchess,141,25671,4040,612685
03/28/2021,Dutchess,136,25807,2783,615468
03/29/2021,Dutchess,86,25893,1824,617292
03/30/2021,Dutchess,151,26044,2861,620153
03/31/2021,Dutchess,186,26230,3454,623607
04/01/2021,Dutchess,99,26329,2897,626504
04/02/2021,Dutchess,121,26450,3112,629616
04/03/2021,Dutchess,123,26573,3376,632992
04/04/2021,Dutchess,107,26680,2297,635289
04/05/2021,Dutchess,96,26776,1760,637049
04/06/2021,Dutchess,123,26899,2855,639904
04/07/2021,Dutchess,133,27032,2864,642768
04/08/2021,Dutchess,110,27142,3915,646683
04/09/2021,Dutchess,116,27258,2871,649554
04/10/2021,Dutchess,113,27371,2825,652379
04/11/2021,Dutchess,78,27449,1659,654038
04/12/2021,Dutchess,61,27510,1368,655406
04/13/2021,Dutchess,106,27616,2352,657758
04/14/2021,Dutchess,104,27720,2846,660604
04/15/2021,Dutchess,93,27813,2283,662887
04/16/2021,Dutchess,89,27902,2845,665732
04/17/2021,Dutchess,80,27982,3511,669243
04/18/2021,Dutchess,45,28027,1988,671231
04/19/2021,Dutchess,65,28092,1613,672844
04/20/2021,Dutchess,55,28147,2272,675116
04/21/2021,Dutchess,66,28213,3053,678169
04/22/2021,Dutchess,54,28267,2564,680733
04/23/2021,Dutchess,66,28333,2409,683142
04/24/2021,Dutchess,59,28392,3118,686260
04/25/2021,Dutchess,49,28441,1786,688046
04/26/2021,Dutchess,39,28480,1687,689733
04/27/2021,Dutchess,53,28533,2506,692239
04/28/2021,Dutchess,54,28587,3101,695340
04/29/2021,Dutchess,53,28640,2660,698000
04/30/2021,Dutchess,58,28698,2930,700930
05/01/2021,Dutchess,46,28744,2785,703715
05/02/2021,Dutchess,37,28781,1426,705141
05/03/2021,Dutchess,35,28816,1204,706345
05/04/2021,Dutchess,34,28850,2708,709053
05/05/2021,Dutchess,42,28892,2295,711348
05/06/2021,Dutchess,45,28937,2499,713847
05/07/2021,Dutchess,38,28975,3016,716863
05/08/2021,Dutchess,34,29009,2378,719241
05/09/2021,Dutchess,29,29038,1787,721028
05/10/2021,Dutchess,26,29064,1117,722145
05/11/2021,Dutchess,21,29085,2175,724320
05/12/2021,Dutchess,22,29107,2546,726866
05/13/2021,Dutchess,30,29137,2352,729218
05/14/2021,Dutchess,38,29175,2175,731393
05/15/2021,Dutchess,19,29194,1912,733305
05/16/2021,Dutchess,20,29214,1433,734738
05/17/2021,Dutchess,17,29231,1107,735845
05/18/2021,Dutchess,18,29249,1697,737542
05/19/2021,Dutchess,26,29275,2170,739712
05/20/2021,Dutchess,14,29289,1769,741481
05/21/2021,Dutchess,12,29301,1927,743408
05/22/2021,Dutchess,19,29320,1773,745181
05/23/2021,Dutchess,9,29329,984,746165
05/24/2021,Dutchess,9,29338,1050,747215
05/25/2021,Dutchess,8,29346,1361,748576
05/26/2021,Dutchess,13,29359,2078,750654
05/27/2021,Dutchess,12,29371,1852,752506
05/28/2021,Dutchess,9,29380,1837,754343
05/29/2021,Dutchess,5,29385,1455,755798
05/30/2021,Dutchess,7,29392,983,756781
05/31/2021,Dutchess,2,29394,814,757595
06/01/2021,Dutchess,8,29402,693,758288
06/02/2021,Dutchess,11,29413,1543,759831
06/03/2021,Dutchess,9,29422,1932,761763
06/04/2021,Dutchess,12,29434,1746,763509
06/05/2021,Dutchess,9,29443,1562,765071
06/06/2021,Dutchess,5,29448,931,766002
06/07/2021,Dutchess,4,29452,921,766923
06/08/2021,Dutchess,5,29457,1746,768669
06/09/2021,Dutchess,3,29460,1793,770462
06/10/2021,Dutchess,0,29460,1489,771951
06/11/2021,Dutchess,7,29467,1772,773723
06/12/2021,Dutchess,1,29468,1240,774963
06/13/2021,Dutchess,2,29470,799,775762
06/14/2021,Dutchess,2,29472,671,776433
06/15/2021,Dutchess,3,29475,1245,777678
06/16/2021,Dutchess,0,29475,1367,779045
06/17/2021,Dutchess,3,29478,1444,780489
06/18/2021,Dutchess,5,29483,1338,781827
06/19/2021,Dutchess,2,29485,1026,782853
06/20/2021,Dutchess,3,29488,854,783707
06/21/2021,Dutchess,3,29491,598,784305
06/22/2021,Dutchess,2,29493,1038,785343
06/23/2021,Dutchess,1,29494,1459,786802
06/24/2021,Dutchess,6,29500,1043,787845
06/25/2021,Dutchess,1,29501,1195,789040
06/26/2021,Dutchess,3,29504,1029,790069
06/27/2021,Dutchess,3,29507,678,790747
06/28/2021,Dutchess,1,29508,845,791592
06/29/2021,Dutchess,4,29512,1292,792884
06/30/2021,Dutchess,2,29514,1399,794283
07/01/2021,Dutchess,3,29517,790,795073
07/02/2021,Dutchess,3,29520,1077,796150
07/03/2021,Dutchess,2,29522,738,796888
07/04/2021,Dutchess,2,29524,626,797514
07/05/2021,Dutchess,4,29528,433,797947
07/06/2021,Dutchess,4,29532,492,798439
07/07/2021,Dutchess,6,29538,1044,799483
07/08/2021,Dutchess,5,29543,951,800434
07/09/2021,Dutchess,7,29550,933,801367
07/10/2021,Dutchess,5,29555,756,802123
07/11/2021,Dutchess,10,29565,750,802873
07/12/2021,Dutchess,3,29568,471,803344
07/13/2021,Dutchess,9,29577,930,804274
07/14/2021,Dutchess,8,29585,854,805128
07/15/2021,Dutchess,8,29593,876,806004
07/16/2021,Dutchess,20,29613,1005,807009
07/17/2021,Dutchess,13,29626,943,807952
07/18/2021,Dutchess,6,29632,548,808500
07/19/2021,Dutchess,9,29641,680,809180
07/20/2021,Dutchess,15,29656,1060,810240
07/21/2021,Dutchess,19,29675,1280,811520
07/22/2021,Dutchess,25,29700,997,812517
07/23/2021,Dutchess,28,29728,1126,813643
07/24/2021,Dutchess,20,29748,967,814610
07/25/2021,Dutchess,9,29757,773,815383
07/26/2021,Dutchess,14,29771,639,816022
07/27/2021,Dutchess,20,29791,1195,817217
07/28/2021,Dutchess,32,29823,1229,818446
07/29/2021,Dutchess,24,29847,1184,819630
07/30/2021,Dutchess,23,29870,1314,820944
07/31/2021,Dutchess,44,29914,1260,822204
08/01/2021,Dutchess,28,29942,894,823098
08/02/2021,Dutchess,34,29976,923,824021
08/03/2021,Dutchess,52,30028,1677,825698
08/04/2021,Dutchess,76,30104,1480,827178
08/05/2021,Dutchess,71,30175,1584,828762
08/06/2021,Dutchess,58,30233,1747,830509
08/07/2021,Dutchess,38,30271,1647,832156
08/08/2021,Dutchess,57,30328,1162,833318
08/09/2021,Dutchess,51,30379,1043,834361
08/10/2021,Dutchess,90,30469,1898,836259
08/11/2021,Dutchess,88,30557,2094,838353
08/12/2021,Dutchess,67,30624,1950,840303
08/13/2021,Dutchess,89,30713,1857,842160
08/14/2021,Dutchess,93,30806,1767,843927
08/15/2021,Dutchess,60,30866,1266,845193
08/16/2021,Dutchess,63,30929,995,846188
08/17/2021,Dutchess,72,31001,1981,848169
08/18/2021,Dutchess,86,31087,2316,850485
08/19/2021,Dutchess,70,31157,1846,852331
08/20/2021,Dutchess,97,31254,2086,854417
08/21/2021,Dutchess,86,31340,1723,856140
08/22/2021,Dutchess,63,31403,1304,857444
08/23/2021,Dutchess,49,31452,1050,858494
08/24/2021,Dutchess,89,31541,1975,860469
08/25/2021,Dutchess,102,31643,2407,862876
08/26/2021,Dutchess,75,31718,1771,864647
08/27/2021,Dutchess,87,31805,1927,866574
08/28/2021,Dutchess,79,31884,1737,868311
08/29/2021,Dutchess,63,31947,1175,869486
08/30/2021,Dutchess,53,32000,1152,870638
08/31/2021,Dutchess,114,32114,2149,872787
09/01/2021,Dutchess,65,32179,2168,874955
09/02/2021,Dutchess,70,32249,2012,876967
09/03/2021,Dutchess,100,32349,1717,878684
09/04/2021,Dutchess,77,32426,1901,880585
09/05/2021,Dutchess,57,32483,1181,881766
09/06/2021,Dutchess,46,32529,753,882519
09/07/2021,Dutchess,68,32597,1158,883677
09/08/2021,Dutchess,126,32723,2303,885980
09/09/2021,Dutchess,93,32816,2083,888063
09/10/2021,Dutchess,110,32926,2263,890326
09/11/2021,Dutchess,122,33048,2332,892658
09/12/2021,Dutchess,53,33101,1496,894154
09/13/2021,Dutchess,78,33179,1704,895858
09/14/2021,Dutchess,72,33251,1673,897531
09/15/2021,Dutchess,91,33342,2477,900008
09/16/2021,Dutchess,95,33437,2214,902222
09/17/2021,Dutchess,79,33516,2287,904509
09/18/2021,Dutchess,73,33589,1807,906316
09/19/2021,Dutchess,44,33633,1409,907725
09/20/2021,Dutchess,83,33716,1767,909492
09/21/2021,Dutchess,54,33770,1963,911455
09/22/2021,Dutchess,57,33827,2368,913823
09/23/2021,Dutchess,76,33903,2193,916016
09/24/2021,Dutchess,57,33960,2348,918364
09/25/2021,Dutchess,69,34029,2129,920493
09/26/2021,Dutchess,44,34073,1356,921849
09/27/2021,Dutchess,66,34139,1536,923385
09/28/2021,Dutchess,96,34235,2323,925708
09/29/2021,Dutchess,94,34329,2577,928285
09/30/2021,Dutchess,57,34386,2384,930669
10/01/2021,Dutchess,70,34456,2204,932873
10/02/2021,Dutchess,63,34519,2264,935137
10/03/2021,Dutchess,38,34557,1890,937027
10/04/2021,Dutchess,34,34591,1195,938222
10/05/2021,Dutchess,90,34681,2502,940724
10/06/2021,Dutchess,91,34772,2685,943409
10/07/2021,Dutchess,87,34859,2469,945878
10/08/2021,Dutchess,76,34935,2683,948561
10/09/2021,Dutchess,11,34946,732,949293
10/10/2021,Dutchess,87,35033,3013,952306
10/11/2021,Dutchess,61,35094,1563,953869
10/12/2021,Dutchess,83,35177,1938,955807
10/13/2021,Dutchess,68,35245,2111,957918
10/14/2021,Dutchess,61,35306,2092,960010
10/15/2021,Dutchess,52,35358,2652,962662
10/16/2021,Dutchess,53,35411,2391,965053
10/17/2021,Dutchess,40,35451,1476,966529
10/18/2021,Dutchess,39,35490,980,967509
10/19/2021,Dutchess,73,35563,2426,969935
10/20/2021,Dutchess,52,35615,2392,972327
10/21/2021,Dutchess,56,35671,2501,974828
10/22/2021,Dutchess,69,35740,2861,977689
10/23/2021,Dutchess,36,35776,1566,979255
03/01/2020,Erie,0,0,0,0
03/02/2020,Erie,0,0,0,0
03/03/2020,Erie,0,0,0,0
03/04/2020,Erie,0,0,6,6
03/05/2020,Erie,0,0,6,12
03/06/2020,Erie,0,0,0,12
03/07/2020,Erie,0,0,2,14
03/08/2020,Erie,0,0,1,15
03/09/2020,Erie,0,0,1,16
03/10/2020,Erie,0,0,2,18
03/11/2020,Erie,0,0,0,18
03/12/2020,Erie,0,0,13,31
03/13/2020,Erie,0,0,5,36
03/14/2020,Erie,3,3,22,58
03/15/2020,Erie,3,6,10,68
03/16/2020,Erie,1,7,2,70
03/17/2020,Erie,0,7,2,72
03/18/2020,Erie,21,28,130,202
03/19/2020,Erie,3,31,43,245
03/20/2020,Erie,7,38,55,300
03/21/2020,Erie,16,54,111,411
03/22/2020,Erie,33,87,247,658
03/23/2020,Erie,20,107,100,758
03/24/2020,Erie,15,122,114,872
03/25/2020,Erie,12,134,116,988
03/26/2020,Erie,85,219,348,1336
03/27/2020,Erie,99,318,370,1706
03/28/2020,Erie,40,358,126,1832
03/29/2020,Erie,18,376,67,1899
03/30/2020,Erie,62,438,189,2088
03/31/2020,Erie,26,464,119,2207
04/01/2020,Erie,153,617,571,2778
04/02/2020,Erie,103,720,429,3207
04/03/2020,Erie,88,808,317,3524
04/04/2020,Erie,110,918,402,3926
04/05/2020,Erie,105,1023,549,4475
04/06/2020,Erie,112,1135,396,4871
04/07/2020,Erie,70,1205,295,5166
04/08/2020,Erie,157,1362,458,5624
04/09/2020,Erie,47,1409,309,5933
04/10/2020,Erie,63,1472,297,6230
04/11/2020,Erie,99,1571,317,6547
04/12/2020,Erie,53,1624,182,6729
04/13/2020,Erie,44,1668,223,6952
04/14/2020,Erie,83,1751,326,7278
04/15/2020,Erie,99,1850,394,7672
04/16/2020,Erie,79,1929,348,8020
04/17/2020,Erie,68,1997,262,8282
04/18/2020,Erie,73,2070,367,8649
04/19/2020,Erie,39,2109,199,8848
04/20/2020,Erie,38,2147,258,9106
04/21/2020,Erie,86,2233,347,9453
04/22/2020,Erie,217,2450,1307,10760
04/23/2020,Erie,153,2603,982,11742
04/24/2020,Erie,170,2773,872,12614
04/25/2020,Erie,181,2954,795,13409
04/26/2020,Erie,67,3021,508,13917
04/27/2020,Erie,68,3089,586,14503
04/28/2020,Erie,107,3196,716,15219
04/29/2020,Erie,123,3319,885,16104
04/30/2020,Erie,162,3481,905,17009
05/01/2020,Erie,117,3598,1058,18067
05/02/2020,Erie,112,3710,799,18866
05/03/2020,Erie,92,3802,760,19626
05/04/2020,Erie,89,3891,779,20405
05/05/2020,Erie,117,4008,1498,21903
05/06/2020,Erie,128,4136,1164,23067
05/07/2020,Erie,119,4255,1008,24075
05/08/2020,Erie,82,4337,1049,25124
05/09/2020,Erie,116,4453,1231,26355
05/10/2020,Erie,30,4483,386,26741
05/11/2020,Erie,47,4530,696,27437
05/12/2020,Erie,76,4606,1591,29028
05/13/2020,Erie,65,4671,1664,30692
05/14/2020,Erie,111,4782,1690,32382
05/15/2020,Erie,85,4867,1164,33546
05/16/2020,Erie,87,4954,1827,35373
05/17/2020,Erie,39,4993,628,36001
05/18/2020,Erie,44,5037,934,36935
05/19/2020,Erie,94,5131,2198,39133
05/20/2020,Erie,139,5270,2974,42107
05/21/2020,Erie,127,5397,2175,44282
05/22/2020,Erie,155,5552,2767,47049
05/23/2020,Erie,74,5626,1742,48791
05/24/2020,Erie,74,5700,1718,50509
05/25/2020,Erie,53,5753,1334,51843
05/26/2020,Erie,57,5810,1572,53415
05/27/2020,Erie,76,5886,2367,55782
05/28/2020,Erie,49,5935,1944,57726
05/29/2020,Erie,79,6014,2434,60160
05/30/2020,Erie,56,6070,2402,62562
05/31/2020,Erie,53,6123,1951,64513
06/01/2020,Erie,50,6173,2225,66738
06/02/2020,Erie,61,6234,3364,70102
06/03/2020,Erie,74,6308,2639,72741
06/04/2020,Erie,51,6359,2896,75637
06/05/2020,Erie,70,6429,4101,79738
06/06/2020,Erie,57,6486,2102,81840
06/07/2020,Erie,45,6531,1670,83510
06/08/2020,Erie,64,6595,3600,87110
06/09/2020,Erie,21,6616,2358,89468
06/10/2020,Erie,43,6659,2427,91895
06/11/2020,Erie,58,6717,3047,94942
06/12/2020,Erie,36,6753,2819,97761
06/13/2020,Erie,32,6785,2624,100385
06/14/2020,Erie,32,6817,1796,102181
06/15/2020,Erie,35,6852,2174,104355
06/16/2020,Erie,30,6882,2419,106774
06/17/2020,Erie,38,6920,2888,109662
06/18/2020,Erie,35,6955,3405,113067
06/19/2020,Erie,25,6980,3055,116122
06/20/2020,Erie,24,7004,2204,118326
06/21/2020,Erie,31,7035,2224,120550
06/22/2020,Erie,38,7073,2083,122633
06/23/2020,Erie,35,7108,2861,125494
06/24/2020,Erie,30,7138,3065,128559
06/25/2020,Erie,43,7181,2620,131179
06/26/2020,Erie,25,7206,2428,133607
06/27/2020,Erie,22,7228,2116,135723
06/28/2020,Erie,21,7249,1787,137510
06/29/2020,Erie,43,7292,2534,140044
06/30/2020,Erie,45,7337,2670,142714
07/01/2020,Erie,33,7370,2959,145673
07/02/2020,Erie,57,7427,2920,148593
07/03/2020,Erie,35,7462,2542,151135
07/04/2020,Erie,13,7475,1775,152910
07/05/2020,Erie,25,7500,1603,154513
07/06/2020,Erie,44,7544,2750,157263
07/07/2020,Erie,52,7596,3240,160503
07/08/2020,Erie,28,7624,3212,163715
07/09/2020,Erie,36,7660,3299,167014
07/10/2020,Erie,51,7711,2752,169766
07/11/2020,Erie,31,7742,2421,172187
07/12/2020,Erie,24,7766,1765,173952
07/13/2020,Erie,67,7833,2651,176603
07/14/2020,Erie,58,7891,2975,179578
07/15/2020,Erie,36,7927,3015,182593
07/16/2020,Erie,55,7982,3391,185984
07/17/2020,Erie,34,8016,2039,188023
07/18/2020,Erie,19,8035,1699,189722
07/19/2020,Erie,11,8046,1434,191156
07/20/2020,Erie,60,8106,3225,194381
07/21/2020,Erie,29,8135,2772,197153
07/22/2020,Erie,52,8187,3067,200220
07/23/2020,Erie,47,8234,3348,203568
07/24/2020,Erie,48,8282,4090,207658
07/25/2020,Erie,19,8301,1879,209537
07/26/2020,Erie,26,8327,1845,211382
07/27/2020,Erie,37,8364,2806,214188
07/28/2020,Erie,46,8410,2416,216604
07/29/2020,Erie,24,8434,3886,220490
07/30/2020,Erie,58,8492,3108,223598
07/31/2020,Erie,56,8548,3740,227338
08/01/2020,Erie,24,8572,2624,229962
08/02/2020,Erie,54,8626,2148,232110
08/03/2020,Erie,41,8667,3906,236016
08/04/2020,Erie,35,8702,5925,241941
08/05/2020,Erie,35,8737,3420,245361
08/06/2020,Erie,54,8791,3434,248795
08/07/2020,Erie,59,8850,4495,253290
08/08/2020,Erie,54,8904,2649,255939
08/09/2020,Erie,14,8918,1745,257684
08/10/2020,Erie,69,8987,4022,261706
08/11/2020,Erie,26,9013,3239,264945
08/12/2020,Erie,20,9033,2742,267687
08/13/2020,Erie,31,9064,3467,271154
08/14/2020,Erie,50,9114,3109,274263
08/15/2020,Erie,33,9147,2644,276907
08/16/2020,Erie,10,9157,1992,278899
08/17/2020,Erie,30,9187,2900,281799
08/18/2020,Erie,54,9241,3346,285145
08/19/2020,Erie,42,9283,3339,288484
08/20/2020,Erie,81,9364,4163,292647
08/21/2020,Erie,49,9413,3703,296350
08/22/2020,Erie,52,9465,2255,298605
08/23/2020,Erie,26,9491,1452,300057
08/24/2020,Erie,55,9546,3320,303377
08/25/2020,Erie,43,9589,2649,306026
08/26/2020,Erie,79,9668,3893,309919
08/27/2020,Erie,45,9713,4199,314118
08/28/2020,Erie,28,9741,3012,317130
08/29/2020,Erie,66,9807,3774,320904
08/30/2020,Erie,65,9872,2691,323595
08/31/2020,Erie,75,9947,3839,327434
09/01/2020,Erie,70,10017,4364,331798
09/02/2020,Erie,69,10086,3801,335599
09/03/2020,Erie,70,10156,3606,339205
09/04/2020,Erie,56,10212,4124,343329
09/05/2020,Erie,54,10266,2017,345346
09/06/2020,Erie,54,10320,2176,347522
09/07/2020,Erie,26,10346,2250,349772
09/08/2020,Erie,48,10394,2523,352295
09/09/2020,Erie,50,10444,4218,356513
09/10/2020,Erie,59,10503,3118,359631
09/11/2020,Erie,64,10567,3728,363359
09/12/2020,Erie,70,10637,3130,366489
09/13/2020,Erie,31,10668,2288,368777
09/14/2020,Erie,48,10716,2882,371659
09/15/2020,Erie,36,10752,2568,374227
09/16/2020,Erie,81,10833,4437,378664
09/17/2020,Erie,40,10873,2670,381334
09/18/2020,Erie,44,10917,4544,385878
09/19/2020,Erie,82,10999,4104,389982
09/20/2020,Erie,43,11042,2187,392169
09/21/2020,Erie,40,11082,2592,394761
09/22/2020,Erie,30,11112,3058,397819
09/23/2020,Erie,89,11201,4107,401926
09/24/2020,Erie,50,11251,3783,405709
09/25/2020,Erie,57,11308,3901,409610
09/26/2020,Erie,34,11342,3908,413518
09/27/2020,Erie,17,11359,1515,415033
09/28/2020,Erie,86,11445,5162,420195
09/29/2020,Erie,55,11500,5326,425521
09/30/2020,Erie,74,11574,3856,429377
10/01/2020,Erie,63,11637,5162,434539
10/02/2020,Erie,60,11697,4462,439001
10/03/2020,Erie,70,11767,6965,445966
10/04/2020,Erie,31,11798,2448,448414
10/05/2020,Erie,66,11864,3354,451768
10/06/2020,Erie,34,11898,3953,455721
10/07/2020,Erie,55,11953,4054,459775
10/08/2020,Erie,45,11998,4900,464675
10/09/2020,Erie,57,12055,4372,469047
10/10/2020,Erie,52,12107,3399,472446
10/11/2020,Erie,47,12154,3798,476244
10/12/2020,Erie,28,12182,3453,479697
10/13/2020,Erie,34,12216,3972,483669
10/14/2020,Erie,53,12269,4562,488231
10/15/2020,Erie,55,12324,4569,492800
10/16/2020,Erie,69,12393,5236,498036
10/17/2020,Erie,58,12451,3684,501720
10/18/2020,Erie,17,12468,2065,503785
10/19/2020,Erie,45,12513,4108,507893
10/20/2020,Erie,61,12574,4398,512291
10/21/2020,Erie,76,12650,5874,518165
10/22/2020,Erie,55,12705,4845,523010
10/23/2020,Erie,77,12782,7071,530081
10/24/2020,Erie,37,12819,2645,532726
10/25/2020,Erie,36,12855,3109,535835
10/26/2020,Erie,116,12971,4264,540099
10/27/2020,Erie,50,13021,4485,544584
10/28/2020,Erie,140,13161,4756,549340
10/29/2020,Erie,101,13262,4797,554137
10/30/2020,Erie,151,13413,5294,559431
10/31/2020,Erie,118,13531,4416,563847
11/01/2020,Erie,53,13584,2604,566451
11/02/2020,Erie,164,13748,4798,571249
11/03/2020,Erie,160,13908,3924,575173
11/04/2020,Erie,215,14123,5681,580854
11/05/2020,Erie,215,14338,6263,587117
11/06/2020,Erie,379,14717,8038,595155
11/07/2020,Erie,271,14988,4678,599833
11/08/2020,Erie,228,15216,3792,603625
11/09/2020,Erie,390,15606,6103,609728
11/10/2020,Erie,422,16028,7615,617343
11/11/2020,Erie,512,16540,7940,625283
11/12/2020,Erie,481,17021,10222,635505
11/13/2020,Erie,448,17469,8737,644242
11/14/2020,Erie,277,17746,4435,648677
11/15/2020,Erie,272,18018,4561,653238
11/16/2020,Erie,392,18410,5246,658484
11/17/2020,Erie,573,18983,9605,668089
11/18/2020,Erie,490,19473,10099,678188
11/19/2020,Erie,630,20103,14573,692761
11/20/2020,Erie,451,20554,7415,700176
11/21/2020,Erie,521,21075,7823,707999
11/22/2020,Erie,497,21572,8160,716159
11/23/2020,Erie,301,21873,5013,721172
11/24/2020,Erie,685,22558,9644,730816
11/25/2020,Erie,513,23071,8746,739562
11/26/2020,Erie,862,23933,10322,749884
11/27/2020,Erie,507,24440,6580,756464
11/28/2020,Erie,502,24942,6627,763091
11/29/2020,Erie,485,25427,6152,769243
11/30/2020,Erie,615,26042,6542,775785
12/01/2020,Erie,476,26518,6718,782503
12/02/2020,Erie,592,27110,10430,792933
12/03/2020,Erie,793,27903,9310,802243
12/04/2020,Erie,778,28681,10602,812845
12/05/2020,Erie,656,29337,9490,822335
12/06/2020,Erie,383,29720,6581,828916
12/07/2020,Erie,353,30073,6837,835753
12/08/2020,Erie,646,30719,7881,843634
12/09/2020,Erie,563,31282,9489,853123
12/10/2020,Erie,733,32015,9738,862861
12/11/2020,Erie,474,32489,10333,873194
12/12/2020,Erie,520,33009,7153,880347
12/13/2020,Erie,388,33397,6383,886730
12/14/2020,Erie,396,33793,6742,893472
12/15/2020,Erie,388,34181,7361,900833
12/16/2020,Erie,576,34757,10154,910987
12/17/2020,Erie,750,35507,9974,920961
12/18/2020,Erie,446,35953,8521,929482
12/19/2020,Erie,447,36400,7848,937330
12/20/2020,Erie,388,36788,5887,943217
12/21/2020,Erie,426,37214,6815,950032
12/22/2020,Erie,541,37755,10159,960191
12/23/2020,Erie,441,38196,10252,970443
12/24/2020,Erie,656,38852,11678,982121
12/25/2020,Erie,331,39183,5382,987503
12/26/2020,Erie,303,39486,5352,992855
12/27/2020,Erie,388,39874,4351,997206
12/28/2020,Erie,382,40256,5287,1002493
12/29/2020,Erie,329,40585,6068,1008561
12/30/2020,Erie,667,41252,8826,1017387
12/31/2020,Erie,736,41988,9650,1027037
01/01/2021,Erie,477,42465,7118,1034155
01/02/2021,Erie,468,42933,5569,1039724
01/03/2021,Erie,509,43442,5787,1045511
01/04/2021,Erie,374,43816,4309,1049820
01/05/2021,Erie,800,44616,10112,1059932
01/06/2021,Erie,461,45077,8028,1067960
01/07/2021,Erie,1032,46109,13156,1081116
01/08/2021,Erie,777,46886,13247,1094363
01/09/2021,Erie,663,47549,12221,1106584
01/10/2021,Erie,355,47904,5365,1111949
01/11/2021,Erie,550,48454,7780,1119729
01/12/2021,Erie,528,48982,10390,1130119
01/13/2021,Erie,496,49478,7337,1137456
01/14/2021,Erie,749,50227,11904,1149360
01/15/2021,Erie,489,50716,12089,1161449
01/16/2021,Erie,668,51384,11718,1173167
01/17/2021,Erie,334,51718,4971,1178138
01/18/2021,Erie,510,52228,5910,1184048
01/19/2021,Erie,245,52473,6301,1190349
01/20/2021,Erie,591,53064,11161,1201510
01/21/2021,Erie,541,53605,11625,1213135
01/22/2021,Erie,492,54097,11036,1224171
01/23/2021,Erie,405,54502,7922,1232093
01/24/2021,Erie,371,54873,6810,1238903
01/25/2021,Erie,311,55184,4451,1243354
01/26/2021,Erie,409,55593,8865,1252219
01/27/2021,Erie,487,56080,9228,1261447
01/28/2021,Erie,496,56576,10145,1271592
01/29/2021,Erie,398,56974,8937,1280529
01/30/2021,Erie,432,57406,10111,1290640
01/31/2021,Erie,236,57642,4698,1295338
02/01/2021,Erie,216,57858,3605,1298943
02/02/2021,Erie,241,58099,5232,1304175
02/03/2021,Erie,513,58612,8940,1313115
02/04/2021,Erie,341,58953,9140,1322255
02/05/2021,Erie,386,59339,10898,1333153
02/06/2021,Erie,269,59608,10826,1343979
02/07/2021,Erie,259,59867,5375,1349354
02/08/2021,Erie,131,59998,2566,1351920
02/09/2021,Erie,350,60348,7087,1359007
02/10/2021,Erie,388,60736,12134,1371141
02/11/2021,Erie,331,61067,7686,1378827
02/12/2021,Erie,318,61385,9207,1388034
02/13/2021,Erie,415,61800,9350,1397384
02/14/2021,Erie,199,61999,11417,1408801
02/15/2021,Erie,209,62208,3858,1412659
02/16/2021,Erie,183,62391,4994,1417653
02/17/2021,Erie,341,62732,8217,1425870
02/18/2021,Erie,230,62962,9300,1435170
02/19/2021,Erie,286,63248,8391,1443561
02/20/2021,Erie,220,63468,20954,1464515
02/21/2021,Erie,210,63678,4385,1468900
02/22/2021,Erie,185,63863,3595,1472495
02/23/2021,Erie,203,64066,11786,1484281
02/24/2021,Erie,348,64414,10903,1495184
02/25/2021,Erie,275,64689,15101,1510285
02/26/2021,Erie,274,64963,12927,1523212
02/27/2021,Erie,252,65215,24568,1547780
02/28/2021,Erie,204,65419,4778,1552558
03/01/2021,Erie,152,65571,3734,1556292
03/02/2021,Erie,218,65789,8224,1564516
03/03/2021,Erie,270,66059,14788,1579304
03/04/2021,Erie,285,66344,9038,1588342
03/05/2021,Erie,260,66604,14284,1602626
03/06/2021,Erie,214,66818,17105,1619731
03/07/2021,Erie,169,66987,4938,1624669
03/08/2021,Erie,187,67174,4240,1628909
03/09/2021,Erie,196,67370,12481,1641390
03/10/2021,Erie,213,67583,9567,1650957
03/11/2021,Erie,320,67903,21473,1672430
03/12/2021,Erie,176,68079,10110,1682540
03/13/2021,Erie,246,68325,12155,1694695
03/14/2021,Erie,218,68543,4593,1699288
03/15/2021,Erie,203,68746,3955,1703243
03/16/2021,Erie,218,68964,8248,1711491
03/17/2021,Erie,309,69273,18428,1729919
03/18/2021,Erie,321,69594,8704,1738623
03/19/2021,Erie,342,69936,10006,1748629
03/20/2021,Erie,387,70323,14828,1763457
03/21/2021,Erie,197,70520,4462,1767919
03/22/2021,Erie,306,70826,4219,1772138
03/23/2021,Erie,224,71050,8426,1780564
03/24/2021,Erie,389,71439,12349,1792913
03/25/2021,Erie,410,71849,12899,1805812
03/26/2021,Erie,508,72357,10822,1816634
03/27/2021,Erie,375,72732,13670,1830304
03/28/2021,Erie,439,73171,6695,1836999
03/29/2021,Erie,390,73561,4845,1841844
03/30/2021,Erie,429,73990,8710,1850554
03/31/2021,Erie,506,74496,8816,1859370
04/01/2021,Erie,423,74919,10114,1869484
04/02/2021,Erie,481,75400,12149,1881633
04/03/2021,Erie,476,75876,8653,1890286
04/04/2021,Erie,489,76365,6089,1896375
04/05/2021,Erie,300,76665,4566,1900941
04/06/2021,Erie,424,77089,7801,1908742
04/07/2021,Erie,526,77615,9823,1918565
04/08/2021,Erie,578,78193,16318,1934883
04/09/2021,Erie,534,78727,11632,1946515
04/10/2021,Erie,490,79217,8161,1954676
04/11/2021,Erie,363,79580,4212,1958888
04/12/2021,Erie,379,79959,5555,1964443
04/13/2021,Erie,597,80556,10140,1974583
04/14/2021,Erie,585,81141,12777,1987360
04/15/2021,Erie,390,81531,9290,1996650
04/16/2021,Erie,627,82158,8899,2005549
04/17/2021,Erie,430,82588,10855,2016404
04/18/2021,Erie,313,82901,5448,2021852
04/19/2021,Erie,297,83198,4017,2025869
04/20/2021,Erie,326,83524,8507,2034376
04/21/2021,Erie,394,83918,11357,2045733
04/22/2021,Erie,435,84353,9751,2055484
04/23/2021,Erie,272,84625,9401,2064885
04/24/2021,Erie,241,84866,7348,2072233
04/25/2021,Erie,215,85081,5114,2077347
04/26/2021,Erie,233,85314,3666,2081013
04/27/2021,Erie,223,85537,6558,2087571
04/28/2021,Erie,342,85879,8739,2096310
04/29/2021,Erie,288,86167,8670,2104980
04/30/2021,Erie,272,86439,9385,2114365
05/01/2021,Erie,167,86606,6835,2121200
05/02/2021,Erie,136,86742,4039,2125239
05/03/2021,Erie,155,86897,4055,2129294
05/04/2021,Erie,120,87017,5404,2134698
05/05/2021,Erie,136,87153,7398,2142096
05/06/2021,Erie,144,87297,7133,2149229
05/07/2021,Erie,272,87569,9620,2158849
05/08/2021,Erie,133,87702,5763,2164612
05/09/2021,Erie,88,87790,4058,2168670
05/10/2021,Erie,87,87877,3179,2171849
05/11/2021,Erie,95,87972,5326,2177175
05/12/2021,Erie,143,88115,8997,2186172
05/13/2021,Erie,113,88228,7353,2193525
05/14/2021,Erie,122,88350,7907,2201432
05/15/2021,Erie,84,88434,5629,2207061
05/16/2021,Erie,73,88507,3446,2210507
05/17/2021,Erie,53,88560,3934,2214441
05/18/2021,Erie,78,88638,5560,2220001
05/19/2021,Erie,88,88726,7454,2227455
05/20/2021,Erie,81,88807,6294,2233749
05/21/2021,Erie,78,88885,6079,2239828
05/22/2021,Erie,40,88925,4619,2244447
05/23/2021,Erie,73,88998,3161,2247608
05/24/2021,Erie,33,89031,3137,2250745
05/25/2021,Erie,56,89087,4863,2255608
05/26/2021,Erie,55,89142,6434,2262042
05/27/2021,Erie,38,89180,5515,2267557
05/28/2021,Erie,39,89219,4531,2272088
05/29/2021,Erie,51,89270,4680,2276768
05/30/2021,Erie,19,89289,1844,2278612
05/31/2021,Erie,25,89314,1892,2280504
06/01/2021,Erie,21,89335,2810,2283314
06/02/2021,Erie,18,89353,5566,2288880
06/03/2021,Erie,33,89386,5775,2294655
06/04/2021,Erie,36,89422,5093,2299748
06/05/2021,Erie,24,89446,4652,2304400
06/06/2021,Erie,26,89472,2179,2306579
06/07/2021,Erie,16,89488,2625,2309204
06/08/2021,Erie,13,89501,4640,2313844
06/09/2021,Erie,19,89520,4773,2318617
06/10/2021,Erie,21,89541,4593,2323210
06/11/2021,Erie,16,89557,4305,2327515
06/12/2021,Erie,7,89564,2905,2330420
06/13/2021,Erie,8,89572,1655,2332075
06/14/2021,Erie,7,89579,2067,2334142
06/15/2021,Erie,4,89583,2893,2337035
06/16/2021,Erie,12,89595,3966,2341001
06/17/2021,Erie,8,89603,3573,2344574
06/18/2021,Erie,1,89604,2687,2347261
06/19/2021,Erie,3,89607,2136,2349397
06/20/2021,Erie,7,89614,1551,2350948
06/21/2021,Erie,3,89617,1558,2352506
06/22/2021,Erie,3,89620,2935,2355441
06/23/2021,Erie,6,89626,2524,2357965
06/24/2021,Erie,6,89632,2230,2360195
06/25/2021,Erie,6,89638,2177,2362372
06/26/2021,Erie,13,89651,2487,2364859
06/27/2021,Erie,9,89660,1500,2366359
06/28/2021,Erie,5,89665,1270,2367629
06/29/2021,Erie,3,89668,2080,2369709
06/30/2021,Erie,10,89678,2755,2372464
07/01/2021,Erie,17,89695,2570,2375034
07/02/2021,Erie,9,89704,2165,2377199
07/03/2021,Erie,13,89717,1890,2379089
07/04/2021,Erie,12,89729,1144,2380233
07/05/2021,Erie,8,89737,864,2381097
07/06/2021,Erie,12,89749,1533,2382630
07/07/2021,Erie,6,89755,2251,2384881
07/08/2021,Erie,20,89775,2392,2387273
07/09/2021,Erie,10,89785,1926,2389199
07/10/2021,Erie,10,89795,1314,2390513
07/11/2021,Erie,11,89806,1417,2391930
07/12/2021,Erie,21,89827,1192,2393122
07/13/2021,Erie,31,89858,2015,2395137
07/14/2021,Erie,24,89882,2095,2397232
07/15/2021,Erie,29,89911,1943,2399175
07/16/2021,Erie,11,89922,1539,2400714
07/17/2021,Erie,39,89961,1967,2402681
07/18/2021,Erie,15,89976,1320,2404001
07/19/2021,Erie,33,90009,1086,2405087
07/20/2021,Erie,41,90050,2203,2407290
07/21/2021,Erie,40,90090,2103,2409393
07/22/2021,Erie,54,90144,2418,2411811
07/23/2021,Erie,41,90185,2101,2413912
07/24/2021,Erie,64,90249,2166,2416078
07/25/2021,Erie,30,90279,1459,2417537
07/26/2021,Erie,68,90347,1727,2419264
07/27/2021,Erie,68,90415,2562,2421826
07/28/2021,Erie,92,90507,2776,2424602
07/29/2021,Erie,91,90598,2506,2427108
07/30/2021,Erie,91,90689,2520,2429628
07/31/2021,Erie,94,90783,3175,2432803
08/01/2021,Erie,37,90820,1658,2434461
08/02/2021,Erie,99,90919,2107,2436568
08/03/2021,Erie,84,91003,3520,2440088
08/04/2021,Erie,72,91075,2962,2443050
08/05/2021,Erie,90,91165,3323,2446373
08/06/2021,Erie,139,91304,4053,2450426
08/07/2021,Erie,105,91409,3652,2454078
08/08/2021,Erie,67,91476,1948,2456026
08/09/2021,Erie,100,91576,2665,2458691
08/10/2021,Erie,114,91690,3565,2462256
08/11/2021,Erie,136,91826,4079,2466335
08/12/2021,Erie,115,91941,4075,2470410
08/13/2021,Erie,135,92076,4931,2475341
08/14/2021,Erie,128,92204,4364,2479705
08/15/2021,Erie,96,92300,2361,2482066
08/16/2021,Erie,124,92424,3180,2485246
08/17/2021,Erie,131,92555,3687,2488933
08/18/2021,Erie,133,92688,4458,2493391
08/19/2021,Erie,140,92828,4485,2497876
08/20/2021,Erie,187,93015,5695,2503571
08/21/2021,Erie,148,93163,4558,2508129
08/22/2021,Erie,147,93310,3260,2511389
08/23/2021,Erie,96,93406,2214,2513603
08/24/2021,Erie,130,93536,3328,2516931
08/25/2021,Erie,132,93668,3837,2520768
08/26/2021,Erie,273,93941,6684,2527452
08/27/2021,Erie,199,94140,6919,2534371
08/28/2021,Erie,137,94277,4717,2539088
08/29/2021,Erie,158,94435,3677,2542765
08/30/2021,Erie,137,94572,3014,2545779
08/31/2021,Erie,134,94706,4397,2550176
09/01/2021,Erie,231,94937,6268,2556444
09/02/2021,Erie,211,95148,5289,2561733
09/03/2021,Erie,232,95380,6813,2568546
09/04/2021,Erie,133,95513,5109,2573655
09/05/2021,Erie,173,95686,4765,2578420
09/06/2021,Erie,167,95853,2998,2581418
09/07/2021,Erie,172,96025,4039,2585457
09/08/2021,Erie,230,96255,5164,2590621
09/09/2021,Erie,177,96432,5782,2596403
09/10/2021,Erie,314,96746,6467,2602870
09/11/2021,Erie,193,96939,5772,2608642
09/12/2021,Erie,198,97137,4026,2612668
09/13/2021,Erie,115,97252,3086,2615754
09/14/2021,Erie,161,97413,4403,2620157
09/15/2021,Erie,400,97813,7444,2627601
09/16/2021,Erie,250,98063,6728,2634329
09/17/2021,Erie,146,98209,5339,2639668
09/18/2021,Erie,266,98475,6474,2646142
09/19/2021,Erie,153,98628,3454,2649596
09/20/2021,Erie,243,98871,5301,2654897
09/21/2021,Erie,198,99069,5320,2660217
09/22/2021,Erie,190,99259,6716,2666933
09/23/2021,Erie,393,99652,9572,2676505
09/24/2021,Erie,237,99889,7975,2684480
09/25/2021,Erie,205,100094,5055,2689535
09/26/2021,Erie,262,100356,5321,2694856
09/27/2021,Erie,165,100521,4025,2698881
09/28/2021,Erie,283,100804,7370,2706251
09/29/2021,Erie,203,101007,6656,2712907
09/30/2021,Erie,285,101292,7919,2720826
10/01/2021,Erie,214,101506,6478,2727304
10/02/2021,Erie,329,101835,8510,2735814
10/03/2021,Erie,158,101993,5172,2740986
10/04/2021,Erie,195,102188,4252,2745238
10/05/2021,Erie,378,102566,7627,2752865
10/06/2021,Erie,254,102820,6649,2759514
10/07/2021,Erie,363,103183,9349,2768863
10/08/2021,Erie,266,103449,7296,2776159
10/09/2021,Erie,155,103604,4323,2780482
10/10/2021,Erie,277,103881,6878,2787360
10/11/2021,Erie,158,104039,3125,2790485
10/12/2021,Erie,300,104339,6227,2796712
10/13/2021,Erie,200,104539,6151,2802863
10/14/2021,Erie,365,104904,8308,2811171
10/15/2021,Erie,311,105215,7313,2818484
10/16/2021,Erie,262,105477,6321,2824805
10/17/2021,Erie,184,105661,4180,2828985
10/18/2021,Erie,130,105791,3159,2832144
10/19/2021,Erie,348,106139,7322,2839466
10/20/2021,Erie,278,106417,6789,2846255
10/21/2021,Erie,161,106578,7196,2853451
10/22/2021,Erie,381,106959,8829,2862280
10/23/2021,Erie,171,107130,4799,2867079
03/01/2020,Essex,0,0,0,0
03/02/2020,Essex,0,0,0,0
03/03/2020,Essex,0,0,0,0
03/04/2020,Essex,0,0,0,0
03/05/2020,Essex,0,0,0,0
03/06/2020,Essex,0,0,0,0
03/07/2020,Essex,0,0,0,0
03/08/2020,Essex,0,0,0,0
03/09/2020,Essex,0,0,0,0
03/10/2020,Essex,0,0,0,0
03/11/2020,Essex,0,0,0,0
03/12/2020,Essex,0,0,0,0
03/13/2020,Essex,0,0,2,2
03/14/2020,Essex,0,0,1,3
03/15/2020,Essex,0,0,2,5
03/16/2020,Essex,0,0,0,5
03/17/2020,Essex,1,1,2,7
03/18/2020,Essex,0,1,1,8
03/19/2020,Essex,0,1,10,18
03/20/2020,Essex,1,2,5,23
03/21/2020,Essex,1,3,8,31
03/22/2020,Essex,0,3,2,33
03/23/2020,Essex,0,3,11,44
03/24/2020,Essex,1,4,6,50
03/25/2020,Essex,0,4,7,57
03/26/2020,Essex,0,4,6,63
03/27/2020,Essex,0,4,5,68
03/28/2020,Essex,0,4,3,71
03/29/2020,Essex,0,4,3,74
03/30/2020,Essex,0,4,5,79
03/31/2020,Essex,2,6,8,87
04/01/2020,Essex,0,6,2,89
04/02/2020,Essex,0,6,2,91
04/03/2020,Essex,1,7,7,98
04/04/2020,Essex,0,7,4,102
04/05/2020,Essex,0,7,4,106
04/06/2020,Essex,0,7,5,111
04/07/2020,Essex,0,7,4,115
04/08/2020,Essex,1,8,6,121
04/09/2020,Essex,2,10,13,134
04/10/2020,Essex,2,12,4,138
04/11/2020,Essex,0,12,12,150
04/12/2020,Essex,0,12,5,155
04/13/2020,Essex,0,12,24,179
04/14/2020,Essex,0,12,3,182
04/15/2020,Essex,0,12,8,190
04/16/2020,Essex,3,15,6,196
04/17/2020,Essex,1,16,5,201
04/18/2020,Essex,2,18,10,211
04/19/2020,Essex,2,20,4,215
04/20/2020,Essex,1,21,5,220
04/21/2020,Essex,1,22,2,222
04/22/2020,Essex,0,22,1,223
04/23/2020,Essex,0,22,6,229
04/24/2020,Essex,2,24,35,264
04/25/2020,Essex,0,24,15,279
04/26/2020,Essex,0,24,27,306
04/27/2020,Essex,2,26,16,322
04/28/2020,Essex,1,27,19,341
04/29/2020,Essex,1,28,22,363
04/30/2020,Essex,0,28,27,390
05/01/2020,Essex,0,28,31,421
05/02/2020,Essex,1,29,23,444
05/03/2020,Essex,0,29,10,454
05/04/2020,Essex,1,30,26,480
05/05/2020,Essex,0,30,18,498
05/06/2020,Essex,0,30,15,513
05/07/2020,Essex,1,31,69,582
05/08/2020,Essex,0,31,64,646
05/09/2020,Essex,1,32,111,757
05/10/2020,Essex,0,32,31,788
05/11/2020,Essex,0,32,12,800
05/12/2020,Essex,0,32,77,877
05/13/2020,Essex,0,32,60,937
05/14/2020,Essex,0,32,34,971
05/15/2020,Essex,0,32,173,1144
05/16/2020,Essex,1,33,146,1290
05/17/2020,Essex,0,33,161,1451
05/18/2020,Essex,1,34,16,1467
05/19/2020,Essex,0,34,43,1510
05/20/2020,Essex,2,36,162,1672
05/21/2020,Essex,0,36,115,1787
05/22/2020,Essex,0,36,89,1876
05/23/2020,Essex,0,36,182,2058
05/24/2020,Essex,0,36,88,2146
05/25/2020,Essex,0,36,68,2214
05/26/2020,Essex,0,36,71,2285
05/27/2020,Essex,0,36,85,2370
05/28/2020,Essex,0,36,151,2521
05/29/2020,Essex,0,36,95,2616
05/30/2020,Essex,1,37,258,2874
05/31/2020,Essex,0,37,144,3018
06/01/2020,Essex,1,38,64,3082
06/02/2020,Essex,0,38,109,3191
06/03/2020,Essex,0,38,193,3384
06/04/2020,Essex,0,38,106,3490
06/05/2020,Essex,0,38,96,3586
06/06/2020,Essex,0,38,178,3764
06/07/2020,Essex,1,39,160,3924
06/08/2020,Essex,1,40,25,3949
06/09/2020,Essex,0,40,147,4096
06/10/2020,Essex,0,40,159,4255
06/11/2020,Essex,0,40,135,4390
06/12/2020,Essex,0,40,75,4465
06/13/2020,Essex,0,40,196,4661
06/14/2020,Essex,0,40,74,4735
06/15/2020,Essex,0,40,65,4800
06/16/2020,Essex,0,40,47,4847
06/17/2020,Essex,0,40,105,4952
06/18/2020,Essex,0,40,172,5124
06/19/2020,Essex,1,41,78,5202
06/20/2020,Essex,0,41,109,5311
06/21/2020,Essex,0,41,79,5390
06/22/2020,Essex,0,41,88,5478
06/23/2020,Essex,0,41,108,5586
06/24/2020,Essex,0,41,100,5686
06/25/2020,Essex,0,41,65,5751
06/26/2020,Essex,1,42,176,5927
06/27/2020,Essex,0,42,93,6020
06/28/2020,Essex,0,42,109,6129
06/29/2020,Essex,0,42,39,6168
06/30/2020,Essex,0,42,120,6288
07/01/2020,Essex,0,42,125,6413
07/02/2020,Essex,4,46,116,6529
07/03/2020,Essex,1,47,58,6587
07/04/2020,Essex,1,48,166,6753
07/05/2020,Essex,1,49,169,6922
07/06/2020,Essex,0,49,135,7057
07/07/2020,Essex,0,49,58,7115
07/08/2020,Essex,2,51,135,7250
07/09/2020,Essex,0,51,85,7335
07/10/2020,Essex,0,51,104,7439
07/11/2020,Essex,0,51,104,7543
07/12/2020,Essex,0,51,74,7617
07/13/2020,Essex,0,51,126,7743
07/14/2020,Essex,0,51,55,7798
07/15/2020,Essex,0,51,80,7878
07/16/2020,Essex,0,51,69,7947
07/17/2020,Essex,0,51,88,8035
07/18/2020,Essex,0,51,57,8092
07/19/2020,Essex,0,51,60,8152
07/20/2020,Essex,0,51,131,8283
07/21/2020,Essex,3,54,152,8435
07/22/2020,Essex,0,54,134,8569
07/23/2020,Essex,0,54,101,8670
07/24/2020,Essex,0,54,146,8816
07/25/2020,Essex,0,54,98,8914
07/26/2020,Essex,1,55,59,8973
07/27/2020,Essex,0,55,90,9063
07/28/2020,Essex,0,55,113,9176
07/29/2020,Essex,0,55,106,9282
07/30/2020,Essex,0,55,38,9320
07/31/2020,Essex,0,55,127,9447
08/01/2020,Essex,0,55,110,9557
08/02/2020,Essex,0,55,152,9709
08/03/2020,Essex,0,55,141,9850
08/04/2020,Essex,0,55,255,10105
08/05/2020,Essex,0,55,50,10155
08/06/2020,Essex,0,55,53,10208
08/07/2020,Essex,0,55,159,10367
08/08/2020,Essex,0,55,110,10477
08/09/2020,Essex,0,55,75,10552
08/10/2020,Essex,1,56,125,10677
08/11/2020,Essex,0,56,96,10773
08/12/2020,Essex,0,56,121,10894
08/13/2020,Essex,1,57,60,10954
08/14/2020,Essex,2,59,131,11085
08/15/2020,Essex,0,59,168,11253
08/16/2020,Essex,0,59,76,11329
08/17/2020,Essex,4,63,139,11468
08/18/2020,Essex,0,63,60,11528
08/19/2020,Essex,22,85,131,11659
08/20/2020,Essex,0,85,149,11808
08/21/2020,Essex,13,98,182,11990
08/22/2020,Essex,2,100,121,12111
08/23/2020,Essex,0,100,124,12235
08/24/2020,Essex,1,101,99,12334
08/25/2020,Essex,4,105,117,12451
08/26/2020,Essex,14,119,246,12697
08/27/2020,Essex,7,126,102,12799
08/28/2020,Essex,0,126,191,12990
08/29/2020,Essex,2,128,190,13180
08/30/2020,Essex,1,129,167,13347
08/31/2020,Essex,2,131,197,13544
09/01/2020,Essex,4,135,207,13751
09/02/2020,Essex,6,141,117,13868
09/03/2020,Essex,4,145,106,13974
09/04/2020,Essex,2,147,179,14153
09/05/2020,Essex,1,148,208,14361
09/06/2020,Essex,1,149,106,14467
09/07/2020,Essex,0,149,62,14529
09/08/2020,Essex,0,149,67,14596
09/09/2020,Essex,1,150,85,14681
09/10/2020,Essex,0,150,133,14814
09/11/2020,Essex,1,151,241,15055
09/12/2020,Essex,0,151,115,15170
09/13/2020,Essex,0,151,47,15217
09/14/2020,Essex,2,153,110,15327
09/15/2020,Essex,1,154,80,15407
09/16/2020,Essex,0,154,87,15494
09/17/2020,Essex,3,157,160,15654
09/18/2020,Essex,1,158,208,15862
09/19/2020,Essex,2,160,106,15968
09/20/2020,Essex,0,160,60,16028
09/21/2020,Essex,1,161,167,16195
09/22/2020,Essex,0,161,95,16290
09/23/2020,Essex,3,164,219,16509
09/24/2020,Essex,0,164,180,16689
09/25/2020,Essex,3,167,239,16928
09/26/2020,Essex,0,167,195,17123
09/27/2020,Essex,1,168,80,17203
09/28/2020,Essex,0,168,170,17373
09/29/2020,Essex,1,169,233,17606
09/30/2020,Essex,0,169,148,17754
10/01/2020,Essex,0,169,191,17945
10/02/2020,Essex,1,170,225,18170
10/03/2020,Essex,0,170,98,18268
10/04/2020,Essex,1,171,80,18348
10/05/2020,Essex,1,172,240,18588
10/06/2020,Essex,2,174,107,18695
10/07/2020,Essex,2,176,127,18822
10/08/2020,Essex,1,177,164,18986
10/09/2020,Essex,1,178,174,19160
10/10/2020,Essex,0,178,176,19336
10/11/2020,Essex,1,179,102,19438
10/12/2020,Essex,2,181,219,19657
10/13/2020,Essex,0,181,142,19799
10/14/2020,Essex,1,182,142,19941
10/15/2020,Essex,2,184,155,20096
10/16/2020,Essex,6,190,185,20281
10/17/2020,Essex,2,192,108,20389
10/18/2020,Essex,2,194,137,20526
10/19/2020,Essex,0,194,196,20722
10/20/2020,Essex,0,194,142,20864
10/21/2020,Essex,1,195,359,21223
10/22/2020,Essex,0,195,231,21454
10/23/2020,Essex,1,196,341,21795
10/24/2020,Essex,1,197,180,21975
10/25/2020,Essex,0,197,172,22147
10/26/2020,Essex,0,197,155,22302
10/27/2020,Essex,1,198,134,22436
10/28/2020,Essex,1,199,227,22663
10/29/2020,Essex,0,199,230,22893
10/30/2020,Essex,4,203,272,23165
10/31/2020,Essex,0,203,183,23348
11/01/2020,Essex,1,204,97,23445
11/02/2020,Essex,3,207,245,23690
11/03/2020,Essex,3,210,148,23838
11/04/2020,Essex,2,212,218,24056
11/05/2020,Essex,1,213,252,24308
11/06/2020,Essex,3,216,316,24624
11/07/2020,Essex,0,216,143,24767
11/08/2020,Essex,0,216,221,24988
11/09/2020,Essex,2,218,178,25166
11/10/2020,Essex,6,224,308,25474
11/11/2020,Essex,0,224,115,25589
11/12/2020,Essex,0,224,294,25883
11/13/2020,Essex,5,229,194,26077
11/14/2020,Essex,1,230,98,26175
11/15/2020,Essex,1,231,154,26329
11/16/2020,Essex,3,234,267,26596
11/17/2020,Essex,2,236,242,26838
11/18/2020,Essex,3,239,264,27102
11/19/2020,Essex,1,240,224,27326
11/20/2020,Essex,6,246,215,27541
11/21/2020,Essex,2,248,152,27693
11/22/2020,Essex,2,250,416,28109
11/23/2020,Essex,2,252,207,28316
11/24/2020,Essex,11,263,325,28641
11/25/2020,Essex,12,275,243,28884
11/26/2020,Essex,3,278,257,29141
11/27/2020,Essex,1,279,236,29377
11/28/2020,Essex,6,285,255,29632
11/29/2020,Essex,1,286,158,29790
11/30/2020,Essex,3,289,176,29966
12/01/2020,Essex,7,296,181,30147
12/02/2020,Essex,6,302,261,30408
12/03/2020,Essex,3,305,245,30653
12/04/2020,Essex,6,311,319,30972
12/05/2020,Essex,5,316,275,31247
12/06/2020,Essex,5,321,201,31448
12/07/2020,Essex,7,328,183,31631
12/08/2020,Essex,6,334,174,31805
12/09/2020,Essex,14,348,298,32103
12/10/2020,Essex,7,355,264,32367
12/11/2020,Essex,13,368,382,32749
12/12/2020,Essex,5,373,489,33238
12/13/2020,Essex,2,375,358,33596
12/14/2020,Essex,7,382,229,33825
12/15/2020,Essex,20,402,230,34055
12/16/2020,Essex,12,414,188,34243
12/17/2020,Essex,8,422,182,34425
12/18/2020,Essex,8,430,325,34750
12/19/2020,Essex,9,439,233,34983
12/20/2020,Essex,4,443,170,35153
12/21/2020,Essex,10,453,293,35446
12/22/2020,Essex,9,462,192,35638
12/23/2020,Essex,17,479,283,35921
12/24/2020,Essex,19,498,270,36191
12/25/2020,Essex,17,515,284,36475
12/26/2020,Essex,8,523,320,36795
12/27/2020,Essex,6,529,161,36956
12/28/2020,Essex,8,537,155,37111
12/29/2020,Essex,17,554,220,37331
12/30/2020,Essex,16,570,307,37638
12/31/2020,Essex,38,608,369,38007
01/01/2021,Essex,11,619,264,38271
01/02/2021,Essex,23,642,351,38622
01/03/2021,Essex,9,651,159,38781
01/04/2021,Essex,12,663,267,39048
01/05/2021,Essex,16,679,272,39320
01/06/2021,Essex,37,716,388,39708
01/07/2021,Essex,62,778,568,40276
01/08/2021,Essex,54,832,570,40846
01/09/2021,Essex,15,847,516,41362
01/10/2021,Essex,6,853,326,41688
01/11/2021,Essex,15,868,287,41975
01/12/2021,Essex,18,886,360,42335
01/13/2021,Essex,14,900,309,42644
01/14/2021,Essex,29,929,443,43087
01/15/2021,Essex,23,952,634,43721
01/16/2021,Essex,7,959,431,44152
01/17/2021,Essex,13,972,221,44373
01/18/2021,Essex,8,980,182,44555
01/19/2021,Essex,8,988,279,44834
01/20/2021,Essex,9,997,492,45326
01/21/2021,Essex,20,1017,314,45640
01/22/2021,Essex,8,1025,490,46130
01/23/2021,Essex,12,1037,556,46686
01/24/2021,Essex,9,1046,304,46990
01/25/2021,Essex,10,1056,266,47256
01/26/2021,Essex,9,1065,259,47515
01/27/2021,Essex,13,1078,285,47800
01/28/2021,Essex,13,1091,338,48138
01/29/2021,Essex,9,1100,425,48563
01/30/2021,Essex,11,1111,277,48840
01/31/2021,Essex,6,1117,147,48987
02/01/2021,Essex,6,1123,149,49136
02/02/2021,Essex,11,1134,234,49370
02/03/2021,Essex,19,1153,379,49749
02/04/2021,Essex,7,1160,267,50016
02/05/2021,Essex,12,1172,465,50481
02/06/2021,Essex,6,1178,207,50688
02/07/2021,Essex,5,1183,182,50870
02/08/2021,Essex,6,1189,235,51105
02/09/2021,Essex,8,1197,188,51293
02/10/2021,Essex,5,1202,286,51579
02/11/2021,Essex,13,1215,473,52052
02/12/2021,Essex,10,1225,279,52331
02/13/2021,Essex,10,1235,245,52576
02/14/2021,Essex,7,1242,222,52798
02/15/2021,Essex,7,1249,184,52982
02/16/2021,Essex,11,1260,177,53159
02/17/2021,Essex,2,1262,289,53448
02/18/2021,Essex,10,1272,355,53803
02/19/2021,Essex,19,1291,344,54147
02/20/2021,Essex,7,1298,308,54455
02/21/2021,Essex,4,1302,136,54591
02/22/2021,Essex,12,1314,108,54699
02/23/2021,Essex,3,1317,367,55066
02/24/2021,Essex,11,1328,248,55314
02/25/2021,Essex,4,1332,397,55711
02/26/2021,Essex,4,1336,478,56189
02/27/2021,Essex,5,1341,185,56374
02/28/2021,Essex,1,1342,146,56520
03/01/2021,Essex,5,1347,220,56740
03/02/2021,Essex,5,1352,232,56972
03/03/2021,Essex,4,1356,205,57177
03/04/2021,Essex,4,1360,445,57622
03/05/2021,Essex,3,1363,310,57932
03/06/2021,Essex,1,1364,151,58083
03/07/2021,Essex,7,1371,244,58327
03/08/2021,Essex,1,1372,192,58519
03/09/2021,Essex,2,1374,206,58725
03/10/2021,Essex,4,1378,189,58914
03/11/2021,Essex,8,1386,261,59175
03/12/2021,Essex,5,1391,236,59411
03/13/2021,Essex,4,1395,359,59770
03/14/2021,Essex,3,1398,232,60002
03/15/2021,Essex,1,1399,210,60212
03/16/2021,Essex,1,1400,276,60488
03/17/2021,Essex,4,1404,176,60664
03/18/2021,Essex,5,1409,258,60922
03/19/2021,Essex,2,1411,399,61321
03/20/2021,Essex,0,1411,141,61462
03/21/2021,Essex,0,1411,148,61610
03/22/2021,Essex,3,1414,202,61812
03/23/2021,Essex,4,1418,191,62003
03/24/2021,Essex,2,1420,144,62147
03/25/2021,Essex,2,1422,282,62429
03/26/2021,Essex,6,1428,317,62746
03/27/2021,Essex,4,1432,376,63122
03/28/2021,Essex,3,1435,242,63364
03/29/2021,Essex,2,1437,300,63664
03/30/2021,Essex,2,1439,187,63851
03/31/2021,Essex,8,1447,285,64136
04/01/2021,Essex,7,1454,223,64359
04/02/2021,Essex,3,1457,391,64750
04/03/2021,Essex,3,1460,218,64968
04/04/2021,Essex,1,1461,165,65133
04/05/2021,Essex,5,1466,269,65402
04/06/2021,Essex,3,1469,244,65646
04/07/2021,Essex,5,1474,185,65831
04/08/2021,Essex,2,1476,324,66155
04/09/2021,Essex,3,1479,333,66488
04/10/2021,Essex,3,1482,224,66712
04/11/2021,Essex,1,1483,201,66913
04/12/2021,Essex,2,1485,340,67253
04/13/2021,Essex,4,1489,260,67513
04/14/2021,Essex,4,1493,232,67745
04/15/2021,Essex,2,1495,355,68100
04/16/2021,Essex,1,1496,315,68415
04/17/2021,Essex,8,1504,266,68681
04/18/2021,Essex,0,1504,262,68943
04/19/2021,Essex,2,1506,149,69092
04/20/2021,Essex,2,1508,283,69375
04/21/2021,Essex,2,1510,139,69514
04/22/2021,Essex,1,1511,290,69804
04/23/2021,Essex,0,1511,238,70042
04/24/2021,Essex,2,1513,205,70247
04/25/2021,Essex,2,1515,144,70391
04/26/2021,Essex,7,1522,245,70636
04/27/2021,Essex,2,1524,210,70846
04/28/2021,Essex,8,1532,216,71062
04/29/2021,Essex,2,1534,317,71379
04/30/2021,Essex,3,1537,301,71680
05/01/2021,Essex,8,1545,285,71965
05/02/2021,Essex,1,1546,146,72111
05/03/2021,Essex,0,1546,141,72252
05/04/2021,Essex,5,1551,265,72517
05/05/2021,Essex,1,1552,218,72735
05/06/2021,Essex,11,1563,376,73111
05/07/2021,Essex,1,1564,273,73384
05/08/2021,Essex,3,1567,137,73521
05/09/2021,Essex,1,1568,104,73625
05/10/2021,Essex,2,1570,180,73805
05/11/2021,Essex,3,1573,301,74106
05/12/2021,Essex,0,1573,171,74277
05/13/2021,Essex,2,1575,259,74536
05/14/2021,Essex,2,1577,250,74786
05/15/2021,Essex,0,1577,99,74885
05/16/2021,Essex,1,1578,94,74979
05/17/2021,Essex,2,1580,148,75127
05/18/2021,Essex,1,1581,193,75320
05/19/2021,Essex,0,1581,185,75505
05/20/2021,Essex,0,1581,190,75695
05/21/2021,Essex,5,1586,237,75932
05/22/2021,Essex,0,1586,118,76050
05/23/2021,Essex,0,1586,88,76138
05/24/2021,Essex,1,1587,164,76302
05/25/2021,Essex,1,1588,175,76477
05/26/2021,Essex,0,1588,124,76601
05/27/2021,Essex,0,1588,181,76782
05/28/2021,Essex,1,1589,123,76905
05/29/2021,Essex,0,1589,74,76979
05/30/2021,Essex,1,1590,78,77057
05/31/2021,Essex,0,1590,45,77102
06/01/2021,Essex,0,1590,93,77195
06/02/2021,Essex,0,1590,162,77357
06/03/2021,Essex,1,1591,210,77567
06/04/2021,Essex,0,1591,153,77720
06/05/2021,Essex,0,1591,57,77777
06/06/2021,Essex,0,1591,74,77851
06/07/2021,Essex,1,1592,129,77980
06/08/2021,Essex,0,1592,130,78110
06/09/2021,Essex,0,1592,260,78370
06/10/2021,Essex,0,1592,135,78505
06/11/2021,Essex,1,1593,171,78676
06/12/2021,Essex,0,1593,92,78768
06/13/2021,Essex,0,1593,52,78820
06/14/2021,Essex,0,1593,40,78860
06/15/2021,Essex,0,1593,84,78944
06/16/2021,Essex,0,1593,121,79065
06/17/2021,Essex,0,1593,130,79195
06/18/2021,Essex,0,1593,83,79278
06/19/2021,Essex,0,1593,97,79375
06/20/2021,Essex,0,1593,40,79415
06/21/2021,Essex,0,1593,64,79479
06/22/2021,Essex,0,1593,83,79562
06/23/2021,Essex,1,1594,150,79712
06/24/2021,Essex,1,1595,90,79802
06/25/2021,Essex,0,1595,66,79868
06/26/2021,Essex,0,1595,75,79943
06/27/2021,Essex,0,1595,43,79986
06/28/2021,Essex,0,1595,121,80107
06/29/2021,Essex,0,1595,173,80280
06/30/2021,Essex,2,1597,66,80346
07/01/2021,Essex,0,1597,76,80422
07/02/2021,Essex,0,1597,293,80715
07/03/2021,Essex,0,1597,70,80785
07/04/2021,Essex,0,1597,84,80869
07/05/2021,Essex,0,1597,15,80884
07/06/2021,Essex,1,1598,53,80937
07/07/2021,Essex,0,1598,74,81011
07/08/2021,Essex,0,1598,67,81078
07/09/2021,Essex,0,1598,73,81151
07/10/2021,Essex,0,1598,56,81207
07/11/2021,Essex,1,1599,42,81249
07/12/2021,Essex,1,1600,65,81314
07/13/2021,Essex,1,1601,103,81417
07/14/2021,Essex,1,1602,80,81497
07/15/2021,Essex,6,1608,88,81585
07/16/2021,Essex,2,1610,82,81667
07/17/2021,Essex,2,1612,61,81728
07/18/2021,Essex,2,1614,42,81770
07/19/2021,Essex,0,1614,36,81806
07/20/2021,Essex,1,1615,77,81883
07/21/2021,Essex,0,1615,82,81965
07/22/2021,Essex,3,1618,119,82084
07/23/2021,Essex,2,1620,90,82174
07/24/2021,Essex,1,1621,83,82257
07/25/2021,Essex,2,1623,58,82315
07/26/2021,Essex,2,1625,83,82398
07/27/2021,Essex,3,1628,91,82489
07/28/2021,Essex,1,1629,83,82572
07/29/2021,Essex,0,1629,86,82658
07/30/2021,Essex,3,1632,191,82849
07/31/2021,Essex,0,1632,64,82913
08/01/2021,Essex,4,1636,59,82972
08/02/2021,Essex,0,1636,160,83132
08/03/2021,Essex,1,1637,125,83257
08/04/2021,Essex,2,1639,120,83377
08/05/2021,Essex,6,1645,207,83584
08/06/2021,Essex,4,1649,89,83673
08/07/2021,Essex,1,1650,90,83763
08/08/2021,Essex,1,1651,85,83848
08/09/2021,Essex,3,1654,122,83970
08/10/2021,Essex,6,1660,144,84114
08/11/2021,Essex,6,1666,168,84282
08/12/2021,Essex,4,1670,188,84470
08/13/2021,Essex,9,1679,144,84614
08/14/2021,Essex,6,1685,101,84715
08/15/2021,Essex,10,1695,99,84814
08/16/2021,Essex,6,1701,110,84924
08/17/2021,Essex,5,1706,277,85201
08/18/2021,Essex,14,1720,135,85336
08/19/2021,Essex,10,1730,204,85540
08/20/2021,Essex,3,1733,165,85705
08/21/2021,Essex,4,1737,128,85833
08/22/2021,Essex,3,1740,106,85939
08/23/2021,Essex,5,1745,84,86023
08/24/2021,Essex,6,1751,272,86295
08/25/2021,Essex,2,1753,387,86682
08/26/2021,Essex,8,1761,172,86854
08/27/2021,Essex,4,1765,140,86994
08/28/2021,Essex,7,1772,171,87165
08/29/2021,Essex,0,1772,95,87260
08/30/2021,Essex,1,1773,116,87376
08/31/2021,Essex,6,1779,167,87543
09/01/2021,Essex,3,1782,115,87658
09/02/2021,Essex,17,1799,163,87821
09/03/2021,Essex,10,1809,173,87994
09/04/2021,Essex,5,1814,158,88152
09/05/2021,Essex,4,1818,122,88274
09/06/2021,Essex,6,1824,94,88368
09/07/2021,Essex,5,1829,76,88444
09/08/2021,Essex,7,1836,164,88608
09/09/2021,Essex,14,1850,363,88971
09/10/2021,Essex,8,1858,214,89185
09/11/2021,Essex,4,1862,196,89381
09/12/2021,Essex,6,1868,196,89577
09/13/2021,Essex,8,1876,110,89687
09/14/2021,Essex,4,1880,158,89845
09/15/2021,Essex,12,1892,192,90037
09/16/2021,Essex,22,1914,360,90397
09/17/2021,Essex,8,1922,262,90659
09/18/2021,Essex,7,1929,214,90873
09/19/2021,Essex,3,1932,167,91040
09/20/2021,Essex,2,1934,165,91205
09/21/2021,Essex,5,1939,171,91376
09/22/2021,Essex,12,1951,277,91653
09/23/2021,Essex,19,1970,370,92023
09/24/2021,Essex,7,1977,232,92255
09/25/2021,Essex,23,2000,236,92491
09/26/2021,Essex,12,2012,150,92641
09/27/2021,Essex,16,2028,211,92852
09/28/2021,Essex,8,2036,233,93085
09/29/2021,Essex,8,2044,226,93311
09/30/2021,Essex,17,2061,298,93609
10/01/2021,Essex,21,2082,279,93888
10/02/2021,Essex,6,2088,228,94116
10/03/2021,Essex,11,2099,121,94237
10/04/2021,Essex,8,2107,242,94479
10/05/2021,Essex,10,2117,222,94701
10/06/2021,Essex,10,2127,270,94971
10/07/2021,Essex,17,2144,342,95313
10/08/2021,Essex,6,2150,282,95595
10/09/2021,Essex,5,2155,177,95772
10/10/2021,Essex,7,2162,234,96006
10/11/2021,Essex,7,2169,179,96185
10/12/2021,Essex,9,2178,181,96366
10/13/2021,Essex,8,2186,332,96698
10/14/2021,Essex,15,2201,344,97042
10/15/2021,Essex,23,2224,394,97436
10/16/2021,Essex,21,2245,347,97783
10/17/2021,Essex,18,2263,351,98134
10/18/2021,Essex,5,2268,225,98359
10/19/2021,Essex,24,2292,287,98646
10/20/2021,Essex,15,2307,322,98968
10/21/2021,Essex,20,2327,528,99496
10/22/2021,Essex,20,2347,527,100023
10/23/2021,Essex,15,2362,360,100383
03/01/2020,Franklin,0,0,0,0
03/02/2020,Franklin,0,0,0,0
03/03/2020,Franklin,0,0,0,0
03/04/2020,Franklin,0,0,0,0
03/05/2020,Franklin,0,0,0,0
03/06/2020,Franklin,0,0,0,0
03/07/2020,Franklin,0,0,0,0
03/08/2020,Franklin,0,0,0,0
03/09/2020,Franklin,0,0,0,0
03/10/2020,Franklin,0,0,0,0
03/11/2020,Franklin,0,0,0,0
03/12/2020,Franklin,0,0,1,1
03/13/2020,Franklin,0,0,0,1
03/14/2020,Franklin,0,0,1,2
03/15/2020,Franklin,0,0,0,2
03/16/2020,Franklin,0,0,3,5
03/17/2020,Franklin,0,0,1,6
03/18/2020,Franklin,0,0,5,11
03/19/2020,Franklin,0,0,6,17
03/20/2020,Franklin,0,0,5,22
03/21/2020,Franklin,0,0,10,32
03/22/2020,Franklin,0,0,8,40
03/23/2020,Franklin,0,0,3,43
03/24/2020,Franklin,1,1,4,47
03/25/2020,Franklin,0,1,5,52
03/26/2020,Franklin,1,2,11,63
03/27/2020,Franklin,2,4,10,73
03/28/2020,Franklin,2,6,9,82
03/29/2020,Franklin,0,6,14,96
03/30/2020,Franklin,3,9,10,106
03/31/2020,Franklin,0,9,9,115
04/01/2020,Franklin,0,9,8,123
04/02/2020,Franklin,1,10,19,142
04/03/2020,Franklin,0,10,4,146
04/04/2020,Franklin,0,10,6,152
04/05/2020,Franklin,0,10,5,157
04/06/2020,Franklin,0,10,5,162
04/07/2020,Franklin,0,10,7,169
04/08/2020,Franklin,1,11,5,174
04/09/2020,Franklin,0,11,6,180
04/10/2020,Franklin,0,11,5,185
04/11/2020,Franklin,1,12,8,193
04/12/2020,Franklin,0,12,6,199
04/13/2020,Franklin,1,13,13,212
04/14/2020,Franklin,0,13,4,216
04/15/2020,Franklin,0,13,11,227
04/16/2020,Franklin,0,13,3,230
04/17/2020,Franklin,0,13,9,239
04/18/2020,Franklin,0,13,9,248
04/19/2020,Franklin,0,13,5,253
04/20/2020,Franklin,0,13,3,256
04/21/2020,Franklin,0,13,2,258
04/22/2020,Franklin,0,13,8,266
04/23/2020,Franklin,0,13,9,275
04/24/2020,Franklin,1,14,35,310
04/25/2020,Franklin,0,14,3,313
04/26/2020,Franklin,0,14,17,330
04/27/2020,Franklin,0,14,13,343
04/28/2020,Franklin,1,15,17,360
04/29/2020,Franklin,0,15,14,374
04/30/2020,Franklin,0,15,16,390
05/01/2020,Franklin,0,15,9,399
05/02/2020,Franklin,0,15,9,408
05/03/2020,Franklin,1,16,15,423
05/04/2020,Franklin,0,16,11,434
05/05/2020,Franklin,0,16,15,449
05/06/2020,Franklin,0,16,18,467
05/07/2020,Franklin,1,17,82,549
05/08/2020,Franklin,0,17,24,573
05/09/2020,Franklin,0,17,50,623
05/10/2020,Franklin,0,17,53,676
05/11/2020,Franklin,0,17,91,767
05/12/2020,Franklin,0,17,52,819
05/13/2020,Franklin,0,17,56,875
05/14/2020,Franklin,0,17,48,923
05/15/2020,Franklin,1,18,196,1119
05/16/2020,Franklin,0,18,126,1245
05/17/2020,Franklin,0,18,285,1530
05/18/2020,Franklin,0,18,9,1539
05/19/2020,Franklin,0,18,55,1594
05/20/2020,Franklin,1,19,245,1839
05/21/2020,Franklin,0,19,194,2033
05/22/2020,Franklin,1,20,83,2116
05/23/2020,Franklin,0,20,178,2294
05/24/2020,Franklin,0,20,138,2432
05/25/2020,Franklin,0,20,219,2651
05/26/2020,Franklin,0,20,84,2735
05/27/2020,Franklin,0,20,157,2892
05/28/2020,Franklin,1,21,118,3010
05/29/2020,Franklin,1,22,129,3139
05/30/2020,Franklin,0,22,151,3290
05/31/2020,Franklin,1,23,167,3457
06/01/2020,Franklin,0,23,42,3499
06/02/2020,Franklin,0,23,222,3721
06/03/2020,Franklin,0,23,262,3983
06/04/2020,Franklin,0,23,120,4103
06/05/2020,Franklin,0,23,207,4310
06/06/2020,Franklin,0,23,198,4508
06/07/2020,Franklin,0,23,272,4780
06/08/2020,Franklin,0,23,53,4833
06/09/2020,Franklin,0,23,127,4960
06/10/2020,Franklin,0,23,156,5116
06/11/2020,Franklin,1,24,205,5321
06/12/2020,Franklin,1,25,142,5463
06/13/2020,Franklin,0,25,162,5625
06/14/2020,Franklin,0,25,160,5785
06/15/2020,Franklin,0,25,67,5852
06/16/2020,Franklin,0,25,54,5906
06/17/2020,Franklin,1,26,136,6042
06/18/2020,Franklin,1,27,163,6205
06/19/2020,Franklin,0,27,251,6456
06/20/2020,Franklin,0,27,147,6603
06/21/2020,Franklin,0,27,200,6803
06/22/2020,Franklin,1,28,39,6842
06/23/2020,Franklin,0,28,55,6897
06/24/2020,Franklin,0,28,90,6987
06/25/2020,Franklin,0,28,112,7099
06/26/2020,Franklin,1,29,214,7313
06/27/2020,Franklin,0,29,136,7449
06/28/2020,Franklin,1,30,128,7577
06/29/2020,Franklin,0,30,28,7605
06/30/2020,Franklin,1,31,143,7748
07/01/2020,Franklin,1,32,89,7837
07/02/2020,Franklin,1,33,78,7915
07/03/2020,Franklin,0,33,50,7965
07/04/2020,Franklin,0,33,156,8121
07/05/2020,Franklin,0,33,126,8247
07/06/2020,Franklin,0,33,138,8385
07/07/2020,Franklin,0,33,177,8562
07/08/2020,Franklin,1,34,196,8758
07/09/2020,Franklin,1,35,187,8945
07/10/2020,Franklin,0,35,91,9036
07/11/2020,Franklin,1,36,180,9216
07/12/2020,Franklin,0,36,143,9359
07/13/2020,Franklin,0,36,91,9450
07/14/2020,Franklin,1,37,99,9549
07/15/2020,Franklin,1,38,94,9643
07/16/2020,Franklin,1,39,109,9752
07/17/2020,Franklin,1,40,183,9935
07/18/2020,Franklin,0,40,184,10119
07/19/2020,Franklin,0,40,97,10216
07/20/2020,Franklin,2,42,199,10415
07/21/2020,Franklin,0,42,150,10565
07/22/2020,Franklin,0,42,248,10813
07/23/2020,Franklin,0,42,107,10920
07/24/2020,Franklin,0,42,321,11241
07/25/2020,Franklin,2,44,178,11419
07/26/2020,Franklin,0,44,185,11604
07/27/2020,Franklin,3,47,146,11750
07/28/2020,Franklin,1,48,90,11840
07/29/2020,Franklin,0,48,78,11918
07/30/2020,Franklin,2,50,87,12005
07/31/2020,Franklin,0,50,288,12293
08/01/2020,Franklin,0,50,135,12428
08/02/2020,Franklin,0,50,88,12516
08/03/2020,Franklin,0,50,164,12680
08/04/2020,Franklin,2,52,134,12814
08/05/2020,Franklin,0,52,91,12905
08/06/2020,Franklin,2,54,125,13030
08/07/2020,Franklin,0,54,74,13104
08/08/2020,Franklin,0,54,227,13331
08/09/2020,Franklin,0,54,85,13416
08/10/2020,Franklin,0,54,160,13576
08/11/2020,Franklin,0,54,133,13709
08/12/2020,Franklin,0,54,364,14073
08/13/2020,Franklin,0,54,73,14146
08/14/2020,Franklin,0,54,370,14516
08/15/2020,Franklin,0,54,155,14671
08/16/2020,Franklin,0,54,84,14755
08/17/2020,Franklin,1,55,151,14906
08/18/2020,Franklin,1,56,127,15033
08/19/2020,Franklin,0,56,136,15169
08/20/2020,Franklin,0,56,122,15291
08/21/2020,Franklin,0,56,176,15467
08/22/2020,Franklin,0,56,270,15737
08/23/2020,Franklin,0,56,99,15836
08/24/2020,Franklin,0,56,177,16013
08/25/2020,Franklin,1,57,114,16127
08/26/2020,Franklin,1,58,282,16409
08/27/2020,Franklin,0,58,51,16460
08/28/2020,Franklin,0,58,686,17146
08/29/2020,Franklin,0,58,171,17317
08/30/2020,Franklin,0,58,70,17387
08/31/2020,Franklin,0,58,163,17550
09/01/2020,Franklin,0,58,183,17733
09/02/2020,Franklin,1,59,138,17871
09/03/2020,Franklin,0,59,145,18016
09/04/2020,Franklin,0,59,147,18163
09/05/2020,Franklin,0,59,151,18314
09/06/2020,Franklin,0,59,172,18486
09/07/2020,Franklin,0,59,166,18652
09/08/2020,Franklin,0,59,59,18711
09/09/2020,Franklin,0,59,54,18765
09/10/2020,Franklin,1,60,113,18878
09/11/2020,Franklin,1,61,319,19197
09/12/2020,Franklin,2,63,119,19316
09/13/2020,Franklin,0,63,84,19400
09/14/2020,Franklin,0,63,176,19576
09/15/2020,Franklin,0,63,109,19685
09/16/2020,Franklin,0,63,200,19885
09/17/2020,Franklin,1,64,219,20104
09/18/2020,Franklin,0,64,228,20332
09/19/2020,Franklin,1,65,303,20635
09/20/2020,Franklin,0,65,191,20826
09/21/2020,Franklin,0,65,130,20956
09/22/2020,Franklin,0,65,113,21069
09/23/2020,Franklin,1,66,152,21221
09/24/2020,Franklin,0,66,190,21411
09/25/2020,Franklin,0,66,268,21679
09/26/2020,Franklin,0,66,258,21937
09/27/2020,Franklin,0,66,141,22078
09/28/2020,Franklin,0,66,109,22187
09/29/2020,Franklin,0,66,120,22307
09/30/2020,Franklin,0,66,103,22410
10/01/2020,Franklin,0,66,198,22608
10/02/2020,Franklin,2,68,312,22920
10/03/2020,Franklin,2,70,157,23077
10/04/2020,Franklin,0,70,82,23159
10/05/2020,Franklin,0,70,200,23359
10/06/2020,Franklin,0,70,82,23441
10/07/2020,Franklin,1,71,130,23571
10/08/2020,Franklin,0,71,202,23773
10/09/2020,Franklin,0,71,383,24156
10/10/2020,Franklin,0,71,413,24569
10/11/2020,Franklin,0,71,63,24632
10/12/2020,Franklin,1,72,518,25150
10/13/2020,Franklin,0,72,637,25787
10/14/2020,Franklin,3,75,471,26258
10/15/2020,Franklin,0,75,210,26468
10/16/2020,Franklin,2,77,597,27065
10/17/2020,Franklin,0,77,365,27430
10/18/2020,Franklin,0,77,120,27550
10/19/2020,Franklin,0,77,392,27942
10/20/2020,Franklin,1,78,112,28054
10/21/2020,Franklin,1,79,145,28199
10/22/2020,Franklin,0,79,333,28532
10/23/2020,Franklin,0,79,283,28815
10/24/2020,Franklin,0,79,300,29115
10/25/2020,Franklin,1,80,92,29207
10/26/2020,Franklin,0,80,125,29332
10/27/2020,Franklin,0,80,123,29455
10/28/2020,Franklin,0,80,156,29611
10/29/2020,Franklin,2,82,140,29751
10/30/2020,Franklin,4,86,203,29954
10/31/2020,Franklin,1,87,145,30099
11/01/2020,Franklin,1,88,90,30189
11/02/2020,Franklin,8,96,354,30543
11/03/2020,Franklin,0,96,54,30597
11/04/2020,Franklin,9,105,226,30823
11/05/2020,Franklin,9,114,256,31079
11/06/2020,Franklin,13,127,501,31580
11/07/2020,Franklin,9,136,395,31975
11/08/2020,Franklin,4,140,284,32259
11/09/2020,Franklin,7,147,249,32508
11/10/2020,Franklin,5,152,140,32648
11/11/2020,Franklin,9,161,316,32964
11/12/2020,Franklin,13,174,395,33359
11/13/2020,Franklin,10,184,525,33884
11/14/2020,Franklin,4,188,250,34134
11/15/2020,Franklin,1,189,104,34238
11/16/2020,Franklin,6,195,239,34477
11/17/2020,Franklin,12,207,341,34818
11/18/2020,Franklin,8,215,295,35113
11/19/2020,Franklin,5,220,162,35275
11/20/2020,Franklin,9,229,625,35900
11/21/2020,Franklin,2,231,177,36077
11/22/2020,Franklin,8,239,362,36439
11/23/2020,Franklin,4,243,336,36775
11/24/2020,Franklin,2,245,163,36938
11/25/2020,Franklin,10,255,345,37283
11/26/2020,Franklin,4,259,174,37457
11/27/2020,Franklin,0,259,88,37545
11/28/2020,Franklin,7,266,479,38024
11/29/2020,Franklin,0,266,114,38138
11/30/2020,Franklin,5,271,302,38440
12/01/2020,Franklin,5,276,116,38556
12/02/2020,Franklin,7,283,243,38799
12/03/2020,Franklin,10,293,245,39044
12/04/2020,Franklin,12,305,300,39344
12/05/2020,Franklin,17,322,314,39658
12/06/2020,Franklin,28,350,204,39862
12/07/2020,Franklin,18,368,255,40117
12/08/2020,Franklin,7,375,110,40227
12/09/2020,Franklin,23,398,363,40590
12/10/2020,Franklin,23,421,400,40990
12/11/2020,Franklin,11,432,353,41343
12/12/2020,Franklin,11,443,549,41892
12/13/2020,Franklin,16,459,352,42244
12/14/2020,Franklin,17,476,223,42467
12/15/2020,Franklin,9,485,137,42604
12/16/2020,Franklin,17,502,256,42860
12/17/2020,Franklin,38,540,347,43207
12/18/2020,Franklin,18,558,389,43596
12/19/2020,Franklin,18,576,459,44055
12/20/2020,Franklin,15,591,273,44328
12/21/2020,Franklin,18,609,278,44606
12/22/2020,Franklin,9,618,175,44781
12/23/2020,Franklin,17,635,324,45105
12/24/2020,Franklin,28,663,353,45458
12/25/2020,Franklin,31,694,413,45871
12/26/2020,Franklin,5,699,248,46119
12/27/2020,Franklin,14,713,164,46283
12/28/2020,Franklin,16,729,175,46458
12/29/2020,Franklin,5,734,117,46575
12/30/2020,Franklin,27,761,329,46904
12/31/2020,Franklin,20,781,375,47279
01/01/2021,Franklin,16,797,363,47642
01/02/2021,Franklin,13,810,321,47963
01/03/2021,Franklin,2,812,95,48058
01/04/2021,Franklin,10,822,235,48293
01/05/2021,Franklin,10,832,240,48533
01/06/2021,Franklin,20,852,412,48945
01/07/2021,Franklin,34,886,548,49493
01/08/2021,Franklin,19,905,375,49868
01/09/2021,Franklin,19,924,449,50317
01/10/2021,Franklin,22,946,394,50711
01/11/2021,Franklin,26,972,291,51002
01/12/2021,Franklin,12,984,208,51210
01/13/2021,Franklin,22,1006,414,51624
01/14/2021,Franklin,34,1040,563,52187
01/15/2021,Franklin,46,1086,567,52754
01/16/2021,Franklin,17,1103,386,53140
01/17/2021,Franklin,26,1129,462,53602
01/18/2021,Franklin,18,1147,301,53903
01/19/2021,Franklin,17,1164,261,54164
01/20/2021,Franklin,38,1202,381,54545
01/21/2021,Franklin,67,1269,465,55010
01/22/2021,Franklin,28,1297,426,55436
01/23/2021,Franklin,35,1332,333,55769
01/24/2021,Franklin,27,1359,383,56152
01/25/2021,Franklin,22,1381,261,56413
01/26/2021,Franklin,18,1399,189,56602
01/27/2021,Franklin,29,1428,290,56892
01/28/2021,Franklin,37,1465,516,57408
01/29/2021,Franklin,60,1525,783,58191
01/30/2021,Franklin,14,1539,392,58583
01/31/2021,Franklin,32,1571,317,58900
02/01/2021,Franklin,13,1584,198,59098
02/02/2021,Franklin,5,1589,310,59408
02/03/2021,Franklin,13,1602,229,59637
02/04/2021,Franklin,28,1630,248,59885
02/05/2021,Franklin,41,1671,859,60744
02/06/2021,Franklin,18,1689,353,61097
02/07/2021,Franklin,17,1706,282,61379
02/08/2021,Franklin,14,1720,184,61563
02/09/2021,Franklin,4,1724,209,61772
02/10/2021,Franklin,29,1753,559,62331
02/11/2021,Franklin,23,1776,373,62704
02/12/2021,Franklin,15,1791,594,63298
02/13/2021,Franklin,16,1807,336,63634
02/14/2021,Franklin,22,1829,302,63936
02/15/2021,Franklin,9,1838,108,64044
02/16/2021,Franklin,6,1844,169,64213
02/17/2021,Franklin,13,1857,264,64477
02/18/2021,Franklin,36,1893,324,64801
02/19/2021,Franklin,42,1935,545,65346
02/20/2021,Franklin,19,1954,280,65626
02/21/2021,Franklin,23,1977,256,65882
02/22/2021,Franklin,9,1986,118,66000
02/23/2021,Franklin,10,1996,234,66234
02/24/2021,Franklin,12,2008,441,66675
02/25/2021,Franklin,19,2027,317,66992
02/26/2021,Franklin,29,2056,583,67575
02/27/2021,Franklin,18,2074,382,67957
02/28/2021,Franklin,13,2087,349,68306
03/01/2021,Franklin,11,2098,157,68463
03/02/2021,Franklin,9,2107,214,68677
03/03/2021,Franklin,13,2120,347,69024
03/04/2021,Franklin,22,2142,351,69375
03/05/2021,Franklin,18,2160,474,69849
03/06/2021,Franklin,16,2176,250,70099
03/07/2021,Franklin,11,2187,281,70380
03/08/2021,Franklin,4,2191,205,70585
03/09/2021,Franklin,8,2199,148,70733
03/10/2021,Franklin,5,2204,386,71119
03/11/2021,Franklin,4,2208,252,71371
03/12/2021,Franklin,2,2210,382,71753
03/13/2021,Franklin,3,2213,350,72103
03/14/2021,Franklin,5,2218,259,72362
03/15/2021,Franklin,4,2222,180,72542
03/16/2021,Franklin,3,2225,181,72723
03/17/2021,Franklin,6,2231,401,73124
03/18/2021,Franklin,3,2234,248,73372
03/19/2021,Franklin,8,2242,417,73789
03/20/2021,Franklin,5,2247,287,74076
03/21/2021,Franklin,7,2254,186,74262
03/22/2021,Franklin,4,2258,105,74367
03/23/2021,Franklin,4,2262,214,74581
03/24/2021,Franklin,8,2270,525,75106
03/25/2021,Franklin,3,2273,435,75541
03/26/2021,Franklin,5,2278,331,75872
03/27/2021,Franklin,6,2284,345,76217
03/28/2021,Franklin,8,2292,256,76473
03/29/2021,Franklin,6,2298,160,76633
03/30/2021,Franklin,3,2301,178,76811
03/31/2021,Franklin,9,2310,408,77219
04/01/2021,Franklin,6,2316,345,77564
04/02/2021,Franklin,7,2323,349,77913
04/03/2021,Franklin,3,2326,315,78228
04/04/2021,Franklin,7,2333,150,78378
04/05/2021,Franklin,8,2341,106,78484
04/06/2021,Franklin,4,2345,144,78628
04/07/2021,Franklin,3,2348,304,78932
04/08/2021,Franklin,3,2351,487,79419
04/09/2021,Franklin,5,2356,305,79724
04/10/2021,Franklin,3,2359,330,80054
04/11/2021,Franklin,6,2365,138,80192
04/12/2021,Franklin,5,2370,181,80373
04/13/2021,Franklin,5,2375,237,80610
04/14/2021,Franklin,8,2383,468,81078
04/15/2021,Franklin,6,2389,288,81366
04/16/2021,Franklin,7,2396,357,81723
04/17/2021,Franklin,7,2403,441,82164
04/18/2021,Franklin,4,2407,206,82370
04/19/2021,Franklin,1,2408,162,82532
04/20/2021,Franklin,5,2413,279,82811
04/21/2021,Franklin,4,2417,356,83167
04/22/2021,Franklin,6,2423,330,83497
04/23/2021,Franklin,2,2425,406,83903
04/24/2021,Franklin,14,2439,344,84247
04/25/2021,Franklin,4,2443,206,84453
04/26/2021,Franklin,3,2446,127,84580
04/27/2021,Franklin,2,2448,178,84758
04/28/2021,Franklin,11,2459,472,85230
04/29/2021,Franklin,12,2471,452,85682
04/30/2021,Franklin,12,2483,294,85976
05/01/2021,Franklin,5,2488,288,86264
05/02/2021,Franklin,5,2493,237,86501
05/03/2021,Franklin,3,2496,136,86637
05/04/2021,Franklin,1,2497,180,86817
05/05/2021,Franklin,2,2499,292,87109
05/06/2021,Franklin,4,2503,362,87471
05/07/2021,Franklin,0,2503,341,87812
05/08/2021,Franklin,5,2508,282,88094
05/09/2021,Franklin,1,2509,202,88296
05/10/2021,Franklin,1,2510,112,88408
05/11/2021,Franklin,1,2511,164,88572
05/12/2021,Franklin,5,2516,334,88906
05/13/2021,Franklin,1,2517,290,89196
05/14/2021,Franklin,1,2518,266,89462
05/15/2021,Franklin,0,2518,189,89651
05/16/2021,Franklin,0,2518,235,89886
05/17/2021,Franklin,0,2518,90,89976
05/18/2021,Franklin,0,2518,266,90242
05/19/2021,Franklin,1,2519,241,90483
05/20/2021,Franklin,4,2523,344,90827
05/21/2021,Franklin,5,2528,207,91034
05/22/2021,Franklin,2,2530,193,91227
05/23/2021,Franklin,0,2530,158,91385
05/24/2021,Franklin,0,2530,158,91543
05/25/2021,Franklin,3,2533,192,91735
05/26/2021,Franklin,2,2535,185,91920
05/27/2021,Franklin,1,2536,147,92067
05/28/2021,Franklin,6,2542,223,92290
05/29/2021,Franklin,4,2546,337,92627
05/30/2021,Franklin,3,2549,106,92733
05/31/2021,Franklin,0,2549,60,92793
06/01/2021,Franklin,1,2550,46,92839
06/02/2021,Franklin,0,2550,74,92913
06/03/2021,Franklin,2,2552,336,93249
06/04/2021,Franklin,3,2555,225,93474
06/05/2021,Franklin,0,2555,99,93573
06/06/2021,Franklin,2,2557,238,93811
06/07/2021,Franklin,1,2558,98,93909
06/08/2021,Franklin,0,2558,58,93967
06/09/2021,Franklin,3,2561,525,94492
06/10/2021,Franklin,0,2561,218,94710
06/11/2021,Franklin,0,2561,178,94888
06/12/2021,Franklin,0,2561,143,95031
06/13/2021,Franklin,2,2563,81,95112
06/14/2021,Franklin,0,2563,78,95190
06/15/2021,Franklin,0,2563,95,95285
06/16/2021,Franklin,0,2563,115,95400
06/17/2021,Franklin,0,2563,135,95535
06/18/2021,Franklin,0,2563,113,95648
06/19/2021,Franklin,0,2563,40,95688
06/20/2021,Franklin,0,2563,102,95790
06/21/2021,Franklin,0,2563,39,95829
06/22/2021,Franklin,0,2563,44,95873
06/23/2021,Franklin,0,2563,177,96050
06/24/2021,Franklin,0,2563,107,96157
06/25/2021,Franklin,0,2563,101,96258
06/26/2021,Franklin,0,2563,110,96368
06/27/2021,Franklin,1,2564,72,96440
06/28/2021,Franklin,0,2564,39,96479
06/29/2021,Franklin,0,2564,116,96595
06/30/2021,Franklin,0,2564,80,96675
07/01/2021,Franklin,0,2564,80,96755
07/02/2021,Franklin,0,2564,111,96866
07/03/2021,Franklin,0,2564,87,96953
07/04/2021,Franklin,0,2564,95,97048
07/05/2021,Franklin,0,2564,41,97089
07/06/2021,Franklin,0,2564,32,97121
07/07/2021,Franklin,1,2565,96,97217
07/08/2021,Franklin,0,2565,130,97347
07/09/2021,Franklin,1,2566,81,97428
07/10/2021,Franklin,0,2566,95,97523
07/11/2021,Franklin,0,2566,88,97611
07/12/2021,Franklin,0,2566,52,97663
07/13/2021,Franklin,0,2566,75,97738
07/14/2021,Franklin,1,2567,141,97879
07/15/2021,Franklin,0,2567,89,97968
07/16/2021,Franklin,0,2567,88,98056
07/17/2021,Franklin,0,2567,110,98166
07/18/2021,Franklin,0,2567,50,98216
07/19/2021,Franklin,1,2568,42,98258
07/20/2021,Franklin,2,2570,77,98335
07/21/2021,Franklin,0,2570,109,98444
07/22/2021,Franklin,0,2570,104,98548
07/23/2021,Franklin,0,2570,79,98627
07/24/2021,Franklin,0,2570,78,98705
07/25/2021,Franklin,1,2571,70,98775
07/26/2021,Franklin,1,2572,98,98873
07/27/2021,Franklin,1,2573,74,98947
07/28/2021,Franklin,2,2575,99,99046
07/29/2021,Franklin,0,2575,111,99157
07/30/2021,Franklin,2,2577,91,99248
07/31/2021,Franklin,0,2577,121,99369
08/01/2021,Franklin,2,2579,95,99464
08/02/2021,Franklin,0,2579,34,99498
08/03/2021,Franklin,1,2580,93,99591
08/04/2021,Franklin,5,2585,178,99769
08/05/2021,Franklin,2,2587,130,99899
08/06/2021,Franklin,8,2595,161,100060
08/07/2021,Franklin,7,2602,157,100217
08/08/2021,Franklin,4,2606,139,100356
08/09/2021,Franklin,4,2610,80,100436
08/10/2021,Franklin,5,2615,88,100524
08/11/2021,Franklin,5,2620,253,100777
08/12/2021,Franklin,10,2630,212,100989
08/13/2021,Franklin,14,2644,194,101183
08/14/2021,Franklin,9,2653,171,101354
08/15/2021,Franklin,10,2663,161,101515
08/16/2021,Franklin,7,2670,93,101608
08/17/2021,Franklin,17,2687,217,101825
08/18/2021,Franklin,13,2700,209,102034
08/19/2021,Franklin,23,2723,273,102307
08/20/2021,Franklin,15,2738,276,102583
08/21/2021,Franklin,18,2756,245,102828
08/22/2021,Franklin,16,2772,179,103007
08/23/2021,Franklin,6,2778,103,103110
08/24/2021,Franklin,13,2791,184,103294
08/25/2021,Franklin,20,2811,280,103574
08/26/2021,Franklin,17,2828,250,103824
08/27/2021,Franklin,27,2855,293,104117
08/28/2021,Franklin,22,2877,446,104563
08/29/2021,Franklin,17,2894,321,104884
08/30/2021,Franklin,15,2909,173,105057
08/31/2021,Franklin,25,2934,280,105337
09/01/2021,Franklin,24,2958,279,105616
09/02/2021,Franklin,28,2986,429,106045
09/03/2021,Franklin,36,3022,372,106417
09/04/2021,Franklin,26,3048,615,107032
09/05/2021,Franklin,25,3073,334,107366
09/06/2021,Franklin,17,3090,185,107551
09/07/2021,Franklin,17,3107,143,107694
09/08/2021,Franklin,15,3122,260,107954
09/09/2021,Franklin,47,3169,570,108524
09/10/2021,Franklin,32,3201,417,108941
09/11/2021,Franklin,29,3230,402,109343
09/12/2021,Franklin,40,3270,342,109685
09/13/2021,Franklin,24,3294,306,109991
09/14/2021,Franklin,25,3319,239,110230
09/15/2021,Franklin,28,3347,555,110785
09/16/2021,Franklin,29,3376,355,111140
09/17/2021,Franklin,43,3419,629,111769
09/18/2021,Franklin,25,3444,477,112246
09/19/2021,Franklin,31,3475,358,112604
09/20/2021,Franklin,37,3512,442,113046
09/21/2021,Franklin,20,3532,370,113416
09/22/2021,Franklin,32,3564,473,113889
09/23/2021,Franklin,35,3599,601,114490
09/24/2021,Franklin,48,3647,704,115194
09/25/2021,Franklin,23,3670,524,115718
09/26/2021,Franklin,19,3689,297,116015
09/27/2021,Franklin,16,3705,230,116245
09/28/2021,Franklin,24,3729,240,116485
09/29/2021,Franklin,19,3748,554,117039
09/30/2021,Franklin,46,3794,647,117686
10/01/2021,Franklin,30,3824,660,118346
10/02/2021,Franklin,15,3839,376,118722
10/03/2021,Franklin,24,3863,245,118967
10/04/2021,Franklin,28,3891,340,119307
10/05/2021,Franklin,19,3910,325,119632
10/06/2021,Franklin,24,3934,570,120202
10/07/2021,Franklin,40,3974,599,120801
10/08/2021,Franklin,38,4012,666,121467
10/09/2021,Franklin,16,4028,346,121813
10/10/2021,Franklin,25,4053,386,122199
10/11/2021,Franklin,13,4066,189,122388
10/12/2021,Franklin,15,4081,228,122616
10/13/2021,Franklin,19,4100,374,122990
10/14/2021,Franklin,28,4128,476,123466
10/15/2021,Franklin,25,4153,513,123979
10/16/2021,Franklin,26,4179,414,124393
10/17/2021,Franklin,39,4218,279,124672
10/18/2021,Franklin,15,4233,162,124834
10/19/2021,Franklin,23,4256,368,125202
10/20/2021,Franklin,24,4280,471,125673
10/21/2021,Franklin,20,4300,449,126122
10/22/2021,Franklin,28,4328,801,126923
10/23/2021,Franklin,24,4352,333,127256
03/01/2020,Fulton,0,0,0,0
03/02/2020,Fulton,0,0,0,0
03/03/2020,Fulton,0,0,0,0
03/04/2020,Fulton,0,0,0,0
03/05/2020,Fulton,0,0,0,0
03/06/2020,Fulton,0,0,0,0
03/07/2020,Fulton,0,0,0,0
03/08/2020,Fulton,0,0,0,0
03/09/2020,Fulton,0,0,1,1
03/10/2020,Fulton,0,0,1,2
03/11/2020,Fulton,0,0,2,4
03/12/2020,Fulton,0,0,1,5
03/13/2020,Fulton,0,0,1,6
03/14/2020,Fulton,0,0,4,10
03/15/2020,Fulton,0,0,1,11
03/16/2020,Fulton,0,0,1,12
03/17/2020,Fulton,0,0,0,12
03/18/2020,Fulton,1,1,12,24
03/19/2020,Fulton,0,1,6,30
03/20/2020,Fulton,0,1,13,43
03/21/2020,Fulton,0,1,11,54
03/22/2020,Fulton,0,1,11,65
03/23/2020,Fulton,0,1,11,76
03/24/2020,Fulton,0,1,4,80
03/25/2020,Fulton,0,1,2,82
03/26/2020,Fulton,0,1,5,87
03/27/2020,Fulton,0,1,10,97
03/28/2020,Fulton,0,1,10,107
03/29/2020,Fulton,0,1,12,119
03/30/2020,Fulton,0,1,5,124
03/31/2020,Fulton,1,2,5,129
04/01/2020,Fulton,4,6,10,139
04/02/2020,Fulton,0,6,10,149
04/03/2020,Fulton,3,9,24,173
04/04/2020,Fulton,0,9,12,185
04/05/2020,Fulton,2,11,20,205
04/06/2020,Fulton,2,13,18,223
04/07/2020,Fulton,1,14,6,229
04/08/2020,Fulton,1,15,21,250
04/09/2020,Fulton,3,18,24,274
04/10/2020,Fulton,3,21,17,291
04/11/2020,Fulton,0,21,11,302
04/12/2020,Fulton,0,21,7,309
04/13/2020,Fulton,1,22,75,384
04/14/2020,Fulton,2,24,9,393
04/15/2020,Fulton,1,25,13,406
04/16/2020,Fulton,2,27,16,422
04/17/2020,Fulton,0,27,7,429
04/18/2020,Fulton,0,27,17,446
04/19/2020,Fulton,0,27,3,449
04/20/2020,Fulton,0,27,4,453
04/21/2020,Fulton,1,28,7,460
04/22/2020,Fulton,0,28,5,465
04/23/2020,Fulton,1,29,16,481
04/24/2020,Fulton,32,61,202,683
04/25/2020,Fulton,1,62,29,712
04/26/2020,Fulton,0,62,9,721
04/27/2020,Fulton,4,66,16,737
04/28/2020,Fulton,1,67,27,764
04/29/2020,Fulton,4,71,27,791
04/30/2020,Fulton,4,75,37,828
05/01/2020,Fulton,4,79,34,862
05/02/2020,Fulton,3,82,36,898
05/03/2020,Fulton,2,84,25,923
05/04/2020,Fulton,13,97,63,986
05/05/2020,Fulton,3,100,50,1036
05/06/2020,Fulton,1,101,30,1066
05/07/2020,Fulton,2,103,27,1093
05/08/2020,Fulton,1,104,30,1123
05/09/2020,Fulton,3,107,31,1154
05/10/2020,Fulton,2,109,59,1213
05/11/2020,Fulton,26,135,100,1313
05/12/2020,Fulton,5,140,61,1374
05/13/2020,Fulton,4,144,81,1455
05/14/2020,Fulton,1,145,67,1522
05/15/2020,Fulton,3,148,100,1622
05/16/2020,Fulton,23,171,110,1732
05/17/2020,Fulton,11,182,132,1864
05/18/2020,Fulton,0,182,30,1894
05/19/2020,Fulton,2,184,89,1983
05/20/2020,Fulton,2,186,100,2083
05/21/2020,Fulton,3,189,88,2171
05/22/2020,Fulton,4,193,142,2313
05/23/2020,Fulton,1,194,84,2397
05/24/2020,Fulton,2,196,86,2483
05/25/2020,Fulton,0,196,44,2527
05/26/2020,Fulton,2,198,112,2639
05/27/2020,Fulton,2,200,223,2862
05/28/2020,Fulton,6,206,202,3064
05/29/2020,Fulton,1,207,146,3210
05/30/2020,Fulton,1,208,159,3369
05/31/2020,Fulton,2,210,169,3538
06/01/2020,Fulton,2,212,83,3621
06/02/2020,Fulton,1,213,197,3818
06/03/2020,Fulton,2,215,187,4005
06/04/2020,Fulton,4,219,248,4253
06/05/2020,Fulton,3,222,233,4486
06/06/2020,Fulton,2,224,205,4691
06/07/2020,Fulton,3,227,254,4945
06/08/2020,Fulton,1,228,249,5194
06/09/2020,Fulton,0,228,132,5326
06/10/2020,Fulton,2,230,155,5481
06/11/2020,Fulton,1,231,352,5833
06/12/2020,Fulton,1,232,164,5997
06/13/2020,Fulton,2,234,168,6165
06/14/2020,Fulton,1,235,101,6266
06/15/2020,Fulton,1,236,158,6424
06/16/2020,Fulton,0,236,85,6509
06/17/2020,Fulton,0,236,146,6655
06/18/2020,Fulton,1,237,173,6828
06/19/2020,Fulton,6,243,290,7118
06/20/2020,Fulton,0,243,209,7327
06/21/2020,Fulton,1,244,171,7498
06/22/2020,Fulton,0,244,86,7584
06/23/2020,Fulton,0,244,110,7694
06/24/2020,Fulton,0,244,98,7792
06/25/2020,Fulton,4,248,161,7953
06/26/2020,Fulton,1,249,171,8124
06/27/2020,Fulton,6,255,283,8407
06/28/2020,Fulton,1,256,171,8578
06/29/2020,Fulton,0,256,126,8704
06/30/2020,Fulton,1,257,86,8790
07/01/2020,Fulton,3,260,202,8992
07/02/2020,Fulton,1,261,154,9146
07/03/2020,Fulton,0,261,239,9385
07/04/2020,Fulton,0,261,237,9622
07/05/2020,Fulton,1,262,131,9753
07/06/2020,Fulton,0,262,92,9845
07/07/2020,Fulton,0,262,102,9947
07/08/2020,Fulton,1,263,110,10057
07/09/2020,Fulton,1,264,191,10248
07/10/2020,Fulton,1,265,197,10445
07/11/2020,Fulton,0,265,175,10620
07/12/2020,Fulton,0,265,78,10698
07/13/2020,Fulton,1,266,145,10843
07/14/2020,Fulton,0,266,77,10920
07/15/2020,Fulton,0,266,80,11000
07/16/2020,Fulton,0,266,265,11265
07/17/2020,Fulton,0,266,253,11518
07/18/2020,Fulton,1,267,101,11619
07/19/2020,Fulton,0,267,90,11709
07/20/2020,Fulton,0,267,91,11800
07/21/2020,Fulton,0,267,127,11927
07/22/2020,Fulton,1,268,96,12023
07/23/2020,Fulton,0,268,292,12315
07/24/2020,Fulton,2,270,153,12468
07/25/2020,Fulton,0,270,171,12639
07/26/2020,Fulton,0,270,79,12718
07/27/2020,Fulton,0,270,67,12785
07/28/2020,Fulton,0,270,74,12859
07/29/2020,Fulton,5,275,151,13010
07/30/2020,Fulton,0,275,227,13237
07/31/2020,Fulton,7,282,190,13427
08/01/2020,Fulton,1,283,185,13612
08/02/2020,Fulton,2,285,133,13745
08/03/2020,Fulton,0,285,93,13838
08/04/2020,Fulton,2,287,117,13955
08/05/2020,Fulton,4,291,128,14083
08/06/2020,Fulton,2,293,217,14300
08/07/2020,Fulton,2,295,213,14513
08/08/2020,Fulton,1,296,281,14794
08/09/2020,Fulton,1,297,94,14888
08/10/2020,Fulton,0,297,101,14989
08/11/2020,Fulton,2,299,129,15118
08/12/2020,Fulton,1,300,142,15260
08/13/2020,Fulton,3,303,170,15430
08/14/2020,Fulton,0,303,305,15735
08/15/2020,Fulton,0,303,266,16001
08/16/2020,Fulton,0,303,76,16077
08/17/2020,Fulton,2,305,112,16189
08/18/2020,Fulton,0,305,195,16384
08/19/2020,Fulton,0,305,173,16557
08/20/2020,Fulton,1,306,198,16755
08/21/2020,Fulton,2,308,205,16960
08/22/2020,Fulton,1,309,223,17183
08/23/2020,Fulton,0,309,149,17332
08/24/2020,Fulton,0,309,101,17433
08/25/2020,Fulton,0,309,102,17535
08/26/2020,Fulton,1,310,129,17664
08/27/2020,Fulton,0,310,197,17861
08/28/2020,Fulton,1,311,308,18169
08/29/2020,Fulton,0,311,136,18305
08/30/2020,Fulton,0,311,228,18533
08/31/2020,Fulton,0,311,286,18819
09/01/2020,Fulton,0,311,96,18915
09/02/2020,Fulton,1,312,151,19066
09/03/2020,Fulton,0,312,136,19202
09/04/2020,Fulton,0,312,243,19445
09/05/2020,Fulton,0,312,187,19632
09/06/2020,Fulton,0,312,137,19769
09/07/2020,Fulton,0,312,76,19845
09/08/2020,Fulton,0,312,102,19947
09/09/2020,Fulton,0,312,75,20022
09/10/2020,Fulton,3,315,193,20215
09/11/2020,Fulton,1,316,159,20374
09/12/2020,Fulton,2,318,256,20630
09/13/2020,Fulton,2,320,123,20753
09/14/2020,Fulton,4,324,221,20974
09/15/2020,Fulton,1,325,118,21092
09/16/2020,Fulton,6,331,138,21230
09/17/2020,Fulton,0,331,90,21320
09/18/2020,Fulton,1,332,261,21581
09/19/2020,Fulton,0,332,201,21782
09/20/2020,Fulton,0,332,172,21954
09/21/2020,Fulton,0,332,255,22209
09/22/2020,Fulton,0,332,75,22284
09/23/2020,Fulton,1,333,112,22396
09/24/2020,Fulton,0,333,121,22517
09/25/2020,Fulton,1,334,148,22665
09/26/2020,Fulton,1,335,117,22782
09/27/2020,Fulton,2,337,118,22900
09/28/2020,Fulton,2,339,208,23108
09/29/2020,Fulton,0,339,87,23195
09/30/2020,Fulton,0,339,126,23321
10/01/2020,Fulton,5,344,256,23577
10/02/2020,Fulton,1,345,361,23938
10/03/2020,Fulton,2,347,270,24208
10/04/2020,Fulton,1,348,120,24328
10/05/2020,Fulton,2,350,272,24600
10/06/2020,Fulton,0,350,109,24709
10/07/2020,Fulton,1,351,228,24937
10/08/2020,Fulton,1,352,207,25144
10/09/2020,Fulton,0,352,205,25349
10/10/2020,Fulton,0,352,203,25552
10/11/2020,Fulton,0,352,173,25725
10/12/2020,Fulton,2,354,146,25871
10/13/2020,Fulton,0,354,89,25960
10/14/2020,Fulton,3,357,309,26269
10/15/2020,Fulton,0,357,278,26547
10/16/2020,Fulton,1,358,254,26801
10/17/2020,Fulton,1,359,216,27017
10/18/2020,Fulton,0,359,179,27196
10/19/2020,Fulton,1,360,200,27396
10/20/2020,Fulton,0,360,152,27548
10/21/2020,Fulton,0,360,208,27756
10/22/2020,Fulton,1,361,342,28098
10/23/2020,Fulton,0,361,276,28374
10/24/2020,Fulton,0,361,127,28501
10/25/2020,Fulton,0,361,114,28615
10/26/2020,Fulton,1,362,138,28753
10/27/2020,Fulton,0,362,267,29020
10/28/2020,Fulton,1,363,570,29590
10/29/2020,Fulton,2,365,208,29798
10/30/2020,Fulton,0,365,490,30288
10/31/2020,Fulton,2,367,205,30493
11/01/2020,Fulton,0,367,121,30614
11/02/2020,Fulton,1,368,280,30894
11/03/2020,Fulton,1,369,97,30991
11/04/2020,Fulton,1,370,228,31219
11/05/2020,Fulton,2,372,340,31559
11/06/2020,Fulton,0,372,318,31877
11/07/2020,Fulton,1,373,208,32085
11/08/2020,Fulton,2,375,185,32270
11/09/2020,Fulton,2,377,157,32427
11/10/2020,Fulton,1,378,98,32525
11/11/2020,Fulton,3,381,220,32745
11/12/2020,Fulton,1,382,648,33393
11/13/2020,Fulton,7,389,309,33702
11/14/2020,Fulton,4,393,182,33884
11/15/2020,Fulton,8,401,151,34035
11/16/2020,Fulton,2,403,261,34296
11/17/2020,Fulton,5,408,323,34619
11/18/2020,Fulton,7,415,448,35067
11/19/2020,Fulton,1,416,336,35403
11/20/2020,Fulton,13,429,550,35953
11/21/2020,Fulton,3,432,228,36181
11/22/2020,Fulton,22,454,581,36762
11/23/2020,Fulton,7,461,236,36998
11/24/2020,Fulton,11,472,288,37286
11/25/2020,Fulton,6,478,350,37636
11/26/2020,Fulton,6,484,219,37855
11/27/2020,Fulton,6,490,125,37980
11/28/2020,Fulton,5,495,286,38266
11/29/2020,Fulton,13,508,503,38769
11/30/2020,Fulton,10,518,310,39079
12/01/2020,Fulton,9,527,322,39401
12/02/2020,Fulton,17,544,403,39804
12/03/2020,Fulton,9,553,386,40190
12/04/2020,Fulton,42,595,478,40668
12/05/2020,Fulton,18,613,357,41025
12/06/2020,Fulton,21,634,255,41280
12/07/2020,Fulton,42,676,519,41799
12/08/2020,Fulton,44,720,383,42182
12/09/2020,Fulton,22,742,339,42521
12/10/2020,Fulton,31,773,326,42847
12/11/2020,Fulton,28,801,513,43360
12/12/2020,Fulton,24,825,422,43782
12/13/2020,Fulton,26,851,319,44101
12/14/2020,Fulton,32,883,327,44428
12/15/2020,Fulton,38,921,299,44727
12/16/2020,Fulton,27,948,400,45127
12/17/2020,Fulton,33,981,410,45537
12/18/2020,Fulton,16,997,180,45717
12/19/2020,Fulton,35,1032,331,46048
12/20/2020,Fulton,24,1056,195,46243
12/21/2020,Fulton,44,1100,364,46607
12/22/2020,Fulton,23,1123,348,46955
12/23/2020,Fulton,17,1140,501,47456
12/24/2020,Fulton,35,1175,369,47825
12/25/2020,Fulton,27,1202,250,48075
12/26/2020,Fulton,12,1214,155,48230
12/27/2020,Fulton,19,1233,225,48455
12/28/2020,Fulton,11,1244,374,48829
12/29/2020,Fulton,14,1258,164,48993
12/30/2020,Fulton,27,1285,423,49416
12/31/2020,Fulton,32,1317,475,49891
01/01/2021,Fulton,26,1343,301,50192
01/02/2021,Fulton,38,1381,377,50569
01/03/2021,Fulton,28,1409,341,50910
01/04/2021,Fulton,41,1450,325,51235
01/05/2021,Fulton,35,1485,503,51738
01/06/2021,Fulton,24,1509,355,52093
01/07/2021,Fulton,58,1567,423,52516
01/08/2021,Fulton,85,1652,454,52970
01/09/2021,Fulton,52,1704,622,53592
01/10/2021,Fulton,58,1762,281,53873
01/11/2021,Fulton,42,1804,304,54177
01/12/2021,Fulton,15,1819,291,54468
01/13/2021,Fulton,25,1844,227,54695
01/14/2021,Fulton,88,1932,700,55395
01/15/2021,Fulton,67,1999,679,56074
01/16/2021,Fulton,40,2039,315,56389
01/17/2021,Fulton,31,2070,305,56694
01/18/2021,Fulton,43,2113,261,56955
01/19/2021,Fulton,27,2140,430,57385
01/20/2021,Fulton,50,2190,472,57857
01/21/2021,Fulton,51,2241,493,58350
01/22/2021,Fulton,50,2291,660,59010
01/23/2021,Fulton,39,2330,349,59359
01/24/2021,Fulton,25,2355,213,59572
01/25/2021,Fulton,36,2391,298,59870
01/26/2021,Fulton,24,2415,506,60376
01/27/2021,Fulton,49,2464,486,60862
01/28/2021,Fulton,47,2511,687,61549
01/29/2021,Fulton,36,2547,758,62307
01/30/2021,Fulton,46,2593,360,62667
01/31/2021,Fulton,24,2617,248,62915
02/01/2021,Fulton,19,2636,202,63117
02/02/2021,Fulton,17,2653,311,63428
02/03/2021,Fulton,32,2685,268,63696
02/04/2021,Fulton,51,2736,600,64296
02/05/2021,Fulton,38,2774,621,64917
02/06/2021,Fulton,25,2799,497,65414
02/07/2021,Fulton,10,2809,236,65650
02/08/2021,Fulton,50,2859,377,66027
02/09/2021,Fulton,25,2884,451,66478
02/10/2021,Fulton,33,2917,451,66929
02/11/2021,Fulton,35,2952,427,67356
02/12/2021,Fulton,20,2972,608,67964
02/13/2021,Fulton,60,3032,542,68506
02/14/2021,Fulton,25,3057,267,68773
02/15/2021,Fulton,15,3072,249,69022
02/16/2021,Fulton,23,3095,256,69278
02/17/2021,Fulton,12,3107,258,69536
02/18/2021,Fulton,32,3139,362,69898
02/19/2021,Fulton,31,3170,763,70661
02/20/2021,Fulton,32,3202,552,71213
02/21/2021,Fulton,18,3220,176,71389
02/22/2021,Fulton,14,3234,192,71581
02/23/2021,Fulton,11,3245,462,72043
02/24/2021,Fulton,27,3272,422,72465
02/25/2021,Fulton,17,3289,709,73174
02/26/2021,Fulton,18,3307,573,73747
02/27/2021,Fulton,13,3320,311,74058
02/28/2021,Fulton,17,3337,407,74465
03/01/2021,Fulton,14,3351,202,74667
03/02/2021,Fulton,25,3376,465,75132
03/03/2021,Fulton,13,3389,365,75497
03/04/2021,Fulton,29,3418,585,76082
03/05/2021,Fulton,6,3424,471,76553
03/06/2021,Fulton,16,3440,463,77016
03/07/2021,Fulton,12,3452,183,77199
03/08/2021,Fulton,10,3462,330,77529
03/09/2021,Fulton,10,3472,462,77991
03/10/2021,Fulton,8,3480,358,78349
03/11/2021,Fulton,14,3494,511,78860
03/12/2021,Fulton,21,3515,426,79286
03/13/2021,Fulton,9,3524,248,79534
03/14/2021,Fulton,12,3536,729,80263
03/15/2021,Fulton,11,3547,339,80602
03/16/2021,Fulton,9,3556,420,81022
03/17/2021,Fulton,22,3578,557,81579
03/18/2021,Fulton,18,3596,527,82106
03/19/2021,Fulton,18,3614,410,82516
03/20/2021,Fulton,7,3621,563,83079
03/21/2021,Fulton,10,3631,152,83231
03/22/2021,Fulton,22,3653,298,83529
03/23/2021,Fulton,11,3664,466,83995
03/24/2021,Fulton,16,3680,384,84379
03/25/2021,Fulton,20,3700,490,84869
03/26/2021,Fulton,15,3715,553,85422
03/27/2021,Fulton,16,3731,335,85757
03/28/2021,Fulton,6,3737,218,85975
03/29/2021,Fulton,11,3748,239,86214
03/30/2021,Fulton,20,3768,624,86838
03/31/2021,Fulton,20,3788,449,87287
04/01/2021,Fulton,18,3806,546,87833
04/02/2021,Fulton,18,3824,720,88553
04/03/2021,Fulton,15,3839,322,88875
04/04/2021,Fulton,11,3850,262,89137
04/05/2021,Fulton,10,3860,309,89446
04/06/2021,Fulton,19,3879,746,90192
04/07/2021,Fulton,15,3894,489,90681
04/08/2021,Fulton,16,3910,594,91275
04/09/2021,Fulton,17,3927,512,91787
04/10/2021,Fulton,17,3944,324,92111
04/11/2021,Fulton,17,3961,225,92336
04/12/2021,Fulton,19,3980,271,92607
04/13/2021,Fulton,17,3997,376,92983
04/14/2021,Fulton,24,4021,548,93531
04/15/2021,Fulton,20,4041,489,94020
04/16/2021,Fulton,16,4057,555,94575
04/17/2021,Fulton,24,4081,617,95192
04/18/2021,Fulton,12,4093,288,95480
04/19/2021,Fulton,14,4107,213,95693
04/20/2021,Fulton,15,4122,540,96233
04/21/2021,Fulton,14,4136,367,96600
04/22/2021,Fulton,16,4152,544,97144
04/23/2021,Fulton,12,4164,425,97569
04/24/2021,Fulton,9,4173,392,97961
04/25/2021,Fulton,4,4177,225,98186
04/26/2021,Fulton,5,4182,191,98377
04/27/2021,Fulton,6,4188,484,98861
04/28/2021,Fulton,12,4200,471,99332
04/29/2021,Fulton,8,4208,486,99818
04/30/2021,Fulton,7,4215,408,100226
05/01/2021,Fulton,4,4219,455,100681
05/02/2021,Fulton,8,4227,171,100852
05/03/2021,Fulton,6,4233,178,101030
05/04/2021,Fulton,6,4239,321,101351
05/05/2021,Fulton,7,4246,544,101895
05/06/2021,Fulton,35,4281,372,102267
05/07/2021,Fulton,14,4295,499,102766
05/08/2021,Fulton,10,4305,220,102986
05/09/2021,Fulton,2,4307,172,103158
05/10/2021,Fulton,4,4311,197,103355
05/11/2021,Fulton,4,4315,396,103751
05/12/2021,Fulton,9,4324,588,104339
05/13/2021,Fulton,5,4329,368,104707
05/14/2021,Fulton,9,4338,383,105090
05/15/2021,Fulton,6,4344,227,105317
05/16/2021,Fulton,4,4348,266,105583
05/17/2021,Fulton,2,4350,242,105825
05/18/2021,Fulton,3,4353,345,106170
05/19/2021,Fulton,7,4360,471,106641
05/20/2021,Fulton,5,4365,459,107100
05/21/2021,Fulton,5,4370,359,107459
05/22/2021,Fulton,1,4371,325,107784
05/23/2021,Fulton,5,4376,126,107910
05/24/2021,Fulton,3,4379,241,108151
05/25/2021,Fulton,1,4380,327,108478
05/26/2021,Fulton,6,4386,339,108817
05/27/2021,Fulton,6,4392,321,109138
05/28/2021,Fulton,3,4395,273,109411
05/29/2021,Fulton,2,4397,313,109724
05/30/2021,Fulton,1,4398,104,109828
05/31/2021,Fulton,0,4398,71,109899
06/01/2021,Fulton,2,4400,191,110090
06/02/2021,Fulton,2,4402,325,110415
06/03/2021,Fulton,4,4406,508,110923
06/04/2021,Fulton,7,4413,336,111259
06/05/2021,Fulton,1,4414,371,111630
06/06/2021,Fulton,1,4415,104,111734
06/07/2021,Fulton,0,4415,196,111930
06/08/2021,Fulton,4,4419,288,112218
06/09/2021,Fulton,1,4420,298,112516
06/10/2021,Fulton,0,4420,318,112834
06/11/2021,Fulton,0,4420,236,113070
06/12/2021,Fulton,1,4421,164,113234
06/13/2021,Fulton,0,4421,79,113313
06/14/2021,Fulton,1,4422,163,113476
06/15/2021,Fulton,0,4422,348,113824
06/16/2021,Fulton,1,4423,254,114078
06/17/2021,Fulton,0,4423,155,114233
06/18/2021,Fulton,0,4423,168,114401
06/19/2021,Fulton,0,4423,108,114509
06/20/2021,Fulton,1,4424,112,114621
06/21/2021,Fulton,0,4424,176,114797
06/22/2021,Fulton,1,4425,144,114941
06/23/2021,Fulton,0,4425,159,115100
06/24/2021,Fulton,0,4425,135,115235
06/25/2021,Fulton,1,4426,113,115348
06/26/2021,Fulton,0,4426,121,115469
06/27/2021,Fulton,1,4427,98,115567
06/28/2021,Fulton,1,4428,209,115776
06/29/2021,Fulton,1,4429,208,115984
06/30/2021,Fulton,1,4430,105,116089
07/01/2021,Fulton,1,4431,121,116210
07/02/2021,Fulton,1,4432,154,116364
07/03/2021,Fulton,0,4432,95,116459
07/04/2021,Fulton,0,4432,44,116503
07/05/2021,Fulton,0,4432,43,116546
07/06/2021,Fulton,1,4433,89,116635
07/07/2021,Fulton,1,4434,307,116942
07/08/2021,Fulton,1,4435,124,117066
07/09/2021,Fulton,2,4437,143,117209
07/10/2021,Fulton,0,4437,77,117286
07/11/2021,Fulton,0,4437,68,117354
07/12/2021,Fulton,0,4437,286,117640
07/13/2021,Fulton,1,4438,100,117740
07/14/2021,Fulton,1,4439,129,117869
07/15/2021,Fulton,1,4440,164,118033
07/16/2021,Fulton,0,4440,114,118147
07/17/2021,Fulton,2,4442,84,118231
07/18/2021,Fulton,1,4443,48,118279
07/19/2021,Fulton,0,4443,195,118474
07/20/2021,Fulton,2,4445,69,118543
07/21/2021,Fulton,2,4447,210,118753
07/22/2021,Fulton,1,4448,153,118906
07/23/2021,Fulton,1,4449,273,119179
07/24/2021,Fulton,1,4450,91,119270
07/25/2021,Fulton,3,4453,57,119327
07/26/2021,Fulton,0,4453,59,119386
07/27/2021,Fulton,0,4453,197,119583
07/28/2021,Fulton,7,4460,170,119753
07/29/2021,Fulton,1,4461,94,119847
07/30/2021,Fulton,3,4464,175,120022
07/31/2021,Fulton,3,4467,175,120197
08/01/2021,Fulton,4,4471,217,120414
08/02/2021,Fulton,8,4479,68,120482
08/03/2021,Fulton,3,4482,230,120712
08/04/2021,Fulton,3,4485,138,120850
08/05/2021,Fulton,5,4490,195,121045
08/06/2021,Fulton,10,4500,311,121356
08/07/2021,Fulton,5,4505,108,121464
08/08/2021,Fulton,7,4512,72,121536
08/09/2021,Fulton,7,4519,199,121735
08/10/2021,Fulton,6,4525,211,121946
08/11/2021,Fulton,10,4535,258,122204
08/12/2021,Fulton,9,4544,212,122416
08/13/2021,Fulton,19,4563,318,122734
08/14/2021,Fulton,8,4571,117,122851
08/15/2021,Fulton,5,4576,78,122929
08/16/2021,Fulton,11,4587,219,123148
08/17/2021,Fulton,8,4595,396,123544
08/18/2021,Fulton,12,4607,234,123778
08/19/2021,Fulton,13,4620,310,124088
08/20/2021,Fulton,18,4638,306,124394
08/21/2021,Fulton,13,4651,403,124797
08/22/2021,Fulton,33,4684,163,124960
08/23/2021,Fulton,20,4704,106,125066
08/24/2021,Fulton,9,4713,362,125428
08/25/2021,Fulton,22,4735,457,125885
08/26/2021,Fulton,46,4781,451,126336
08/27/2021,Fulton,24,4805,418,126754
08/28/2021,Fulton,27,4832,228,126982
08/29/2021,Fulton,20,4852,203,127185
08/30/2021,Fulton,26,4878,439,127624
08/31/2021,Fulton,15,4893,270,127894
09/01/2021,Fulton,28,4921,321,128215
09/02/2021,Fulton,23,4944,288,128503
09/03/2021,Fulton,19,4963,333,128836
09/04/2021,Fulton,10,4973,179,129015
09/05/2021,Fulton,19,4992,222,129237
09/06/2021,Fulton,9,5001,118,129355
09/07/2021,Fulton,18,5019,288,129643
09/08/2021,Fulton,24,5043,264,129907
09/09/2021,Fulton,18,5061,305,130212
09/10/2021,Fulton,12,5073,333,130545
09/11/2021,Fulton,22,5095,438,130983
09/12/2021,Fulton,15,5110,170,131153
09/13/2021,Fulton,22,5132,223,131376
09/14/2021,Fulton,17,5149,250,131626
09/15/2021,Fulton,36,5185,394,132020
09/16/2021,Fulton,19,5204,368,132388
09/17/2021,Fulton,12,5216,295,132683
09/18/2021,Fulton,16,5232,365,133048
09/19/2021,Fulton,15,5247,124,133172
09/20/2021,Fulton,51,5298,459,133631
09/21/2021,Fulton,12,5310,401,134032
09/22/2021,Fulton,11,5321,213,134245
09/23/2021,Fulton,64,5385,686,134931
09/24/2021,Fulton,48,5433,429,135360
09/25/2021,Fulton,19,5452,425,135785
09/26/2021,Fulton,37,5489,283,136068
09/27/2021,Fulton,30,5519,361,136429
09/28/2021,Fulton,57,5576,505,136934
09/29/2021,Fulton,43,5619,443,137377
09/30/2021,Fulton,62,5681,570,137947
10/01/2021,Fulton,30,5711,366,138313
10/02/2021,Fulton,37,5748,364,138677
10/03/2021,Fulton,19,5767,114,138791
10/04/2021,Fulton,31,5798,220,139011
10/05/2021,Fulton,102,5900,659,139670
10/06/2021,Fulton,19,5919,286,139956
10/07/2021,Fulton,54,5973,739,140695
10/08/2021,Fulton,25,5998,387,141082
10/09/2021,Fulton,12,6010,170,141252
10/10/2021,Fulton,55,6065,436,141688
10/11/2021,Fulton,15,6080,146,141834
10/12/2021,Fulton,33,6113,387,142221
10/13/2021,Fulton,28,6141,267,142488
10/14/2021,Fulton,32,6173,431,142919
10/15/2021,Fulton,34,6207,593,143512
10/16/2021,Fulton,21,6228,393,143905
10/17/2021,Fulton,16,6244,372,144277
10/18/2021,Fulton,14,6258,112,144389
10/19/2021,Fulton,38,6296,402,144791
10/20/2021,Fulton,35,6331,596,145387
10/21/2021,Fulton,34,6365,388,145775
10/22/2021,Fulton,47,6412,578,146353
10/23/2021,Fulton,20,6432,328,146681
03/01/2020,Genesee,0,0,0,0
03/02/2020,Genesee,0,0,0,0
03/03/2020,Genesee,0,0,0,0
03/04/2020,Genesee,0,0,0,0
03/05/2020,Genesee,0,0,0,0
03/06/2020,Genesee,0,0,0,0
03/07/2020,Genesee,0,0,0,0
03/08/2020,Genesee,0,0,0,0
03/09/2020,Genesee,0,0,0,0
03/10/2020,Genesee,0,0,1,1
03/11/2020,Genesee,0,0,0,1
03/12/2020,Genesee,0,0,0,1
03/13/2020,Genesee,0,0,0,1
03/14/2020,Genesee,0,0,0,1
03/15/2020,Genesee,0,0,0,1
03/16/2020,Genesee,0,0,3,4
03/17/2020,Genesee,0,0,5,9
03/18/2020,Genesee,1,1,9,18
03/19/2020,Genesee,0,1,6,24
03/20/2020,Genesee,0,1,6,30
03/21/2020,Genesee,0,1,6,36
03/22/2020,Genesee,0,1,2,38
03/23/2020,Genesee,0,1,8,46
03/24/2020,Genesee,1,2,7,53
03/25/2020,Genesee,2,4,19,72
03/26/2020,Genesee,2,6,21,93
03/27/2020,Genesee,1,7,19,112
03/28/2020,Genesee,2,9,6,118
03/29/2020,Genesee,0,9,12,130
03/30/2020,Genesee,1,10,24,154
03/31/2020,Genesee,3,13,28,182
04/01/2020,Genesee,1,14,39,221
04/02/2020,Genesee,2,16,23,244
04/03/2020,Genesee,4,20,30,274
04/04/2020,Genesee,2,22,12,286
04/05/2020,Genesee,1,23,11,297
04/06/2020,Genesee,10,33,37,334
04/07/2020,Genesee,14,47,31,365
04/08/2020,Genesee,9,56,43,408
04/09/2020,Genesee,9,65,32,440
04/10/2020,Genesee,2,67,18,458
04/11/2020,Genesee,2,69,19,477
04/12/2020,Genesee,2,71,7,484
04/13/2020,Genesee,5,76,34,518
04/14/2020,Genesee,0,76,15,533
04/15/2020,Genesee,2,78,12,545
04/16/2020,Genesee,5,83,21,566
04/17/2020,Genesee,4,87,13,579
04/18/2020,Genesee,30,117,56,635
04/19/2020,Genesee,2,119,14,649
04/20/2020,Genesee,2,121,8,657
04/21/2020,Genesee,1,122,17,674
04/22/2020,Genesee,4,126,25,699
04/23/2020,Genesee,1,127,19,718
04/24/2020,Genesee,14,141,145,863
04/25/2020,Genesee,3,144,37,900
04/26/2020,Genesee,4,148,20,920
04/27/2020,Genesee,1,149,28,948
04/28/2020,Genesee,3,152,26,974
04/29/2020,Genesee,1,153,32,1006
04/30/2020,Genesee,1,154,29,1035
05/01/2020,Genesee,1,155,55,1090
05/02/2020,Genesee,0,155,25,1115
05/03/2020,Genesee,4,159,48,1163
05/04/2020,Genesee,0,159,47,1210
05/05/2020,Genesee,3,162,59,1269
05/06/2020,Genesee,6,168,98,1367
05/07/2020,Genesee,1,169,62,1429
05/08/2020,Genesee,1,170,47,1476
05/09/2020,Genesee,2,172,149,1625
05/10/2020,Genesee,1,173,182,1807
05/11/2020,Genesee,1,174,77,1884
05/12/2020,Genesee,0,174,96,1980
05/13/2020,Genesee,1,175,77,2057
05/14/2020,Genesee,0,175,66,2123
05/15/2020,Genesee,3,178,47,2170
05/16/2020,Genesee,2,180,69,2239
05/17/2020,Genesee,0,180,30,2269
05/18/2020,Genesee,2,182,77,2346
05/19/2020,Genesee,2,184,95,2441
05/20/2020,Genesee,4,188,145,2586
05/21/2020,Genesee,1,189,42,2628
05/22/2020,Genesee,2,191,271,2899
05/23/2020,Genesee,0,191,181,3080
05/24/2020,Genesee,1,192,95,3175
05/25/2020,Genesee,1,193,58,3233
05/26/2020,Genesee,2,195,84,3317
05/27/2020,Genesee,2,197,177,3494
05/28/2020,Genesee,2,199,119,3613
05/29/2020,Genesee,1,200,135,3748
05/30/2020,Genesee,2,202,115,3863
05/31/2020,Genesee,0,202,82,3945
06/01/2020,Genesee,0,202,145,4090
06/02/2020,Genesee,0,202,264,4354
06/03/2020,Genesee,3,205,326,4680
06/04/2020,Genesee,0,205,137,4817
06/05/2020,Genesee,1,206,322,5139
06/06/2020,Genesee,2,208,153,5292
06/07/2020,Genesee,0,208,104,5396
06/08/2020,Genesee,2,210,200,5596
06/09/2020,Genesee,1,211,213,5809
06/10/2020,Genesee,1,212,234,6043
06/11/2020,Genesee,0,212,187,6230
06/12/2020,Genesee,0,212,174,6404
06/13/2020,Genesee,0,212,158,6562
06/14/2020,Genesee,1,213,91,6653
06/15/2020,Genesee,0,213,112,6765
06/16/2020,Genesee,3,216,142,6907
06/17/2020,Genesee,1,217,169,7076
06/18/2020,Genesee,1,218,243,7319
06/19/2020,Genesee,4,222,189,7508
06/20/2020,Genesee,0,222,108,7616
06/21/2020,Genesee,3,225,182,7798
06/22/2020,Genesee,4,229,196,7994
06/23/2020,Genesee,1,230,196,8190
06/24/2020,Genesee,1,231,220,8410
06/25/2020,Genesee,1,232,120,8530
06/26/2020,Genesee,5,237,154,8684
06/27/2020,Genesee,1,238,118,8802
06/28/2020,Genesee,0,238,109,8911
06/29/2020,Genesee,0,238,416,9327
06/30/2020,Genesee,0,238,249,9576
07/01/2020,Genesee,0,238,112,9688
07/02/2020,Genesee,1,239,129,9817
07/03/2020,Genesee,0,239,170,9987
07/04/2020,Genesee,0,239,167,10154
07/05/2020,Genesee,3,242,213,10367
07/06/2020,Genesee,0,242,412,10779
07/07/2020,Genesee,2,244,178,10957
07/08/2020,Genesee,0,244,246,11203
07/09/2020,Genesee,2,246,185,11388
07/10/2020,Genesee,1,247,114,11502
07/11/2020,Genesee,3,250,269,11771
07/12/2020,Genesee,0,250,99,11870
07/13/2020,Genesee,2,252,196,12066
07/14/2020,Genesee,2,254,136,12202
07/15/2020,Genesee,0,254,270,12472
07/16/2020,Genesee,0,254,212,12684
07/17/2020,Genesee,2,256,173,12857
07/18/2020,Genesee,1,257,177,13034
07/19/2020,Genesee,1,258,189,13223
07/20/2020,Genesee,0,258,234,13457
07/21/2020,Genesee,0,258,167,13624
07/22/2020,Genesee,2,260,139,13763
07/23/2020,Genesee,1,261,288,14051
07/24/2020,Genesee,0,261,224,14275
07/25/2020,Genesee,3,264,162,14437
07/26/2020,Genesee,2,266,128,14565
07/27/2020,Genesee,0,266,155,14720
07/28/2020,Genesee,1,267,186,14906
07/29/2020,Genesee,3,270,306,15212
07/30/2020,Genesee,0,270,241,15453
07/31/2020,Genesee,2,272,207,15660
08/01/2020,Genesee,0,272,125,15785
08/02/2020,Genesee,1,273,93,15878
08/03/2020,Genesee,0,273,213,16091
08/04/2020,Genesee,1,274,293,16384
08/05/2020,Genesee,0,274,180,16564
08/06/2020,Genesee,3,277,309,16873
08/07/2020,Genesee,0,277,168,17041
08/08/2020,Genesee,0,277,85,17126
08/09/2020,Genesee,0,277,136,17262
08/10/2020,Genesee,2,279,324,17586
08/11/2020,Genesee,1,280,188,17774
08/12/2020,Genesee,0,280,210,17984
08/13/2020,Genesee,4,284,423,18407
08/14/2020,Genesee,0,284,158,18565
08/15/2020,Genesee,1,285,244,18809
08/16/2020,Genesee,0,285,104,18913
08/17/2020,Genesee,3,288,557,19470
08/18/2020,Genesee,1,289,367,19837
08/19/2020,Genesee,1,290,335,20172
08/20/2020,Genesee,0,290,383,20555
08/21/2020,Genesee,0,290,228,20783
08/22/2020,Genesee,0,290,150,20933
08/23/2020,Genesee,0,290,110,21043
08/24/2020,Genesee,1,291,162,21205
08/25/2020,Genesee,1,292,244,21449
08/26/2020,Genesee,0,292,211,21660
08/27/2020,Genesee,1,293,316,21976
08/28/2020,Genesee,0,293,470,22446
08/29/2020,Genesee,1,294,178,22624
08/30/2020,Genesee,1,295,169,22793
08/31/2020,Genesee,2,297,217,23010
09/01/2020,Genesee,0,297,201,23211
09/02/2020,Genesee,1,298,188,23399
09/03/2020,Genesee,2,300,222,23621
09/04/2020,Genesee,0,300,231,23852
09/05/2020,Genesee,1,301,116,23968
09/06/2020,Genesee,1,302,134,24102
09/07/2020,Genesee,1,303,138,24240
09/08/2020,Genesee,1,304,316,24556
09/09/2020,Genesee,2,306,175,24731
09/10/2020,Genesee,0,306,355,25086
09/11/2020,Genesee,1,307,190,25276
09/12/2020,Genesee,0,307,189,25465
09/13/2020,Genesee,0,307,126,25591
09/14/2020,Genesee,0,307,332,25923
09/15/2020,Genesee,0,307,225,26148
09/16/2020,Genesee,2,309,201,26349
09/17/2020,Genesee,0,309,415,26764
09/18/2020,Genesee,5,314,286,27050
09/19/2020,Genesee,0,314,209,27259
09/20/2020,Genesee,2,316,86,27345
09/21/2020,Genesee,1,317,346,27691
09/22/2020,Genesee,0,317,239,27930
09/23/2020,Genesee,0,317,269,28199
09/24/2020,Genesee,0,317,396,28595
09/25/2020,Genesee,2,319,275,28870
09/26/2020,Genesee,2,321,222,29092
09/27/2020,Genesee,0,321,95,29187
09/28/2020,Genesee,6,327,151,29338
09/29/2020,Genesee,3,330,485,29823
09/30/2020,Genesee,5,335,307,30130
10/01/2020,Genesee,1,336,376,30506
10/02/2020,Genesee,6,342,448,30954
10/03/2020,Genesee,2,344,245,31199
10/04/2020,Genesee,2,346,109,31308
10/05/2020,Genesee,5,351,225,31533
10/06/2020,Genesee,1,352,281,31814
10/07/2020,Genesee,3,355,433,32247
10/08/2020,Genesee,3,358,678,32925
10/09/2020,Genesee,0,358,409,33334
10/10/2020,Genesee,0,358,224,33558
10/11/2020,Genesee,1,359,180,33738
10/12/2020,Genesee,1,360,280,34018
10/13/2020,Genesee,3,363,204,34222
10/14/2020,Genesee,7,370,277,34499
10/15/2020,Genesee,1,371,290,34789
10/16/2020,Genesee,0,371,507,35296
10/17/2020,Genesee,0,371,267,35563
10/18/2020,Genesee,0,371,165,35728
10/19/2020,Genesee,0,371,394,36122
10/20/2020,Genesee,1,372,231,36353
10/21/2020,Genesee,1,373,228,36581
10/22/2020,Genesee,4,377,336,36917
10/23/2020,Genesee,2,379,429,37346
10/24/2020,Genesee,1,380,136,37482
10/25/2020,Genesee,1,381,155,37637
10/26/2020,Genesee,3,384,596,38233
10/27/2020,Genesee,4,388,300,38533
10/28/2020,Genesee,8,396,316,38849
10/29/2020,Genesee,10,406,365,39214
10/30/2020,Genesee,1,407,397,39611
10/31/2020,Genesee,4,411,256,39867
11/01/2020,Genesee,2,413,149,40016
11/02/2020,Genesee,7,420,562,40578
11/03/2020,Genesee,8,428,266,40844
11/04/2020,Genesee,13,441,357,41201
11/05/2020,Genesee,9,450,398,41599
11/06/2020,Genesee,15,465,635,42234
11/07/2020,Genesee,13,478,243,42477
11/08/2020,Genesee,17,495,232,42709
11/09/2020,Genesee,15,510,422,43131
11/10/2020,Genesee,17,527,285,43416
11/11/2020,Genesee,14,541,317,43733
11/12/2020,Genesee,43,584,489,44222
11/13/2020,Genesee,13,597,638,44860
11/14/2020,Genesee,6,603,108,44968
11/15/2020,Genesee,12,615,283,45251
11/16/2020,Genesee,20,635,430,45681
11/17/2020,Genesee,20,655,410,46091
11/18/2020,Genesee,19,674,471,46562
11/19/2020,Genesee,21,695,382,46944
11/20/2020,Genesee,40,735,680,47624
11/21/2020,Genesee,23,758,256,47880
11/22/2020,Genesee,42,800,584,48464
11/23/2020,Genesee,19,819,661,49125
11/24/2020,Genesee,26,845,531,49656
11/25/2020,Genesee,45,890,397,50053
11/26/2020,Genesee,42,932,428,50481
11/27/2020,Genesee,34,966,548,51029
11/28/2020,Genesee,31,997,367,51396
11/29/2020,Genesee,31,1028,369,51765
11/30/2020,Genesee,48,1076,449,52214
12/01/2020,Genesee,38,1114,466,52680
12/02/2020,Genesee,44,1158,377,53057
12/03/2020,Genesee,44,1202,447,53504
12/04/2020,Genesee,67,1269,973,54477
12/05/2020,Genesee,34,1303,520,54997
12/06/2020,Genesee,25,1328,221,55218
12/07/2020,Genesee,21,1349,563,55781
12/08/2020,Genesee,44,1393,424,56205
12/09/2020,Genesee,59,1452,807,57012
12/10/2020,Genesee,35,1487,344,57356
12/11/2020,Genesee,43,1530,498,57854
12/12/2020,Genesee,72,1602,826,58680
12/13/2020,Genesee,44,1646,320,59000
12/14/2020,Genesee,27,1673,555,59555
12/15/2020,Genesee,48,1721,470,60025
12/16/2020,Genesee,46,1767,408,60433
12/17/2020,Genesee,56,1823,402,60835
12/18/2020,Genesee,177,2000,1616,62451
12/19/2020,Genesee,41,2041,406,62857
12/20/2020,Genesee,39,2080,290,63147
12/21/2020,Genesee,65,2145,539,63686
12/22/2020,Genesee,55,2200,400,64086
12/23/2020,Genesee,101,2301,1003,65089
12/24/2020,Genesee,89,2390,863,65952
12/25/2020,Genesee,47,2437,254,66206
12/26/2020,Genesee,18,2455,139,66345
12/27/2020,Genesee,40,2495,339,66684
12/28/2020,Genesee,56,2551,519,67203
12/29/2020,Genesee,33,2584,297,67500
12/30/2020,Genesee,97,2681,860,68360
12/31/2020,Genesee,86,2767,724,69084
01/01/2021,Genesee,51,2818,385,69469
01/02/2021,Genesee,48,2866,217,69686
01/03/2021,Genesee,40,2906,316,70002
01/04/2021,Genesee,63,2969,535,70537
01/05/2021,Genesee,54,3023,635,71172
01/06/2021,Genesee,115,3138,989,72161
01/07/2021,Genesee,61,3199,548,72709
01/08/2021,Genesee,67,3266,903,73612
01/09/2021,Genesee,39,3305,436,74048
01/10/2021,Genesee,31,3336,336,74384
01/11/2021,Genesee,44,3380,591,74975
01/12/2021,Genesee,40,3420,300,75275
01/13/2021,Genesee,39,3459,791,76066
01/14/2021,Genesee,47,3506,886,76952
01/15/2021,Genesee,60,3566,984,77936
01/16/2021,Genesee,64,3630,463,78399
01/17/2021,Genesee,21,3651,365,78764
01/18/2021,Genesee,13,3664,534,79298
01/19/2021,Genesee,25,3689,348,79646
01/20/2021,Genesee,63,3752,690,80336
01/21/2021,Genesee,51,3803,879,81215
01/22/2021,Genesee,31,3834,568,81783
01/23/2021,Genesee,21,3855,413,82196
01/24/2021,Genesee,20,3875,382,82578
01/25/2021,Genesee,19,3894,568,83146
01/26/2021,Genesee,19,3913,345,83491
01/27/2021,Genesee,56,3969,767,84258
01/28/2021,Genesee,26,3995,640,84898
01/29/2021,Genesee,16,4011,747,85645
01/30/2021,Genesee,16,4027,392,86037
01/31/2021,Genesee,8,4035,227,86264
02/01/2021,Genesee,10,4045,565,86829
02/02/2021,Genesee,18,4063,236,87065
02/03/2021,Genesee,22,4085,596,87661
02/04/2021,Genesee,15,4100,970,88631
02/05/2021,Genesee,14,4114,562,89193
02/06/2021,Genesee,6,4120,408,89601
02/07/2021,Genesee,7,4127,242,89843
02/08/2021,Genesee,7,4134,273,90116
02/09/2021,Genesee,9,4143,296,90412
02/10/2021,Genesee,16,4159,605,91017
02/11/2021,Genesee,9,4168,540,91557
02/12/2021,Genesee,14,4182,475,92032
02/13/2021,Genesee,10,4192,392,92424
02/14/2021,Genesee,4,4196,218,92642
02/15/2021,Genesee,8,4204,331,92973
02/16/2021,Genesee,5,4209,170,93143
02/17/2021,Genesee,32,4241,347,93490
02/18/2021,Genesee,16,4257,849,94339
02/19/2021,Genesee,15,4272,540,94879
02/20/2021,Genesee,21,4293,418,95297
02/21/2021,Genesee,22,4315,272,95569
02/22/2021,Genesee,5,4320,437,96006
02/23/2021,Genesee,15,4335,375,96381
02/24/2021,Genesee,37,4372,776,97157
02/25/2021,Genesee,6,4378,798,97955
02/26/2021,Genesee,17,4395,708,98663
02/27/2021,Genesee,11,4406,467,99130
02/28/2021,Genesee,5,4411,268,99398
03/01/2021,Genesee,9,4420,504,99902
03/02/2021,Genesee,15,4435,358,100260
03/03/2021,Genesee,15,4450,691,100951
03/04/2021,Genesee,9,4459,614,101565
03/05/2021,Genesee,14,4473,771,102336
03/06/2021,Genesee,10,4483,398,102734
03/07/2021,Genesee,8,4491,281,103015
03/08/2021,Genesee,4,4495,489,103504
03/09/2021,Genesee,13,4508,273,103777
03/10/2021,Genesee,23,4531,659,104436
03/11/2021,Genesee,17,4548,699,105135
03/12/2021,Genesee,10,4558,590,105725
03/13/2021,Genesee,16,4574,440,106165
03/14/2021,Genesee,9,4583,274,106439
03/15/2021,Genesee,10,4593,431,106870
03/16/2021,Genesee,4,4597,389,107259
03/17/2021,Genesee,27,4624,449,107708
03/18/2021,Genesee,19,4643,616,108324
03/19/2021,Genesee,11,4654,666,108990
03/20/2021,Genesee,15,4669,476,109466
03/21/2021,Genesee,4,4673,139,109605
03/22/2021,Genesee,7,4680,411,110016
03/23/2021,Genesee,5,4685,332,110348
03/24/2021,Genesee,24,4709,569,110917
03/25/2021,Genesee,14,4723,731,111648
03/26/2021,Genesee,16,4739,658,112306
03/27/2021,Genesee,13,4752,489,112795
03/28/2021,Genesee,8,4760,328,113123
03/29/2021,Genesee,9,4769,448,113571
03/30/2021,Genesee,17,4786,410,113981
03/31/2021,Genesee,12,4798,357,114338
04/01/2021,Genesee,11,4809,742,115080
04/02/2021,Genesee,25,4834,684,115764
04/03/2021,Genesee,19,4853,389,116153
04/04/2021,Genesee,18,4871,250,116403
04/05/2021,Genesee,7,4878,431,116834
04/06/2021,Genesee,13,4891,412,117246
04/07/2021,Genesee,24,4915,589,117835
04/08/2021,Genesee,30,4945,901,118736
04/09/2021,Genesee,20,4965,631,119367
04/10/2021,Genesee,22,4987,512,119879
04/11/2021,Genesee,9,4996,214,120093
04/12/2021,Genesee,9,5005,568,120661
04/13/2021,Genesee,9,5014,413,121074
04/14/2021,Genesee,14,5028,721,121795
04/15/2021,Genesee,8,5036,544,122339
04/16/2021,Genesee,18,5054,595,122934
04/17/2021,Genesee,11,5065,428,123362
04/18/2021,Genesee,12,5077,204,123566
04/19/2021,Genesee,11,5088,535,124101
04/20/2021,Genesee,14,5102,570,124671
04/21/2021,Genesee,15,5117,694,125365
04/22/2021,Genesee,14,5131,619,125984
04/23/2021,Genesee,12,5143,522,126506
04/24/2021,Genesee,9,5152,444,126950
04/25/2021,Genesee,4,5156,245,127195
04/26/2021,Genesee,10,5166,594,127789
04/27/2021,Genesee,9,5175,301,128090
04/28/2021,Genesee,19,5194,633,128723
04/29/2021,Genesee,6,5200,464,129187
04/30/2021,Genesee,21,5221,550,129737
05/01/2021,Genesee,7,5228,655,130392
05/02/2021,Genesee,10,5238,275,130667
05/03/2021,Genesee,10,5248,478,131145
05/04/2021,Genesee,12,5260,402,131547
05/05/2021,Genesee,8,5268,697,132244
05/06/2021,Genesee,18,5286,509,132753
05/07/2021,Genesee,9,5295,750,133503
05/08/2021,Genesee,15,5310,375,133878
05/09/2021,Genesee,6,5316,228,134106
05/10/2021,Genesee,3,5319,325,134431
05/11/2021,Genesee,3,5322,479,134910
05/12/2021,Genesee,11,5333,685,135595
05/13/2021,Genesee,7,5340,487,136082
05/14/2021,Genesee,8,5348,567,136649
05/15/2021,Genesee,9,5357,476,137125
05/16/2021,Genesee,8,5365,252,137377
05/17/2021,Genesee,3,5368,598,137975
05/18/2021,Genesee,10,5378,301,138276
05/19/2021,Genesee,7,5385,635,138911
05/20/2021,Genesee,6,5391,376,139287
05/21/2021,Genesee,10,5401,639,139926
05/22/2021,Genesee,3,5404,293,140219
05/23/2021,Genesee,0,5404,227,140446
05/24/2021,Genesee,3,5407,175,140621
05/25/2021,Genesee,6,5413,585,141206
05/26/2021,Genesee,2,5415,569,141775
05/27/2021,Genesee,0,5415,412,142187
05/28/2021,Genesee,3,5418,427,142614
05/29/2021,Genesee,3,5421,339,142953
05/30/2021,Genesee,0,5421,134,143087
05/31/2021,Genesee,2,5423,78,143165
06/01/2021,Genesee,2,5425,460,143625
06/02/2021,Genesee,1,5426,560,144185
06/03/2021,Genesee,1,5427,548,144733
06/04/2021,Genesee,3,5430,677,145410
06/05/2021,Genesee,1,5431,229,145639
06/06/2021,Genesee,1,5432,97,145736
06/07/2021,Genesee,0,5432,590,146326
06/08/2021,Genesee,0,5432,289,146615
06/09/2021,Genesee,2,5434,442,147057
06/10/2021,Genesee,1,5435,497,147554
06/11/2021,Genesee,0,5435,288,147842
06/12/2021,Genesee,0,5435,282,148124
06/13/2021,Genesee,0,5435,126,148250
06/14/2021,Genesee,0,5435,486,148736
06/15/2021,Genesee,0,5435,178,148914
06/16/2021,Genesee,1,5436,238,149152
06/17/2021,Genesee,0,5436,328,149480
06/18/2021,Genesee,1,5437,236,149716
06/19/2021,Genesee,0,5437,220,149936
06/20/2021,Genesee,1,5438,95,150031
06/21/2021,Genesee,1,5439,98,150129
06/22/2021,Genesee,0,5439,191,150320
06/23/2021,Genesee,1,5440,223,150543
06/24/2021,Genesee,0,5440,188,150731
06/25/2021,Genesee,0,5440,180,150911
06/26/2021,Genesee,0,5440,157,151068
06/27/2021,Genesee,1,5441,83,151151
06/28/2021,Genesee,0,5441,121,151272
06/29/2021,Genesee,0,5441,121,151393
06/30/2021,Genesee,0,5441,167,151560
07/01/2021,Genesee,1,5442,190,151750
07/02/2021,Genesee,0,5442,126,151876
07/03/2021,Genesee,0,5442,188,152064
07/04/2021,Genesee,0,5442,86,152150
07/05/2021,Genesee,0,5442,66,152216
07/06/2021,Genesee,0,5442,67,152283
07/07/2021,Genesee,0,5442,101,152384
07/08/2021,Genesee,0,5442,191,152575
07/09/2021,Genesee,0,5442,105,152680
07/10/2021,Genesee,3,5445,150,152830
07/11/2021,Genesee,3,5448,99,152929
07/12/2021,Genesee,0,5448,172,153101
07/13/2021,Genesee,0,5448,88,153189
07/14/2021,Genesee,1,5449,127,153316
07/15/2021,Genesee,0,5449,136,153452
07/16/2021,Genesee,0,5449,107,153559
07/17/2021,Genesee,0,5449,121,153680
07/18/2021,Genesee,0,5449,48,153728
07/19/2021,Genesee,0,5449,57,153785
07/20/2021,Genesee,1,5450,103,153888
07/21/2021,Genesee,0,5450,88,153976
07/22/2021,Genesee,2,5452,205,154181
07/23/2021,Genesee,0,5452,118,154299
07/24/2021,Genesee,1,5453,117,154416
07/25/2021,Genesee,0,5453,48,154464
07/26/2021,Genesee,0,5453,86,154550
07/27/2021,Genesee,0,5453,87,154637
07/28/2021,Genesee,3,5456,101,154738
07/29/2021,Genesee,0,5456,151,154889
07/30/2021,Genesee,1,5457,138,155027
07/31/2021,Genesee,2,5459,103,155130
08/01/2021,Genesee,1,5460,59,155189
08/02/2021,Genesee,1,5461,89,155278
08/03/2021,Genesee,3,5464,138,155416
08/04/2021,Genesee,2,5466,134,155550
08/05/2021,Genesee,3,5469,179,155729
08/06/2021,Genesee,6,5475,268,155997
08/07/2021,Genesee,5,5480,170,156167
08/08/2021,Genesee,1,5481,93,156260
08/09/2021,Genesee,4,5485,103,156363
08/10/2021,Genesee,6,5491,165,156528
08/11/2021,Genesee,5,5496,185,156713
08/12/2021,Genesee,5,5501,223,156936
08/13/2021,Genesee,12,5513,243,157179
08/14/2021,Genesee,7,5520,216,157395
08/15/2021,Genesee,8,5528,148,157543
08/16/2021,Genesee,9,5537,273,157816
08/17/2021,Genesee,13,5550,198,158014
08/18/2021,Genesee,9,5559,272,158286
08/19/2021,Genesee,6,5565,433,158719
08/20/2021,Genesee,11,5576,353,159072
08/21/2021,Genesee,9,5585,236,159308
08/22/2021,Genesee,7,5592,155,159463
08/23/2021,Genesee,10,5602,116,159579
08/24/2021,Genesee,21,5623,207,159786
08/25/2021,Genesee,13,5636,215,160001
08/26/2021,Genesee,29,5665,436,160437
08/27/2021,Genesee,20,5685,474,160911
08/28/2021,Genesee,12,5697,273,161184
08/29/2021,Genesee,9,5706,234,161418
08/30/2021,Genesee,7,5713,114,161532
08/31/2021,Genesee,16,5729,252,161784
09/01/2021,Genesee,17,5746,328,162112
09/02/2021,Genesee,8,5754,348,162460
09/03/2021,Genesee,10,5764,409,162869
09/04/2021,Genesee,12,5776,234,163103
09/05/2021,Genesee,10,5786,236,163339
09/06/2021,Genesee,10,5796,167,163506
09/07/2021,Genesee,8,5804,151,163657
09/08/2021,Genesee,15,5819,308,163965
09/09/2021,Genesee,22,5841,399,164364
09/10/2021,Genesee,17,5858,483,164847
09/11/2021,Genesee,21,5879,297,165144
09/12/2021,Genesee,14,5893,216,165360
09/13/2021,Genesee,8,5901,204,165564
09/14/2021,Genesee,3,5904,226,165790
09/15/2021,Genesee,36,5940,333,166123
09/16/2021,Genesee,19,5959,355,166478
09/17/2021,Genesee,24,5983,405,166883
09/18/2021,Genesee,34,6017,361,167244
09/19/2021,Genesee,11,6028,248,167492
09/20/2021,Genesee,17,6045,297,167789
09/21/2021,Genesee,22,6067,261,168050
09/22/2021,Genesee,30,6097,459,168509
09/23/2021,Genesee,50,6147,596,169105
09/24/2021,Genesee,29,6176,475,169580
09/25/2021,Genesee,19,6195,335,169915
09/26/2021,Genesee,33,6228,357,170272
09/27/2021,Genesee,28,6256,317,170589
09/28/2021,Genesee,40,6296,505,171094
09/29/2021,Genesee,27,6323,475,171569
09/30/2021,Genesee,46,6369,703,172272
10/01/2021,Genesee,36,6405,477,172749
10/02/2021,Genesee,26,6431,582,173331
10/03/2021,Genesee,17,6448,256,173587
10/04/2021,Genesee,25,6473,349,173936
10/05/2021,Genesee,54,6527,678,174614
10/06/2021,Genesee,46,6573,459,175073
10/07/2021,Genesee,54,6627,674,175747
10/08/2021,Genesee,25,6652,565,176312
10/09/2021,Genesee,19,6671,277,176589
10/10/2021,Genesee,43,6714,404,176993
10/11/2021,Genesee,14,6728,322,177315
10/12/2021,Genesee,36,6764,455,177770
10/13/2021,Genesee,24,6788,457,178227
10/14/2021,Genesee,44,6832,675,178902
10/15/2021,Genesee,39,6871,642,179544
10/16/2021,Genesee,33,6904,426,179970
10/17/2021,Genesee,29,6933,268,180238
10/18/2021,Genesee,12,6945,455,180693
10/19/2021,Genesee,38,6983,455,181148
10/20/2021,Genesee,30,7013,539,181687
10/21/2021,Genesee,25,7038,490,182177
10/22/2021,Genesee,44,7082,657,182834
10/23/2021,Genesee,16,7098,314,183148
03/01/2020,Greene,0,0,0,0
03/02/2020,Greene,0,0,0,0
03/03/2020,Greene,0,0,0,0
03/04/2020,Greene,0,0,0,0
03/05/2020,Greene,0,0,0,0
03/06/2020,Greene,0,0,0,0
03/07/2020,Greene,0,0,0,0
03/08/2020,Greene,0,0,0,0
03/09/2020,Greene,0,0,0,0
03/10/2020,Greene,0,0,0,0
03/11/2020,Greene,0,0,3,3
03/12/2020,Greene,0,0,0,3
03/13/2020,Greene,0,0,1,4
03/14/2020,Greene,2,2,8,12
03/15/2020,Greene,0,2,3,15
03/16/2020,Greene,0,2,9,24
03/17/2020,Greene,0,2,8,32
03/18/2020,Greene,0,2,16,48
03/19/2020,Greene,0,2,21,69
03/20/2020,Greene,0,2,24,93
03/21/2020,Greene,0,2,23,116
03/22/2020,Greene,2,4,32,148
03/23/2020,Greene,0,4,8,156
03/24/2020,Greene,0,4,3,159
03/25/2020,Greene,1,5,11,170
03/26/2020,Greene,1,6,11,181
03/27/2020,Greene,1,7,6,187
03/28/2020,Greene,0,7,6,193
03/29/2020,Greene,3,10,13,206
03/30/2020,Greene,6,16,15,221
03/31/2020,Greene,2,18,9,230
04/01/2020,Greene,3,21,11,241
04/02/2020,Greene,2,23,16,257
04/03/2020,Greene,1,24,10,267
04/04/2020,Greene,0,24,7,274
04/05/2020,Greene,0,24,12,286
04/06/2020,Greene,0,24,13,299
04/07/2020,Greene,1,25,6,305
04/08/2020,Greene,3,28,29,334
04/09/2020,Greene,6,34,36,370
04/10/2020,Greene,3,37,27,397
04/11/2020,Greene,7,44,40,437
04/12/2020,Greene,1,45,14,451
04/13/2020,Greene,21,66,93,544
04/14/2020,Greene,7,73,25,569
04/15/2020,Greene,1,74,16,585
04/16/2020,Greene,3,77,16,601
04/17/2020,Greene,5,82,28,629
04/18/2020,Greene,3,85,24,653
04/19/2020,Greene,1,86,8,661
04/20/2020,Greene,1,87,16,677
04/21/2020,Greene,0,87,15,692
04/22/2020,Greene,2,89,25,717
04/23/2020,Greene,1,90,31,748
04/24/2020,Greene,17,107,212,960
04/25/2020,Greene,3,110,36,996
04/26/2020,Greene,1,111,25,1021
04/27/2020,Greene,1,112,20,1041
04/28/2020,Greene,2,114,24,1065
04/29/2020,Greene,17,131,59,1124
04/30/2020,Greene,8,139,47,1171
05/01/2020,Greene,3,142,36,1207
05/02/2020,Greene,9,151,32,1239
05/03/2020,Greene,3,154,34,1273
05/04/2020,Greene,12,166,36,1309
05/05/2020,Greene,22,188,84,1393
05/06/2020,Greene,10,198,55,1448
05/07/2020,Greene,1,199,34,1482
05/08/2020,Greene,5,204,45,1527
05/09/2020,Greene,2,206,44,1571
05/10/2020,Greene,0,206,14,1585
05/11/2020,Greene,0,206,28,1613
05/12/2020,Greene,0,206,41,1654
05/13/2020,Greene,1,207,46,1700
05/14/2020,Greene,2,209,64,1764
05/15/2020,Greene,2,211,49,1813
05/16/2020,Greene,1,212,43,1856
05/17/2020,Greene,1,213,33,1889
05/18/2020,Greene,1,214,26,1915
05/19/2020,Greene,1,215,189,2104
05/20/2020,Greene,0,215,44,2148
05/21/2020,Greene,0,215,48,2196
05/22/2020,Greene,2,217,69,2265
05/23/2020,Greene,3,220,55,2320
05/24/2020,Greene,5,225,35,2355
05/25/2020,Greene,0,225,24,2379
05/26/2020,Greene,6,231,108,2487
05/27/2020,Greene,5,236,107,2594
05/28/2020,Greene,1,237,92,2686
05/29/2020,Greene,1,238,110,2796
05/30/2020,Greene,0,238,100,2896
05/31/2020,Greene,1,239,79,2975
06/01/2020,Greene,2,241,119,3094
06/02/2020,Greene,0,241,153,3247
06/03/2020,Greene,0,241,130,3377
06/04/2020,Greene,1,242,134,3511
06/05/2020,Greene,4,246,181,3692
06/06/2020,Greene,0,246,117,3809
06/07/2020,Greene,1,247,42,3851
06/08/2020,Greene,1,248,104,3955
06/09/2020,Greene,1,249,172,4127
06/10/2020,Greene,0,249,88,4215
06/11/2020,Greene,0,249,82,4297
06/12/2020,Greene,1,250,97,4394
06/13/2020,Greene,1,251,128,4522
06/14/2020,Greene,0,251,110,4632
06/15/2020,Greene,1,252,67,4699
06/16/2020,Greene,0,252,196,4895
06/17/2020,Greene,0,252,73,4968
06/18/2020,Greene,2,254,174,5142
06/19/2020,Greene,1,255,54,5196
06/20/2020,Greene,1,256,67,5263
06/21/2020,Greene,0,256,119,5382
06/22/2020,Greene,0,256,110,5492
06/23/2020,Greene,0,256,114,5606
06/24/2020,Greene,1,257,158,5764
06/25/2020,Greene,0,257,126,5890
06/26/2020,Greene,3,260,127,6017
06/27/2020,Greene,0,260,166,6183
06/28/2020,Greene,0,260,58,6241
06/29/2020,Greene,0,260,154,6395
06/30/2020,Greene,0,260,72,6467
07/01/2020,Greene,0,260,195,6662
07/02/2020,Greene,3,263,99,6761
07/03/2020,Greene,0,263,106,6867
07/04/2020,Greene,0,263,156,7023
07/05/2020,Greene,0,263,115,7138
07/06/2020,Greene,0,263,177,7315
07/07/2020,Greene,0,263,151,7466
07/08/2020,Greene,0,263,149,7615
07/09/2020,Greene,1,264,329,7944
07/10/2020,Greene,1,265,143,8087
07/11/2020,Greene,1,266,55,8142
07/12/2020,Greene,0,266,56,8198
07/13/2020,Greene,1,267,104,8302
07/14/2020,Greene,4,271,127,8429
07/15/2020,Greene,0,271,133,8562
07/16/2020,Greene,0,271,219,8781
07/17/2020,Greene,0,271,147,8928
07/18/2020,Greene,1,272,30,8958
07/19/2020,Greene,0,272,51,9009
07/20/2020,Greene,0,272,148,9157
07/21/2020,Greene,0,272,110,9267
07/22/2020,Greene,1,273,80,9347
07/23/2020,Greene,5,278,212,9559
07/24/2020,Greene,1,279,110,9669
07/25/2020,Greene,2,281,59,9728
07/26/2020,Greene,1,282,48,9776
07/27/2020,Greene,1,283,100,9876
07/28/2020,Greene,2,285,78,9954
07/29/2020,Greene,2,287,146,10100
07/30/2020,Greene,2,289,213,10313
07/31/2020,Greene,0,289,189,10502
08/01/2020,Greene,0,289,54,10556
08/02/2020,Greene,0,289,76,10632
08/03/2020,Greene,0,289,132,10764
08/04/2020,Greene,0,289,163,10927
08/05/2020,Greene,1,290,107,11034
08/06/2020,Greene,1,291,149,11183
08/07/2020,Greene,0,291,94,11277
08/08/2020,Greene,1,292,83,11360
08/09/2020,Greene,1,293,61,11421
08/10/2020,Greene,1,294,151,11572
08/11/2020,Greene,1,295,136,11708
08/12/2020,Greene,1,296,89,11797
08/13/2020,Greene,0,296,208,12005
08/14/2020,Greene,1,297,240,12245
08/15/2020,Greene,1,298,133,12378
08/16/2020,Greene,0,298,45,12423
08/17/2020,Greene,2,300,269,12692
08/18/2020,Greene,0,300,235,12927
08/19/2020,Greene,1,301,164,13091
08/20/2020,Greene,3,304,293,13384
08/21/2020,Greene,1,305,137,13521
08/22/2020,Greene,0,305,97,13618
08/23/2020,Greene,0,305,49,13667
08/24/2020,Greene,0,305,101,13768
08/25/2020,Greene,1,306,101,13869
08/26/2020,Greene,0,306,182,14051
08/27/2020,Greene,0,306,241,14292
08/28/2020,Greene,1,307,228,14520
08/29/2020,Greene,0,307,147,14667
08/30/2020,Greene,0,307,85,14752
08/31/2020,Greene,2,309,138,14890
09/01/2020,Greene,1,310,107,14997
09/02/2020,Greene,0,310,186,15183
09/03/2020,Greene,3,313,198,15381
09/04/2020,Greene,0,313,114,15495
09/05/2020,Greene,1,314,105,15600
09/06/2020,Greene,0,314,41,15641
09/07/2020,Greene,2,316,140,15781
09/08/2020,Greene,0,316,123,15904
09/09/2020,Greene,1,317,86,15990
09/10/2020,Greene,0,317,233,16223
09/11/2020,Greene,0,317,136,16359
09/12/2020,Greene,1,318,221,16580
09/13/2020,Greene,0,318,42,16622
09/14/2020,Greene,0,318,127,16749
09/15/2020,Greene,0,318,106,16855
09/16/2020,Greene,1,319,215,17070
09/17/2020,Greene,0,319,200,17270
09/18/2020,Greene,0,319,176,17446
09/19/2020,Greene,0,319,123,17569
09/20/2020,Greene,1,320,56,17625
09/21/2020,Greene,1,321,94,17719
09/22/2020,Greene,0,321,103,17822
09/23/2020,Greene,0,321,184,18006
09/24/2020,Greene,2,323,268,18274
09/25/2020,Greene,0,323,102,18376
09/26/2020,Greene,0,323,114,18490
09/27/2020,Greene,0,323,62,18552
09/28/2020,Greene,0,323,78,18630
09/29/2020,Greene,2,325,181,18811
09/30/2020,Greene,3,328,254,19065
10/01/2020,Greene,6,334,192,19257
10/02/2020,Greene,6,340,205,19462
10/03/2020,Greene,7,347,194,19656
10/04/2020,Greene,1,348,167,19823
10/05/2020,Greene,5,353,128,19951
10/06/2020,Greene,13,366,198,20149
10/07/2020,Greene,6,372,283,20432
10/08/2020,Greene,5,377,266,20698
10/09/2020,Greene,2,379,344,21042
10/10/2020,Greene,4,383,211,21253
10/11/2020,Greene,5,388,188,21441
10/12/2020,Greene,41,429,345,21786
10/13/2020,Greene,17,446,310,22096
10/14/2020,Greene,8,454,385,22481
10/15/2020,Greene,10,464,330,22811
10/16/2020,Greene,1,465,314,23125
10/17/2020,Greene,7,472,176,23301
10/18/2020,Greene,2,474,96,23397
10/19/2020,Greene,3,477,126,23523
10/20/2020,Greene,5,482,203,23726
10/21/2020,Greene,5,487,240,23966
10/22/2020,Greene,1,488,303,24269
10/23/2020,Greene,1,489,287,24556
10/24/2020,Greene,1,490,142,24698
10/25/2020,Greene,5,495,197,24895
10/26/2020,Greene,6,501,274,25169
10/27/2020,Greene,4,505,191,25360
10/28/2020,Greene,2,507,255,25615
10/29/2020,Greene,3,510,169,25784
10/30/2020,Greene,5,515,435,26219
10/31/2020,Greene,1,516,303,26522
11/01/2020,Greene,1,517,256,26778
11/02/2020,Greene,1,518,319,27097
11/03/2020,Greene,5,523,528,27625
11/04/2020,Greene,0,523,193,27818
11/05/2020,Greene,4,527,252,28070
11/06/2020,Greene,25,552,332,28402
11/07/2020,Greene,3,555,128,28530
11/08/2020,Greene,3,558,73,28603
11/09/2020,Greene,5,563,267,28870
11/10/2020,Greene,1,564,208,29078
11/11/2020,Greene,10,574,303,29381
11/12/2020,Greene,4,578,324,29705
11/13/2020,Greene,5,583,226,29931
11/14/2020,Greene,2,585,93,30024
11/15/2020,Greene,2,587,147,30171
11/16/2020,Greene,6,593,245,30416
11/17/2020,Greene,3,596,193,30609
11/18/2020,Greene,4,600,288,30897
11/19/2020,Greene,4,604,140,31037
11/20/2020,Greene,18,622,311,31348
11/21/2020,Greene,4,626,107,31455
11/22/2020,Greene,7,633,387,31842
11/23/2020,Greene,13,646,337,32179
11/24/2020,Greene,9,655,288,32467
11/25/2020,Greene,6,661,155,32622
11/26/2020,Greene,14,675,178,32800
11/27/2020,Greene,10,685,266,33066
11/28/2020,Greene,3,688,128,33194
11/29/2020,Greene,7,695,359,33553
11/30/2020,Greene,15,710,416,33969
12/01/2020,Greene,10,720,217,34186
12/02/2020,Greene,14,734,312,34498
12/03/2020,Greene,24,758,280,34778
12/04/2020,Greene,27,785,404,35182
12/05/2020,Greene,8,793,205,35387
12/06/2020,Greene,9,802,154,35541
12/07/2020,Greene,8,810,262,35803
12/08/2020,Greene,15,825,180,35983
12/09/2020,Greene,7,832,151,36134
12/10/2020,Greene,11,843,263,36397
12/11/2020,Greene,15,858,411,36808
12/12/2020,Greene,12,870,290,37098
12/13/2020,Greene,11,881,206,37304
12/14/2020,Greene,13,894,259,37563
12/15/2020,Greene,20,914,259,37822
12/16/2020,Greene,8,922,341,38163
12/17/2020,Greene,31,953,351,38514
12/18/2020,Greene,16,969,332,38846
12/19/2020,Greene,18,987,257,39103
12/20/2020,Greene,12,999,184,39287
12/21/2020,Greene,17,1016,201,39488
12/22/2020,Greene,15,1031,245,39733
12/23/2020,Greene,31,1062,406,40139
12/24/2020,Greene,53,1115,370,40509
12/25/2020,Greene,19,1134,322,40831
12/26/2020,Greene,20,1154,228,41059
12/27/2020,Greene,34,1188,229,41288
12/28/2020,Greene,26,1214,246,41534
12/29/2020,Greene,46,1260,386,41920
12/30/2020,Greene,62,1322,510,42430
12/31/2020,Greene,61,1383,437,42867
01/01/2021,Greene,48,1431,449,43316
01/02/2021,Greene,31,1462,262,43578
01/03/2021,Greene,29,1491,274,43852
01/04/2021,Greene,44,1535,323,44175
01/05/2021,Greene,49,1584,373,44548
01/06/2021,Greene,40,1624,494,45042
01/07/2021,Greene,50,1674,414,45456
01/08/2021,Greene,45,1719,451,45907
01/09/2021,Greene,22,1741,351,46258
01/10/2021,Greene,41,1782,327,46585
01/11/2021,Greene,53,1835,436,47021
01/12/2021,Greene,20,1855,295,47316
01/13/2021,Greene,18,1873,383,47699
01/14/2021,Greene,56,1929,692,48391
01/15/2021,Greene,35,1964,623,49014
01/16/2021,Greene,31,1995,454,49468
01/17/2021,Greene,30,2025,320,49788
01/18/2021,Greene,33,2058,341,50129
01/19/2021,Greene,20,2078,361,50490
01/20/2021,Greene,19,2097,366,50856
01/21/2021,Greene,43,2140,580,51436
01/22/2021,Greene,38,2178,463,51899
01/23/2021,Greene,24,2202,385,52284
01/24/2021,Greene,18,2220,326,52610
01/25/2021,Greene,13,2233,254,52864
01/26/2021,Greene,17,2250,348,53212
01/27/2021,Greene,30,2280,319,53531
01/28/2021,Greene,34,2314,458,53989
01/29/2021,Greene,28,2342,378,54367
01/30/2021,Greene,14,2356,356,54723
01/31/2021,Greene,13,2369,242,54965
02/01/2021,Greene,8,2377,191,55156
02/02/2021,Greene,9,2386,237,55393
02/03/2021,Greene,20,2406,243,55636
02/04/2021,Greene,16,2422,350,55986
02/05/2021,Greene,20,2442,304,56290
02/06/2021,Greene,15,2457,352,56642
02/07/2021,Greene,7,2464,213,56855
02/08/2021,Greene,5,2469,150,57005
02/09/2021,Greene,10,2479,314,57319
02/10/2021,Greene,14,2493,376,57695
02/11/2021,Greene,7,2500,397,58092
02/12/2021,Greene,13,2513,424,58516
02/13/2021,Greene,13,2526,242,58758
02/14/2021,Greene,7,2533,172,58930
02/15/2021,Greene,6,2539,135,59065
02/16/2021,Greene,9,2548,293,59358
02/17/2021,Greene,7,2555,219,59577
02/18/2021,Greene,11,2566,442,60019
02/19/2021,Greene,7,2573,251,60270
02/20/2021,Greene,9,2582,302,60572
02/21/2021,Greene,2,2584,189,60761
02/22/2021,Greene,5,2589,113,60874
02/23/2021,Greene,9,2598,282,61156
02/24/2021,Greene,11,2609,372,61528
02/25/2021,Greene,13,2622,340,61868
02/26/2021,Greene,9,2631,459,62327
02/27/2021,Greene,7,2638,273,62600
02/28/2021,Greene,10,2648,193,62793
03/01/2021,Greene,2,2650,202,62995
03/02/2021,Greene,20,2670,396,63391
03/03/2021,Greene,12,2682,397,63788
03/04/2021,Greene,11,2693,273,64061
03/05/2021,Greene,7,2700,585,64646
03/06/2021,Greene,9,2709,234,64880
03/07/2021,Greene,4,2713,162,65042
03/08/2021,Greene,3,2716,215,65257
03/09/2021,Greene,6,2722,328,65585
03/10/2021,Greene,4,2726,403,65988
03/11/2021,Greene,37,2763,441,66429
03/12/2021,Greene,10,2773,433,66862
03/13/2021,Greene,8,2781,195,67057
03/14/2021,Greene,3,2784,130,67187
03/15/2021,Greene,2,2786,178,67365
03/16/2021,Greene,10,2796,279,67644
03/17/2021,Greene,10,2806,418,68062
03/18/2021,Greene,16,2822,367,68429
03/19/2021,Greene,13,2835,427,68856
03/20/2021,Greene,12,2847,273,69129
03/21/2021,Greene,8,2855,143,69272
03/22/2021,Greene,10,2865,257,69529
03/23/2021,Greene,19,2884,382,69911
03/24/2021,Greene,12,2896,340,70251
03/25/2021,Greene,10,2906,362,70613
03/26/2021,Greene,14,2920,519,71132
03/27/2021,Greene,14,2934,253,71385
03/28/2021,Greene,10,2944,211,71596
03/29/2021,Greene,6,2950,245,71841
03/30/2021,Greene,12,2962,314,72155
03/31/2021,Greene,14,2976,358,72513
04/01/2021,Greene,10,2986,442,72955
04/02/2021,Greene,13,2999,514,73469
04/03/2021,Greene,10,3009,334,73803
04/04/2021,Greene,5,3014,208,74011
04/05/2021,Greene,2,3016,190,74201
04/06/2021,Greene,9,3025,337,74538
04/07/2021,Greene,4,3029,242,74780
04/08/2021,Greene,8,3037,405,75185
04/09/2021,Greene,13,3050,281,75466
04/10/2021,Greene,11,3061,379,75845
04/11/2021,Greene,5,3066,172,76017
04/12/2021,Greene,11,3077,211,76228
04/13/2021,Greene,4,3081,391,76619
04/14/2021,Greene,13,3094,284,76903
04/15/2021,Greene,12,3106,265,77168
04/16/2021,Greene,12,3118,442,77610
04/17/2021,Greene,8,3126,477,78087
04/18/2021,Greene,13,3139,209,78296
04/19/2021,Greene,15,3154,228,78524
04/20/2021,Greene,2,3156,450,78974
04/21/2021,Greene,27,3183,432,79406
04/22/2021,Greene,6,3189,324,79730
04/23/2021,Greene,9,3198,422,80152
04/24/2021,Greene,3,3201,303,80455
04/25/2021,Greene,4,3205,182,80637
04/26/2021,Greene,2,3207,232,80869
04/27/2021,Greene,10,3217,378,81247
04/28/2021,Greene,14,3231,389,81636
04/29/2021,Greene,7,3238,276,81912
04/30/2021,Greene,17,3255,444,82356
05/01/2021,Greene,11,3266,375,82731
05/02/2021,Greene,2,3268,195,82926
05/03/2021,Greene,3,3271,105,83031
05/04/2021,Greene,8,3279,394,83425
05/05/2021,Greene,8,3287,307,83732
05/06/2021,Greene,10,3297,243,83975
05/07/2021,Greene,14,3311,548,84523
05/08/2021,Greene,10,3321,248,84771
05/09/2021,Greene,6,3327,162,84933
05/10/2021,Greene,7,3334,124,85057
05/11/2021,Greene,15,3349,414,85471
05/12/2021,Greene,5,3354,271,85742
05/13/2021,Greene,6,3360,253,85995
05/14/2021,Greene,5,3365,362,86357
05/15/2021,Greene,4,3369,356,86713
05/16/2021,Greene,1,3370,165,86878
05/17/2021,Greene,0,3370,168,87046
05/18/2021,Greene,7,3377,295,87341
05/19/2021,Greene,1,3378,300,87641
05/20/2021,Greene,3,3381,208,87849
05/21/2021,Greene,1,3382,240,88089
05/22/2021,Greene,1,3383,128,88217
05/23/2021,Greene,3,3386,139,88356
05/24/2021,Greene,0,3386,70,88426
05/25/2021,Greene,2,3388,185,88611
05/26/2021,Greene,3,3391,234,88845
05/27/2021,Greene,3,3394,186,89031
05/28/2021,Greene,1,3395,165,89196
05/29/2021,Greene,2,3397,120,89316
05/30/2021,Greene,1,3398,56,89372
05/31/2021,Greene,0,3398,33,89405
06/01/2021,Greene,0,3398,106,89511
06/02/2021,Greene,0,3398,179,89690
06/03/2021,Greene,2,3400,256,89946
06/04/2021,Greene,1,3401,242,90188
06/05/2021,Greene,0,3401,125,90313
06/06/2021,Greene,1,3402,51,90364
06/07/2021,Greene,0,3402,162,90526
06/08/2021,Greene,0,3402,172,90698
06/09/2021,Greene,0,3402,146,90844
06/10/2021,Greene,0,3402,185,91029
06/11/2021,Greene,0,3402,208,91237
06/12/2021,Greene,0,3402,113,91350
06/13/2021,Greene,1,3403,204,91554
06/14/2021,Greene,0,3403,43,91597
06/15/2021,Greene,0,3403,245,91842
06/16/2021,Greene,0,3403,267,92109
06/17/2021,Greene,0,3403,102,92211
06/18/2021,Greene,2,3405,343,92554
06/19/2021,Greene,0,3405,123,92677
06/20/2021,Greene,0,3405,59,92736
06/21/2021,Greene,0,3405,66,92802
06/22/2021,Greene,0,3405,84,92886
06/23/2021,Greene,1,3406,286,93172
06/24/2021,Greene,0,3406,131,93303
06/25/2021,Greene,0,3406,90,93393
06/26/2021,Greene,0,3406,280,93673
06/27/2021,Greene,0,3406,63,93736
06/28/2021,Greene,0,3406,60,93796
06/29/2021,Greene,0,3406,105,93901
06/30/2021,Greene,0,3406,109,94010
07/01/2021,Greene,0,3406,108,94118
07/02/2021,Greene,0,3406,87,94205
07/03/2021,Greene,0,3406,63,94268
07/04/2021,Greene,0,3406,55,94323
07/05/2021,Greene,0,3406,38,94361
07/06/2021,Greene,2,3408,39,94400
07/07/2021,Greene,0,3408,89,94489
07/08/2021,Greene,2,3410,141,94630
07/09/2021,Greene,2,3412,78,94708
07/10/2021,Greene,0,3412,69,94777
07/11/2021,Greene,2,3414,59,94836
07/12/2021,Greene,3,3417,41,94877
07/13/2021,Greene,0,3417,68,94945
07/14/2021,Greene,5,3422,88,95033
07/15/2021,Greene,1,3423,89,95122
07/16/2021,Greene,2,3425,65,95187
07/17/2021,Greene,2,3427,191,95378
07/18/2021,Greene,1,3428,42,95420
07/19/2021,Greene,1,3429,46,95466
07/20/2021,Greene,5,3434,129,95595
07/21/2021,Greene,1,3435,103,95698
07/22/2021,Greene,13,3448,126,95824
07/23/2021,Greene,4,3452,67,95891
07/24/2021,Greene,1,3453,105,95996
07/25/2021,Greene,3,3456,40,96036
07/26/2021,Greene,5,3461,71,96107
07/27/2021,Greene,5,3466,75,96182
07/28/2021,Greene,1,3467,92,96274
07/29/2021,Greene,1,3468,110,96384
07/30/2021,Greene,2,3470,141,96525
07/31/2021,Greene,2,3472,89,96614
08/01/2021,Greene,0,3472,66,96680
08/02/2021,Greene,3,3475,118,96798
08/03/2021,Greene,6,3481,93,96891
08/04/2021,Greene,2,3483,115,97006
08/05/2021,Greene,9,3492,120,97126
08/06/2021,Greene,8,3500,150,97276
08/07/2021,Greene,1,3501,119,97395
08/08/2021,Greene,7,3508,138,97533
08/09/2021,Greene,3,3511,85,97618
08/10/2021,Greene,10,3521,155,97773
08/11/2021,Greene,7,3528,154,97927
08/12/2021,Greene,11,3539,115,98042
08/13/2021,Greene,4,3543,167,98209
08/14/2021,Greene,4,3547,111,98320
08/15/2021,Greene,6,3553,109,98429
08/16/2021,Greene,8,3561,92,98521
08/17/2021,Greene,3,3564,183,98704
08/18/2021,Greene,4,3568,148,98852
08/19/2021,Greene,8,3576,201,99053
08/20/2021,Greene,12,3588,217,99270
08/21/2021,Greene,10,3598,149,99419
08/22/2021,Greene,3,3601,136,99555
08/23/2021,Greene,8,3609,83,99638
08/24/2021,Greene,9,3618,119,99757
08/25/2021,Greene,9,3627,166,99923
08/26/2021,Greene,18,3645,229,100152
08/27/2021,Greene,11,3656,236,100388
08/28/2021,Greene,14,3670,179,100567
08/29/2021,Greene,6,3676,108,100675
08/30/2021,Greene,12,3688,140,100815
08/31/2021,Greene,7,3695,178,100993
09/01/2021,Greene,19,3714,160,101153
09/02/2021,Greene,7,3721,273,101426
09/03/2021,Greene,11,3732,234,101660
09/04/2021,Greene,9,3741,214,101874
09/05/2021,Greene,12,3753,169,102043
09/06/2021,Greene,8,3761,205,102248
09/07/2021,Greene,10,3771,75,102323
09/08/2021,Greene,20,3791,488,102811
09/09/2021,Greene,11,3802,260,103071
09/10/2021,Greene,14,3816,261,103332
09/11/2021,Greene,10,3826,226,103558
09/12/2021,Greene,7,3833,132,103690
09/13/2021,Greene,6,3839,102,103792
09/14/2021,Greene,13,3852,194,103986
09/15/2021,Greene,14,3866,305,104291
09/16/2021,Greene,10,3876,325,104616
09/17/2021,Greene,21,3897,360,104976
09/18/2021,Greene,22,3919,254,105230
09/19/2021,Greene,5,3924,95,105325
09/20/2021,Greene,14,3938,203,105528
09/21/2021,Greene,15,3953,208,105736
09/22/2021,Greene,19,3972,242,105978
09/23/2021,Greene,26,3998,378,106356
09/24/2021,Greene,14,4012,241,106597
09/25/2021,Greene,12,4024,216,106813
09/26/2021,Greene,12,4036,231,107044
09/27/2021,Greene,21,4057,204,107248
09/28/2021,Greene,21,4078,334,107582
09/29/2021,Greene,11,4089,238,107820
09/30/2021,Greene,26,4115,476,108296
10/01/2021,Greene,15,4130,388,108684
10/02/2021,Greene,13,4143,243,108927
10/03/2021,Greene,9,4152,127,109054
10/04/2021,Greene,19,4171,180,109234
10/05/2021,Greene,17,4188,457,109691
10/06/2021,Greene,17,4205,381,110072
10/07/2021,Greene,19,4224,361,110433
10/08/2021,Greene,21,4245,278,110711
10/09/2021,Greene,8,4253,124,110835
10/10/2021,Greene,10,4263,367,111202
10/11/2021,Greene,5,4268,133,111335
10/12/2021,Greene,12,4280,223,111558
10/13/2021,Greene,23,4303,324,111882
10/14/2021,Greene,16,4319,307,112189
10/15/2021,Greene,11,4330,285,112474
10/16/2021,Greene,12,4342,335,112809
10/17/2021,Greene,9,4351,151,112960
10/18/2021,Greene,2,4353,84,113044
10/19/2021,Greene,18,4371,235,113279
10/20/2021,Greene,14,4385,388,113667
10/21/2021,Greene,16,4401,280,113947
10/22/2021,Greene,9,4410,454,114401
10/23/2021,Greene,10,4420,273,114674
03/01/2020,Hamilton,0,0,0,0
03/02/2020,Hamilton,0,0,0,0
03/03/2020,Hamilton,0,0,0,0
03/04/2020,Hamilton,0,0,0,0
03/05/2020,Hamilton,0,0,0,0
03/06/2020,Hamilton,0,0,0,0
03/07/2020,Hamilton,0,0,0,0
03/08/2020,Hamilton,0,0,0,0
03/09/2020,Hamilton,0,0,0,0
03/10/2020,Hamilton,0,0,0,0
03/11/2020,Hamilton,0,0,0,0
03/12/2020,Hamilton,0,0,0,0
03/13/2020,Hamilton,0,0,0,0
03/14/2020,Hamilton,0,0,0,0
03/15/2020,Hamilton,0,0,0,0
03/16/2020,Hamilton,0,0,0,0
03/17/2020,Hamilton,1,1,2,2
03/18/2020,Hamilton,1,2,8,10
03/19/2020,Hamilton,0,2,0,10
03/20/2020,Hamilton,0,2,1,11
03/21/2020,Hamilton,0,2,0,11
03/22/2020,Hamilton,0,2,0,11
03/23/2020,Hamilton,0,2,2,13
03/24/2020,Hamilton,0,2,1,14
03/25/2020,Hamilton,0,2,0,14
03/26/2020,Hamilton,0,2,0,14
03/27/2020,Hamilton,0,2,0,14
03/28/2020,Hamilton,0,2,0,14
03/29/2020,Hamilton,0,2,0,14
03/30/2020,Hamilton,0,2,0,14
03/31/2020,Hamilton,0,2,0,14
04/01/2020,Hamilton,0,2,3,17
04/02/2020,Hamilton,0,2,0,17
04/03/2020,Hamilton,0,2,0,17
04/04/2020,Hamilton,0,2,0,17
04/05/2020,Hamilton,0,2,0,17
04/06/2020,Hamilton,0,2,0,17
04/07/2020,Hamilton,0,2,0,17
04/08/2020,Hamilton,1,3,1,18
04/09/2020,Hamilton,0,3,0,18
04/10/2020,Hamilton,0,3,1,19
04/11/2020,Hamilton,0,3,0,19
04/12/2020,Hamilton,0,3,1,20
04/13/2020,Hamilton,0,3,0,20
04/14/2020,Hamilton,0,3,0,20
04/15/2020,Hamilton,0,3,0,20
04/16/2020,Hamilton,0,3,6,26
04/17/2020,Hamilton,0,3,1,27
04/18/2020,Hamilton,0,3,1,28
04/19/2020,Hamilton,0,3,0,28
04/20/2020,Hamilton,0,3,0,28
04/21/2020,Hamilton,0,3,1,29
04/22/2020,Hamilton,0,3,0,29
04/23/2020,Hamilton,0,3,0,29
04/24/2020,Hamilton,0,3,3,32
04/25/2020,Hamilton,0,3,1,33
04/26/2020,Hamilton,0,3,2,35
04/27/2020,Hamilton,0,3,1,36
04/28/2020,Hamilton,0,3,2,38
04/29/2020,Hamilton,0,3,0,38
04/30/2020,Hamilton,0,3,2,40
05/01/2020,Hamilton,0,3,3,43
05/02/2020,Hamilton,0,3,1,44
05/03/2020,Hamilton,0,3,2,46
05/04/2020,Hamilton,0,3,1,47
05/05/2020,Hamilton,2,5,6,53
05/06/2020,Hamilton,0,5,0,53
05/07/2020,Hamilton,0,5,4,57
05/08/2020,Hamilton,0,5,3,60
05/09/2020,Hamilton,0,5,1,61
05/10/2020,Hamilton,0,5,0,61
05/11/2020,Hamilton,0,5,0,61
05/12/2020,Hamilton,0,5,6,67
05/13/2020,Hamilton,0,5,45,112
05/14/2020,Hamilton,0,5,10,122
05/15/2020,Hamilton,0,5,34,156
05/16/2020,Hamilton,0,5,139,295
05/17/2020,Hamilton,0,5,35,330
05/18/2020,Hamilton,0,5,2,332
05/19/2020,Hamilton,0,5,10,342
05/20/2020,Hamilton,0,5,12,354
05/21/2020,Hamilton,0,5,8,362
05/22/2020,Hamilton,0,5,38,400
05/23/2020,Hamilton,0,5,3,403
05/24/2020,Hamilton,0,5,3,406
05/25/2020,Hamilton,0,5,5,411
05/26/2020,Hamilton,0,5,1,412
05/27/2020,Hamilton,0,5,3,415
05/28/2020,Hamilton,0,5,4,419
05/29/2020,Hamilton,0,5,3,422
05/30/2020,Hamilton,0,5,22,444
05/31/2020,Hamilton,0,5,5,449
06/01/2020,Hamilton,0,5,1,450
06/02/2020,Hamilton,0,5,2,452
06/03/2020,Hamilton,0,5,74,526
06/04/2020,Hamilton,0,5,8,534
06/05/2020,Hamilton,0,5,7,541
06/06/2020,Hamilton,0,5,38,579
06/07/2020,Hamilton,0,5,8,587
06/08/2020,Hamilton,0,5,4,591
06/09/2020,Hamilton,0,5,7,598
06/10/2020,Hamilton,0,5,5,603
06/11/2020,Hamilton,0,5,13,616
06/12/2020,Hamilton,0,5,6,622
06/13/2020,Hamilton,1,6,27,649
06/14/2020,Hamilton,0,6,12,661
06/15/2020,Hamilton,0,6,1,662
06/16/2020,Hamilton,0,6,6,668
06/17/2020,Hamilton,0,6,12,680
06/18/2020,Hamilton,0,6,6,686
06/19/2020,Hamilton,0,6,4,690
06/20/2020,Hamilton,0,6,57,747
06/21/2020,Hamilton,0,6,8,755
06/22/2020,Hamilton,0,6,1,756
06/23/2020,Hamilton,0,6,7,763
06/24/2020,Hamilton,0,6,10,773
06/25/2020,Hamilton,0,6,2,775
06/26/2020,Hamilton,0,6,3,778
06/27/2020,Hamilton,0,6,35,813
06/28/2020,Hamilton,0,6,5,818
06/29/2020,Hamilton,0,6,6,824
06/30/2020,Hamilton,0,6,2,826
07/01/2020,Hamilton,0,6,10,836
07/02/2020,Hamilton,0,6,13,849
07/03/2020,Hamilton,0,6,52,901
07/04/2020,Hamilton,0,6,9,910
07/05/2020,Hamilton,0,6,8,918
07/06/2020,Hamilton,0,6,1,919
07/07/2020,Hamilton,0,6,5,924
07/08/2020,Hamilton,0,6,3,927
07/09/2020,Hamilton,0,6,11,938
07/10/2020,Hamilton,0,6,9,947
07/11/2020,Hamilton,0,6,3,950
07/12/2020,Hamilton,0,6,10,960
07/13/2020,Hamilton,0,6,16,976
07/14/2020,Hamilton,0,6,85,1061
07/15/2020,Hamilton,0,6,8,1069
07/16/2020,Hamilton,0,6,10,1079
07/17/2020,Hamilton,0,6,9,1088
07/18/2020,Hamilton,0,6,42,1130
07/19/2020,Hamilton,0,6,3,1133
07/20/2020,Hamilton,0,6,6,1139
07/21/2020,Hamilton,0,6,6,1145
07/22/2020,Hamilton,0,6,9,1154
07/23/2020,Hamilton,1,7,23,1177
07/24/2020,Hamilton,0,7,11,1188
07/25/2020,Hamilton,0,7,32,1220
07/26/2020,Hamilton,0,7,37,1257
07/27/2020,Hamilton,0,7,10,1267
07/28/2020,Hamilton,0,7,2,1269
07/29/2020,Hamilton,0,7,4,1273
07/30/2020,Hamilton,0,7,8,1281
07/31/2020,Hamilton,0,7,9,1290
08/01/2020,Hamilton,0,7,8,1298
08/02/2020,Hamilton,0,7,13,1311
08/03/2020,Hamilton,0,7,56,1367
08/04/2020,Hamilton,0,7,17,1384
08/05/2020,Hamilton,1,8,16,1400
08/06/2020,Hamilton,0,8,7,1407
08/07/2020,Hamilton,0,8,7,1414
08/08/2020,Hamilton,0,8,43,1457
08/09/2020,Hamilton,0,8,2,1459
08/10/2020,Hamilton,0,8,5,1464
08/11/2020,Hamilton,0,8,3,1467
08/12/2020,Hamilton,0,8,8,1475
08/13/2020,Hamilton,0,8,17,1492
08/14/2020,Hamilton,0,8,6,1498
08/15/2020,Hamilton,3,11,42,1540
08/16/2020,Hamilton,0,11,1,1541
08/17/2020,Hamilton,0,11,6,1547
08/18/2020,Hamilton,0,11,8,1555
08/19/2020,Hamilton,1,12,46,1601
08/20/2020,Hamilton,0,12,6,1607
08/21/2020,Hamilton,0,12,12,1619
08/22/2020,Hamilton,0,12,10,1629
08/23/2020,Hamilton,0,12,7,1636
08/24/2020,Hamilton,1,13,14,1650
08/25/2020,Hamilton,0,13,6,1656
08/26/2020,Hamilton,0,13,21,1677
08/27/2020,Hamilton,1,14,45,1722
08/28/2020,Hamilton,0,14,19,1741
08/29/2020,Hamilton,0,14,5,1746
08/30/2020,Hamilton,0,14,7,1753
08/31/2020,Hamilton,0,14,9,1762
09/01/2020,Hamilton,0,14,7,1769
09/02/2020,Hamilton,0,14,12,1781
09/03/2020,Hamilton,0,14,33,1814
09/04/2020,Hamilton,0,14,32,1846
09/05/2020,Hamilton,0,14,15,1861
09/06/2020,Hamilton,0,14,6,1867
09/07/2020,Hamilton,0,14,9,1876
09/08/2020,Hamilton,0,14,7,1883
09/09/2020,Hamilton,0,14,8,1891
09/10/2020,Hamilton,0,14,52,1943
09/11/2020,Hamilton,0,14,14,1957
09/12/2020,Hamilton,0,14,7,1964
09/13/2020,Hamilton,0,14,3,1967
09/14/2020,Hamilton,0,14,8,1975
09/15/2020,Hamilton,0,14,5,1980
09/16/2020,Hamilton,0,14,1,1981
09/17/2020,Hamilton,0,14,10,1991
09/18/2020,Hamilton,1,15,40,2031
09/19/2020,Hamilton,0,15,11,2042
09/20/2020,Hamilton,0,15,5,2047
09/21/2020,Hamilton,0,15,13,2060
09/22/2020,Hamilton,0,15,17,2077
09/23/2020,Hamilton,0,15,9,2086
09/24/2020,Hamilton,0,15,41,2127
09/25/2020,Hamilton,0,15,12,2139
09/26/2020,Hamilton,0,15,13,2152
09/27/2020,Hamilton,0,15,5,2157
09/28/2020,Hamilton,0,15,7,2164
09/29/2020,Hamilton,0,15,9,2173
09/30/2020,Hamilton,0,15,9,2182
10/01/2020,Hamilton,0,15,10,2192
10/02/2020,Hamilton,0,15,43,2235
10/03/2020,Hamilton,0,15,12,2247
10/04/2020,Hamilton,0,15,5,2252
10/05/2020,Hamilton,0,15,9,2261
10/06/2020,Hamilton,0,15,12,2273
10/07/2020,Hamilton,0,15,8,2281
10/08/2020,Hamilton,0,15,25,2306
10/09/2020,Hamilton,0,15,25,2331
10/10/2020,Hamilton,0,15,8,2339
10/11/2020,Hamilton,0,15,10,2349
10/12/2020,Hamilton,1,16,14,2363
10/13/2020,Hamilton,0,16,68,2431
10/14/2020,Hamilton,0,16,23,2454
10/15/2020,Hamilton,0,16,24,2478
10/16/2020,Hamilton,0,16,23,2501
10/17/2020,Hamilton,0,16,14,2515
10/18/2020,Hamilton,0,16,19,2534
10/19/2020,Hamilton,0,16,7,2541
10/20/2020,Hamilton,0,16,12,2553
10/21/2020,Hamilton,0,16,23,2576
10/22/2020,Hamilton,0,16,16,2592
10/23/2020,Hamilton,0,16,14,2606
10/24/2020,Hamilton,0,16,5,2611
10/25/2020,Hamilton,0,16,6,2617
10/26/2020,Hamilton,0,16,10,2627
10/27/2020,Hamilton,1,17,18,2645
10/28/2020,Hamilton,0,17,6,2651
10/29/2020,Hamilton,1,18,37,2688
10/30/2020,Hamilton,0,18,33,2721
10/31/2020,Hamilton,1,19,19,2740
11/01/2020,Hamilton,0,19,10,2750
11/02/2020,Hamilton,0,19,18,2768
11/03/2020,Hamilton,0,19,15,2783
11/04/2020,Hamilton,0,19,23,2806
11/05/2020,Hamilton,0,19,34,2840
11/06/2020,Hamilton,0,19,33,2873
11/07/2020,Hamilton,0,19,16,2889
11/08/2020,Hamilton,1,20,18,2907
11/09/2020,Hamilton,0,20,16,2923
11/10/2020,Hamilton,0,20,18,2941
11/11/2020,Hamilton,0,20,29,2970
11/12/2020,Hamilton,2,22,42,3012
11/13/2020,Hamilton,3,25,67,3079
11/14/2020,Hamilton,1,26,15,3094
11/15/2020,Hamilton,0,26,9,3103
11/16/2020,Hamilton,0,26,20,3123
11/17/2020,Hamilton,5,31,90,3213
11/18/2020,Hamilton,4,35,76,3289
11/19/2020,Hamilton,0,35,67,3356
11/20/2020,Hamilton,1,36,17,3373
11/21/2020,Hamilton,1,37,88,3461
11/22/2020,Hamilton,2,39,24,3485
11/23/2020,Hamilton,1,40,26,3511
11/24/2020,Hamilton,1,41,66,3577
11/25/2020,Hamilton,1,42,80,3657
11/26/2020,Hamilton,0,42,116,3773
11/27/2020,Hamilton,2,44,24,3797
11/28/2020,Hamilton,1,45,53,3850
11/29/2020,Hamilton,1,46,18,3868
11/30/2020,Hamilton,1,47,25,3893
12/01/2020,Hamilton,2,49,49,3942
12/02/2020,Hamilton,7,56,116,4058
12/03/2020,Hamilton,0,56,122,4180
12/04/2020,Hamilton,4,60,146,4326
12/05/2020,Hamilton,0,60,61,4387
12/06/2020,Hamilton,0,60,18,4405
12/07/2020,Hamilton,0,60,25,4430
12/08/2020,Hamilton,3,63,73,4503
12/09/2020,Hamilton,2,65,109,4612
12/10/2020,Hamilton,3,68,92,4704
12/11/2020,Hamilton,0,68,21,4725
12/12/2020,Hamilton,0,68,44,4769
12/13/2020,Hamilton,0,68,24,4793
12/14/2020,Hamilton,2,70,27,4820
12/15/2020,Hamilton,3,73,15,4835
12/16/2020,Hamilton,2,75,39,4874
12/17/2020,Hamilton,2,77,114,4988
12/18/2020,Hamilton,4,81,77,5065
12/19/2020,Hamilton,1,82,89,5154
12/20/2020,Hamilton,3,85,14,5168
12/21/2020,Hamilton,2,87,23,5191
12/22/2020,Hamilton,3,90,47,5238
12/23/2020,Hamilton,7,97,141,5379
12/24/2020,Hamilton,0,97,80,5459
12/25/2020,Hamilton,1,98,10,5469
12/26/2020,Hamilton,0,98,12,5481
12/27/2020,Hamilton,1,99,9,5490
12/28/2020,Hamilton,0,99,27,5517
12/29/2020,Hamilton,1,100,37,5554
12/30/2020,Hamilton,2,102,55,5609
12/31/2020,Hamilton,10,112,137,5746
01/01/2021,Hamilton,3,115,11,5757
01/02/2021,Hamilton,4,119,82,5839
01/03/2021,Hamilton,1,120,10,5849
01/04/2021,Hamilton,1,121,18,5867
01/05/2021,Hamilton,1,122,27,5894
01/06/2021,Hamilton,2,124,29,5923
01/07/2021,Hamilton,4,128,77,6000
01/08/2021,Hamilton,1,129,24,6024
01/09/2021,Hamilton,3,132,25,6049
01/10/2021,Hamilton,1,133,38,6087
01/11/2021,Hamilton,7,140,50,6137
01/12/2021,Hamilton,1,141,19,6156
01/13/2021,Hamilton,2,143,18,6174
01/14/2021,Hamilton,0,143,91,6265
01/15/2021,Hamilton,2,145,52,6317
01/16/2021,Hamilton,0,145,15,6332
01/17/2021,Hamilton,1,146,9,6341
01/18/2021,Hamilton,0,146,17,6358
01/19/2021,Hamilton,1,147,18,6376
01/20/2021,Hamilton,3,150,23,6399
01/21/2021,Hamilton,11,161,53,6452
01/22/2021,Hamilton,0,161,26,6478
01/23/2021,Hamilton,5,166,73,6551
01/24/2021,Hamilton,0,166,32,6583
01/25/2021,Hamilton,5,171,29,6612
01/26/2021,Hamilton,1,172,34,6646
01/27/2021,Hamilton,22,194,79,6725
01/28/2021,Hamilton,1,195,36,6761
01/29/2021,Hamilton,19,214,125,6886
01/30/2021,Hamilton,0,214,30,6916
01/31/2021,Hamilton,2,216,29,6945
02/01/2021,Hamilton,4,220,43,6988
02/02/2021,Hamilton,1,221,83,7071
02/03/2021,Hamilton,16,237,85,7156
02/04/2021,Hamilton,9,246,108,7264
02/05/2021,Hamilton,4,250,28,7292
02/06/2021,Hamilton,1,251,22,7314
02/07/2021,Hamilton,0,251,9,7323
02/08/2021,Hamilton,3,254,32,7355
02/09/2021,Hamilton,7,261,29,7384
02/10/2021,Hamilton,0,261,19,7403
02/11/2021,Hamilton,3,264,51,7454
02/12/2021,Hamilton,5,269,44,7498
02/13/2021,Hamilton,0,269,13,7511
02/14/2021,Hamilton,1,270,10,7521
02/15/2021,Hamilton,1,271,27,7548
02/16/2021,Hamilton,2,273,21,7569
02/17/2021,Hamilton,2,275,42,7611
02/18/2021,Hamilton,0,275,29,7640
02/19/2021,Hamilton,1,276,74,7714
02/20/2021,Hamilton,0,276,19,7733
02/21/2021,Hamilton,0,276,7,7740
02/22/2021,Hamilton,1,277,24,7764
02/23/2021,Hamilton,0,277,20,7784
02/24/2021,Hamilton,2,279,19,7803
02/25/2021,Hamilton,2,281,19,7822
02/26/2021,Hamilton,1,282,52,7874
02/27/2021,Hamilton,2,284,16,7890
02/28/2021,Hamilton,0,284,14,7904
03/01/2021,Hamilton,1,285,9,7913
03/02/2021,Hamilton,0,285,30,7943
03/03/2021,Hamilton,0,285,20,7963
03/04/2021,Hamilton,0,285,35,7998
03/05/2021,Hamilton,0,285,38,8036
03/06/2021,Hamilton,1,286,15,8051
03/07/2021,Hamilton,0,286,14,8065
03/08/2021,Hamilton,0,286,28,8093
03/09/2021,Hamilton,0,286,12,8105
03/10/2021,Hamilton,1,287,16,8121
03/11/2021,Hamilton,1,288,39,8160
03/12/2021,Hamilton,0,288,27,8187
03/13/2021,Hamilton,0,288,19,8206
03/14/2021,Hamilton,2,290,22,8228
03/15/2021,Hamilton,0,290,15,8243
03/16/2021,Hamilton,0,290,21,8264
03/17/2021,Hamilton,0,290,22,8286
03/18/2021,Hamilton,0,290,18,8304
03/19/2021,Hamilton,0,290,15,8319
03/20/2021,Hamilton,0,290,15,8334
03/21/2021,Hamilton,1,291,12,8346
03/22/2021,Hamilton,0,291,36,8382
03/23/2021,Hamilton,0,291,21,8403
03/24/2021,Hamilton,1,292,20,8423
03/25/2021,Hamilton,0,292,28,8451
03/26/2021,Hamilton,0,292,25,8476
03/27/2021,Hamilton,0,292,19,8495
03/28/2021,Hamilton,1,293,19,8514
03/29/2021,Hamilton,0,293,13,8527
03/30/2021,Hamilton,1,294,41,8568
03/31/2021,Hamilton,0,294,42,8610
04/01/2021,Hamilton,0,294,28,8638
04/02/2021,Hamilton,0,294,17,8655
04/03/2021,Hamilton,0,294,27,8682
04/04/2021,Hamilton,0,294,6,8688
04/05/2021,Hamilton,0,294,10,8698
04/06/2021,Hamilton,0,294,11,8709
04/07/2021,Hamilton,0,294,23,8732
04/08/2021,Hamilton,0,294,28,8760
04/09/2021,Hamilton,2,296,19,8779
04/10/2021,Hamilton,0,296,16,8795
04/11/2021,Hamilton,0,296,10,8805
04/12/2021,Hamilton,2,298,56,8861
04/13/2021,Hamilton,2,300,20,8881
04/14/2021,Hamilton,1,301,28,8909
04/15/2021,Hamilton,0,301,47,8956
04/16/2021,Hamilton,0,301,25,8981
04/17/2021,Hamilton,0,301,19,9000
04/18/2021,Hamilton,0,301,22,9022
04/19/2021,Hamilton,0,301,22,9044
04/20/2021,Hamilton,0,301,16,9060
04/21/2021,Hamilton,0,301,23,9083
04/22/2021,Hamilton,0,301,19,9102
04/23/2021,Hamilton,1,302,22,9124
04/24/2021,Hamilton,0,302,19,9143
04/25/2021,Hamilton,1,303,26,9169
04/26/2021,Hamilton,0,303,17,9186
04/27/2021,Hamilton,0,303,22,9208
04/28/2021,Hamilton,0,303,25,9233
04/29/2021,Hamilton,0,303,36,9269
04/30/2021,Hamilton,0,303,24,9293
05/01/2021,Hamilton,0,303,25,9318
05/02/2021,Hamilton,0,303,18,9336
05/03/2021,Hamilton,0,303,15,9351
05/04/2021,Hamilton,1,304,23,9374
05/05/2021,Hamilton,0,304,30,9404
05/06/2021,Hamilton,0,304,30,9434
05/07/2021,Hamilton,0,304,21,9455
05/08/2021,Hamilton,1,305,17,9472
05/09/2021,Hamilton,0,305,10,9482
05/10/2021,Hamilton,0,305,8,9490
05/11/2021,Hamilton,0,305,25,9515
05/12/2021,Hamilton,2,307,25,9540
05/13/2021,Hamilton,0,307,18,9558
05/14/2021,Hamilton,0,307,20,9578
05/15/2021,Hamilton,0,307,8,9586
05/16/2021,Hamilton,0,307,8,9594
05/17/2021,Hamilton,3,310,13,9607
05/18/2021,Hamilton,2,312,19,9626
05/19/2021,Hamilton,1,313,19,9645
05/20/2021,Hamilton,0,313,10,9655
05/21/2021,Hamilton,0,313,13,9668
05/22/2021,Hamilton,0,313,9,9677
05/23/2021,Hamilton,0,313,11,9688
05/24/2021,Hamilton,0,313,4,9692
05/25/2021,Hamilton,0,313,8,9700
05/26/2021,Hamilton,0,313,27,9727
05/27/2021,Hamilton,0,313,17,9744
05/28/2021,Hamilton,0,313,11,9755
05/29/2021,Hamilton,0,313,13,9768
05/30/2021,Hamilton,0,313,4,9772
05/31/2021,Hamilton,0,313,3,9775
06/01/2021,Hamilton,0,313,6,9781
06/02/2021,Hamilton,0,313,17,9798
06/03/2021,Hamilton,0,313,21,9819
06/04/2021,Hamilton,0,313,29,9848
06/05/2021,Hamilton,0,313,18,9866
06/06/2021,Hamilton,0,313,3,9869
06/07/2021,Hamilton,0,313,16,9885
06/08/2021,Hamilton,0,313,1,9886
06/09/2021,Hamilton,0,313,18,9904
06/10/2021,Hamilton,0,313,18,9922
06/11/2021,Hamilton,0,313,20,9942
06/12/2021,Hamilton,0,313,6,9948
06/13/2021,Hamilton,0,313,9,9957
06/14/2021,Hamilton,0,313,10,9967
06/15/2021,Hamilton,0,313,11,9978
06/16/2021,Hamilton,0,313,7,9985
06/17/2021,Hamilton,0,313,10,9995
06/18/2021,Hamilton,0,313,9,10004
06/19/2021,Hamilton,0,313,26,10030
06/20/2021,Hamilton,0,313,2,10032
06/21/2021,Hamilton,0,313,6,10038
06/22/2021,Hamilton,2,315,84,10122
06/23/2021,Hamilton,0,315,26,10148
06/24/2021,Hamilton,0,315,21,10169
06/25/2021,Hamilton,0,315,14,10183
06/26/2021,Hamilton,0,315,4,10187
06/27/2021,Hamilton,1,316,6,10193
06/28/2021,Hamilton,0,316,6,10199
06/29/2021,Hamilton,0,316,7,10206
06/30/2021,Hamilton,0,316,7,10213
07/01/2021,Hamilton,0,316,5,10218
07/02/2021,Hamilton,0,316,10,10228
07/03/2021,Hamilton,0,316,4,10232
07/04/2021,Hamilton,0,316,5,10237
07/05/2021,Hamilton,0,316,2,10239
07/06/2021,Hamilton,0,316,5,10244
07/07/2021,Hamilton,0,316,14,10258
07/08/2021,Hamilton,0,316,16,10274
07/09/2021,Hamilton,0,316,20,10294
07/10/2021,Hamilton,0,316,3,10297
07/11/2021,Hamilton,0,316,5,10302
07/12/2021,Hamilton,0,316,3,10305
07/13/2021,Hamilton,0,316,11,10316
07/14/2021,Hamilton,0,316,16,10332
07/15/2021,Hamilton,0,316,13,10345
07/16/2021,Hamilton,0,316,9,10354
07/17/2021,Hamilton,0,316,8,10362
07/18/2021,Hamilton,0,316,7,10369
07/19/2021,Hamilton,0,316,4,10373
07/20/2021,Hamilton,0,316,9,10382
07/21/2021,Hamilton,0,316,10,10392
07/22/2021,Hamilton,0,316,15,10407
07/23/2021,Hamilton,0,316,8,10415
07/24/2021,Hamilton,0,316,14,10429
07/25/2021,Hamilton,0,316,8,10437
07/26/2021,Hamilton,0,316,2,10439
07/27/2021,Hamilton,2,318,7,10446
07/28/2021,Hamilton,0,318,27,10473
07/29/2021,Hamilton,0,318,10,10483
07/30/2021,Hamilton,0,318,19,10502
07/31/2021,Hamilton,0,318,7,10509
08/01/2021,Hamilton,0,318,5,10514
08/02/2021,Hamilton,0,318,12,10526
08/03/2021,Hamilton,1,319,8,10534
08/04/2021,Hamilton,1,320,44,10578
08/05/2021,Hamilton,5,325,35,10613
08/06/2021,Hamilton,2,327,27,10640
08/07/2021,Hamilton,0,327,16,10656
08/08/2021,Hamilton,1,328,8,10664
08/09/2021,Hamilton,3,331,24,10688
08/10/2021,Hamilton,1,332,15,10703
08/11/2021,Hamilton,0,332,28,10731
08/12/2021,Hamilton,0,332,37,10768
08/13/2021,Hamilton,3,335,28,10796
08/14/2021,Hamilton,0,335,19,10815
08/15/2021,Hamilton,0,335,12,10827
08/16/2021,Hamilton,0,335,19,10846
08/17/2021,Hamilton,3,338,12,10858
08/18/2021,Hamilton,3,341,70,10928
08/19/2021,Hamilton,2,343,36,10964
08/20/2021,Hamilton,3,346,67,11031
08/21/2021,Hamilton,4,350,26,11057
08/22/2021,Hamilton,1,351,20,11077
08/23/2021,Hamilton,3,354,19,11096
08/24/2021,Hamilton,0,354,20,11116
08/25/2021,Hamilton,0,354,20,11136
08/26/2021,Hamilton,1,355,33,11169
08/27/2021,Hamilton,3,358,41,11210
08/28/2021,Hamilton,0,358,20,11230
08/29/2021,Hamilton,0,358,12,11242
08/30/2021,Hamilton,0,358,20,11262
08/31/2021,Hamilton,3,361,27,11289
09/01/2021,Hamilton,3,364,22,11311
09/02/2021,Hamilton,0,364,18,11329
09/03/2021,Hamilton,4,368,83,11412
09/04/2021,Hamilton,2,370,11,11423
09/05/2021,Hamilton,0,370,14,11437
09/06/2021,Hamilton,12,382,24,11461
09/07/2021,Hamilton,2,384,72,11533
09/08/2021,Hamilton,7,391,33,11566
09/09/2021,Hamilton,4,395,46,11612
09/10/2021,Hamilton,1,396,25,11637
09/11/2021,Hamilton,0,396,18,11655
09/12/2021,Hamilton,0,396,9,11664
09/13/2021,Hamilton,2,398,38,11702
09/14/2021,Hamilton,3,401,45,11747
09/15/2021,Hamilton,2,403,31,11778
09/16/2021,Hamilton,1,404,41,11819
09/17/2021,Hamilton,3,407,40,11859
09/18/2021,Hamilton,0,407,26,11885
09/19/2021,Hamilton,0,407,19,11904
09/20/2021,Hamilton,0,407,23,11927
09/21/2021,Hamilton,1,408,45,11972
09/22/2021,Hamilton,0,408,32,12004
09/23/2021,Hamilton,0,408,30,12034
09/24/2021,Hamilton,1,409,19,12053
09/25/2021,Hamilton,0,409,20,12073
09/26/2021,Hamilton,0,409,13,12086
09/27/2021,Hamilton,3,412,14,12100
09/28/2021,Hamilton,2,414,37,12137
09/29/2021,Hamilton,0,414,43,12180
09/30/2021,Hamilton,0,414,41,12221
10/01/2021,Hamilton,0,414,51,12272
10/02/2021,Hamilton,1,415,19,12291
10/03/2021,Hamilton,0,415,12,12303
10/04/2021,Hamilton,3,418,43,12346
10/05/2021,Hamilton,4,422,57,12403
10/06/2021,Hamilton,2,424,50,12453
10/07/2021,Hamilton,0,424,71,12524
10/08/2021,Hamilton,1,425,47,12571
10/09/2021,Hamilton,1,426,11,12582
10/10/2021,Hamilton,0,426,17,12599
10/11/2021,Hamilton,1,427,15,12614
10/12/2021,Hamilton,2,429,17,12631
10/13/2021,Hamilton,1,430,30,12661
10/14/2021,Hamilton,0,430,22,12683
10/15/2021,Hamilton,4,434,50,12733
10/16/2021,Hamilton,0,434,58,12791
10/17/2021,Hamilton,0,434,15,12806
10/18/2021,Hamilton,1,435,14,12820
10/19/2021,Hamilton,1,436,24,12844
10/20/2021,Hamilton,2,438,41,12885
10/21/2021,Hamilton,0,438,27,12912
10/22/2021,Hamilton,1,439,52,12964
10/23/2021,Hamilton,0,439,17,12981
03/01/2020,Herkimer,0,0,0,0
03/02/2020,Herkimer,0,0,0,0
03/03/2020,Herkimer,0,0,0,0
03/04/2020,Herkimer,0,0,0,0
03/05/2020,Herkimer,0,0,0,0
03/06/2020,Herkimer,0,0,0,0
03/07/2020,Herkimer,0,0,0,0
03/08/2020,Herkimer,0,0,0,0
03/09/2020,Herkimer,0,0,0,0
03/10/2020,Herkimer,0,0,0,0
03/11/2020,Herkimer,0,0,0,0
03/12/2020,Herkimer,1,1,1,1
03/13/2020,Herkimer,0,1,0,1
03/14/2020,Herkimer,0,1,1,2
03/15/2020,Herkimer,0,1,0,2
03/16/2020,Herkimer,0,1,0,2
03/17/2020,Herkimer,0,1,0,2
03/18/2020,Herkimer,0,1,1,3
03/19/2020,Herkimer,1,2,1,4
03/20/2020,Herkimer,1,3,5,9
03/21/2020,Herkimer,1,4,10,19
03/22/2020,Herkimer,0,4,6,25
03/23/2020,Herkimer,0,4,3,28
03/24/2020,Herkimer,1,5,5,33
03/25/2020,Herkimer,2,7,6,39
03/26/2020,Herkimer,2,9,9,48
03/27/2020,Herkimer,0,9,8,56
03/28/2020,Herkimer,1,10,14,70
03/29/2020,Herkimer,2,12,8,78
03/30/2020,Herkimer,0,12,1,79
03/31/2020,Herkimer,0,12,4,83
04/01/2020,Herkimer,2,14,9,92
04/02/2020,Herkimer,0,14,19,111
04/03/2020,Herkimer,4,18,27,138
04/04/2020,Herkimer,4,22,46,184
04/05/2020,Herkimer,3,25,23,207
04/06/2020,Herkimer,2,27,19,226
04/07/2020,Herkimer,2,29,19,245
04/08/2020,Herkimer,3,32,44,289
04/09/2020,Herkimer,4,36,23,312
04/10/2020,Herkimer,1,37,12,324
04/11/2020,Herkimer,0,37,11,335
04/12/2020,Herkimer,1,38,29,364
04/13/2020,Herkimer,1,39,26,390
04/14/2020,Herkimer,1,40,9,399
04/15/2020,Herkimer,3,43,23,422
04/16/2020,Herkimer,3,46,30,452
04/17/2020,Herkimer,1,47,18,470
04/18/2020,Herkimer,2,49,20,490
04/19/2020,Herkimer,0,49,23,513
04/20/2020,Herkimer,1,50,7,520
04/21/2020,Herkimer,3,53,34,554
04/22/2020,Herkimer,1,54,25,579
04/23/2020,Herkimer,2,56,27,606
04/24/2020,Herkimer,0,56,59,665
04/25/2020,Herkimer,1,57,31,696
04/26/2020,Herkimer,1,58,26,722
04/27/2020,Herkimer,0,58,14,736
04/28/2020,Herkimer,0,58,28,764
04/29/2020,Herkimer,0,58,28,792
04/30/2020,Herkimer,2,60,28,820
05/01/2020,Herkimer,1,61,15,835
05/02/2020,Herkimer,1,62,29,864
05/03/2020,Herkimer,1,63,41,905
05/04/2020,Herkimer,4,67,29,934
05/05/2020,Herkimer,1,68,66,1000
05/06/2020,Herkimer,6,74,65,1065
05/07/2020,Herkimer,2,76,55,1120
05/08/2020,Herkimer,1,77,43,1163
05/09/2020,Herkimer,2,79,56,1219
05/10/2020,Herkimer,2,81,57,1276
05/11/2020,Herkimer,0,81,42,1318
05/12/2020,Herkimer,3,84,61,1379
05/13/2020,Herkimer,2,86,54,1433
05/14/2020,Herkimer,1,87,49,1482
05/15/2020,Herkimer,4,91,50,1532
05/16/2020,Herkimer,0,91,157,1689
05/17/2020,Herkimer,1,92,68,1757
05/18/2020,Herkimer,0,92,65,1822
05/19/2020,Herkimer,1,93,95,1917
05/20/2020,Herkimer,0,93,60,1977
05/21/2020,Herkimer,2,95,77,2054
05/22/2020,Herkimer,5,100,212,2266
05/23/2020,Herkimer,1,101,143,2409
05/24/2020,Herkimer,2,103,237,2646
05/25/2020,Herkimer,0,103,45,2691
05/26/2020,Herkimer,2,105,328,3019
05/27/2020,Herkimer,1,106,442,3461
05/28/2020,Herkimer,1,107,154,3615
05/29/2020,Herkimer,0,107,332,3947
05/30/2020,Herkimer,1,108,309,4256
05/31/2020,Herkimer,1,109,131,4387
06/01/2020,Herkimer,2,111,186,4573
06/02/2020,Herkimer,2,113,522,5095
06/03/2020,Herkimer,0,113,398,5493
06/04/2020,Herkimer,2,115,334,5827
06/05/2020,Herkimer,7,122,523,6350
06/06/2020,Herkimer,1,123,357,6707
06/07/2020,Herkimer,1,124,377,7084
06/08/2020,Herkimer,1,125,308,7392
06/09/2020,Herkimer,0,125,245,7637
06/10/2020,Herkimer,0,125,295,7932
06/11/2020,Herkimer,2,127,439,8371
06/12/2020,Herkimer,1,128,280,8651
06/13/2020,Herkimer,0,128,275,8926
06/14/2020,Herkimer,0,128,119,9045
06/15/2020,Herkimer,0,128,297,9342
06/16/2020,Herkimer,0,128,208,9550
06/17/2020,Herkimer,0,128,236,9786
06/18/2020,Herkimer,3,131,265,10051
06/19/2020,Herkimer,3,134,334,10385
06/20/2020,Herkimer,2,136,405,10790
06/21/2020,Herkimer,1,137,232,11022
06/22/2020,Herkimer,0,137,146,11168
06/23/2020,Herkimer,5,142,184,11352
06/24/2020,Herkimer,1,143,146,11498
06/25/2020,Herkimer,6,149,161,11659
06/26/2020,Herkimer,5,154,302,11961
06/27/2020,Herkimer,4,158,495,12456
06/28/2020,Herkimer,1,159,189,12645
06/29/2020,Herkimer,0,159,155,12800
06/30/2020,Herkimer,3,162,212,13012
07/01/2020,Herkimer,2,164,201,13213
07/02/2020,Herkimer,8,172,96,13309
07/03/2020,Herkimer,0,172,140,13449
07/04/2020,Herkimer,1,173,371,13820
07/05/2020,Herkimer,6,179,381,14201
07/06/2020,Herkimer,2,181,210,14411
07/07/2020,Herkimer,0,181,182,14593
07/08/2020,Herkimer,1,182,240,14833
07/09/2020,Herkimer,2,184,250,15083
07/10/2020,Herkimer,4,188,213,15296
07/11/2020,Herkimer,4,192,270,15566
07/12/2020,Herkimer,1,193,210,15776
07/13/2020,Herkimer,2,195,327,16103
07/14/2020,Herkimer,2,197,322,16425
07/15/2020,Herkimer,5,202,134,16559
07/16/2020,Herkimer,2,204,263,16822
07/17/2020,Herkimer,0,204,203,17025
07/18/2020,Herkimer,2,206,70,17095
07/19/2020,Herkimer,0,206,92,17187
07/20/2020,Herkimer,2,208,200,17387
07/21/2020,Herkimer,3,211,291,17678
07/22/2020,Herkimer,2,213,248,17926
07/23/2020,Herkimer,10,223,302,18228
07/24/2020,Herkimer,1,224,283,18511
07/25/2020,Herkimer,6,230,242,18753
07/26/2020,Herkimer,4,234,233,18986
07/27/2020,Herkimer,2,236,145,19131
07/28/2020,Herkimer,0,236,178,19309
07/29/2020,Herkimer,3,239,259,19568
07/30/2020,Herkimer,0,239,200,19768
07/31/2020,Herkimer,1,240,244,20012
08/01/2020,Herkimer,1,241,316,20328
08/02/2020,Herkimer,5,246,278,20606
08/03/2020,Herkimer,16,262,410,21016
08/04/2020,Herkimer,2,264,265,21281
08/05/2020,Herkimer,4,268,214,21495
08/06/2020,Herkimer,2,270,218,21713
08/07/2020,Herkimer,3,273,312,22025
08/08/2020,Herkimer,1,274,378,22403
08/09/2020,Herkimer,0,274,279,22682
08/10/2020,Herkimer,3,277,322,23004
08/11/2020,Herkimer,0,277,248,23252
08/12/2020,Herkimer,1,278,213,23465
08/13/2020,Herkimer,0,278,227,23692
08/14/2020,Herkimer,4,282,338,24030
08/15/2020,Herkimer,1,283,430,24460
08/16/2020,Herkimer,1,284,153,24613
08/17/2020,Herkimer,0,284,181,24794
08/18/2020,Herkimer,0,284,167,24961
08/19/2020,Herkimer,0,284,302,25263
08/20/2020,Herkimer,5,289,330,25593
08/21/2020,Herkimer,0,289,378,25971
08/22/2020,Herkimer,0,289,294,26265
08/23/2020,Herkimer,0,289,194,26459
08/24/2020,Herkimer,1,290,175,26634
08/25/2020,Herkimer,2,292,304,26938
08/26/2020,Herkimer,2,294,357,27295
08/27/2020,Herkimer,0,294,263,27558
08/28/2020,Herkimer,1,295,336,27894
08/29/2020,Herkimer,2,297,374,28268
08/30/2020,Herkimer,0,297,308,28576
08/31/2020,Herkimer,1,298,360,28936
09/01/2020,Herkimer,5,303,160,29096
09/02/2020,Herkimer,2,305,257,29353
09/03/2020,Herkimer,1,306,323,29676
09/04/2020,Herkimer,0,306,278,29954
09/05/2020,Herkimer,2,308,345,30299
09/06/2020,Herkimer,0,308,145,30444
09/07/2020,Herkimer,0,308,251,30695
09/08/2020,Herkimer,0,308,117,30812
09/09/2020,Herkimer,0,308,154,30966
09/10/2020,Herkimer,4,312,343,31309
09/11/2020,Herkimer,0,312,454,31763
09/12/2020,Herkimer,1,313,316,32079
09/13/2020,Herkimer,0,313,262,32341
09/14/2020,Herkimer,0,313,236,32577
09/15/2020,Herkimer,1,314,169,32746
09/16/2020,Herkimer,2,316,206,32952
09/17/2020,Herkimer,2,318,280,33232
09/18/2020,Herkimer,1,319,309,33541
09/19/2020,Herkimer,2,321,397,33938
09/20/2020,Herkimer,0,321,316,34254
09/21/2020,Herkimer,1,322,216,34470
09/22/2020,Herkimer,5,327,283,34753
09/23/2020,Herkimer,2,329,218,34971
09/24/2020,Herkimer,2,331,317,35288
09/25/2020,Herkimer,3,334,566,35854
09/26/2020,Herkimer,0,334,304,36158
09/27/2020,Herkimer,1,335,166,36324
09/28/2020,Herkimer,2,337,357,36681
09/29/2020,Herkimer,1,338,235,36916
09/30/2020,Herkimer,2,340,295,37211
10/01/2020,Herkimer,2,342,317,37528
10/02/2020,Herkimer,2,344,616,38144
10/03/2020,Herkimer,2,346,254,38398
10/04/2020,Herkimer,2,348,193,38591
10/05/2020,Herkimer,1,349,253,38844
10/06/2020,Herkimer,4,353,250,39094
10/07/2020,Herkimer,2,355,266,39360
10/08/2020,Herkimer,0,355,259,39619
10/09/2020,Herkimer,3,358,667,40286
10/10/2020,Herkimer,1,359,527,40813
10/11/2020,Herkimer,2,361,298,41111
10/12/2020,Herkimer,2,363,362,41473
10/13/2020,Herkimer,0,363,288,41761
10/14/2020,Herkimer,4,367,307,42068
10/15/2020,Herkimer,0,367,397,42465
10/16/2020,Herkimer,1,368,439,42904
10/17/2020,Herkimer,2,370,301,43205
10/18/2020,Herkimer,0,370,237,43442
10/19/2020,Herkimer,1,371,289,43731
10/20/2020,Herkimer,3,374,404,44135
10/21/2020,Herkimer,2,376,287,44422
10/22/2020,Herkimer,4,380,310,44732
10/23/2020,Herkimer,4,384,509,45241
10/24/2020,Herkimer,3,387,518,45759
10/25/2020,Herkimer,2,389,256,46015
10/26/2020,Herkimer,1,390,262,46277
10/27/2020,Herkimer,4,394,388,46665
10/28/2020,Herkimer,0,394,345,47010
10/29/2020,Herkimer,0,394,338,47348
10/30/2020,Herkimer,2,396,398,47746
10/31/2020,Herkimer,3,399,320,48066
11/01/2020,Herkimer,8,407,238,48304
11/02/2020,Herkimer,7,414,331,48635
11/03/2020,Herkimer,4,418,327,48962
11/04/2020,Herkimer,6,424,493,49455
11/05/2020,Herkimer,10,434,573,50028
11/06/2020,Herkimer,9,443,384,50412
11/07/2020,Herkimer,4,447,471,50883
11/08/2020,Herkimer,2,449,245,51128
11/09/2020,Herkimer,12,461,469,51597
11/10/2020,Herkimer,11,472,439,52036
11/11/2020,Herkimer,4,476,392,52428
11/12/2020,Herkimer,4,480,427,52855
11/13/2020,Herkimer,5,485,401,53256
11/14/2020,Herkimer,6,491,295,53551
11/15/2020,Herkimer,13,504,468,54019
11/16/2020,Herkimer,4,508,284,54303
11/17/2020,Herkimer,16,524,401,54704
11/18/2020,Herkimer,13,537,439,55143
11/19/2020,Herkimer,15,552,364,55507
11/20/2020,Herkimer,12,564,372,55879
11/21/2020,Herkimer,11,575,581,56460
11/22/2020,Herkimer,7,582,439,56899
11/23/2020,Herkimer,21,603,264,57163
11/24/2020,Herkimer,13,616,727,57890
11/25/2020,Herkimer,15,631,440,58330
11/26/2020,Herkimer,14,645,422,58752
11/27/2020,Herkimer,19,664,359,59111
11/28/2020,Herkimer,27,691,450,59561
11/29/2020,Herkimer,18,709,398,59959
11/30/2020,Herkimer,22,731,495,60454
12/01/2020,Herkimer,24,755,556,61010
12/02/2020,Herkimer,34,789,628,61638
12/03/2020,Herkimer,33,822,605,62243
12/04/2020,Herkimer,25,847,587,62830
12/05/2020,Herkimer,38,885,774,63604
12/06/2020,Herkimer,32,917,490,64094
12/07/2020,Herkimer,24,941,296,64390
12/08/2020,Herkimer,45,986,641,65031
12/09/2020,Herkimer,34,1020,383,65414
12/10/2020,Herkimer,42,1062,593,66007
12/11/2020,Herkimer,55,1117,750,66757
12/12/2020,Herkimer,46,1163,527,67284
12/13/2020,Herkimer,33,1196,547,67831
12/14/2020,Herkimer,42,1238,415,68246
12/15/2020,Herkimer,41,1279,552,68798
12/16/2020,Herkimer,35,1314,520,69318
12/17/2020,Herkimer,53,1367,517,69835
12/18/2020,Herkimer,34,1401,682,70517
12/19/2020,Herkimer,50,1451,788,71305
12/20/2020,Herkimer,44,1495,415,71720
12/21/2020,Herkimer,46,1541,388,72108
12/22/2020,Herkimer,74,1615,716,72824
12/23/2020,Herkimer,84,1699,687,73511
12/24/2020,Herkimer,65,1764,540,74051
12/25/2020,Herkimer,46,1810,566,74617
12/26/2020,Herkimer,34,1844,470,75087
12/27/2020,Herkimer,62,1906,503,75590
12/28/2020,Herkimer,74,1980,541,76131
12/29/2020,Herkimer,69,2049,647,76778
12/30/2020,Herkimer,89,2138,788,77566
12/31/2020,Herkimer,92,2230,883,78449
01/01/2021,Herkimer,97,2327,766,79215
01/02/2021,Herkimer,80,2407,602,79817
01/03/2021,Herkimer,66,2473,412,80229
01/04/2021,Herkimer,69,2542,415,80644
01/05/2021,Herkimer,104,2646,722,81366
01/06/2021,Herkimer,104,2750,648,82014
01/07/2021,Herkimer,112,2862,717,82731
01/08/2021,Herkimer,94,2956,850,83581
01/09/2021,Herkimer,82,3038,989,84570
01/10/2021,Herkimer,63,3101,544,85114
01/11/2021,Herkimer,81,3182,645,85759
01/12/2021,Herkimer,70,3252,509,86268
01/13/2021,Herkimer,51,3303,574,86842
01/14/2021,Herkimer,120,3423,1073,87915
01/15/2021,Herkimer,62,3485,1057,88972
01/16/2021,Herkimer,43,3528,580,89552
01/17/2021,Herkimer,33,3561,466,90018
01/18/2021,Herkimer,42,3603,469,90487
01/19/2021,Herkimer,79,3682,687,91174
01/20/2021,Herkimer,61,3743,806,91980
01/21/2021,Herkimer,96,3839,881,92861
01/22/2021,Herkimer,57,3896,689,93550
01/23/2021,Herkimer,35,3931,800,94350
01/24/2021,Herkimer,24,3955,411,94761
01/25/2021,Herkimer,28,3983,334,95095
01/26/2021,Herkimer,45,4028,410,95505
01/27/2021,Herkimer,63,4091,675,96180
01/28/2021,Herkimer,56,4147,853,97033
01/29/2021,Herkimer,26,4173,707,97740
01/30/2021,Herkimer,30,4203,674,98414
01/31/2021,Herkimer,25,4228,422,98836
02/01/2021,Herkimer,27,4255,330,99166
02/02/2021,Herkimer,13,4268,328,99494
02/03/2021,Herkimer,14,4282,393,99887
02/04/2021,Herkimer,19,4301,563,100450
02/05/2021,Herkimer,25,4326,778,101228
02/06/2021,Herkimer,21,4347,992,102220
02/07/2021,Herkimer,18,4365,549,102769
02/08/2021,Herkimer,13,4378,230,102999
02/09/2021,Herkimer,14,4392,367,103366
02/10/2021,Herkimer,9,4401,787,104153
02/11/2021,Herkimer,8,4409,563,104716
02/12/2021,Herkimer,14,4423,764,105480
02/13/2021,Herkimer,13,4436,643,106123
02/14/2021,Herkimer,11,4447,209,106332
02/15/2021,Herkimer,13,4460,247,106579
02/16/2021,Herkimer,8,4468,340,106919
02/17/2021,Herkimer,8,4476,553,107472
02/18/2021,Herkimer,13,4489,396,107868
02/19/2021,Herkimer,10,4499,582,108450
02/20/2021,Herkimer,6,4505,1189,109639
02/21/2021,Herkimer,8,4513,252,109891
02/22/2021,Herkimer,8,4521,253,110144
02/23/2021,Herkimer,10,4531,409,110553
02/24/2021,Herkimer,3,4534,674,111227
02/25/2021,Herkimer,5,4539,800,112027
02/26/2021,Herkimer,6,4545,719,112746
02/27/2021,Herkimer,9,4554,661,113407
02/28/2021,Herkimer,7,4561,168,113575
03/01/2021,Herkimer,7,4568,173,113748
03/02/2021,Herkimer,7,4575,473,114221
03/03/2021,Herkimer,3,4578,710,114931
03/04/2021,Herkimer,10,4588,680,115611
03/05/2021,Herkimer,13,4601,884,116495
03/06/2021,Herkimer,8,4609,642,117137
03/07/2021,Herkimer,4,4613,227,117364
03/08/2021,Herkimer,1,4614,176,117540
03/09/2021,Herkimer,7,4621,459,117999
03/10/2021,Herkimer,6,4627,724,118723
03/11/2021,Herkimer,4,4631,554,119277
03/12/2021,Herkimer,7,4638,702,119979
03/13/2021,Herkimer,6,4644,815,120794
03/14/2021,Herkimer,5,4649,211,121005
03/15/2021,Herkimer,6,4655,348,121353
03/16/2021,Herkimer,11,4666,585,121938
03/17/2021,Herkimer,8,4674,833,122771
03/18/2021,Herkimer,4,4678,521,123292
03/19/2021,Herkimer,17,4695,873,124165
03/20/2021,Herkimer,10,4705,523,124688
03/21/2021,Herkimer,6,4711,205,124893
03/22/2021,Herkimer,4,4715,362,125255
03/23/2021,Herkimer,9,4724,505,125760
03/24/2021,Herkimer,3,4727,889,126649
03/25/2021,Herkimer,8,4735,819,127468
03/26/2021,Herkimer,10,4745,679,128147
03/27/2021,Herkimer,9,4754,911,129058
03/28/2021,Herkimer,3,4757,214,129272
03/29/2021,Herkimer,5,4762,234,129506
03/30/2021,Herkimer,10,4772,456,129962
03/31/2021,Herkimer,4,4776,870,130832
04/01/2021,Herkimer,12,4788,557,131389
04/02/2021,Herkimer,9,4797,708,132097
04/03/2021,Herkimer,5,4802,741,132838
04/04/2021,Herkimer,8,4810,203,133041
04/05/2021,Herkimer,4,4814,364,133405
04/06/2021,Herkimer,10,4824,477,133882
04/07/2021,Herkimer,6,4830,905,134787
04/08/2021,Herkimer,6,4836,796,135583
04/09/2021,Herkimer,6,4842,576,136159
04/10/2021,Herkimer,6,4848,483,136642
04/11/2021,Herkimer,8,4856,198,136840
04/12/2021,Herkimer,12,4868,453,137293
04/13/2021,Herkimer,15,4883,420,137713
04/14/2021,Herkimer,13,4896,940,138653
04/15/2021,Herkimer,13,4909,765,139418
04/16/2021,Herkimer,9,4918,562,139980
04/17/2021,Herkimer,12,4930,539,140519
04/18/2021,Herkimer,7,4937,191,140710
04/19/2021,Herkimer,4,4941,516,141226
04/20/2021,Herkimer,5,4946,527,141753
04/21/2021,Herkimer,3,4949,826,142579
04/22/2021,Herkimer,5,4954,635,143214
04/23/2021,Herkimer,4,4958,558,143772
04/24/2021,Herkimer,5,4963,694,144466
04/25/2021,Herkimer,2,4965,251,144717
04/26/2021,Herkimer,2,4967,234,144951
04/27/2021,Herkimer,6,4973,350,145301
04/28/2021,Herkimer,4,4977,878,146179
04/29/2021,Herkimer,10,4987,523,146702
04/30/2021,Herkimer,7,4994,636,147338
05/01/2021,Herkimer,9,5003,558,147896
05/02/2021,Herkimer,8,5011,143,148039
05/03/2021,Herkimer,12,5023,383,148422
05/04/2021,Herkimer,6,5029,450,148872
05/05/2021,Herkimer,12,5041,985,149857
05/06/2021,Herkimer,13,5054,488,150345
05/07/2021,Herkimer,5,5059,592,150937
05/08/2021,Herkimer,10,5069,491,151428
05/09/2021,Herkimer,3,5072,211,151639
05/10/2021,Herkimer,5,5077,247,151886
05/11/2021,Herkimer,10,5087,408,152294
05/12/2021,Herkimer,7,5094,969,153263
05/13/2021,Herkimer,5,5099,460,153723
05/14/2021,Herkimer,3,5102,449,154172
05/15/2021,Herkimer,8,5110,699,154871
05/16/2021,Herkimer,4,5114,143,155014
05/17/2021,Herkimer,3,5117,138,155152
05/18/2021,Herkimer,4,5121,363,155515
05/19/2021,Herkimer,6,5127,936,156451
05/20/2021,Herkimer,3,5130,459,156910
05/21/2021,Herkimer,9,5139,408,157318
05/22/2021,Herkimer,2,5141,779,158097
05/23/2021,Herkimer,3,5144,134,158231
05/24/2021,Herkimer,4,5148,159,158390
05/25/2021,Herkimer,3,5151,460,158850
05/26/2021,Herkimer,7,5158,744,159594
05/27/2021,Herkimer,1,5159,419,160013
05/28/2021,Herkimer,3,5162,592,160605
05/29/2021,Herkimer,2,5164,528,161133
05/30/2021,Herkimer,2,5166,119,161252
05/31/2021,Herkimer,6,5172,141,161393
06/01/2021,Herkimer,0,5172,174,161567
06/02/2021,Herkimer,0,5172,771,162338
06/03/2021,Herkimer,2,5174,541,162879
06/04/2021,Herkimer,2,5176,541,163420
06/05/2021,Herkimer,1,5177,540,163960
06/06/2021,Herkimer,3,5180,115,164075
06/07/2021,Herkimer,2,5182,258,164333
06/08/2021,Herkimer,0,5182,288,164621
06/09/2021,Herkimer,0,5182,846,165467
06/10/2021,Herkimer,0,5182,304,165771
06/11/2021,Herkimer,0,5182,383,166154
06/12/2021,Herkimer,0,5182,455,166609
06/13/2021,Herkimer,4,5186,115,166724
06/14/2021,Herkimer,1,5187,107,166831
06/15/2021,Herkimer,2,5189,249,167080
06/16/2021,Herkimer,1,5190,386,167466
06/17/2021,Herkimer,1,5191,256,167722
06/18/2021,Herkimer,2,5193,253,167975
06/19/2021,Herkimer,1,5194,275,168250
06/20/2021,Herkimer,2,5196,130,168380
06/21/2021,Herkimer,0,5196,98,168478
06/22/2021,Herkimer,0,5196,184,168662
06/23/2021,Herkimer,2,5198,423,169085
06/24/2021,Herkimer,4,5202,214,169299
06/25/2021,Herkimer,1,5203,199,169498
06/26/2021,Herkimer,2,5205,265,169763
06/27/2021,Herkimer,0,5205,60,169823
06/28/2021,Herkimer,0,5205,95,169918
06/29/2021,Herkimer,1,5206,234,170152
06/30/2021,Herkimer,1,5207,200,170352
07/01/2021,Herkimer,1,5208,161,170513
07/02/2021,Herkimer,0,5208,160,170673
07/03/2021,Herkimer,1,5209,180,170853
07/04/2021,Herkimer,0,5209,52,170905
07/05/2021,Herkimer,1,5210,42,170947
07/06/2021,Herkimer,1,5211,59,171006
07/07/2021,Herkimer,2,5213,165,171171
07/08/2021,Herkimer,3,5216,165,171336
07/09/2021,Herkimer,1,5217,131,171467
07/10/2021,Herkimer,1,5218,116,171583
07/11/2021,Herkimer,1,5219,68,171651
07/12/2021,Herkimer,0,5219,73,171724
07/13/2021,Herkimer,2,5221,103,171827
07/14/2021,Herkimer,3,5224,161,171988
07/15/2021,Herkimer,1,5225,167,172155
07/16/2021,Herkimer,0,5225,109,172264
07/17/2021,Herkimer,0,5225,218,172482
07/18/2021,Herkimer,0,5225,61,172543
07/19/2021,Herkimer,3,5228,121,172664
07/20/2021,Herkimer,3,5231,110,172774
07/21/2021,Herkimer,3,5234,150,172924
07/22/2021,Herkimer,0,5234,161,173085
07/23/2021,Herkimer,1,5235,122,173207
07/24/2021,Herkimer,3,5238,135,173342
07/25/2021,Herkimer,1,5239,43,173385
07/26/2021,Herkimer,3,5242,186,173571
07/27/2021,Herkimer,4,5246,323,173894
07/28/2021,Herkimer,5,5251,200,174094
07/29/2021,Herkimer,4,5255,146,174240
07/30/2021,Herkimer,6,5261,182,174422
07/31/2021,Herkimer,2,5263,205,174627
08/01/2021,Herkimer,3,5266,70,174697
08/02/2021,Herkimer,7,5273,107,174804
08/03/2021,Herkimer,10,5283,239,175043
08/04/2021,Herkimer,11,5294,329,175372
08/05/2021,Herkimer,7,5301,237,175609
08/06/2021,Herkimer,13,5314,294,175903
08/07/2021,Herkimer,12,5326,218,176121
08/08/2021,Herkimer,4,5330,279,176400
08/09/2021,Herkimer,9,5339,176,176576
08/10/2021,Herkimer,11,5350,499,177075
08/11/2021,Herkimer,12,5362,355,177430
08/12/2021,Herkimer,11,5373,507,177937
08/13/2021,Herkimer,3,5376,242,178179
08/14/2021,Herkimer,6,5382,220,178399
08/15/2021,Herkimer,6,5388,100,178499
08/16/2021,Herkimer,4,5392,193,178692
08/17/2021,Herkimer,7,5399,631,179323
08/18/2021,Herkimer,22,5421,437,179760
08/19/2021,Herkimer,5,5426,337,180097
08/20/2021,Herkimer,21,5447,301,180398
08/21/2021,Herkimer,10,5457,506,180904
08/22/2021,Herkimer,21,5478,153,181057
08/23/2021,Herkimer,17,5495,170,181227
08/24/2021,Herkimer,12,5507,426,181653
08/25/2021,Herkimer,12,5519,564,182217
08/26/2021,Herkimer,18,5537,439,182656
08/27/2021,Herkimer,16,5553,342,182998
08/28/2021,Herkimer,14,5567,422,183420
08/29/2021,Herkimer,12,5579,143,183563
08/30/2021,Herkimer,17,5596,208,183771
08/31/2021,Herkimer,20,5616,445,184216
09/01/2021,Herkimer,13,5629,526,184742
09/02/2021,Herkimer,16,5645,435,185177
09/03/2021,Herkimer,22,5667,481,185658
09/04/2021,Herkimer,14,5681,416,186074
09/05/2021,Herkimer,10,5691,184,186258
09/06/2021,Herkimer,14,5705,139,186397
09/07/2021,Herkimer,25,5730,297,186694
09/08/2021,Herkimer,24,5754,942,187636
09/09/2021,Herkimer,22,5776,542,188178
09/10/2021,Herkimer,22,5798,461,188639
09/11/2021,Herkimer,21,5819,616,189255
09/12/2021,Herkimer,9,5828,175,189430
09/13/2021,Herkimer,18,5846,347,189777
09/14/2021,Herkimer,25,5871,743,190520
09/15/2021,Herkimer,24,5895,601,191121
09/16/2021,Herkimer,10,5905,447,191568
09/17/2021,Herkimer,19,5924,477,192045
09/18/2021,Herkimer,13,5937,554,192599
09/19/2021,Herkimer,35,5972,331,192930
09/20/2021,Herkimer,17,5989,259,193189
09/21/2021,Herkimer,24,6013,897,194086
09/22/2021,Herkimer,17,6030,627,194713
09/23/2021,Herkimer,29,6059,631,195344
09/24/2021,Herkimer,19,6078,558,195902
09/25/2021,Herkimer,24,6102,612,196514
09/26/2021,Herkimer,11,6113,125,196639
09/27/2021,Herkimer,19,6132,322,196961
09/28/2021,Herkimer,20,6152,829,197790
09/29/2021,Herkimer,25,6177,535,198325
09/30/2021,Herkimer,26,6203,603,198928
10/01/2021,Herkimer,28,6231,636,199564
10/02/2021,Herkimer,25,6256,418,199982
10/03/2021,Herkimer,9,6265,175,200157
10/04/2021,Herkimer,25,6290,332,200489
10/05/2021,Herkimer,37,6327,562,201051
10/06/2021,Herkimer,27,6354,579,201630
10/07/2021,Herkimer,30,6384,718,202348
10/08/2021,Herkimer,47,6431,581,202929
10/09/2021,Herkimer,13,6444,618,203547
10/10/2021,Herkimer,33,6477,422,203969
10/11/2021,Herkimer,24,6501,198,204167
10/12/2021,Herkimer,41,6542,480,204647
10/13/2021,Herkimer,29,6571,558,205205
10/14/2021,Herkimer,35,6606,675,205880
10/15/2021,Herkimer,40,6646,691,206571
10/16/2021,Herkimer,25,6671,726,207297
10/17/2021,Herkimer,23,6694,362,207659
10/18/2021,Herkimer,47,6741,290,207949
10/19/2021,Herkimer,33,6774,482,208431
10/20/2021,Herkimer,32,6806,709,209140
10/21/2021,Herkimer,25,6831,567,209707
10/22/2021,Herkimer,30,6861,839,210546
10/23/2021,Herkimer,14,6875,514,211060
03/01/2020,Jefferson,0,0,0,0
03/02/2020,Jefferson,0,0,0,0
03/03/2020,Jefferson,0,0,0,0
03/04/2020,Jefferson,0,0,0,0
03/05/2020,Jefferson,0,0,0,0
03/06/2020,Jefferson,0,0,0,0
03/07/2020,Jefferson,0,0,1,1
03/08/2020,Jefferson,0,0,0,1
03/09/2020,Jefferson,0,0,0,1
03/10/2020,Jefferson,0,0,0,1
03/11/2020,Jefferson,0,0,1,2
03/12/2020,Jefferson,0,0,0,2
03/13/2020,Jefferson,0,0,0,2
03/14/2020,Jefferson,0,0,0,2
03/15/2020,Jefferson,0,0,1,3
03/16/2020,Jefferson,0,0,0,3
03/17/2020,Jefferson,0,0,2,5
03/18/2020,Jefferson,1,1,7,12
03/19/2020,Jefferson,0,1,13,25
03/20/2020,Jefferson,0,1,18,43
03/21/2020,Jefferson,0,1,4,47
03/22/2020,Jefferson,1,2,20,67
03/23/2020,Jefferson,0,2,1,68
03/24/2020,Jefferson,0,2,13,81
03/25/2020,Jefferson,1,3,31,112
03/26/2020,Jefferson,0,3,23,135
03/27/2020,Jefferson,3,6,45,180
03/28/2020,Jefferson,1,7,52,232
03/29/2020,Jefferson,4,11,100,332
03/30/2020,Jefferson,1,12,19,351
03/31/2020,Jefferson,0,12,14,365
04/01/2020,Jefferson,3,15,53,418
04/02/2020,Jefferson,3,18,56,474
04/03/2020,Jefferson,2,20,38,512
04/04/2020,Jefferson,6,26,75,587
04/05/2020,Jefferson,7,33,98,685
04/06/2020,Jefferson,6,39,63,748
04/07/2020,Jefferson,1,40,25,773
04/08/2020,Jefferson,2,42,84,857
04/09/2020,Jefferson,1,43,52,909
04/10/2020,Jefferson,1,44,43,952
04/11/2020,Jefferson,2,46,47,999
04/12/2020,Jefferson,0,46,24,1023
04/13/2020,Jefferson,1,47,37,1060
04/14/2020,Jefferson,0,47,1,1061
04/15/2020,Jefferson,1,48,33,1094
04/16/2020,Jefferson,2,50,31,1125
04/17/2020,Jefferson,0,50,16,1141
04/18/2020,Jefferson,4,54,53,1194
04/19/2020,Jefferson,0,54,23,1217
04/20/2020,Jefferson,0,54,7,1224
04/21/2020,Jefferson,0,54,8,1232
04/22/2020,Jefferson,2,56,28,1260
04/23/2020,Jefferson,2,58,37,1297
04/24/2020,Jefferson,1,59,63,1360
04/25/2020,Jefferson,1,60,27,1387
04/26/2020,Jefferson,0,60,52,1439
04/27/2020,Jefferson,0,60,15,1454
04/28/2020,Jefferson,0,60,28,1482
04/29/2020,Jefferson,1,61,36,1518
04/30/2020,Jefferson,0,61,37,1555
05/01/2020,Jefferson,1,62,48,1603
05/02/2020,Jefferson,0,62,48,1651
05/03/2020,Jefferson,1,63,82,1733
05/04/2020,Jefferson,0,63,13,1746
05/05/2020,Jefferson,0,63,50,1796
05/06/2020,Jefferson,1,64,90,1886
05/07/2020,Jefferson,2,66,82,1968
05/08/2020,Jefferson,1,67,47,2015
05/09/2020,Jefferson,1,68,64,2079
05/10/2020,Jefferson,0,68,63,2142
05/11/2020,Jefferson,0,68,46,2188
05/12/2020,Jefferson,0,68,80,2268
05/13/2020,Jefferson,1,69,104,2372
05/14/2020,Jefferson,2,71,453,2825
05/15/2020,Jefferson,0,71,237,3062
05/16/2020,Jefferson,0,71,152,3214
05/17/2020,Jefferson,0,71,137,3351
05/18/2020,Jefferson,0,71,90,3441
05/19/2020,Jefferson,0,71,64,3505
05/20/2020,Jefferson,0,71,324,3829
05/21/2020,Jefferson,1,72,319,4148
05/22/2020,Jefferson,0,72,331,4479
05/23/2020,Jefferson,0,72,305,4784
05/24/2020,Jefferson,0,72,107,4891
05/25/2020,Jefferson,0,72,71,4962
05/26/2020,Jefferson,0,72,97,5059
05/27/2020,Jefferson,0,72,136,5195
05/28/2020,Jefferson,2,74,400,5595
05/29/2020,Jefferson,0,74,227,5822
05/30/2020,Jefferson,0,74,280,6102
05/31/2020,Jefferson,0,74,256,6358
06/01/2020,Jefferson,0,74,228,6586
06/02/2020,Jefferson,0,74,256,6842
06/03/2020,Jefferson,0,74,253,7095
06/04/2020,Jefferson,1,75,482,7577
06/05/2020,Jefferson,0,75,315,7892
06/06/2020,Jefferson,2,77,275,8167
06/07/2020,Jefferson,1,78,374,8541
06/08/2020,Jefferson,1,79,85,8626
06/09/2020,Jefferson,0,79,257,8883
06/10/2020,Jefferson,0,79,299,9182
06/11/2020,Jefferson,1,80,564,9746
06/12/2020,Jefferson,1,81,173,9919
06/13/2020,Jefferson,0,81,135,10054
06/14/2020,Jefferson,0,81,261,10315
06/15/2020,Jefferson,0,81,76,10391
06/16/2020,Jefferson,1,82,108,10499
06/17/2020,Jefferson,0,82,367,10866
06/18/2020,Jefferson,0,82,534,11400
06/19/2020,Jefferson,1,83,237,11637
06/20/2020,Jefferson,1,84,118,11755
06/21/2020,Jefferson,0,84,220,11975
06/22/2020,Jefferson,0,84,88,12063
06/23/2020,Jefferson,0,84,120,12183
06/24/2020,Jefferson,1,85,309,12492
06/25/2020,Jefferson,0,85,479,12971
06/26/2020,Jefferson,0,85,184,13155
06/27/2020,Jefferson,0,85,101,13256
06/28/2020,Jefferson,1,86,234,13490
06/29/2020,Jefferson,0,86,68,13558
06/30/2020,Jefferson,2,88,135,13693
07/01/2020,Jefferson,2,90,240,13933
07/02/2020,Jefferson,3,93,213,14146
07/03/2020,Jefferson,0,93,324,14470
07/04/2020,Jefferson,1,94,174,14644
07/05/2020,Jefferson,0,94,119,14763
07/06/2020,Jefferson,0,94,126,14889
07/07/2020,Jefferson,0,94,293,15182
07/08/2020,Jefferson,1,95,206,15388
07/09/2020,Jefferson,0,95,171,15559
07/10/2020,Jefferson,0,95,162,15721
07/11/2020,Jefferson,2,97,95,15816
07/12/2020,Jefferson,2,99,495,16311
07/13/2020,Jefferson,1,100,154,16465
07/14/2020,Jefferson,0,100,251,16716
07/15/2020,Jefferson,2,102,143,16859
07/16/2020,Jefferson,1,103,165,17024
07/17/2020,Jefferson,1,104,385,17409
07/18/2020,Jefferson,1,105,321,17730
07/19/2020,Jefferson,1,106,192,17922
07/20/2020,Jefferson,6,112,633,18555
07/21/2020,Jefferson,1,113,325,18880
07/22/2020,Jefferson,7,120,412,19292
07/23/2020,Jefferson,3,123,311,19603
07/24/2020,Jefferson,3,126,563,20166
07/25/2020,Jefferson,1,127,329,20495
07/26/2020,Jefferson,1,128,198,20693
07/27/2020,Jefferson,0,128,115,20808
07/28/2020,Jefferson,0,128,67,20875
07/29/2020,Jefferson,0,128,195,21070
07/30/2020,Jefferson,1,129,232,21302
07/31/2020,Jefferson,1,130,129,21431
08/01/2020,Jefferson,4,134,287,21718
08/02/2020,Jefferson,0,134,176,21894
08/03/2020,Jefferson,5,139,292,22186
08/04/2020,Jefferson,1,140,309,22495
08/05/2020,Jefferson,0,140,428,22923
08/06/2020,Jefferson,0,140,300,23223
08/07/2020,Jefferson,0,140,82,23305
08/08/2020,Jefferson,2,142,194,23499
08/09/2020,Jefferson,0,142,65,23564
08/10/2020,Jefferson,0,142,260,23824
08/11/2020,Jefferson,0,142,178,24002
08/12/2020,Jefferson,0,142,355,24357
08/13/2020,Jefferson,1,143,338,24695
08/14/2020,Jefferson,0,143,303,24998
08/15/2020,Jefferson,0,143,161,25159
08/16/2020,Jefferson,0,143,102,25261
08/17/2020,Jefferson,0,143,203,25464
08/18/2020,Jefferson,0,143,255,25719
08/19/2020,Jefferson,0,143,440,26159
08/20/2020,Jefferson,1,144,279,26438
08/21/2020,Jefferson,0,144,289,26727
08/22/2020,Jefferson,1,145,142,26869
08/23/2020,Jefferson,0,145,135,27004
08/24/2020,Jefferson,1,146,184,27188
08/25/2020,Jefferson,0,146,139,27327
08/26/2020,Jefferson,2,148,394,27721
08/27/2020,Jefferson,1,149,302,28023
08/28/2020,Jefferson,0,149,192,28215
08/29/2020,Jefferson,1,150,183,28398
08/30/2020,Jefferson,0,150,96,28494
08/31/2020,Jefferson,0,150,204,28698
09/01/2020,Jefferson,0,150,294,28992
09/02/2020,Jefferson,4,154,819,29811
09/03/2020,Jefferson,0,154,146,29957
09/04/2020,Jefferson,0,154,119,30076
09/05/2020,Jefferson,0,154,134,30210
09/06/2020,Jefferson,2,156,136,30346
09/07/2020,Jefferson,0,156,160,30506
09/08/2020,Jefferson,0,156,126,30632
09/09/2020,Jefferson,0,156,92,30724
09/10/2020,Jefferson,1,157,341,31065
09/11/2020,Jefferson,0,157,360,31425
09/12/2020,Jefferson,0,157,306,31731
09/13/2020,Jefferson,1,158,82,31813
09/14/2020,Jefferson,0,158,134,31947
09/15/2020,Jefferson,0,158,306,32253
09/16/2020,Jefferson,1,159,424,32677
09/17/2020,Jefferson,1,160,244,32921
09/18/2020,Jefferson,1,161,239,33160
09/19/2020,Jefferson,2,163,261,33421
09/20/2020,Jefferson,0,163,222,33643
09/21/2020,Jefferson,1,164,145,33788
09/22/2020,Jefferson,0,164,241,34029
09/23/2020,Jefferson,1,165,428,34457
09/24/2020,Jefferson,2,167,364,34821
09/25/2020,Jefferson,0,167,298,35119
09/26/2020,Jefferson,3,170,292,35411
09/27/2020,Jefferson,0,170,162,35573
09/28/2020,Jefferson,0,170,194,35767
09/29/2020,Jefferson,2,172,343,36110
09/30/2020,Jefferson,0,172,180,36290
10/01/2020,Jefferson,2,174,646,36936
10/02/2020,Jefferson,2,176,413,37349
10/03/2020,Jefferson,0,176,261,37610
10/04/2020,Jefferson,0,176,174,37784
10/05/2020,Jefferson,0,176,392,38176
10/06/2020,Jefferson,0,176,473,38649
10/07/2020,Jefferson,1,177,461,39110
10/08/2020,Jefferson,3,180,321,39431
10/09/2020,Jefferson,1,181,275,39706
10/10/2020,Jefferson,3,184,301,40007
10/11/2020,Jefferson,1,185,179,40186
10/12/2020,Jefferson,1,186,268,40454
10/13/2020,Jefferson,0,186,217,40671
10/14/2020,Jefferson,0,186,503,41174
10/15/2020,Jefferson,0,186,288,41462
10/16/2020,Jefferson,0,186,295,41757
10/17/2020,Jefferson,2,188,206,41963
10/18/2020,Jefferson,3,191,183,42146
10/19/2020,Jefferson,1,192,186,42332
10/20/2020,Jefferson,1,193,243,42575
10/21/2020,Jefferson,1,194,365,42940
10/22/2020,Jefferson,3,197,375,43315
10/23/2020,Jefferson,2,199,359,43674
10/24/2020,Jefferson,3,202,242,43916
10/25/2020,Jefferson,1,203,81,43997
10/26/2020,Jefferson,3,206,312,44309
10/27/2020,Jefferson,1,207,289,44598
10/28/2020,Jefferson,4,211,495,45093
10/29/2020,Jefferson,3,214,420,45513
10/30/2020,Jefferson,6,220,394,45907
10/31/2020,Jefferson,2,222,227,46134
11/01/2020,Jefferson,9,231,149,46283
11/02/2020,Jefferson,6,237,400,46683
11/03/2020,Jefferson,4,241,282,46965
11/04/2020,Jefferson,8,249,475,47440
11/05/2020,Jefferson,11,260,500,47940
11/06/2020,Jefferson,2,262,316,48256
11/07/2020,Jefferson,6,268,319,48575
11/08/2020,Jefferson,9,277,190,48765
11/09/2020,Jefferson,5,282,246,49011
11/10/2020,Jefferson,6,288,310,49321
11/11/2020,Jefferson,4,292,519,49840
11/12/2020,Jefferson,15,307,521,50361
11/13/2020,Jefferson,9,316,313,50674
11/14/2020,Jefferson,8,324,267,50941
11/15/2020,Jefferson,8,332,133,51074
11/16/2020,Jefferson,7,339,668,51742
11/17/2020,Jefferson,6,345,435,52177
11/18/2020,Jefferson,9,354,549,52726
11/19/2020,Jefferson,22,376,915,53641
11/20/2020,Jefferson,31,407,764,54405
11/21/2020,Jefferson,11,418,412,54817
11/22/2020,Jefferson,17,435,467,55284
11/23/2020,Jefferson,22,457,400,55684
11/24/2020,Jefferson,14,471,309,55993
11/25/2020,Jefferson,16,487,639,56632
11/26/2020,Jefferson,13,500,543,57175
11/27/2020,Jefferson,11,511,310,57485
11/28/2020,Jefferson,40,551,847,58332
11/29/2020,Jefferson,15,566,517,58849
11/30/2020,Jefferson,20,586,314,59163
12/01/2020,Jefferson,25,611,388,59551
12/02/2020,Jefferson,42,653,666,60217
12/03/2020,Jefferson,41,694,638,60855
12/04/2020,Jefferson,63,757,803,61658
12/05/2020,Jefferson,24,781,670,62328
12/06/2020,Jefferson,15,796,258,62586
12/07/2020,Jefferson,32,828,418,63004
12/08/2020,Jefferson,33,861,457,63461
12/09/2020,Jefferson,17,878,680,64141
12/10/2020,Jefferson,44,922,983,65124
12/11/2020,Jefferson,40,962,1182,66306
12/12/2020,Jefferson,48,1010,751,67057
12/13/2020,Jefferson,37,1047,422,67479
12/14/2020,Jefferson,38,1085,346,67825
12/15/2020,Jefferson,36,1121,333,68158
12/16/2020,Jefferson,40,1161,848,69006
12/17/2020,Jefferson,55,1216,872,69878
12/18/2020,Jefferson,49,1265,772,70650
12/19/2020,Jefferson,37,1302,641,71291
12/20/2020,Jefferson,42,1344,500,71791
12/21/2020,Jefferson,35,1379,273,72064
12/22/2020,Jefferson,43,1422,483,72547
12/23/2020,Jefferson,46,1468,660,73207
12/24/2020,Jefferson,52,1520,871,74078
12/25/2020,Jefferson,28,1548,692,74770
12/26/2020,Jefferson,25,1573,310,75080
12/27/2020,Jefferson,50,1623,457,75537
12/28/2020,Jefferson,44,1667,250,75787
12/29/2020,Jefferson,62,1729,489,76276
12/30/2020,Jefferson,54,1783,815,77091
12/31/2020,Jefferson,76,1859,689,77780
01/01/2021,Jefferson,35,1894,802,78582
01/02/2021,Jefferson,53,1947,391,78973
01/03/2021,Jefferson,85,2032,496,79469
01/04/2021,Jefferson,59,2091,431,79900
01/05/2021,Jefferson,61,2152,426,80326
01/06/2021,Jefferson,93,2245,1323,81649
01/07/2021,Jefferson,103,2348,941,82590
01/08/2021,Jefferson,75,2423,963,83553
01/09/2021,Jefferson,70,2493,732,84285
01/10/2021,Jefferson,79,2572,652,84937
01/11/2021,Jefferson,80,2652,581,85518
01/12/2021,Jefferson,73,2725,467,85985
01/13/2021,Jefferson,116,2841,1055,87040
01/14/2021,Jefferson,101,2942,1194,88234
01/15/2021,Jefferson,89,3031,1360,89594
01/16/2021,Jefferson,63,3094,525,90119
01/17/2021,Jefferson,51,3145,424,90543
01/18/2021,Jefferson,69,3214,412,90955
01/19/2021,Jefferson,58,3272,436,91391
01/20/2021,Jefferson,59,3331,1014,92405
01/21/2021,Jefferson,57,3388,905,93310
01/22/2021,Jefferson,88,3476,1470,94780
01/23/2021,Jefferson,86,3562,856,95636
01/24/2021,Jefferson,56,3618,398,96034
01/25/2021,Jefferson,56,3674,519,96553
01/26/2021,Jefferson,68,3742,516,97069
01/27/2021,Jefferson,60,3802,1160,98229
01/28/2021,Jefferson,43,3845,727,98956
01/29/2021,Jefferson,63,3908,1217,100173
01/30/2021,Jefferson,52,3960,593,100766
01/31/2021,Jefferson,18,3978,328,101094
02/01/2021,Jefferson,43,4021,532,101626
02/02/2021,Jefferson,37,4058,426,102052
02/03/2021,Jefferson,30,4088,834,102886
02/04/2021,Jefferson,59,4147,718,103604
02/05/2021,Jefferson,40,4187,894,104498
02/06/2021,Jefferson,39,4226,538,105036
02/07/2021,Jefferson,30,4256,494,105530
02/08/2021,Jefferson,20,4276,521,106051
02/09/2021,Jefferson,44,4320,594,106645
02/10/2021,Jefferson,32,4352,935,107580
02/11/2021,Jefferson,32,4384,786,108366
02/12/2021,Jefferson,29,4413,1126,109492
02/13/2021,Jefferson,34,4447,556,110048
02/14/2021,Jefferson,26,4473,368,110416
02/15/2021,Jefferson,21,4494,285,110701
02/16/2021,Jefferson,23,4517,372,111073
02/17/2021,Jefferson,28,4545,830,111903
02/18/2021,Jefferson,17,4562,485,112388
02/19/2021,Jefferson,20,4582,1135,113523
02/20/2021,Jefferson,40,4622,486,114009
02/21/2021,Jefferson,19,4641,389,114398
02/22/2021,Jefferson,26,4667,472,114870
02/23/2021,Jefferson,14,4681,508,115378
02/24/2021,Jefferson,43,4724,922,116300
02/25/2021,Jefferson,19,4743,714,117014
02/26/2021,Jefferson,21,4764,1189,118203
02/27/2021,Jefferson,20,4784,544,118747
02/28/2021,Jefferson,22,4806,325,119072
03/01/2021,Jefferson,10,4816,479,119551
03/02/2021,Jefferson,20,4836,415,119966
03/03/2021,Jefferson,16,4852,776,120742
03/04/2021,Jefferson,20,4872,603,121345
03/05/2021,Jefferson,19,4891,947,122292
03/06/2021,Jefferson,19,4910,502,122794
03/07/2021,Jefferson,10,4920,296,123090
03/08/2021,Jefferson,24,4944,345,123435
03/09/2021,Jefferson,9,4953,318,123753
03/10/2021,Jefferson,12,4965,670,124423
03/11/2021,Jefferson,28,4993,770,125193
03/12/2021,Jefferson,12,5005,1074,126267
03/13/2021,Jefferson,7,5012,390,126657
03/14/2021,Jefferson,12,5024,290,126947
03/15/2021,Jefferson,18,5042,490,127437
03/16/2021,Jefferson,8,5050,338,127775
03/17/2021,Jefferson,13,5063,610,128385
03/18/2021,Jefferson,10,5073,569,128954
03/19/2021,Jefferson,11,5084,961,129915
03/20/2021,Jefferson,17,5101,462,130377
03/21/2021,Jefferson,4,5105,224,130601
03/22/2021,Jefferson,16,5121,484,131085
03/23/2021,Jefferson,14,5135,331,131416
03/24/2021,Jefferson,18,5153,796,132212
03/25/2021,Jefferson,8,5161,837,133049
03/26/2021,Jefferson,15,5176,824,133873
03/27/2021,Jefferson,15,5191,416,134289
03/28/2021,Jefferson,3,5194,373,134662
03/29/2021,Jefferson,9,5203,360,135022
03/30/2021,Jefferson,13,5216,595,135617
03/31/2021,Jefferson,15,5231,691,136308
04/01/2021,Jefferson,13,5244,968,137276
04/02/2021,Jefferson,13,5257,717,137993
04/03/2021,Jefferson,17,5274,529,138522
04/04/2021,Jefferson,5,5279,493,139015
04/05/2021,Jefferson,10,5289,339,139354
04/06/2021,Jefferson,16,5305,552,139906
04/07/2021,Jefferson,26,5331,521,140427
04/08/2021,Jefferson,14,5345,856,141283
04/09/2021,Jefferson,17,5362,930,142213
04/10/2021,Jefferson,15,5377,480,142693
04/11/2021,Jefferson,4,5381,196,142889
04/12/2021,Jefferson,11,5392,478,143367
04/13/2021,Jefferson,16,5408,541,143908
04/14/2021,Jefferson,16,5424,864,144772
04/15/2021,Jefferson,17,5441,642,145414
04/16/2021,Jefferson,14,5455,846,146260
04/17/2021,Jefferson,10,5465,609,146869
04/18/2021,Jefferson,6,5471,249,147118
04/19/2021,Jefferson,4,5475,313,147431
04/20/2021,Jefferson,12,5487,895,148326
04/21/2021,Jefferson,26,5513,683,149009
04/22/2021,Jefferson,18,5531,880,149889
04/23/2021,Jefferson,6,5537,768,150657
04/24/2021,Jefferson,7,5544,354,151011
04/25/2021,Jefferson,5,5549,296,151307
04/26/2021,Jefferson,12,5561,362,151669
04/27/2021,Jefferson,12,5573,519,152188
04/28/2021,Jefferson,33,5606,1042,153230
04/29/2021,Jefferson,29,5635,872,154102
04/30/2021,Jefferson,33,5668,929,155031
05/01/2021,Jefferson,8,5676,580,155611
05/02/2021,Jefferson,14,5690,362,155973
05/03/2021,Jefferson,17,5707,515,156488
05/04/2021,Jefferson,21,5728,508,156996
05/05/2021,Jefferson,18,5746,751,157747
05/06/2021,Jefferson,21,5767,524,158271
05/07/2021,Jefferson,36,5803,787,159058
05/08/2021,Jefferson,18,5821,352,159410
05/09/2021,Jefferson,8,5829,253,159663
05/10/2021,Jefferson,18,5847,346,160009
05/11/2021,Jefferson,15,5862,804,160813
05/12/2021,Jefferson,22,5884,618,161431
05/13/2021,Jefferson,19,5903,639,162070
05/14/2021,Jefferson,28,5931,927,162997
05/15/2021,Jefferson,11,5942,400,163397
05/16/2021,Jefferson,11,5953,378,163775
05/17/2021,Jefferson,11,5964,260,164035
05/18/2021,Jefferson,20,5984,957,164992
05/19/2021,Jefferson,16,6000,577,165569
05/20/2021,Jefferson,8,6008,639,166208
05/21/2021,Jefferson,7,6015,1056,167264
05/22/2021,Jefferson,12,6027,399,167663
05/23/2021,Jefferson,6,6033,198,167861
05/24/2021,Jefferson,8,6041,303,168164
05/25/2021,Jefferson,6,6047,717,168881
05/26/2021,Jefferson,7,6054,569,169450
05/27/2021,Jefferson,4,6058,321,169771
05/28/2021,Jefferson,10,6068,727,170498
05/29/2021,Jefferson,5,6073,293,170791
05/30/2021,Jefferson,5,6078,191,170982
05/31/2021,Jefferson,2,6080,249,171231
06/01/2021,Jefferson,1,6081,154,171385
06/02/2021,Jefferson,6,6087,342,171727
06/03/2021,Jefferson,3,6090,828,172555
06/04/2021,Jefferson,5,6095,798,173353
06/05/2021,Jefferson,3,6098,727,174080
06/06/2021,Jefferson,3,6101,218,174298
06/07/2021,Jefferson,7,6108,227,174525
06/08/2021,Jefferson,5,6113,499,175024
06/09/2021,Jefferson,4,6117,540,175564
06/10/2021,Jefferson,5,6122,316,175880
06/11/2021,Jefferson,6,6128,502,176382
06/12/2021,Jefferson,2,6130,250,176632
06/13/2021,Jefferson,1,6131,112,176744
06/14/2021,Jefferson,5,6136,208,176952
06/15/2021,Jefferson,3,6139,493,177445
06/16/2021,Jefferson,10,6149,512,177957
06/17/2021,Jefferson,0,6149,210,178167
06/18/2021,Jefferson,6,6155,352,178519
06/19/2021,Jefferson,0,6155,213,178732
06/20/2021,Jefferson,1,6156,152,178884
06/21/2021,Jefferson,1,6157,278,179162
06/22/2021,Jefferson,2,6159,237,179399
06/23/2021,Jefferson,1,6160,281,179680
06/24/2021,Jefferson,2,6162,266,179946
06/25/2021,Jefferson,1,6163,287,180233
06/26/2021,Jefferson,3,6166,288,180521
06/27/2021,Jefferson,3,6169,220,180741
06/28/2021,Jefferson,2,6171,167,180908
06/29/2021,Jefferson,3,6174,270,181178
06/30/2021,Jefferson,2,6176,236,181414
07/01/2021,Jefferson,5,6181,270,181684
07/02/2021,Jefferson,2,6183,243,181927
07/03/2021,Jefferson,2,6185,204,182131
07/04/2021,Jefferson,2,6187,176,182307
07/05/2021,Jefferson,5,6192,136,182443
07/06/2021,Jefferson,0,6192,128,182571
07/07/2021,Jefferson,0,6192,249,182820
07/08/2021,Jefferson,2,6194,271,183091
07/09/2021,Jefferson,0,6194,250,183341
07/10/2021,Jefferson,1,6195,167,183508
07/11/2021,Jefferson,2,6197,246,183754
07/12/2021,Jefferson,3,6200,142,183896
07/13/2021,Jefferson,2,6202,202,184098
07/14/2021,Jefferson,6,6208,255,184353
07/15/2021,Jefferson,3,6211,145,184498
07/16/2021,Jefferson,1,6212,216,184714
07/17/2021,Jefferson,2,6214,242,184956
07/18/2021,Jefferson,0,6214,143,185099
07/19/2021,Jefferson,1,6215,154,185253
07/20/2021,Jefferson,0,6215,236,185489
07/21/2021,Jefferson,7,6222,300,185789
07/22/2021,Jefferson,4,6226,218,186007
07/23/2021,Jefferson,0,6226,240,186247
07/24/2021,Jefferson,6,6232,205,186452
07/25/2021,Jefferson,4,6236,153,186605
07/26/2021,Jefferson,5,6241,231,186836
07/27/2021,Jefferson,6,6247,172,187008
07/28/2021,Jefferson,6,6253,252,187260
07/29/2021,Jefferson,2,6255,220,187480
07/30/2021,Jefferson,7,6262,299,187779
07/31/2021,Jefferson,7,6269,188,187967
08/01/2021,Jefferson,6,6275,200,188167
08/02/2021,Jefferson,11,6286,211,188378
08/03/2021,Jefferson,10,6296,279,188657
08/04/2021,Jefferson,7,6303,286,188943
08/05/2021,Jefferson,5,6308,239,189182
08/06/2021,Jefferson,11,6319,436,189618
08/07/2021,Jefferson,5,6324,260,189878
08/08/2021,Jefferson,1,6325,188,190066
08/09/2021,Jefferson,9,6334,232,190298
08/10/2021,Jefferson,6,6340,319,190617
08/11/2021,Jefferson,17,6357,329,190946
08/12/2021,Jefferson,11,6368,429,191375
08/13/2021,Jefferson,7,6375,354,191729
08/14/2021,Jefferson,7,6382,327,192056
08/15/2021,Jefferson,13,6395,300,192356
08/16/2021,Jefferson,10,6405,247,192603
08/17/2021,Jefferson,16,6421,503,193106
08/18/2021,Jefferson,17,6438,547,193653
08/19/2021,Jefferson,12,6450,570,194223
08/20/2021,Jefferson,11,6461,408,194631
08/21/2021,Jefferson,12,6473,328,194959
08/22/2021,Jefferson,14,6487,260,195219
08/23/2021,Jefferson,23,6510,244,195463
08/24/2021,Jefferson,14,6524,307,195770
08/25/2021,Jefferson,25,6549,558,196328
08/26/2021,Jefferson,31,6580,758,197086
08/27/2021,Jefferson,31,6611,626,197712
08/28/2021,Jefferson,18,6629,335,198047
08/29/2021,Jefferson,17,6646,374,198421
08/30/2021,Jefferson,25,6671,333,198754
08/31/2021,Jefferson,27,6698,424,199178
09/01/2021,Jefferson,26,6724,717,199895
09/02/2021,Jefferson,37,6761,554,200449
09/03/2021,Jefferson,32,6793,710,201159
09/04/2021,Jefferson,16,6809,311,201470
09/05/2021,Jefferson,47,6856,474,201944
09/06/2021,Jefferson,16,6872,240,202184
09/07/2021,Jefferson,27,6899,265,202449
09/08/2021,Jefferson,46,6945,478,202927
09/09/2021,Jefferson,39,6984,1096,204023
09/10/2021,Jefferson,58,7042,1064,205087
09/11/2021,Jefferson,43,7085,584,205671
09/12/2021,Jefferson,33,7118,424,206095
09/13/2021,Jefferson,19,7137,337,206432
09/14/2021,Jefferson,21,7158,417,206849
09/15/2021,Jefferson,73,7231,939,207788
09/16/2021,Jefferson,54,7285,1037,208825
09/17/2021,Jefferson,41,7326,652,209477
09/18/2021,Jefferson,44,7370,590,210067
09/19/2021,Jefferson,20,7390,467,210534
09/20/2021,Jefferson,52,7442,687,211221
09/21/2021,Jefferson,47,7489,658,211879
09/22/2021,Jefferson,32,7521,994,212873
09/23/2021,Jefferson,39,7560,1231,214104
09/24/2021,Jefferson,41,7601,953,215057
09/25/2021,Jefferson,39,7640,706,215763
09/26/2021,Jefferson,27,7667,494,216257
09/27/2021,Jefferson,40,7707,419,216676
09/28/2021,Jefferson,64,7771,699,217375
09/29/2021,Jefferson,32,7803,1217,218592
09/30/2021,Jefferson,57,7860,994,219586
10/01/2021,Jefferson,43,7903,884,220470
10/02/2021,Jefferson,44,7947,705,221175
10/03/2021,Jefferson,20,7967,337,221512
10/04/2021,Jefferson,59,8026,652,222164
10/05/2021,Jefferson,78,8104,1122,223286
10/06/2021,Jefferson,44,8148,963,224249
10/07/2021,Jefferson,60,8208,1130,225379
10/08/2021,Jefferson,64,8272,817,226196
10/09/2021,Jefferson,51,8323,451,226647
10/10/2021,Jefferson,42,8365,681,227328
10/11/2021,Jefferson,30,8395,408,227736
10/12/2021,Jefferson,43,8438,744,228480
10/13/2021,Jefferson,57,8495,892,229372
10/14/2021,Jefferson,56,8551,918,230290
10/15/2021,Jefferson,61,8612,934,231224
10/16/2021,Jefferson,63,8675,635,231859
10/17/2021,Jefferson,34,8709,522,232381
10/18/2021,Jefferson,39,8748,434,232815
10/19/2021,Jefferson,66,8814,963,233778
10/20/2021,Jefferson,66,8880,1105,234883
10/21/2021,Jefferson,44,8924,797,235680
10/22/2021,Jefferson,59,8983,1010,236690
10/23/2021,Jefferson,20,9003,827,237517
03/01/2020,Kings,0,0,0,0
03/02/2020,Kings,0,0,0,0
03/03/2020,Kings,0,0,2,2
03/04/2020,Kings,1,1,4,6
03/05/2020,Kings,0,1,7,13
03/06/2020,Kings,3,4,12,25
03/07/2020,Kings,0,4,9,34
03/08/2020,Kings,2,6,10,44
03/09/2020,Kings,1,7,31,75
03/10/2020,Kings,7,14,29,104
03/11/2020,Kings,2,16,24,128
03/12/2020,Kings,8,24,59,187
03/13/2020,Kings,17,41,136,323
03/14/2020,Kings,17,58,99,422
03/15/2020,Kings,26,84,166,588
03/16/2020,Kings,39,123,171,759
03/17/2020,Kings,264,387,741,1500
03/18/2020,Kings,273,660,795,2295
03/19/2020,Kings,674,1334,1553,3848
03/20/2020,Kings,538,1872,1378,5226
03/21/2020,Kings,893,2765,1941,7167
03/22/2020,Kings,702,3467,1506,8673
03/23/2020,Kings,700,4167,1422,10095
03/24/2020,Kings,779,4946,1474,11569
03/25/2020,Kings,755,5701,1550,13119
03/26/2020,Kings,1106,6807,1905,15024
03/27/2020,Kings,1238,8045,2254,17278
03/28/2020,Kings,973,9018,1790,19068
03/29/2020,Kings,1011,10029,1627,20695
03/30/2020,Kings,1888,11917,3113,23808
03/31/2020,Kings,1198,13115,2011,25819
04/01/2020,Kings,1189,14304,2041,27860
04/02/2020,Kings,1396,15700,2512,30372
04/03/2020,Kings,1804,17504,3234,33606
04/04/2020,Kings,1054,18558,1990,35596
04/05/2020,Kings,1144,19702,2013,37609
04/06/2020,Kings,1177,20879,2245,39854
04/07/2020,Kings,1203,22082,2607,42461
04/08/2020,Kings,1312,23394,2565,45026
04/09/2020,Kings,1321,24715,2578,47604
04/10/2020,Kings,1528,26243,2887,50491
04/11/2020,Kings,1228,27471,2670,53161
04/12/2020,Kings,933,28404,2029,55190
04/13/2020,Kings,902,29306,2055,57245
04/14/2020,Kings,2663,31969,5103,62348
04/15/2020,Kings,1552,33521,3724,66072
04/16/2020,Kings,1184,34705,3347,69419
04/17/2020,Kings,1058,35763,3016,72435
04/18/2020,Kings,719,36482,2390,74825
04/19/2020,Kings,548,37030,1835,76660
04/20/2020,Kings,664,37694,2300,78960
04/21/2020,Kings,787,38481,2827,81787
04/22/2020,Kings,873,39354,3526,85313
04/23/2020,Kings,1294,40648,5030,90343
04/24/2020,Kings,1012,41660,4021,94364
04/25/2020,Kings,827,42487,3685,98049
04/26/2020,Kings,527,43014,2684,100733
04/27/2020,Kings,573,43587,2940,103673
04/28/2020,Kings,649,44236,3873,107546
04/29/2020,Kings,636,44872,3944,111490
04/30/2020,Kings,647,45519,3927,115417
05/01/2020,Kings,756,46275,4717,120134
05/02/2020,Kings,564,46839,3804,123938
05/03/2020,Kings,344,47183,2545,126483
05/04/2020,Kings,396,47579,3364,129847
05/05/2020,Kings,395,47974,3597,133444
05/06/2020,Kings,576,48550,5284,138728
05/07/2020,Kings,448,48998,4582,143310
05/08/2020,Kings,463,49461,4747,148057
05/09/2020,Kings,356,49817,3682,151739
05/10/2020,Kings,255,50072,2825,154564
05/11/2020,Kings,259,50331,2984,157548
05/12/2020,Kings,336,50667,4615,162163
05/13/2020,Kings,428,51095,6107,168270
05/14/2020,Kings,486,51581,5741,174011
05/15/2020,Kings,410,51991,5793,179804
05/16/2020,Kings,307,52298,4377,184181
05/17/2020,Kings,187,52485,3052,187233
05/18/2020,Kings,196,52681,4133,191366
05/19/2020,Kings,208,52889,3890,195256
05/20/2020,Kings,496,53385,7252,202508
05/21/2020,Kings,254,53639,5372,207880
05/22/2020,Kings,263,53902,6189,214069
05/23/2020,Kings,273,54175,6813,220882
05/24/2020,Kings,185,54360,4990,225872
05/25/2020,Kings,200,54560,5214,231086
05/26/2020,Kings,219,54779,5940,237026
05/27/2020,Kings,368,55147,10938,247964
05/28/2020,Kings,299,55446,10686,258650
05/29/2020,Kings,281,55727,9619,268269
05/30/2020,Kings,173,55900,7167,275436
05/31/2020,Kings,153,56053,5765,281201
06/01/2020,Kings,189,56242,7500,288701
06/02/2020,Kings,163,56405,7485,296186
06/03/2020,Kings,182,56587,7880,304066
06/04/2020,Kings,183,56770,7659,311725
06/05/2020,Kings,196,56966,9370,321095
06/06/2020,Kings,165,57131,8378,329473
06/07/2020,Kings,129,57260,7254,336727
06/08/2020,Kings,107,57367,5499,342226
06/09/2020,Kings,117,57484,8815,351041
06/10/2020,Kings,121,57605,6515,357556
06/11/2020,Kings,128,57733,8670,366226
06/12/2020,Kings,186,57919,10217,376443
06/13/2020,Kings,140,58059,9012,385455
06/14/2020,Kings,118,58177,8880,394335
06/15/2020,Kings,97,58274,8034,402369
06/16/2020,Kings,112,58386,8472,410841
06/17/2020,Kings,116,58502,10052,420893
06/18/2020,Kings,132,58634,10964,431857
06/19/2020,Kings,127,58761,10520,442377
06/20/2020,Kings,113,58874,9864,452241
06/21/2020,Kings,75,58949,7192,459433
06/22/2020,Kings,98,59047,5819,465252
06/23/2020,Kings,64,59111,6732,471984
06/24/2020,Kings,95,59206,7602,479586
06/25/2020,Kings,105,59311,7450,487036
06/26/2020,Kings,109,59420,10239,497275
06/27/2020,Kings,87,59507,8508,505783
06/28/2020,Kings,69,59576,5378,511161
06/29/2020,Kings,74,59650,6646,517807
06/30/2020,Kings,92,59742,7756,525563
07/01/2020,Kings,113,59855,9252,534815
07/02/2020,Kings,102,59957,8649,543464
07/03/2020,Kings,121,60078,7506,550970
07/04/2020,Kings,71,60149,7534,558504
07/05/2020,Kings,62,60211,7273,565777
07/06/2020,Kings,70,60281,7673,573450
07/07/2020,Kings,105,60386,6914,580364
07/08/2020,Kings,75,60461,7228,587592
07/09/2020,Kings,99,60560,8795,596387
07/10/2020,Kings,87,60647,7543,603930
07/11/2020,Kings,101,60748,7261,611191
07/12/2020,Kings,67,60815,5925,617116
07/13/2020,Kings,89,60904,5637,622753
07/14/2020,Kings,108,61012,7601,630354
07/15/2020,Kings,112,61124,8189,638543
07/16/2020,Kings,109,61233,10677,649220
07/17/2020,Kings,118,61351,9343,658563
07/18/2020,Kings,81,61432,6260,664823
07/19/2020,Kings,56,61488,5904,670727
07/20/2020,Kings,80,61568,8084,678811
07/21/2020,Kings,94,61662,8182,686993
07/22/2020,Kings,90,61752,8779,695772
07/23/2020,Kings,72,61824,9523,705295
07/24/2020,Kings,102,61926,7669,712964
07/25/2020,Kings,62,61988,6610,719574
07/26/2020,Kings,65,62053,7052,726626
07/27/2020,Kings,57,62110,6374,733000
07/28/2020,Kings,84,62194,8815,741815
07/29/2020,Kings,101,62295,9160,750975
07/30/2020,Kings,90,62385,9095,760070
07/31/2020,Kings,109,62494,10667,770737
08/01/2020,Kings,83,62577,7441,778178
08/02/2020,Kings,64,62641,6911,785089
08/03/2020,Kings,74,62715,7510,792599
08/04/2020,Kings,75,62790,8138,800737
08/05/2020,Kings,100,62890,8929,809666
08/06/2020,Kings,109,62999,8735,818401
08/07/2020,Kings,87,63086,9201,827602
08/08/2020,Kings,69,63155,7685,835287
08/09/2020,Kings,68,63223,6590,841877
08/10/2020,Kings,85,63308,7833,849710
08/11/2020,Kings,102,63410,13378,863088
08/12/2020,Kings,132,63542,11994,875082
08/13/2020,Kings,94,63636,11535,886617
08/14/2020,Kings,143,63779,11157,897774
08/15/2020,Kings,82,63861,9558,907332
08/16/2020,Kings,52,63913,7179,914511
08/17/2020,Kings,89,64002,6633,921144
08/18/2020,Kings,80,64082,9135,930279
08/19/2020,Kings,80,64162,8865,939144
08/20/2020,Kings,74,64236,10187,949331
08/21/2020,Kings,65,64301,10756,960087
08/22/2020,Kings,74,64375,9136,969223
08/23/2020,Kings,47,64422,7826,977049
08/24/2020,Kings,73,64495,7208,984257
08/25/2020,Kings,77,64572,7983,992240
08/26/2020,Kings,92,64664,9336,1001576
08/27/2020,Kings,90,64754,12225,1013801
08/28/2020,Kings,103,64857,10972,1024773
08/29/2020,Kings,73,64930,11050,1035823
08/30/2020,Kings,68,64998,6957,1042780
08/31/2020,Kings,120,65118,9322,1052102
09/01/2020,Kings,83,65201,9607,1061709
09/02/2020,Kings,127,65328,10442,1072151
09/03/2020,Kings,112,65440,13256,1085407
09/04/2020,Kings,100,65540,10629,1096036
09/05/2020,Kings,86,65626,11109,1107145
09/06/2020,Kings,74,65700,7350,1114495
09/07/2020,Kings,57,65757,6683,1121178
09/08/2020,Kings,62,65819,8221,1129399
09/09/2020,Kings,110,65929,9082,1138481
09/10/2020,Kings,80,66009,9839,1148320
09/11/2020,Kings,115,66124,11402,1159722
09/12/2020,Kings,73,66197,7592,1167314
09/13/2020,Kings,77,66274,7304,1174618
09/14/2020,Kings,107,66381,7997,1182615
09/15/2020,Kings,87,66468,9006,1191621
09/16/2020,Kings,118,66586,8620,1200241
09/17/2020,Kings,151,66737,10338,1210579
09/18/2020,Kings,234,66971,13785,1224364
09/19/2020,Kings,165,67136,12173,1236537
09/20/2020,Kings,91,67227,7210,1243747
09/21/2020,Kings,164,67391,11982,1255729
09/22/2020,Kings,119,67510,7472,1263201
09/23/2020,Kings,207,67717,11102,1274303
09/24/2020,Kings,175,67892,10044,1284347
09/25/2020,Kings,203,68095,12389,1296736
09/26/2020,Kings,184,68279,9241,1305977
09/27/2020,Kings,183,68462,6981,1312958
09/28/2020,Kings,196,68658,11496,1324454
09/29/2020,Kings,186,68844,10547,1335001
09/30/2020,Kings,218,69062,11390,1346391
10/01/2020,Kings,257,69319,13484,1359875
10/02/2020,Kings,358,69677,15896,1375771
10/03/2020,Kings,256,69933,10882,1386653
10/04/2020,Kings,198,70131,7790,1394443
10/05/2020,Kings,223,70354,10652,1405095
10/06/2020,Kings,262,70616,11670,1416765
10/07/2020,Kings,283,70899,17061,1433826
10/08/2020,Kings,300,71199,15913,1449739
10/09/2020,Kings,236,71435,16528,1466267
10/10/2020,Kings,200,71635,13012,1479279
10/11/2020,Kings,121,71756,10104,1489383
10/12/2020,Kings,185,71941,12300,1501683
10/13/2020,Kings,218,72159,11198,1512881
10/14/2020,Kings,210,72369,17754,1530635
10/15/2020,Kings,229,72598,16348,1546983
10/16/2020,Kings,296,72894,20191,1567174
10/17/2020,Kings,229,73123,15572,1582746
10/18/2020,Kings,140,73263,9451,1592197
10/19/2020,Kings,170,73433,9545,1601742
10/20/2020,Kings,333,73766,15168,1616910
10/21/2020,Kings,169,73935,14185,1631095
10/22/2020,Kings,179,74114,17870,1648965
10/23/2020,Kings,225,74339,16840,1665805
10/24/2020,Kings,214,74553,14425,1680230
10/25/2020,Kings,150,74703,9490,1689720
10/26/2020,Kings,200,74903,11831,1701551
10/27/2020,Kings,266,75169,16524,1718075
10/28/2020,Kings,348,75517,20517,1738592
10/29/2020,Kings,262,75779,16919,1755511
10/30/2020,Kings,206,75985,14343,1769854
10/31/2020,Kings,253,76238,17552,1787406
11/01/2020,Kings,208,76446,11520,1798926
11/02/2020,Kings,217,76663,15312,1814238
11/03/2020,Kings,325,76988,20383,1834621
11/04/2020,Kings,353,77341,20703,1855324
11/05/2020,Kings,368,77709,18826,1874150
11/06/2020,Kings,349,78058,19342,1893492
11/07/2020,Kings,356,78414,18824,1912316
11/08/2020,Kings,331,78745,13287,1925603
11/09/2020,Kings,328,79073,17228,1942831
11/10/2020,Kings,485,79558,17933,1960764
11/11/2020,Kings,450,80008,19871,1980635
11/12/2020,Kings,483,80491,21782,2002417
11/13/2020,Kings,455,80946,21871,2024288
11/14/2020,Kings,425,81371,19932,2044220
11/15/2020,Kings,315,81686,16712,2060932
11/16/2020,Kings,404,82090,17493,2078425
11/17/2020,Kings,453,82543,17351,2095776
11/18/2020,Kings,540,83083,22956,2118732
11/19/2020,Kings,525,83608,24164,2142896
11/20/2020,Kings,522,84130,21922,2164818
11/21/2020,Kings,479,84609,24041,2188859
11/22/2020,Kings,499,85108,18796,2207655
11/23/2020,Kings,453,85561,18642,2226297
11/24/2020,Kings,491,86052,19803,2246100
11/25/2020,Kings,576,86628,25758,2271858
11/26/2020,Kings,759,87387,27307,2299165
11/27/2020,Kings,592,87979,20412,2319577
11/28/2020,Kings,502,88481,17394,2336971
11/29/2020,Kings,646,89127,18455,2355426
11/30/2020,Kings,624,89751,15853,2371279
12/01/2020,Kings,841,90592,20366,2391645
12/02/2020,Kings,1055,91647,24518,2416163
12/03/2020,Kings,948,92595,21790,2437953
12/04/2020,Kings,913,93508,22968,2460921
12/05/2020,Kings,804,94312,22710,2483631
12/06/2020,Kings,735,95047,18400,2502031
12/07/2020,Kings,973,96020,21118,2523149
12/08/2020,Kings,1073,97093,27802,2550951
12/09/2020,Kings,952,98045,22420,2573371
12/10/2020,Kings,869,98914,22770,2596141
12/11/2020,Kings,1227,100141,32482,2628623
12/12/2020,Kings,861,101002,22250,2650873
12/13/2020,Kings,830,101832,19132,2670005
12/14/2020,Kings,1163,102995,25232,2695237
12/15/2020,Kings,974,103969,19301,2714538
12/16/2020,Kings,1037,105006,23680,2738218
12/17/2020,Kings,1349,106355,33608,2771826
12/18/2020,Kings,1037,107392,24094,2795920
12/19/2020,Kings,938,108330,23164,2819084
12/20/2020,Kings,1009,109339,20487,2839571
12/21/2020,Kings,988,110327,20288,2859859
12/22/2020,Kings,1346,111673,28213,2888072
12/23/2020,Kings,1452,113125,29663,2917735
12/24/2020,Kings,1177,114302,25299,2943034
12/25/2020,Kings,1225,115527,27620,2970654
12/26/2020,Kings,856,116383,15330,2985984
12/27/2020,Kings,1034,117417,15197,3001181
12/28/2020,Kings,1335,118752,23317,3024498
12/29/2020,Kings,1456,120208,20606,3045104
12/30/2020,Kings,1767,121975,26297,3071401
12/31/2020,Kings,1449,123424,24505,3095906
01/01/2021,Kings,1385,124809,23897,3119803
01/02/2021,Kings,846,125655,16005,3135808
01/03/2021,Kings,1028,126683,16433,3152241
01/04/2021,Kings,1384,128067,19498,3171739
01/05/2021,Kings,1572,129639,22417,3194156
01/06/2021,Kings,1858,131497,27980,3222136
01/07/2021,Kings,1788,133285,27561,3249697
01/08/2021,Kings,1678,134963,30912,3280609
01/09/2021,Kings,1522,136485,31661,3312270
01/10/2021,Kings,1474,137959,25639,3337909
01/11/2021,Kings,1713,139672,25260,3363169
01/12/2021,Kings,1863,141535,26897,3390066
01/13/2021,Kings,1543,143078,26312,3416378
01/14/2021,Kings,2346,145424,41508,3457886
01/15/2021,Kings,1828,147252,34529,3492415
01/16/2021,Kings,1668,148920,31524,3523939
01/17/2021,Kings,1543,150463,24613,3548552
01/18/2021,Kings,1510,151973,23319,3571871
01/19/2021,Kings,1870,153843,28694,3600565
01/20/2021,Kings,1581,155424,25534,3626099
01/21/2021,Kings,1836,157260,34873,3660972
01/22/2021,Kings,1596,158856,31588,3692560
01/23/2021,Kings,1513,160369,31974,3724534
01/24/2021,Kings,1595,161964,27854,3752388
01/25/2021,Kings,1372,163336,19888,3772276
01/26/2021,Kings,1600,164936,28205,3800481
01/27/2021,Kings,1831,166767,33526,3834007
01/28/2021,Kings,1738,168505,32535,3866542
01/29/2021,Kings,1810,170315,34295,3900837
01/30/2021,Kings,1521,171836,31525,3932362
01/31/2021,Kings,1231,173067,22449,3954811
02/01/2021,Kings,1274,174341,20989,3975800
02/02/2021,Kings,808,175149,14483,3990283
02/03/2021,Kings,990,176139,17610,4007893
02/04/2021,Kings,1217,177356,21930,4029823
02/05/2021,Kings,1538,178894,30118,4059941
02/06/2021,Kings,1456,180350,29899,4089840
02/07/2021,Kings,1261,181611,23679,4113519
02/08/2021,Kings,1357,182968,18559,4132078
02/09/2021,Kings,1026,183994,21307,4153385
02/10/2021,Kings,1609,185603,32570,4185955
02/11/2021,Kings,1154,186757,31166,4217121
02/12/2021,Kings,1315,188072,30357,4247478
02/13/2021,Kings,1105,189177,27414,4274892
02/14/2021,Kings,961,190138,19665,4294557
02/15/2021,Kings,1137,191275,19882,4314439
02/16/2021,Kings,965,192240,21613,4336052
02/17/2021,Kings,1029,193269,29725,4365777
02/18/2021,Kings,1414,194683,29887,4395664
02/19/2021,Kings,1274,195957,28792,4424456
02/20/2021,Kings,1029,196986,22306,4446762
02/21/2021,Kings,947,197933,18765,4465527
02/22/2021,Kings,1039,198972,16448,4481975
02/23/2021,Kings,1299,200271,33093,4515068
02/24/2021,Kings,1311,201582,30725,4545793
02/25/2021,Kings,1374,202956,35255,4581048
02/26/2021,Kings,1306,204262,33471,4614519
02/27/2021,Kings,1134,205396,31529,4646048
02/28/2021,Kings,1025,206421,22226,4668274
03/01/2021,Kings,966,207387,14684,4682958
03/02/2021,Kings,1478,208865,31341,4714299
03/03/2021,Kings,1209,210074,31249,4745548
03/04/2021,Kings,1439,211513,40837,4786385
03/05/2021,Kings,1273,212786,34297,4820682
03/06/2021,Kings,1049,213835,23868,4844550
03/07/2021,Kings,776,214611,15966,4860516
03/08/2021,Kings,1158,215769,27198,4887714
03/09/2021,Kings,1066,216835,28091,4915805
03/10/2021,Kings,1173,218008,29740,4945545
03/11/2021,Kings,1572,219580,35816,4981361
03/12/2021,Kings,1109,220689,26066,5007427
03/13/2021,Kings,925,221614,21098,5028525
03/14/2021,Kings,908,222522,14958,5043483
03/15/2021,Kings,1079,223601,21838,5065321
03/16/2021,Kings,1711,225312,46316,5111637
03/17/2021,Kings,1226,226538,29446,5141083
03/18/2021,Kings,1400,227938,33521,5174604
03/19/2021,Kings,1075,229013,31215,5205819
03/20/2021,Kings,1244,230257,27757,5233576
03/21/2021,Kings,950,231207,18730,5252306
03/22/2021,Kings,1182,232389,23351,5275657
03/23/2021,Kings,1209,233598,28869,5304526
03/24/2021,Kings,1318,234916,29788,5334314
03/25/2021,Kings,1425,236341,34957,5369271
03/26/2021,Kings,1092,237433,27109,5396380
03/27/2021,Kings,1547,238980,35139,5431519
03/28/2021,Kings,1014,239994,22432,5453951
03/29/2021,Kings,920,240914,20616,5474567
03/30/2021,Kings,1202,242116,25207,5499774
03/31/2021,Kings,1266,243382,28051,5527825
04/01/2021,Kings,1113,244495,27592,5555417
04/02/2021,Kings,1118,245613,26945,5582362
04/03/2021,Kings,1097,246710,24418,5606780
04/04/2021,Kings,880,247590,19069,5625849
04/05/2021,Kings,985,248575,17879,5643728
04/06/2021,Kings,1130,249705,27505,5671233
04/07/2021,Kings,1079,250784,31690,5702923
04/08/2021,Kings,1369,252153,35206,5738129
04/09/2021,Kings,979,253132,33331,5771460
04/10/2021,Kings,1006,254138,30267,5801727
04/11/2021,Kings,679,254817,15612,5817339
04/12/2021,Kings,739,255556,14811,5832150
04/13/2021,Kings,1174,256730,31012,5863162
04/14/2021,Kings,866,257596,22794,5885956
04/15/2021,Kings,1154,258750,32068,5918024
04/16/2021,Kings,1367,260117,47155,5965179
04/17/2021,Kings,815,260932,28330,5993509
04/18/2021,Kings,667,261599,17888,6011397
04/19/2021,Kings,576,262175,13823,6025220
04/20/2021,Kings,679,262854,25867,6051087
04/21/2021,Kings,680,263534,27737,6078824
04/22/2021,Kings,780,264314,31263,6110087
04/23/2021,Kings,639,264953,29683,6139770
04/24/2021,Kings,674,265627,29105,6168875
04/25/2021,Kings,469,266096,14811,6183686
04/26/2021,Kings,425,266521,12305,6195991
04/27/2021,Kings,466,266987,26832,6222823
04/28/2021,Kings,535,267522,27431,6250254
04/29/2021,Kings,554,268076,25104,6275358
04/30/2021,Kings,549,268625,28976,6304334
05/01/2021,Kings,458,269083,24301,6328635
05/02/2021,Kings,297,269380,12337,6340972
05/03/2021,Kings,282,269662,13302,6354274
05/04/2021,Kings,372,270034,22288,6376562
05/05/2021,Kings,343,270377,24118,6400680
05/06/2021,Kings,297,270674,23825,6424505
05/07/2021,Kings,413,271087,32297,6456802
05/08/2021,Kings,289,271376,22437,6479239
05/09/2021,Kings,197,271573,12574,6491813
05/10/2021,Kings,165,271738,12608,6504421
05/11/2021,Kings,227,271965,28507,6532928
05/12/2021,Kings,294,272259,24881,6557809
05/13/2021,Kings,249,272508,25254,6583063
05/14/2021,Kings,198,272706,23055,6606118
05/15/2021,Kings,174,272880,22705,6628823
05/16/2021,Kings,159,273039,11680,6640503
05/17/2021,Kings,121,273160,11688,6652191
05/18/2021,Kings,167,273327,19737,6671928
05/19/2021,Kings,154,273481,24618,6696546
05/20/2021,Kings,245,273726,25395,6721941
05/21/2021,Kings,156,273882,22684,6744625
05/22/2021,Kings,154,274036,20407,6765032
05/23/2021,Kings,106,274142,10926,6775958
05/24/2021,Kings,95,274237,9747,6785705
05/25/2021,Kings,104,274341,21992,6807697
05/26/2021,Kings,126,274467,23698,6831395
05/27/2021,Kings,114,274581,22676,6854071
05/28/2021,Kings,81,274662,20011,6874082
05/29/2021,Kings,82,274744,18026,6892108
05/30/2021,Kings,56,274800,8645,6900753
05/31/2021,Kings,53,274853,7516,6908269
06/01/2021,Kings,57,274910,16703,6924972
06/02/2021,Kings,81,274991,19910,6944882
06/03/2021,Kings,102,275093,27291,6972173
06/04/2021,Kings,68,275161,16502,6988675
06/05/2021,Kings,72,275233,19124,7007799
06/06/2021,Kings,38,275271,9250,7017049
06/07/2021,Kings,59,275330,9510,7026559
06/08/2021,Kings,64,275394,18579,7045138
06/09/2021,Kings,83,275477,20623,7065761
06/10/2021,Kings,68,275545,18495,7084256
06/11/2021,Kings,71,275616,21137,7105393
06/12/2021,Kings,43,275659,18068,7123461
06/13/2021,Kings,36,275695,8305,7131766
06/14/2021,Kings,47,275742,8544,7140310
06/15/2021,Kings,54,275796,17933,7158243
06/16/2021,Kings,48,275844,19203,7177446
06/17/2021,Kings,56,275900,18850,7196296
06/18/2021,Kings,47,275947,17847,7214143
06/19/2021,Kings,48,275995,15313,7229456
06/20/2021,Kings,41,276036,8295,7237751
06/21/2021,Kings,38,276074,8156,7245907
06/22/2021,Kings,49,276123,16269,7262176
06/23/2021,Kings,52,276175,19082,7281258
06/24/2021,Kings,57,276232,14710,7295968
06/25/2021,Kings,65,276297,15024,7310992
06/26/2021,Kings,55,276352,12857,7323849
06/27/2021,Kings,43,276395,8379,7332228
06/28/2021,Kings,54,276449,7915,7340143
06/29/2021,Kings,49,276498,14201,7354344
06/30/2021,Kings,70,276568,12483,7366827
07/01/2021,Kings,69,276637,11577,7378404
07/02/2021,Kings,92,276729,13954,7392358
07/03/2021,Kings,62,276791,11080,7403438
07/04/2021,Kings,61,276852,8012,7411450
07/05/2021,Kings,35,276887,5890,7417340
07/06/2021,Kings,84,276971,7885,7425225
07/07/2021,Kings,138,277109,16936,7442161
07/08/2021,Kings,184,277293,14728,7456889
07/09/2021,Kings,119,277412,13321,7470210
07/10/2021,Kings,123,277535,12216,7482426
07/11/2021,Kings,111,277646,8380,7490806
07/12/2021,Kings,107,277753,8838,7499644
07/13/2021,Kings,159,277912,13199,7512843
07/14/2021,Kings,185,278097,14297,7527140
07/15/2021,Kings,208,278305,14977,7542117
07/16/2021,Kings,262,278567,13938,7556055
07/17/2021,Kings,200,278767,13387,7569442
07/18/2021,Kings,141,278908,23240,7592682
07/19/2021,Kings,246,279154,13617,7606299
07/20/2021,Kings,295,279449,15439,7621738
07/21/2021,Kings,301,279750,16599,7638337
07/22/2021,Kings,327,280077,16969,7655306
07/23/2021,Kings,366,280443,19181,7674487
07/24/2021,Kings,357,280800,16809,7691296
07/25/2021,Kings,266,281066,10753,7702049
07/26/2021,Kings,293,281359,12503,7714552
07/27/2021,Kings,447,281806,19858,7734410
07/28/2021,Kings,493,282299,20113,7754523
07/29/2021,Kings,456,282755,19521,7774044
07/30/2021,Kings,528,283283,21162,7795206
07/31/2021,Kings,418,283701,16481,7811687
08/01/2021,Kings,390,284091,13932,7825619
08/02/2021,Kings,415,284506,15292,7840911
08/03/2021,Kings,562,285068,22027,7862938
08/04/2021,Kings,591,285659,24664,7887602
08/05/2021,Kings,627,286286,24790,7912392
08/06/2021,Kings,629,286915,23231,7935623
08/07/2021,Kings,569,287484,19721,7955344
08/08/2021,Kings,593,288077,19188,7974532
08/09/2021,Kings,480,288557,15730,7990262
08/10/2021,Kings,637,289194,32085,8022347
08/11/2021,Kings,714,289908,27260,8049607
08/12/2021,Kings,592,290500,25261,8074868
08/13/2021,Kings,666,291166,24464,8099332
08/14/2021,Kings,603,291769,23046,8122378
08/15/2021,Kings,442,292211,16929,8139307
08/16/2021,Kings,474,292685,14340,8153647
08/17/2021,Kings,723,293408,26662,8180309
08/18/2021,Kings,754,294162,28342,8208651
08/19/2021,Kings,667,294829,27352,8236003
08/20/2021,Kings,679,295508,28876,8264879
08/21/2021,Kings,591,296099,25195,8290074
08/22/2021,Kings,473,296572,16100,8306174
08/23/2021,Kings,457,297029,14088,8320262
08/24/2021,Kings,637,297666,24703,8344965
08/25/2021,Kings,746,298412,25521,8370486
08/26/2021,Kings,672,299084,25758,8396244
08/27/2021,Kings,700,299784,27424,8423668
08/28/2021,Kings,509,300293,26424,8450092
08/29/2021,Kings,484,300777,16046,8466138
08/30/2021,Kings,412,301189,15603,8481741
08/31/2021,Kings,594,301783,22427,8504168
09/01/2021,Kings,550,302333,24734,8528902
09/02/2021,Kings,657,302990,26756,8555658
09/03/2021,Kings,555,303545,22833,8578491
09/04/2021,Kings,478,304023,22707,8601198
09/05/2021,Kings,376,304399,15883,8617081
09/06/2021,Kings,299,304698,12082,8629163
09/07/2021,Kings,480,305178,17519,8646682
09/08/2021,Kings,559,305737,28054,8674736
09/09/2021,Kings,590,306327,28279,8703015
09/10/2021,Kings,680,307007,33082,8736097
09/11/2021,Kings,567,307574,27404,8763501
09/12/2021,Kings,458,308032,19733,8783234
09/13/2021,Kings,551,308583,16953,8800187
09/14/2021,Kings,656,309239,26837,8827024
09/15/2021,Kings,700,309939,27387,8854411
09/16/2021,Kings,615,310554,31179,8885590
09/17/2021,Kings,687,311241,30135,8915725
09/18/2021,Kings,628,311869,44987,8960712
09/19/2021,Kings,443,312312,20934,8981646
09/20/2021,Kings,547,312859,20120,9001766
09/21/2021,Kings,598,313457,30982,9032748
09/22/2021,Kings,426,313883,27993,9060741
09/23/2021,Kings,552,314435,30031,9090772
09/24/2021,Kings,525,314960,30893,9121665
09/25/2021,Kings,501,315461,28948,9150613
09/26/2021,Kings,418,315879,20905,9171518
09/27/2021,Kings,529,316408,24363,9195881
09/28/2021,Kings,499,316907,29175,9225056
09/29/2021,Kings,487,317394,47380,9272436
09/30/2021,Kings,385,317779,29694,9302130
10/01/2021,Kings,563,318342,40681,9342811
10/02/2021,Kings,466,318808,32314,9375125
10/03/2021,Kings,487,319295,20951,9396076
10/04/2021,Kings,500,319795,23876,9419952
10/05/2021,Kings,577,320372,29766,9449718
10/06/2021,Kings,648,321020,35405,9485123
10/07/2021,Kings,483,321503,33818,9518941
10/08/2021,Kings,544,322047,34729,9553670
10/09/2021,Kings,246,322293,13735,9567405
10/10/2021,Kings,522,322815,35351,9602756
10/11/2021,Kings,389,323204,17980,9620736
10/12/2021,Kings,561,323765,22801,9643537
10/13/2021,Kings,408,324173,35629,9679166
10/14/2021,Kings,528,324701,40731,9719897
10/15/2021,Kings,509,325210,35868,9755765
10/16/2021,Kings,413,325623,41404,9797169
10/17/2021,Kings,263,325886,17519,9814688
10/18/2021,Kings,480,326366,24330,9839018
10/19/2021,Kings,482,326848,30703,9869721
10/20/2021,Kings,434,327282,31961,9901682
10/21/2021,Kings,348,327630,30472,9932154
10/22/2021,Kings,319,327949,28188,9960342
10/23/2021,Kings,246,328195,26565,9986907
03/01/2020,Lewis,0,0,0,0
03/02/2020,Lewis,0,0,0,0
03/03/2020,Lewis,0,0,0,0
03/04/2020,Lewis,0,0,0,0
03/05/2020,Lewis,0,0,0,0
03/06/2020,Lewis,0,0,0,0
03/07/2020,Lewis,0,0,0,0
03/08/2020,Lewis,0,0,0,0
03/09/2020,Lewis,0,0,0,0
03/10/2020,Lewis,0,0,0,0
03/11/2020,Lewis,0,0,0,0
03/12/2020,Lewis,0,0,0,0
03/13/2020,Lewis,0,0,1,1
03/14/2020,Lewis,0,0,0,1
03/15/2020,Lewis,0,0,2,3
03/16/2020,Lewis,0,0,0,3
03/17/2020,Lewis,0,0,1,4
03/18/2020,Lewis,0,0,0,4
03/19/2020,Lewis,0,0,2,6
03/20/2020,Lewis,0,0,1,7
03/21/2020,Lewis,0,0,4,11
03/22/2020,Lewis,0,0,4,15
03/23/2020,Lewis,0,0,5,20
03/24/2020,Lewis,0,0,0,20
03/25/2020,Lewis,0,0,5,25
03/26/2020,Lewis,0,0,5,30
03/27/2020,Lewis,0,0,6,36
03/28/2020,Lewis,2,2,7,43
03/29/2020,Lewis,0,2,16,59
03/30/2020,Lewis,0,2,5,64
03/31/2020,Lewis,0,2,3,67
04/01/2020,Lewis,0,2,5,72
04/02/2020,Lewis,0,2,5,77
04/03/2020,Lewis,0,2,5,82
04/04/2020,Lewis,1,3,19,101
04/05/2020,Lewis,3,6,11,112
04/06/2020,Lewis,0,6,11,123
04/07/2020,Lewis,0,6,6,129
04/08/2020,Lewis,0,6,8,137
04/09/2020,Lewis,0,6,23,160
04/10/2020,Lewis,0,6,0,160
04/11/2020,Lewis,0,6,6,166
04/12/2020,Lewis,0,6,3,169
04/13/2020,Lewis,1,7,11,180
04/14/2020,Lewis,0,7,0,180
04/15/2020,Lewis,1,8,7,187
04/16/2020,Lewis,0,8,2,189
04/17/2020,Lewis,0,8,0,189
04/18/2020,Lewis,0,8,14,203
04/19/2020,Lewis,1,9,7,210
04/20/2020,Lewis,0,9,1,211
04/21/2020,Lewis,0,9,1,212
04/22/2020,Lewis,0,9,8,220
04/23/2020,Lewis,0,9,3,223
04/24/2020,Lewis,0,9,41,264
04/25/2020,Lewis,0,9,12,276
04/26/2020,Lewis,0,9,14,290
04/27/2020,Lewis,0,9,6,296
04/28/2020,Lewis,0,9,4,300
04/29/2020,Lewis,0,9,14,314
04/30/2020,Lewis,0,9,4,318
05/01/2020,Lewis,0,9,12,330
05/02/2020,Lewis,0,9,1,331
05/03/2020,Lewis,0,9,9,340
05/04/2020,Lewis,0,9,6,346
05/05/2020,Lewis,0,9,4,350
05/06/2020,Lewis,1,10,25,375
05/07/2020,Lewis,0,10,20,395
05/08/2020,Lewis,1,11,85,480
05/09/2020,Lewis,0,11,95,575
05/10/2020,Lewis,0,11,65,640
05/11/2020,Lewis,0,11,16,656
05/12/2020,Lewis,0,11,10,666
05/13/2020,Lewis,1,12,31,697
05/14/2020,Lewis,0,12,236,933
05/15/2020,Lewis,1,13,108,1041
05/16/2020,Lewis,3,16,62,1103
05/17/2020,Lewis,1,17,123,1226
05/18/2020,Lewis,1,18,27,1253
05/19/2020,Lewis,0,18,34,1287
05/20/2020,Lewis,0,18,176,1463
05/21/2020,Lewis,1,19,101,1564
05/22/2020,Lewis,0,19,62,1626
05/23/2020,Lewis,0,19,77,1703
05/24/2020,Lewis,0,19,43,1746
05/25/2020,Lewis,1,20,25,1771
05/26/2020,Lewis,0,20,22,1793
05/27/2020,Lewis,0,20,34,1827
05/28/2020,Lewis,0,20,148,1975
05/29/2020,Lewis,0,20,77,2052
05/30/2020,Lewis,0,20,51,2103
05/31/2020,Lewis,0,20,64,2167
06/01/2020,Lewis,0,20,70,2237
06/02/2020,Lewis,0,20,93,2330
06/03/2020,Lewis,0,20,72,2402
06/04/2020,Lewis,0,20,178,2580
06/05/2020,Lewis,0,20,109,2689
06/06/2020,Lewis,0,20,59,2748
06/07/2020,Lewis,0,20,115,2863
06/08/2020,Lewis,0,20,29,2892
06/09/2020,Lewis,0,20,64,2956
06/10/2020,Lewis,0,20,138,3094
06/11/2020,Lewis,0,20,126,3220
06/12/2020,Lewis,0,20,71,3291
06/13/2020,Lewis,0,20,64,3355
06/14/2020,Lewis,0,20,70,3425
06/15/2020,Lewis,0,20,21,3446
06/16/2020,Lewis,1,21,32,3478
06/17/2020,Lewis,0,21,109,3587
06/18/2020,Lewis,0,21,94,3681
06/19/2020,Lewis,1,22,74,3755
06/20/2020,Lewis,1,23,61,3816
06/21/2020,Lewis,0,23,76,3892
06/22/2020,Lewis,1,24,18,3910
06/23/2020,Lewis,0,24,32,3942
06/24/2020,Lewis,1,25,89,4031
06/25/2020,Lewis,1,26,91,4122
06/26/2020,Lewis,0,26,56,4178
06/27/2020,Lewis,3,29,89,4267
06/28/2020,Lewis,1,30,61,4328
06/29/2020,Lewis,0,30,13,4341
06/30/2020,Lewis,0,30,25,4366
07/01/2020,Lewis,0,30,38,4404
07/02/2020,Lewis,0,30,85,4489
07/03/2020,Lewis,1,31,64,4553
07/04/2020,Lewis,0,31,42,4595
07/05/2020,Lewis,0,31,17,4612
07/06/2020,Lewis,0,31,41,4653
07/07/2020,Lewis,0,31,77,4730
07/08/2020,Lewis,0,31,56,4786
07/09/2020,Lewis,0,31,33,4819
07/10/2020,Lewis,0,31,51,4870
07/11/2020,Lewis,0,31,42,4912
07/12/2020,Lewis,0,31,103,5015
07/13/2020,Lewis,1,32,23,5038
07/14/2020,Lewis,0,32,72,5110
07/15/2020,Lewis,0,32,46,5156
07/16/2020,Lewis,0,32,78,5234
07/17/2020,Lewis,0,32,68,5302
07/18/2020,Lewis,1,33,46,5348
07/19/2020,Lewis,0,33,32,5380
07/20/2020,Lewis,0,33,76,5456
07/21/2020,Lewis,0,33,80,5536
07/22/2020,Lewis,1,34,173,5709
07/23/2020,Lewis,0,34,65,5774
07/24/2020,Lewis,0,34,99,5873
07/25/2020,Lewis,0,34,119,5992
07/26/2020,Lewis,0,34,94,6086
07/27/2020,Lewis,0,34,35,6121
07/28/2020,Lewis,0,34,55,6176
07/29/2020,Lewis,0,34,128,6304
07/30/2020,Lewis,0,34,49,6353
07/31/2020,Lewis,0,34,65,6418
08/01/2020,Lewis,1,35,55,6473
08/02/2020,Lewis,0,35,16,6489
08/03/2020,Lewis,2,37,70,6559
08/04/2020,Lewis,0,37,34,6593
08/05/2020,Lewis,2,39,100,6693
08/06/2020,Lewis,0,39,18,6711
08/07/2020,Lewis,2,41,38,6749
08/08/2020,Lewis,0,41,56,6805
08/09/2020,Lewis,0,41,16,6821
08/10/2020,Lewis,4,45,111,6932
08/11/2020,Lewis,1,46,61,6993
08/12/2020,Lewis,1,47,48,7041
08/13/2020,Lewis,0,47,36,7077
08/14/2020,Lewis,0,47,106,7183
08/15/2020,Lewis,0,47,82,7265
08/16/2020,Lewis,0,47,14,7279
08/17/2020,Lewis,0,47,45,7324
08/18/2020,Lewis,0,47,79,7403
08/19/2020,Lewis,0,47,71,7474
08/20/2020,Lewis,0,47,76,7550
08/21/2020,Lewis,0,47,103,7653
08/22/2020,Lewis,0,47,81,7734
08/23/2020,Lewis,0,47,23,7757
08/24/2020,Lewis,0,47,40,7797
08/25/2020,Lewis,1,48,85,7882
08/26/2020,Lewis,0,48,77,7959
08/27/2020,Lewis,0,48,75,8034
08/28/2020,Lewis,0,48,85,8119
08/29/2020,Lewis,1,49,109,8228
08/30/2020,Lewis,0,49,37,8265
08/31/2020,Lewis,0,49,66,8331
09/01/2020,Lewis,0,49,68,8399
09/02/2020,Lewis,0,49,74,8473
09/03/2020,Lewis,0,49,29,8502
09/04/2020,Lewis,0,49,42,8544
09/05/2020,Lewis,0,49,31,8575
09/06/2020,Lewis,0,49,110,8685
09/07/2020,Lewis,0,49,107,8792
09/08/2020,Lewis,1,50,35,8827
09/09/2020,Lewis,0,50,26,8853
09/10/2020,Lewis,0,50,57,8910
09/11/2020,Lewis,0,50,95,9005
09/12/2020,Lewis,0,50,54,9059
09/13/2020,Lewis,0,50,59,9118
09/14/2020,Lewis,0,50,102,9220
09/15/2020,Lewis,0,50,49,9269
09/16/2020,Lewis,0,50,57,9326
09/17/2020,Lewis,0,50,67,9393
09/18/2020,Lewis,0,50,43,9436
09/19/2020,Lewis,0,50,127,9563
09/20/2020,Lewis,0,50,70,9633
09/21/2020,Lewis,0,50,24,9657
09/22/2020,Lewis,0,50,105,9762
09/23/2020,Lewis,0,50,50,9812
09/24/2020,Lewis,0,50,70,9882
09/25/2020,Lewis,0,50,107,9989
09/26/2020,Lewis,0,50,110,10099
09/27/2020,Lewis,0,50,66,10165
09/28/2020,Lewis,0,50,49,10214
09/29/2020,Lewis,0,50,68,10282
09/30/2020,Lewis,0,50,39,10321
10/01/2020,Lewis,1,51,178,10499
10/02/2020,Lewis,0,51,121,10620
10/03/2020,Lewis,0,51,69,10689
10/04/2020,Lewis,2,53,111,10800
10/05/2020,Lewis,0,53,43,10843
10/06/2020,Lewis,0,53,203,11046
10/07/2020,Lewis,1,54,68,11114
10/08/2020,Lewis,0,54,66,11180
10/09/2020,Lewis,1,55,89,11269
10/10/2020,Lewis,0,55,117,11386
10/11/2020,Lewis,0,55,96,11482
10/12/2020,Lewis,0,55,37,11519
10/13/2020,Lewis,0,55,213,11732
10/14/2020,Lewis,0,55,48,11780
10/15/2020,Lewis,0,55,52,11832
10/16/2020,Lewis,0,55,129,11961
10/17/2020,Lewis,1,56,131,12092
10/18/2020,Lewis,0,56,36,12128
10/19/2020,Lewis,1,57,70,12198
10/20/2020,Lewis,5,62,49,12247
10/21/2020,Lewis,2,64,69,12316
10/22/2020,Lewis,4,68,102,12418
10/23/2020,Lewis,24,92,147,12565
10/24/2020,Lewis,16,108,114,12679
10/25/2020,Lewis,7,115,168,12847
10/26/2020,Lewis,5,120,123,12970
10/27/2020,Lewis,7,127,339,13309
10/28/2020,Lewis,7,134,238,13547
10/29/2020,Lewis,5,139,250,13797
10/30/2020,Lewis,7,146,357,14154
10/31/2020,Lewis,2,148,159,14313
11/01/2020,Lewis,5,153,92,14405
11/02/2020,Lewis,2,155,165,14570
11/03/2020,Lewis,10,165,109,14679
11/04/2020,Lewis,2,167,109,14788
11/05/2020,Lewis,4,171,62,14850
11/06/2020,Lewis,2,173,179,15029
11/07/2020,Lewis,7,180,145,15174
11/08/2020,Lewis,5,185,192,15366
11/09/2020,Lewis,1,186,139,15505
11/10/2020,Lewis,9,195,88,15593
11/11/2020,Lewis,15,210,165,15758
11/12/2020,Lewis,9,219,69,15827
11/13/2020,Lewis,15,234,119,15946
11/14/2020,Lewis,3,237,91,16037
11/15/2020,Lewis,10,247,77,16114
11/16/2020,Lewis,6,253,284,16398
11/17/2020,Lewis,12,265,264,16662
11/18/2020,Lewis,10,275,129,16791
11/19/2020,Lewis,9,284,75,16866
11/20/2020,Lewis,16,300,206,17072
11/21/2020,Lewis,0,300,53,17125
11/22/2020,Lewis,6,306,272,17397
11/23/2020,Lewis,9,315,96,17493
11/24/2020,Lewis,11,326,146,17639
11/25/2020,Lewis,11,337,330,17969
11/26/2020,Lewis,8,345,148,18117
11/27/2020,Lewis,6,351,136,18253
11/28/2020,Lewis,9,360,268,18521
11/29/2020,Lewis,8,368,164,18685
11/30/2020,Lewis,12,380,134,18819
12/01/2020,Lewis,24,404,137,18956
12/02/2020,Lewis,26,430,245,19201
12/03/2020,Lewis,20,450,135,19336
12/04/2020,Lewis,9,459,249,19585
12/05/2020,Lewis,8,467,120,19705
12/06/2020,Lewis,8,475,73,19778
12/07/2020,Lewis,25,500,240,20018
12/08/2020,Lewis,10,510,195,20213
12/09/2020,Lewis,11,521,125,20338
12/10/2020,Lewis,19,540,259,20597
12/11/2020,Lewis,12,552,203,20800
12/12/2020,Lewis,15,567,131,20931
12/13/2020,Lewis,7,574,173,21104
12/14/2020,Lewis,13,587,246,21350
12/15/2020,Lewis,16,603,117,21467
12/16/2020,Lewis,14,617,192,21659
12/17/2020,Lewis,13,630,214,21873
12/18/2020,Lewis,8,638,133,22006
12/19/2020,Lewis,17,655,163,22169
12/20/2020,Lewis,18,673,307,22476
12/21/2020,Lewis,11,684,159,22635
12/22/2020,Lewis,30,714,290,22925
12/23/2020,Lewis,36,750,242,23167
12/24/2020,Lewis,26,776,200,23367
12/25/2020,Lewis,23,799,135,23502
12/26/2020,Lewis,19,818,232,23734
12/27/2020,Lewis,14,832,133,23867
12/28/2020,Lewis,9,841,109,23976
12/29/2020,Lewis,16,857,100,24076
12/30/2020,Lewis,53,910,256,24332
12/31/2020,Lewis,34,944,284,24616
01/01/2021,Lewis,20,964,226,24842
01/02/2021,Lewis,19,983,144,24986
01/03/2021,Lewis,18,1001,148,25134
01/04/2021,Lewis,32,1033,128,25262
01/05/2021,Lewis,41,1074,175,25437
01/06/2021,Lewis,43,1117,329,25766
01/07/2021,Lewis,30,1147,292,26058
01/08/2021,Lewis,44,1191,226,26284
01/09/2021,Lewis,25,1216,240,26524
01/10/2021,Lewis,9,1225,136,26660
01/11/2021,Lewis,31,1256,218,26878
01/12/2021,Lewis,57,1313,243,27121
01/13/2021,Lewis,27,1340,182,27303
01/14/2021,Lewis,48,1388,347,27650
01/15/2021,Lewis,31,1419,288,27938
01/16/2021,Lewis,32,1451,291,28229
01/17/2021,Lewis,8,1459,118,28347
01/18/2021,Lewis,36,1495,262,28609
01/19/2021,Lewis,45,1540,232,28841
01/20/2021,Lewis,18,1558,205,29046
01/21/2021,Lewis,24,1582,218,29264
01/22/2021,Lewis,31,1613,292,29556
01/23/2021,Lewis,32,1645,338,29894
01/24/2021,Lewis,10,1655,161,30055
01/25/2021,Lewis,22,1677,187,30242
01/26/2021,Lewis,18,1695,145,30387
01/27/2021,Lewis,18,1713,280,30667
01/28/2021,Lewis,13,1726,182,30849
01/29/2021,Lewis,14,1740,235,31084
01/30/2021,Lewis,15,1755,229,31313
01/31/2021,Lewis,2,1757,107,31420
02/01/2021,Lewis,9,1766,104,31524
02/02/2021,Lewis,11,1777,128,31652
02/03/2021,Lewis,16,1793,253,31905
02/04/2021,Lewis,18,1811,214,32119
02/05/2021,Lewis,30,1841,233,32352
02/06/2021,Lewis,7,1848,117,32469
02/07/2021,Lewis,12,1860,203,32672
02/08/2021,Lewis,6,1866,101,32773
02/09/2021,Lewis,12,1878,140,32913
02/10/2021,Lewis,13,1891,218,33131
02/11/2021,Lewis,5,1896,102,33233
02/12/2021,Lewis,20,1916,238,33471
02/13/2021,Lewis,13,1929,169,33640
02/14/2021,Lewis,12,1941,227,33867
02/15/2021,Lewis,8,1949,117,33984
02/16/2021,Lewis,7,1956,120,34104
02/17/2021,Lewis,12,1968,160,34264
02/18/2021,Lewis,19,1987,197,34461
02/19/2021,Lewis,9,1996,190,34651
02/20/2021,Lewis,9,2005,208,34859
02/21/2021,Lewis,8,2013,199,35058
02/22/2021,Lewis,7,2020,122,35180
02/23/2021,Lewis,6,2026,139,35319
02/24/2021,Lewis,20,2046,231,35550
02/25/2021,Lewis,4,2050,143,35693
02/26/2021,Lewis,10,2060,248,35941
02/27/2021,Lewis,6,2066,240,36181
02/28/2021,Lewis,1,2067,169,36350
03/01/2021,Lewis,6,2073,94,36444
03/02/2021,Lewis,1,2074,106,36550
03/03/2021,Lewis,6,2080,244,36794
03/04/2021,Lewis,5,2085,186,36980
03/05/2021,Lewis,11,2096,164,37144
03/06/2021,Lewis,7,2103,193,37337
03/07/2021,Lewis,4,2107,137,37474
03/08/2021,Lewis,3,2110,86,37560
03/09/2021,Lewis,4,2114,154,37714
03/10/2021,Lewis,4,2118,262,37976
03/11/2021,Lewis,10,2128,184,38160
03/12/2021,Lewis,11,2139,203,38363
03/13/2021,Lewis,5,2144,216,38579
03/14/2021,Lewis,3,2147,153,38732
03/15/2021,Lewis,9,2156,153,38885
03/16/2021,Lewis,11,2167,165,39050
03/17/2021,Lewis,14,2181,263,39313
03/18/2021,Lewis,11,2192,191,39504
03/19/2021,Lewis,8,2200,245,39749
03/20/2021,Lewis,2,2202,175,39924
03/21/2021,Lewis,10,2212,159,40083
03/22/2021,Lewis,13,2225,116,40199
03/23/2021,Lewis,8,2233,176,40375
03/24/2021,Lewis,9,2242,199,40574
03/25/2021,Lewis,15,2257,303,40877
03/26/2021,Lewis,17,2274,232,41109
03/27/2021,Lewis,11,2285,219,41328
03/28/2021,Lewis,17,2302,196,41524
03/29/2021,Lewis,9,2311,98,41622
03/30/2021,Lewis,10,2321,161,41783
03/31/2021,Lewis,11,2332,322,42105
04/01/2021,Lewis,5,2337,168,42273
04/02/2021,Lewis,8,2345,201,42474
04/03/2021,Lewis,6,2351,210,42684
04/04/2021,Lewis,7,2358,91,42775
04/05/2021,Lewis,7,2365,72,42847
04/06/2021,Lewis,6,2371,109,42956
04/07/2021,Lewis,7,2378,181,43137
04/08/2021,Lewis,13,2391,230,43367
04/09/2021,Lewis,11,2402,217,43584
04/10/2021,Lewis,4,2406,164,43748
04/11/2021,Lewis,2,2408,97,43845
04/12/2021,Lewis,12,2420,100,43945
04/13/2021,Lewis,3,2423,177,44122
04/14/2021,Lewis,9,2432,137,44259
04/15/2021,Lewis,9,2441,239,44498
04/16/2021,Lewis,12,2453,203,44701
04/17/2021,Lewis,4,2457,219,44920
04/18/2021,Lewis,4,2461,160,45080
04/19/2021,Lewis,17,2478,120,45200
04/20/2021,Lewis,3,2481,201,45401
04/21/2021,Lewis,7,2488,202,45603
04/22/2021,Lewis,6,2494,219,45822
04/23/2021,Lewis,5,2499,242,46064
04/24/2021,Lewis,5,2504,172,46236
04/25/2021,Lewis,3,2507,120,46356
04/26/2021,Lewis,11,2518,59,46415
04/27/2021,Lewis,7,2525,252,46667
04/28/2021,Lewis,15,2540,194,46861
04/29/2021,Lewis,5,2545,181,47042
04/30/2021,Lewis,12,2557,258,47300
05/01/2021,Lewis,4,2561,132,47432
05/02/2021,Lewis,5,2566,149,47581
05/03/2021,Lewis,3,2569,53,47634
05/04/2021,Lewis,11,2580,139,47773
05/05/2021,Lewis,10,2590,155,47928
05/06/2021,Lewis,17,2607,107,48035
05/07/2021,Lewis,19,2626,281,48316
05/08/2021,Lewis,8,2634,179,48495
05/09/2021,Lewis,4,2638,148,48643
05/10/2021,Lewis,17,2655,72,48715
05/11/2021,Lewis,4,2659,197,48912
05/12/2021,Lewis,17,2676,192,49104
05/13/2021,Lewis,11,2687,144,49248
05/14/2021,Lewis,20,2707,220,49468
05/15/2021,Lewis,4,2711,172,49640
05/16/2021,Lewis,5,2716,101,49741
05/17/2021,Lewis,3,2719,39,49780
05/18/2021,Lewis,17,2736,223,50003
05/19/2021,Lewis,11,2747,297,50300
05/20/2021,Lewis,8,2755,150,50450
05/21/2021,Lewis,3,2758,173,50623
05/22/2021,Lewis,2,2760,97,50720
05/23/2021,Lewis,3,2763,80,50800
05/24/2021,Lewis,4,2767,93,50893
05/25/2021,Lewis,3,2770,204,51097
05/26/2021,Lewis,3,2773,169,51266
05/27/2021,Lewis,6,2779,114,51380
05/28/2021,Lewis,4,2783,100,51480
05/29/2021,Lewis,0,2783,104,51584
05/30/2021,Lewis,3,2786,63,51647
05/31/2021,Lewis,1,2787,31,51678
06/01/2021,Lewis,3,2790,168,51846
06/02/2021,Lewis,2,2792,152,51998
06/03/2021,Lewis,3,2795,163,52161
06/04/2021,Lewis,5,2800,154,52315
06/05/2021,Lewis,0,2800,119,52434
06/06/2021,Lewis,0,2800,60,52494
06/07/2021,Lewis,1,2801,95,52589
06/08/2021,Lewis,1,2802,193,52782
06/09/2021,Lewis,1,2803,146,52928
06/10/2021,Lewis,2,2805,121,53049
06/11/2021,Lewis,0,2805,107,53156
06/12/2021,Lewis,2,2807,76,53232
06/13/2021,Lewis,1,2808,53,53285
06/14/2021,Lewis,0,2808,60,53345
06/15/2021,Lewis,0,2808,93,53438
06/16/2021,Lewis,0,2808,62,53500
06/17/2021,Lewis,2,2810,75,53575
06/18/2021,Lewis,1,2811,76,53651
06/19/2021,Lewis,0,2811,48,53699
06/20/2021,Lewis,0,2811,50,53749
06/21/2021,Lewis,0,2811,42,53791
06/22/2021,Lewis,0,2811,99,53890
06/23/2021,Lewis,2,2813,106,53996
06/24/2021,Lewis,3,2816,229,54225
06/25/2021,Lewis,3,2819,97,54322
06/26/2021,Lewis,2,2821,63,54385
06/27/2021,Lewis,1,2822,52,54437
06/28/2021,Lewis,0,2822,72,54509
06/29/2021,Lewis,1,2823,84,54593
06/30/2021,Lewis,1,2824,92,54685
07/01/2021,Lewis,1,2825,185,54870
07/02/2021,Lewis,1,2826,35,54905
07/03/2021,Lewis,0,2826,53,54958
07/04/2021,Lewis,1,2827,72,55030
07/05/2021,Lewis,0,2827,33,55063
07/06/2021,Lewis,0,2827,64,55127
07/07/2021,Lewis,0,2827,111,55238
07/08/2021,Lewis,0,2827,133,55371
07/09/2021,Lewis,0,2827,69,55440
07/10/2021,Lewis,0,2827,37,55477
07/11/2021,Lewis,1,2828,46,55523
07/12/2021,Lewis,0,2828,14,55537
07/13/2021,Lewis,0,2828,37,55574
07/14/2021,Lewis,0,2828,43,55617
07/15/2021,Lewis,0,2828,35,55652
07/16/2021,Lewis,1,2829,43,55695
07/17/2021,Lewis,0,2829,41,55736
07/18/2021,Lewis,0,2829,19,55755
07/19/2021,Lewis,0,2829,16,55771
07/20/2021,Lewis,0,2829,53,55824
07/21/2021,Lewis,0,2829,29,55853
07/22/2021,Lewis,2,2831,42,55895
07/23/2021,Lewis,0,2831,47,55942
07/24/2021,Lewis,0,2831,25,55967
07/25/2021,Lewis,1,2832,19,55986
07/26/2021,Lewis,0,2832,34,56020
07/27/2021,Lewis,1,2833,39,56059
07/28/2021,Lewis,2,2835,44,56103
07/29/2021,Lewis,2,2837,61,56164
07/30/2021,Lewis,4,2841,242,56406
07/31/2021,Lewis,5,2846,74,56480
08/01/2021,Lewis,0,2846,25,56505
08/02/2021,Lewis,2,2848,37,56542
08/03/2021,Lewis,12,2860,81,56623
08/04/2021,Lewis,3,2863,116,56739
08/05/2021,Lewis,0,2863,125,56864
08/06/2021,Lewis,4,2867,150,57014
08/07/2021,Lewis,4,2871,73,57087
08/08/2021,Lewis,2,2873,44,57131
08/09/2021,Lewis,5,2878,46,57177
08/10/2021,Lewis,7,2885,137,57314
08/11/2021,Lewis,5,2890,182,57496
08/12/2021,Lewis,5,2895,106,57602
08/13/2021,Lewis,7,2902,167,57769
08/14/2021,Lewis,4,2906,108,57877
08/15/2021,Lewis,4,2910,42,57919
08/16/2021,Lewis,1,2911,41,57960
08/17/2021,Lewis,5,2916,113,58073
08/18/2021,Lewis,3,2919,101,58174
08/19/2021,Lewis,2,2921,214,58388
08/20/2021,Lewis,5,2926,121,58509
08/21/2021,Lewis,3,2929,78,58587
08/22/2021,Lewis,0,2929,33,58620
08/23/2021,Lewis,3,2932,47,58667
08/24/2021,Lewis,6,2938,97,58764
08/25/2021,Lewis,2,2940,108,58872
08/26/2021,Lewis,6,2946,108,58980
08/27/2021,Lewis,3,2949,115,59095
08/28/2021,Lewis,6,2955,101,59196
08/29/2021,Lewis,3,2958,57,59253
08/30/2021,Lewis,9,2967,160,59413
08/31/2021,Lewis,5,2972,257,59670
09/01/2021,Lewis,7,2979,131,59801
09/02/2021,Lewis,9,2988,102,59903
09/03/2021,Lewis,14,3002,128,60031
09/04/2021,Lewis,7,3009,123,60154
09/05/2021,Lewis,4,3013,78,60232
09/06/2021,Lewis,6,3019,43,60275
09/07/2021,Lewis,6,3025,146,60421
09/08/2021,Lewis,11,3036,128,60549
09/09/2021,Lewis,13,3049,162,60711
09/10/2021,Lewis,8,3057,268,60979
09/11/2021,Lewis,12,3069,138,61117
09/12/2021,Lewis,1,3070,69,61186
09/13/2021,Lewis,5,3075,42,61228
09/14/2021,Lewis,22,3097,161,61389
09/15/2021,Lewis,20,3117,226,61615
09/16/2021,Lewis,6,3123,235,61850
09/17/2021,Lewis,8,3131,191,62041
09/18/2021,Lewis,28,3159,166,62207
09/19/2021,Lewis,5,3164,128,62335
09/20/2021,Lewis,13,3177,91,62426
09/21/2021,Lewis,30,3207,213,62639
09/22/2021,Lewis,11,3218,137,62776
09/23/2021,Lewis,25,3243,317,63093
09/24/2021,Lewis,9,3252,180,63273
09/25/2021,Lewis,13,3265,180,63453
09/26/2021,Lewis,10,3275,109,63562
09/27/2021,Lewis,19,3294,185,63747
09/28/2021,Lewis,10,3304,152,63899
09/29/2021,Lewis,8,3312,154,64053
09/30/2021,Lewis,19,3331,269,64322
10/01/2021,Lewis,17,3348,168,64490
10/02/2021,Lewis,21,3369,180,64670
10/03/2021,Lewis,3,3372,87,64757
10/04/2021,Lewis,13,3385,191,64948
10/05/2021,Lewis,10,3395,278,65226
10/06/2021,Lewis,14,3409,202,65428
10/07/2021,Lewis,11,3420,262,65690
10/08/2021,Lewis,11,3431,166,65856
10/09/2021,Lewis,16,3447,167,66023
10/10/2021,Lewis,6,3453,159,66182
10/11/2021,Lewis,11,3464,110,66292
10/12/2021,Lewis,23,3487,218,66510
10/13/2021,Lewis,22,3509,220,66730
10/14/2021,Lewis,14,3523,210,66940
10/15/2021,Lewis,14,3537,230,67170
10/16/2021,Lewis,13,3550,126,67296
10/17/2021,Lewis,6,3556,89,67385
10/18/2021,Lewis,15,3571,136,67521
10/19/2021,Lewis,15,3586,197,67718
10/20/2021,Lewis,17,3603,224,67942
10/21/2021,Lewis,18,3621,158,68100
10/22/2021,Lewis,15,3636,240,68340
10/23/2021,Lewis,13,3649,138,68478
03/01/2020,Livingston,0,0,0,0
03/02/2020,Livingston,0,0,0,0
03/03/2020,Livingston,0,0,0,0
03/04/2020,Livingston,0,0,0,0
03/05/2020,Livingston,0,0,0,0
03/06/2020,Livingston,0,0,0,0
03/07/2020,Livingston,0,0,0,0
03/08/2020,Livingston,0,0,0,0
03/09/2020,Livingston,0,0,0,0
03/10/2020,Livingston,0,0,1,1
03/11/2020,Livingston,0,0,0,1
03/12/2020,Livingston,0,0,0,1
03/13/2020,Livingston,0,0,0,1
03/14/2020,Livingston,0,0,0,1
03/15/2020,Livingston,0,0,0,1
03/16/2020,Livingston,0,0,0,1
03/17/2020,Livingston,0,0,4,5
03/18/2020,Livingston,0,0,5,10
03/19/2020,Livingston,1,1,11,21
03/20/2020,Livingston,1,2,13,34
03/21/2020,Livingston,0,2,5,39
03/22/2020,Livingston,1,3,3,42
03/23/2020,Livingston,0,3,1,43
03/24/2020,Livingston,0,3,9,52
03/25/2020,Livingston,0,3,15,67
03/26/2020,Livingston,0,3,8,75
03/27/2020,Livingston,2,5,11,86
03/28/2020,Livingston,5,10,17,103
03/29/2020,Livingston,2,12,10,113
03/30/2020,Livingston,1,13,10,123
03/31/2020,Livingston,1,14,24,147
04/01/2020,Livingston,0,14,17,164
04/02/2020,Livingston,2,16,12,176
04/03/2020,Livingston,2,18,18,194
04/04/2020,Livingston,1,19,27,221
04/05/2020,Livingston,3,22,14,235
04/06/2020,Livingston,1,23,18,253
04/07/2020,Livingston,2,25,23,276
04/08/2020,Livingston,1,26,17,293
04/09/2020,Livingston,3,29,26,319
04/10/2020,Livingston,1,30,7,326
04/11/2020,Livingston,0,30,6,332
04/12/2020,Livingston,0,30,5,337
04/13/2020,Livingston,1,31,20,357
04/14/2020,Livingston,0,31,8,365
04/15/2020,Livingston,1,32,8,373
04/16/2020,Livingston,2,34,18,391
04/17/2020,Livingston,3,37,20,411
04/18/2020,Livingston,2,39,30,441
04/19/2020,Livingston,0,39,7,448
04/20/2020,Livingston,0,39,21,469
04/21/2020,Livingston,0,39,15,484
04/22/2020,Livingston,2,41,22,506
04/23/2020,Livingston,3,44,54,560
04/24/2020,Livingston,14,58,295,855
04/25/2020,Livingston,2,60,61,916
04/26/2020,Livingston,2,62,15,931
04/27/2020,Livingston,3,65,24,955
04/28/2020,Livingston,2,67,36,991
04/29/2020,Livingston,2,69,34,1025
04/30/2020,Livingston,4,73,43,1068
05/01/2020,Livingston,3,76,44,1112
05/02/2020,Livingston,7,83,52,1164
05/03/2020,Livingston,2,85,26,1190
05/04/2020,Livingston,1,86,52,1242
05/05/2020,Livingston,3,89,52,1294
05/06/2020,Livingston,6,95,100,1394
05/07/2020,Livingston,5,100,56,1450
05/08/2020,Livingston,1,101,49,1499
05/09/2020,Livingston,1,102,58,1557
05/10/2020,Livingston,0,102,46,1603
05/11/2020,Livingston,0,102,180,1783
05/12/2020,Livingston,1,103,197,1980
05/13/2020,Livingston,3,106,113,2093
05/14/2020,Livingston,0,106,76,2169
05/15/2020,Livingston,1,107,75,2244
05/16/2020,Livingston,3,110,77,2321
05/17/2020,Livingston,0,110,50,2371
05/18/2020,Livingston,1,111,67,2438
05/19/2020,Livingston,0,111,95,2533
05/20/2020,Livingston,3,114,105,2638
05/21/2020,Livingston,0,114,75,2713
05/22/2020,Livingston,0,114,84,2797
05/23/2020,Livingston,0,114,65,2862
05/24/2020,Livingston,1,115,196,3058
05/25/2020,Livingston,3,118,74,3132
05/26/2020,Livingston,0,118,69,3201
05/27/2020,Livingston,0,118,129,3330
05/28/2020,Livingston,0,118,122,3452
05/29/2020,Livingston,0,118,107,3559
05/30/2020,Livingston,1,119,128,3687
05/31/2020,Livingston,0,119,136,3823
06/01/2020,Livingston,0,119,218,4041
06/02/2020,Livingston,1,120,233,4274
06/03/2020,Livingston,0,120,172,4446
06/04/2020,Livingston,1,121,263,4709
06/05/2020,Livingston,0,121,167,4876
06/06/2020,Livingston,0,121,133,5009
06/07/2020,Livingston,0,121,177,5186
06/08/2020,Livingston,0,121,122,5308
06/09/2020,Livingston,0,121,216,5524
06/10/2020,Livingston,0,121,162,5686
06/11/2020,Livingston,0,121,237,5923
06/12/2020,Livingston,1,122,239,6162
06/13/2020,Livingston,1,123,135,6297
06/14/2020,Livingston,0,123,171,6468
06/15/2020,Livingston,0,123,111,6579
06/16/2020,Livingston,0,123,292,6871
06/17/2020,Livingston,0,123,171,7042
06/18/2020,Livingston,0,123,268,7310
06/19/2020,Livingston,0,123,109,7419
06/20/2020,Livingston,0,123,95,7514
06/21/2020,Livingston,1,124,108,7622
06/22/2020,Livingston,1,125,134,7756
06/23/2020,Livingston,0,125,130,7886
06/24/2020,Livingston,1,126,105,7991
06/25/2020,Livingston,0,126,254,8245
06/26/2020,Livingston,0,126,122,8367
06/27/2020,Livingston,2,128,86,8453
06/28/2020,Livingston,0,128,91,8544
06/29/2020,Livingston,1,129,165,8709
06/30/2020,Livingston,1,130,148,8857
07/01/2020,Livingston,0,130,273,9130
07/02/2020,Livingston,0,130,109,9239
07/03/2020,Livingston,1,131,175,9414
07/04/2020,Livingston,1,132,127,9541
07/05/2020,Livingston,1,133,133,9674
07/06/2020,Livingston,1,134,113,9787
07/07/2020,Livingston,3,137,161,9948
07/08/2020,Livingston,3,140,140,10088
07/09/2020,Livingston,4,144,126,10214
07/10/2020,Livingston,1,145,163,10377
07/11/2020,Livingston,2,147,203,10580
07/12/2020,Livingston,0,147,119,10699
07/13/2020,Livingston,4,151,170,10869
07/14/2020,Livingston,0,151,144,11013
07/15/2020,Livingston,2,153,171,11184
07/16/2020,Livingston,2,155,189,11373
07/17/2020,Livingston,2,157,246,11619
07/18/2020,Livingston,1,158,203,11822
07/19/2020,Livingston,1,159,111,11933
07/20/2020,Livingston,1,160,144,12077
07/21/2020,Livingston,1,161,175,12252
07/22/2020,Livingston,0,161,263,12515
07/23/2020,Livingston,0,161,167,12682
07/24/2020,Livingston,1,162,201,12883
07/25/2020,Livingston,0,162,240,13123
07/26/2020,Livingston,0,162,232,13355
07/27/2020,Livingston,0,162,162,13517
07/28/2020,Livingston,1,163,178,13695
07/29/2020,Livingston,1,164,201,13896
07/30/2020,Livingston,1,165,375,14271
07/31/2020,Livingston,1,166,246,14517
08/01/2020,Livingston,1,167,130,14647
08/02/2020,Livingston,0,167,141,14788
08/03/2020,Livingston,3,170,109,14897
08/04/2020,Livingston,1,171,169,15066
08/05/2020,Livingston,2,173,222,15288
08/06/2020,Livingston,1,174,321,15609
08/07/2020,Livingston,2,176,172,15781
08/08/2020,Livingston,0,176,174,15955
08/09/2020,Livingston,0,176,185,16140
08/10/2020,Livingston,0,176,146,16286
08/11/2020,Livingston,0,176,188,16474
08/12/2020,Livingston,0,176,249,16723
08/13/2020,Livingston,2,178,290,17013
08/14/2020,Livingston,0,178,223,17236
08/15/2020,Livingston,0,178,199,17435
08/16/2020,Livingston,0,178,105,17540
08/17/2020,Livingston,0,178,183,17723
08/18/2020,Livingston,0,178,160,17883
08/19/2020,Livingston,0,178,144,18027
08/20/2020,Livingston,0,178,424,18451
08/21/2020,Livingston,1,179,188,18639
08/22/2020,Livingston,1,180,255,18894
08/23/2020,Livingston,0,180,185,19079
08/24/2020,Livingston,1,181,133,19212
08/25/2020,Livingston,0,181,195,19407
08/26/2020,Livingston,0,181,167,19574
08/27/2020,Livingston,0,181,253,19827
08/28/2020,Livingston,1,182,238,20065
08/29/2020,Livingston,0,182,223,20288
08/30/2020,Livingston,1,183,94,20382
08/31/2020,Livingston,0,183,143,20525
09/01/2020,Livingston,1,184,141,20666
09/02/2020,Livingston,3,187,152,20818
09/03/2020,Livingston,1,188,146,20964
09/04/2020,Livingston,0,188,289,21253
09/05/2020,Livingston,1,189,200,21453
09/06/2020,Livingston,0,189,141,21594
09/07/2020,Livingston,0,189,78,21672
09/08/2020,Livingston,1,190,169,21841
09/09/2020,Livingston,0,190,102,21943
09/10/2020,Livingston,0,190,54,21997
09/11/2020,Livingston,4,194,177,22174
09/12/2020,Livingston,2,196,91,22265
09/13/2020,Livingston,0,196,178,22443
09/14/2020,Livingston,0,196,229,22672
09/15/2020,Livingston,1,197,270,22942
09/16/2020,Livingston,2,199,239,23181
09/17/2020,Livingston,2,201,450,23631
09/18/2020,Livingston,0,201,209,23840
09/19/2020,Livingston,0,201,418,24258
09/20/2020,Livingston,0,201,157,24415
09/21/2020,Livingston,1,202,376,24791
09/22/2020,Livingston,0,202,151,24942
09/23/2020,Livingston,3,205,227,25169
09/24/2020,Livingston,1,206,288,25457
09/25/2020,Livingston,1,207,203,25660
09/26/2020,Livingston,0,207,205,25865
09/27/2020,Livingston,0,207,158,26023
09/28/2020,Livingston,0,207,160,26183
09/29/2020,Livingston,1,208,598,26781
09/30/2020,Livingston,0,208,464,27245
10/01/2020,Livingston,1,209,357,27602
10/02/2020,Livingston,1,210,230,27832
10/03/2020,Livingston,1,211,181,28013
10/04/2020,Livingston,0,211,97,28110
10/05/2020,Livingston,1,212,305,28415
10/06/2020,Livingston,1,213,556,28971
10/07/2020,Livingston,3,216,196,29167
10/08/2020,Livingston,3,219,643,29810
10/09/2020,Livingston,0,219,218,30028
10/10/2020,Livingston,3,222,297,30325
10/11/2020,Livingston,3,225,223,30548
10/12/2020,Livingston,2,227,235,30783
10/13/2020,Livingston,0,227,453,31236
10/14/2020,Livingston,5,232,205,31441
10/15/2020,Livingston,2,234,218,31659
10/16/2020,Livingston,5,239,373,32032
10/17/2020,Livingston,0,239,170,32202
10/18/2020,Livingston,4,243,249,32451
10/19/2020,Livingston,7,250,315,32766
10/20/2020,Livingston,6,256,174,32940
10/21/2020,Livingston,5,261,569,33509
10/22/2020,Livingston,5,266,285,33794
10/23/2020,Livingston,6,272,343,34137
10/24/2020,Livingston,8,280,269,34406
10/25/2020,Livingston,18,298,237,34643
10/26/2020,Livingston,5,303,223,34866
10/27/2020,Livingston,2,305,175,35041
10/28/2020,Livingston,8,313,1042,36083
10/29/2020,Livingston,14,327,386,36469
10/30/2020,Livingston,5,332,330,36799
10/31/2020,Livingston,18,350,211,37010
11/01/2020,Livingston,6,356,267,37277
11/02/2020,Livingston,3,359,271,37548
11/03/2020,Livingston,9,368,647,38195
11/04/2020,Livingston,7,375,447,38642
11/05/2020,Livingston,18,393,922,39564
11/06/2020,Livingston,9,402,999,40563
11/07/2020,Livingston,4,406,582,41145
11/08/2020,Livingston,2,408,109,41254
11/09/2020,Livingston,24,432,724,41978
11/10/2020,Livingston,11,443,693,42671
11/11/2020,Livingston,8,451,242,42913
11/12/2020,Livingston,15,466,613,43526
11/13/2020,Livingston,15,481,458,43984
11/14/2020,Livingston,7,488,187,44171
11/15/2020,Livingston,11,499,233,44404
11/16/2020,Livingston,10,509,380,44784
11/17/2020,Livingston,18,527,666,45450
11/18/2020,Livingston,15,542,1293,46743
11/19/2020,Livingston,7,549,1023,47766
11/20/2020,Livingston,28,577,1411,49177
11/21/2020,Livingston,6,583,1377,50554
11/22/2020,Livingston,34,617,1471,52025
11/23/2020,Livingston,7,624,649,52674
11/24/2020,Livingston,18,642,571,53245
11/25/2020,Livingston,13,655,522,53767
11/26/2020,Livingston,16,671,751,54518
11/27/2020,Livingston,12,683,225,54743
11/28/2020,Livingston,17,700,369,55112
11/29/2020,Livingston,14,714,457,55569
11/30/2020,Livingston,24,738,404,55973
12/01/2020,Livingston,26,764,510,56483
12/02/2020,Livingston,25,789,984,57467
12/03/2020,Livingston,26,815,824,58291
12/04/2020,Livingston,40,855,537,58828
12/05/2020,Livingston,40,895,518,59346
12/06/2020,Livingston,11,906,245,59591
12/07/2020,Livingston,17,923,387,59978
12/08/2020,Livingston,48,971,667,60645
12/09/2020,Livingston,46,1017,553,61198
12/10/2020,Livingston,32,1049,1005,62203
12/11/2020,Livingston,28,1077,554,62757
12/12/2020,Livingston,34,1111,421,63178
12/13/2020,Livingston,24,1135,295,63473
12/14/2020,Livingston,33,1168,546,64019
12/15/2020,Livingston,38,1206,433,64452
12/16/2020,Livingston,64,1270,1075,65527
12/17/2020,Livingston,48,1318,1061,66588
12/18/2020,Livingston,34,1352,623,67211
12/19/2020,Livingston,46,1398,579,67790
12/20/2020,Livingston,34,1432,341,68131
12/21/2020,Livingston,51,1483,425,68556
12/22/2020,Livingston,60,1543,502,69058
12/23/2020,Livingston,36,1579,355,69413
12/24/2020,Livingston,71,1650,525,69938
12/25/2020,Livingston,41,1691,349,70287
12/26/2020,Livingston,23,1714,317,70604
12/27/2020,Livingston,36,1750,286,70890
12/28/2020,Livingston,28,1778,419,71309
12/29/2020,Livingston,33,1811,315,71624
12/30/2020,Livingston,52,1863,337,71961
12/31/2020,Livingston,65,1928,528,72489
01/01/2021,Livingston,44,1972,456,72945
01/02/2021,Livingston,34,2006,383,73328
01/03/2021,Livingston,36,2042,270,73598
01/04/2021,Livingston,37,2079,389,73987
01/05/2021,Livingston,43,2122,408,74395
01/06/2021,Livingston,73,2195,455,74850
01/07/2021,Livingston,64,2259,550,75400
01/08/2021,Livingston,35,2294,808,76208
01/09/2021,Livingston,77,2371,598,76806
01/10/2021,Livingston,14,2385,249,77055
01/11/2021,Livingston,47,2432,486,77541
01/12/2021,Livingston,33,2465,311,77852
01/13/2021,Livingston,45,2510,834,78686
01/14/2021,Livingston,51,2561,671,79357
01/15/2021,Livingston,44,2605,590,79947
01/16/2021,Livingston,40,2645,432,80379
01/17/2021,Livingston,32,2677,315,80694
01/18/2021,Livingston,27,2704,343,81037
01/19/2021,Livingston,33,2737,374,81411
01/20/2021,Livingston,30,2767,390,81801
01/21/2021,Livingston,48,2815,988,82789
01/22/2021,Livingston,29,2844,560,83349
01/23/2021,Livingston,33,2877,460,83809
01/24/2021,Livingston,17,2894,278,84087
01/25/2021,Livingston,17,2911,282,84369
01/26/2021,Livingston,23,2934,547,84916
01/27/2021,Livingston,24,2958,464,85380
01/28/2021,Livingston,29,2987,646,86026
01/29/2021,Livingston,16,3003,507,86533
01/30/2021,Livingston,17,3020,758,87291
01/31/2021,Livingston,11,3031,260,87551
02/01/2021,Livingston,11,3042,232,87783
02/02/2021,Livingston,27,3069,328,88111
02/03/2021,Livingston,28,3097,327,88438
02/04/2021,Livingston,30,3127,258,88696
02/05/2021,Livingston,27,3154,444,89140
02/06/2021,Livingston,42,3196,1348,90488
02/07/2021,Livingston,7,3203,914,91402
02/08/2021,Livingston,15,3218,816,92218
02/09/2021,Livingston,30,3248,284,92502
02/10/2021,Livingston,30,3278,1382,93884
02/11/2021,Livingston,24,3302,574,94458
02/12/2021,Livingston,31,3333,1431,95889
02/13/2021,Livingston,21,3354,1370,97259
02/14/2021,Livingston,12,3366,278,97537
02/15/2021,Livingston,8,3374,178,97715
02/16/2021,Livingston,15,3389,151,97866
02/17/2021,Livingston,13,3402,314,98180
02/18/2021,Livingston,18,3420,1086,99266
02/19/2021,Livingston,14,3434,2230,101496
02/20/2021,Livingston,18,3452,385,101881
02/21/2021,Livingston,5,3457,180,102061
02/22/2021,Livingston,7,3464,404,102465
02/23/2021,Livingston,14,3478,397,102862
02/24/2021,Livingston,6,3484,2051,104913
02/25/2021,Livingston,31,3515,1401,106314
02/26/2021,Livingston,16,3531,2198,108512
02/27/2021,Livingston,15,3546,302,108814
02/28/2021,Livingston,4,3550,182,108996
03/01/2021,Livingston,8,3558,246,109242
03/02/2021,Livingston,10,3568,303,109545
03/03/2021,Livingston,8,3576,1852,111397
03/04/2021,Livingston,13,3589,442,111839
03/05/2021,Livingston,10,3599,1285,113124
03/06/2021,Livingston,12,3611,1352,114476
03/07/2021,Livingston,3,3614,211,114687
03/08/2021,Livingston,4,3618,204,114891
03/09/2021,Livingston,7,3625,1183,116074
03/10/2021,Livingston,11,3636,1224,117298
03/11/2021,Livingston,9,3645,1290,118588
03/12/2021,Livingston,14,3659,477,119065
03/13/2021,Livingston,5,3664,425,119490
03/14/2021,Livingston,4,3668,184,119674
03/15/2021,Livingston,6,3674,241,119915
03/16/2021,Livingston,11,3685,1193,121108
03/17/2021,Livingston,10,3695,320,121428
03/18/2021,Livingston,10,3705,2140,123568
03/19/2021,Livingston,7,3712,1393,124961
03/20/2021,Livingston,9,3721,434,125395
03/21/2021,Livingston,4,3725,198,125593
03/22/2021,Livingston,9,3734,229,125822
03/23/2021,Livingston,10,3744,1212,127034
03/24/2021,Livingston,12,3756,320,127354
03/25/2021,Livingston,8,3764,1430,128784
03/26/2021,Livingston,6,3770,1379,130163
03/27/2021,Livingston,7,3777,1600,131763
03/28/2021,Livingston,3,3780,480,132243
03/29/2021,Livingston,11,3791,277,132520
03/30/2021,Livingston,8,3799,1108,133628
03/31/2021,Livingston,15,3814,413,134041
04/01/2021,Livingston,14,3828,399,134440
04/02/2021,Livingston,10,3838,1540,135980
04/03/2021,Livingston,10,3848,561,136541
04/04/2021,Livingston,3,3851,202,136743
04/05/2021,Livingston,5,3856,1062,137805
04/06/2021,Livingston,7,3863,1028,138833
04/07/2021,Livingston,13,3876,392,139225
04/08/2021,Livingston,14,3890,1731,140956
04/09/2021,Livingston,12,3902,506,141462
04/10/2021,Livingston,14,3916,619,142081
04/11/2021,Livingston,10,3926,210,142291
04/12/2021,Livingston,10,3936,432,142723
04/13/2021,Livingston,7,3943,1126,143849
04/14/2021,Livingston,27,3970,454,144303
04/15/2021,Livingston,9,3979,1336,145639
04/16/2021,Livingston,18,3997,399,146038
04/17/2021,Livingston,21,4018,763,146801
04/18/2021,Livingston,4,4022,244,147045
04/19/2021,Livingston,8,4030,371,147416
04/20/2021,Livingston,8,4038,1180,148596
04/21/2021,Livingston,12,4050,480,149076
04/22/2021,Livingston,12,4062,482,149558
04/23/2021,Livingston,14,4076,739,150297
04/24/2021,Livingston,21,4097,552,150849
04/25/2021,Livingston,17,4114,363,151212
04/26/2021,Livingston,4,4118,316,151528
04/27/2021,Livingston,13,4131,356,151884
04/28/2021,Livingston,23,4154,442,152326
04/29/2021,Livingston,18,4172,516,152842
04/30/2021,Livingston,17,4189,679,153521
05/01/2021,Livingston,10,4199,650,154171
05/02/2021,Livingston,17,4216,266,154437
05/03/2021,Livingston,14,4230,280,154717
05/04/2021,Livingston,3,4233,351,155068
05/05/2021,Livingston,12,4245,557,155625
05/06/2021,Livingston,11,4256,546,156171
05/07/2021,Livingston,21,4277,562,156733
05/08/2021,Livingston,7,4284,605,157338
05/09/2021,Livingston,6,4290,198,157536
05/10/2021,Livingston,17,4307,300,157836
05/11/2021,Livingston,16,4323,401,158237
05/12/2021,Livingston,13,4336,564,158801
05/13/2021,Livingston,22,4358,520,159321
05/14/2021,Livingston,13,4371,661,159982
05/15/2021,Livingston,10,4381,462,160444
05/16/2021,Livingston,8,4389,193,160637
05/17/2021,Livingston,13,4402,340,160977
05/18/2021,Livingston,17,4419,312,161289
05/19/2021,Livingston,13,4432,481,161770
05/20/2021,Livingston,15,4447,535,162305
05/21/2021,Livingston,11,4458,503,162808
05/22/2021,Livingston,4,4462,341,163149
05/23/2021,Livingston,8,4470,185,163334
05/24/2021,Livingston,3,4473,226,163560
05/25/2021,Livingston,4,4477,328,163888
05/26/2021,Livingston,7,4484,316,164204
05/27/2021,Livingston,5,4489,540,164744
05/28/2021,Livingston,4,4493,344,165088
05/29/2021,Livingston,3,4496,208,165296
05/30/2021,Livingston,1,4497,158,165454
05/31/2021,Livingston,1,4498,144,165598
06/01/2021,Livingston,1,4499,170,165768
06/02/2021,Livingston,0,4499,352,166120
06/03/2021,Livingston,5,4504,494,166614
06/04/2021,Livingston,4,4508,400,167014
06/05/2021,Livingston,2,4510,235,167249
06/06/2021,Livingston,2,4512,160,167409
06/07/2021,Livingston,1,4513,119,167528
06/08/2021,Livingston,2,4515,361,167889
06/09/2021,Livingston,0,4515,292,168181
06/10/2021,Livingston,2,4517,601,168782
06/11/2021,Livingston,1,4518,266,169048
06/12/2021,Livingston,2,4520,233,169281
06/13/2021,Livingston,0,4520,156,169437
06/14/2021,Livingston,0,4520,96,169533
06/15/2021,Livingston,1,4521,169,169702
06/16/2021,Livingston,2,4523,160,169862
06/17/2021,Livingston,0,4523,297,170159
06/18/2021,Livingston,1,4524,150,170309
06/19/2021,Livingston,0,4524,157,170466
06/20/2021,Livingston,0,4524,80,170546
06/21/2021,Livingston,1,4525,78,170624
06/22/2021,Livingston,2,4527,173,170797
06/23/2021,Livingston,1,4528,134,170931
06/24/2021,Livingston,0,4528,304,171235
06/25/2021,Livingston,1,4529,158,171393
06/26/2021,Livingston,0,4529,113,171506
06/27/2021,Livingston,3,4532,94,171600
06/28/2021,Livingston,1,4533,99,171699
06/29/2021,Livingston,2,4535,121,171820
06/30/2021,Livingston,1,4536,139,171959
07/01/2021,Livingston,3,4539,163,172122
07/02/2021,Livingston,1,4540,106,172228
07/03/2021,Livingston,0,4540,107,172335
07/04/2021,Livingston,0,4540,79,172414
07/05/2021,Livingston,0,4540,48,172462
07/06/2021,Livingston,0,4540,44,172506
07/07/2021,Livingston,1,4541,92,172598
07/08/2021,Livingston,2,4543,135,172733
07/09/2021,Livingston,0,4543,111,172844
07/10/2021,Livingston,0,4543,81,172925
07/11/2021,Livingston,0,4543,94,173019
07/12/2021,Livingston,1,4544,63,173082
07/13/2021,Livingston,0,4544,51,173133
07/14/2021,Livingston,0,4544,119,173252
07/15/2021,Livingston,1,4545,140,173392
07/16/2021,Livingston,0,4545,96,173488
07/17/2021,Livingston,0,4545,89,173577
07/18/2021,Livingston,0,4545,49,173626
07/19/2021,Livingston,2,4547,60,173686
07/20/2021,Livingston,0,4547,100,173786
07/21/2021,Livingston,1,4548,84,173870
07/22/2021,Livingston,1,4549,154,174024
07/23/2021,Livingston,1,4550,90,174114
07/24/2021,Livingston,0,4550,103,174217
07/25/2021,Livingston,1,4551,58,174275
07/26/2021,Livingston,2,4553,73,174348
07/27/2021,Livingston,0,4553,95,174443
07/28/2021,Livingston,2,4555,70,174513
07/29/2021,Livingston,2,4557,177,174690
07/30/2021,Livingston,2,4559,111,174801
07/31/2021,Livingston,8,4567,131,174932
08/01/2021,Livingston,1,4568,70,175002
08/02/2021,Livingston,1,4569,89,175091
08/03/2021,Livingston,5,4574,143,175234
08/04/2021,Livingston,1,4575,104,175338
08/05/2021,Livingston,1,4576,122,175460
08/06/2021,Livingston,5,4581,173,175633
08/07/2021,Livingston,2,4583,98,175731
08/08/2021,Livingston,1,4584,129,175860
08/09/2021,Livingston,2,4586,95,175955
08/10/2021,Livingston,5,4591,148,176103
08/11/2021,Livingston,3,4594,137,176240
08/12/2021,Livingston,9,4603,243,176483
08/13/2021,Livingston,4,4607,124,176607
08/14/2021,Livingston,10,4617,154,176761
08/15/2021,Livingston,8,4625,107,176868
08/16/2021,Livingston,5,4630,119,176987
08/17/2021,Livingston,5,4635,138,177125
08/18/2021,Livingston,16,4651,206,177331
08/19/2021,Livingston,9,4660,240,177571
08/20/2021,Livingston,16,4676,179,177750
08/21/2021,Livingston,18,4694,316,178066
08/22/2021,Livingston,7,4701,251,178317
08/23/2021,Livingston,11,4712,198,178515
08/24/2021,Livingston,17,4729,328,178843
08/25/2021,Livingston,16,4745,183,179026
08/26/2021,Livingston,10,4755,321,179347
08/27/2021,Livingston,12,4767,374,179721
08/28/2021,Livingston,18,4785,313,180034
08/29/2021,Livingston,14,4799,155,180189
08/30/2021,Livingston,10,4809,205,180394
08/31/2021,Livingston,21,4830,233,180627
09/01/2021,Livingston,21,4851,296,180923
09/02/2021,Livingston,28,4879,316,181239
09/03/2021,Livingston,18,4897,385,181624
09/04/2021,Livingston,17,4914,284,181908
09/05/2021,Livingston,18,4932,184,182092
09/06/2021,Livingston,13,4945,168,182260
09/07/2021,Livingston,8,4953,126,182386
09/08/2021,Livingston,11,4964,237,182623
09/09/2021,Livingston,14,4978,403,183026
09/10/2021,Livingston,14,4992,533,183559
09/11/2021,Livingston,27,5019,366,183925
09/12/2021,Livingston,9,5028,125,184050
09/13/2021,Livingston,12,5040,238,184288
09/14/2021,Livingston,20,5060,283,184571
09/15/2021,Livingston,25,5085,293,184864
09/16/2021,Livingston,17,5102,595,185459
09/17/2021,Livingston,15,5117,337,185796
09/18/2021,Livingston,23,5140,351,186147
09/19/2021,Livingston,12,5152,192,186339
09/20/2021,Livingston,11,5163,245,186584
09/21/2021,Livingston,23,5186,323,186907
09/22/2021,Livingston,18,5204,372,187279
09/23/2021,Livingston,27,5231,693,187972
09/24/2021,Livingston,33,5264,506,188478
09/25/2021,Livingston,25,5289,380,188858
09/26/2021,Livingston,10,5299,266,189124
09/27/2021,Livingston,17,5316,241,189365
09/28/2021,Livingston,12,5328,391,189756
09/29/2021,Livingston,25,5353,561,190317
09/30/2021,Livingston,16,5369,647,190964
10/01/2021,Livingston,19,5388,567,191531
10/02/2021,Livingston,14,5402,373,191904
10/03/2021,Livingston,5,5407,178,192082
10/04/2021,Livingston,12,5419,354,192436
10/05/2021,Livingston,18,5437,445,192881
10/06/2021,Livingston,25,5462,449,193330
10/07/2021,Livingston,20,5482,544,193874
10/08/2021,Livingston,13,5495,492,194366
10/09/2021,Livingston,24,5519,370,194736
10/10/2021,Livingston,16,5535,299,195035
10/11/2021,Livingston,15,5550,246,195281
10/12/2021,Livingston,23,5573,214,195495
10/13/2021,Livingston,18,5591,480,195975
10/14/2021,Livingston,14,5605,419,196394
10/15/2021,Livingston,20,5625,491,196885
10/16/2021,Livingston,24,5649,386,197271
10/17/2021,Livingston,19,5668,224,197495
10/18/2021,Livingston,12,5680,178,197673
10/19/2021,Livingston,21,5701,297,197970
10/20/2021,Livingston,26,5727,563,198533
10/21/2021,Livingston,28,5755,486,199019
10/22/2021,Livingston,25,5780,526,199545
10/23/2021,Livingston,20,5800,349,199894
03/01/2020,Madison,0,0,0,0
03/02/2020,Madison,0,0,0,0
03/03/2020,Madison,0,0,0,0
03/04/2020,Madison,0,0,0,0
03/05/2020,Madison,0,0,0,0
03/06/2020,Madison,0,0,0,0
03/07/2020,Madison,0,0,0,0
03/08/2020,Madison,0,0,0,0
03/09/2020,Madison,0,0,0,0
03/10/2020,Madison,0,0,0,0
03/11/2020,Madison,0,0,0,0
03/12/2020,Madison,0,0,0,0
03/13/2020,Madison,0,0,1,1
03/14/2020,Madison,0,0,1,2
03/15/2020,Madison,0,0,1,3
03/16/2020,Madison,0,0,1,4
03/17/2020,Madison,0,0,0,4
03/18/2020,Madison,0,0,7,11
03/19/2020,Madison,0,0,4,15
03/20/2020,Madison,0,0,9,24
03/21/2020,Madison,1,1,9,33
03/22/2020,Madison,3,4,14,47
03/23/2020,Madison,1,5,10,57
03/24/2020,Madison,2,7,15,72
03/25/2020,Madison,2,9,28,100
03/26/2020,Madison,8,17,23,123
03/27/2020,Madison,2,19,28,151
03/28/2020,Madison,5,24,34,185
03/29/2020,Madison,10,34,30,215
03/30/2020,Madison,7,41,39,254
03/31/2020,Madison,10,51,55,309
04/01/2020,Madison,9,60,67,376
04/02/2020,Madison,10,70,70,446
04/03/2020,Madison,4,74,20,466
04/04/2020,Madison,5,79,28,494
04/05/2020,Madison,3,82,13,507
04/06/2020,Madison,6,88,64,571
04/07/2020,Madison,2,90,43,614
04/08/2020,Madison,1,91,12,626
04/09/2020,Madison,8,99,54,680
04/10/2020,Madison,0,99,7,687
04/11/2020,Madison,2,101,9,696
04/12/2020,Madison,0,101,7,703
04/13/2020,Madison,3,104,50,753
04/14/2020,Madison,1,105,4,757
04/15/2020,Madison,0,105,7,764
04/16/2020,Madison,0,105,2,766
04/17/2020,Madison,0,105,6,772
04/18/2020,Madison,1,106,7,779
04/19/2020,Madison,0,106,4,783
04/20/2020,Madison,0,106,1,784
04/21/2020,Madison,0,106,3,787
04/22/2020,Madison,0,106,7,794
04/23/2020,Madison,0,106,4,798
04/24/2020,Madison,15,121,294,1092
04/25/2020,Madison,2,123,22,1114
04/26/2020,Madison,1,124,16,1130
04/27/2020,Madison,2,126,26,1156
04/28/2020,Madison,0,126,47,1203
04/29/2020,Madison,5,131,12,1215
04/30/2020,Madison,8,139,51,1266
05/01/2020,Madison,10,149,54,1320
05/02/2020,Madison,2,151,26,1346
05/03/2020,Madison,66,217,141,1487
05/04/2020,Madison,6,223,43,1530
05/05/2020,Madison,8,231,192,1722
05/06/2020,Madison,15,246,204,1926
05/07/2020,Madison,3,249,95,2021
05/08/2020,Madison,1,250,50,2071
05/09/2020,Madison,1,251,37,2108
05/10/2020,Madison,0,251,23,2131
05/11/2020,Madison,0,251,17,2148
05/12/2020,Madison,2,253,79,2227
05/13/2020,Madison,2,255,61,2288
05/14/2020,Madison,1,256,30,2318
05/15/2020,Madison,2,258,53,2371
05/16/2020,Madison,0,258,56,2427
05/17/2020,Madison,0,258,44,2471
05/18/2020,Madison,2,260,103,2574
05/19/2020,Madison,32,292,201,2775
05/20/2020,Madison,2,294,101,2876
05/21/2020,Madison,3,297,135,3011
05/22/2020,Madison,4,301,200,3211
05/23/2020,Madison,0,301,105,3316
05/24/2020,Madison,2,303,67,3383
05/25/2020,Madison,0,303,179,3562
05/26/2020,Madison,7,310,330,3892
05/27/2020,Madison,0,310,67,3959
05/28/2020,Madison,0,310,141,4100
05/29/2020,Madison,1,311,187,4287
05/30/2020,Madison,5,316,316,4603
05/31/2020,Madison,0,316,138,4741
06/01/2020,Madison,1,317,98,4839
06/02/2020,Madison,2,319,222,5061
06/03/2020,Madison,0,319,242,5303
06/04/2020,Madison,4,323,279,5582
06/05/2020,Madison,2,325,336,5918
06/06/2020,Madison,2,327,123,6041
06/07/2020,Madison,0,327,148,6189
06/08/2020,Madison,4,331,157,6346
06/09/2020,Madison,0,331,418,6764
06/10/2020,Madison,2,333,234,6998
06/11/2020,Madison,0,333,184,7182
06/12/2020,Madison,0,333,121,7303
06/13/2020,Madison,1,334,297,7600
06/14/2020,Madison,1,335,78,7678
06/15/2020,Madison,1,336,191,7869
06/16/2020,Madison,2,338,104,7973
06/17/2020,Madison,3,341,186,8159
06/18/2020,Madison,1,342,253,8412
06/19/2020,Madison,1,343,242,8654
06/20/2020,Madison,2,345,137,8791
06/21/2020,Madison,2,347,126,8917
06/22/2020,Madison,0,347,204,9121
06/23/2020,Madison,0,347,194,9315
06/24/2020,Madison,2,349,174,9489
06/25/2020,Madison,2,351,278,9767
06/26/2020,Madison,0,351,229,9996
06/27/2020,Madison,1,352,90,10086
06/28/2020,Madison,1,353,130,10216
06/29/2020,Madison,4,357,123,10339
06/30/2020,Madison,0,357,233,10572
07/01/2020,Madison,2,359,188,10760
07/02/2020,Madison,1,360,148,10908
07/03/2020,Madison,3,363,182,11090
07/04/2020,Madison,0,363,111,11201
07/05/2020,Madison,1,364,96,11297
07/06/2020,Madison,3,367,255,11552
07/07/2020,Madison,1,368,307,11859
07/08/2020,Madison,0,368,189,12048
07/09/2020,Madison,3,371,144,12192
07/10/2020,Madison,3,374,159,12351
07/11/2020,Madison,0,374,121,12472
07/12/2020,Madison,1,375,331,12803
07/13/2020,Madison,1,376,214,13017
07/14/2020,Madison,0,376,255,13272
07/15/2020,Madison,1,377,221,13493
07/16/2020,Madison,2,379,206,13699
07/17/2020,Madison,3,382,256,13955
07/18/2020,Madison,1,383,70,14025
07/19/2020,Madison,1,384,186,14211
07/20/2020,Madison,3,387,197,14408
07/21/2020,Madison,1,388,286,14694
07/22/2020,Madison,0,388,163,14857
07/23/2020,Madison,2,390,406,15263
07/24/2020,Madison,0,390,152,15415
07/25/2020,Madison,0,390,185,15600
07/26/2020,Madison,0,390,120,15720
07/27/2020,Madison,1,391,156,15876
07/28/2020,Madison,2,393,304,16180
07/29/2020,Madison,3,396,162,16342
07/30/2020,Madison,2,398,250,16592
07/31/2020,Madison,1,399,187,16779
08/01/2020,Madison,1,400,142,16921
08/02/2020,Madison,1,401,80,17001
08/03/2020,Madison,4,405,282,17283
08/04/2020,Madison,1,406,202,17485
08/05/2020,Madison,3,409,238,17723
08/06/2020,Madison,3,412,374,18097
08/07/2020,Madison,0,412,122,18219
08/08/2020,Madison,0,412,107,18326
08/09/2020,Madison,0,412,78,18404
08/10/2020,Madison,1,413,462,18866
08/11/2020,Madison,1,414,323,19189
08/12/2020,Madison,3,417,125,19314
08/13/2020,Madison,2,419,340,19654
08/14/2020,Madison,2,421,268,19922
08/15/2020,Madison,0,421,149,20071
08/16/2020,Madison,0,421,147,20218
08/17/2020,Madison,2,423,302,20520
08/18/2020,Madison,1,424,256,20776
08/19/2020,Madison,0,424,228,21004
08/20/2020,Madison,7,431,1008,22012
08/21/2020,Madison,1,432,473,22485
08/22/2020,Madison,0,432,111,22596
08/23/2020,Madison,0,432,140,22736
08/24/2020,Madison,2,434,468,23204
08/25/2020,Madison,1,435,236,23440
08/26/2020,Madison,4,439,546,23986
08/27/2020,Madison,17,456,1671,25657
08/28/2020,Madison,3,459,993,26650
08/29/2020,Madison,2,461,197,26847
08/30/2020,Madison,0,461,247,27094
08/31/2020,Madison,0,461,272,27366
09/01/2020,Madison,0,461,206,27572
09/02/2020,Madison,6,467,1767,29339
09/03/2020,Madison,7,474,1108,30447
09/04/2020,Madison,0,474,295,30742
09/05/2020,Madison,0,474,255,30997
09/06/2020,Madison,1,475,77,31074
09/07/2020,Madison,0,475,149,31223
09/08/2020,Madison,0,475,304,31527
09/09/2020,Madison,0,475,97,31624
09/10/2020,Madison,1,476,362,31986
09/11/2020,Madison,2,478,341,32327
09/12/2020,Madison,0,478,260,32587
09/13/2020,Madison,0,478,94,32681
09/14/2020,Madison,2,480,126,32807
09/15/2020,Madison,0,480,362,33169
09/16/2020,Madison,0,480,164,33333
09/17/2020,Madison,4,484,318,33651
09/18/2020,Madison,2,486,284,33935
09/19/2020,Madison,1,487,301,34236
09/20/2020,Madison,1,488,110,34346
09/21/2020,Madison,1,489,124,34470
09/22/2020,Madison,0,489,389,34859
09/23/2020,Madison,3,492,375,35234
09/24/2020,Madison,0,492,251,35485
09/25/2020,Madison,1,493,386,35871
09/26/2020,Madison,0,493,198,36069
09/27/2020,Madison,0,493,155,36224
09/28/2020,Madison,4,497,288,36512
09/29/2020,Madison,0,497,484,36996
09/30/2020,Madison,1,498,370,37366
10/01/2020,Madison,3,501,367,37733
10/02/2020,Madison,2,503,476,38209
10/03/2020,Madison,0,503,140,38349
10/04/2020,Madison,0,503,94,38443
10/05/2020,Madison,2,505,241,38684
10/06/2020,Madison,0,505,469,39153
10/07/2020,Madison,0,505,448,39601
10/08/2020,Madison,4,509,523,40124
10/09/2020,Madison,0,509,377,40501
10/10/2020,Madison,2,511,211,40712
10/11/2020,Madison,0,511,134,40846
10/12/2020,Madison,4,515,376,41222
10/13/2020,Madison,2,517,297,41519
10/14/2020,Madison,4,521,638,42157
10/15/2020,Madison,7,528,396,42553
10/16/2020,Madison,3,531,520,43073
10/17/2020,Madison,2,533,211,43284
10/18/2020,Madison,3,536,123,43407
10/19/2020,Madison,1,537,421,43828
10/20/2020,Madison,4,541,691,44519
10/21/2020,Madison,4,545,512,45031
10/22/2020,Madison,7,552,552,45583
10/23/2020,Madison,5,557,472,46055
10/24/2020,Madison,2,559,212,46267
10/25/2020,Madison,0,559,99,46366
10/26/2020,Madison,4,563,279,46645
10/27/2020,Madison,2,565,444,47089
10/28/2020,Madison,5,570,351,47440
10/29/2020,Madison,7,577,531,47971
10/30/2020,Madison,7,584,521,48492
10/31/2020,Madison,9,593,241,48733
11/01/2020,Madison,4,597,176,48909
11/02/2020,Madison,4,601,314,49223
11/03/2020,Madison,8,609,302,49525
11/04/2020,Madison,7,616,722,50247
11/05/2020,Madison,11,627,573,50820
11/06/2020,Madison,16,643,515,51335
11/07/2020,Madison,9,652,287,51622
11/08/2020,Madison,6,658,209,51831
11/09/2020,Madison,8,666,334,52165
11/10/2020,Madison,6,672,798,52963
11/11/2020,Madison,12,684,1399,54362
11/12/2020,Madison,12,696,569,54931
11/13/2020,Madison,13,709,517,55448
11/14/2020,Madison,9,718,194,55642
11/15/2020,Madison,9,727,146,55788
11/16/2020,Madison,12,739,304,56092
11/17/2020,Madison,14,753,745,56837
11/18/2020,Madison,13,766,592,57429
11/19/2020,Madison,10,776,632,58061
11/20/2020,Madison,19,795,516,58577
11/21/2020,Madison,2,797,142,58719
11/22/2020,Madison,24,821,842,59561
11/23/2020,Madison,15,836,468,60029
11/24/2020,Madison,25,861,458,60487
11/25/2020,Madison,17,878,495,60982
11/26/2020,Madison,20,898,437,61419
11/27/2020,Madison,15,913,363,61782
11/28/2020,Madison,31,944,496,62278
11/29/2020,Madison,7,951,259,62537
11/30/2020,Madison,12,963,302,62839
12/01/2020,Madison,29,992,596,63435
12/02/2020,Madison,51,1043,816,64251
12/03/2020,Madison,37,1080,599,64850
12/04/2020,Madison,47,1127,680,65530
12/05/2020,Madison,52,1179,686,66216
12/06/2020,Madison,30,1209,307,66523
12/07/2020,Madison,47,1256,333,66856
12/08/2020,Madison,69,1325,629,67485
12/09/2020,Madison,56,1381,581,68066
12/10/2020,Madison,82,1463,581,68647
12/11/2020,Madison,42,1505,715,69362
12/12/2020,Madison,67,1572,788,70150
12/13/2020,Madison,20,1592,414,70564
12/14/2020,Madison,29,1621,375,70939
12/15/2020,Madison,63,1684,420,71359
12/16/2020,Madison,40,1724,723,72082
12/17/2020,Madison,37,1761,601,72683
12/18/2020,Madison,59,1820,657,73340
12/19/2020,Madison,45,1865,654,73994
12/20/2020,Madison,32,1897,347,74341
12/21/2020,Madison,15,1912,451,74792
12/22/2020,Madison,41,1953,520,75312
12/23/2020,Madison,64,2017,734,76046
12/24/2020,Madison,42,2059,733,76779
12/25/2020,Madison,24,2083,368,77147
12/26/2020,Madison,23,2106,241,77388
12/27/2020,Madison,44,2150,344,77732
12/28/2020,Madison,36,2186,347,78079
12/29/2020,Madison,54,2240,440,78519
12/30/2020,Madison,49,2289,585,79104
12/31/2020,Madison,48,2337,633,79737
01/01/2021,Madison,40,2377,543,80280
01/02/2021,Madison,40,2417,382,80662
01/03/2021,Madison,41,2458,302,80964
01/04/2021,Madison,24,2482,341,81305
01/05/2021,Madison,71,2553,647,81952
01/06/2021,Madison,49,2602,840,82792
01/07/2021,Madison,80,2682,723,83515
01/08/2021,Madison,64,2746,850,84365
01/09/2021,Madison,61,2807,665,85030
01/10/2021,Madison,42,2849,338,85368
01/11/2021,Madison,36,2885,400,85768
01/12/2021,Madison,26,2911,559,86327
01/13/2021,Madison,31,2942,783,87110
01/14/2021,Madison,43,2985,1259,88369
01/15/2021,Madison,62,3047,1251,89620
01/16/2021,Madison,26,3073,803,90423
01/17/2021,Madison,35,3108,406,90829
01/18/2021,Madison,41,3149,380,91209
01/19/2021,Madison,24,3173,671,91880
01/20/2021,Madison,36,3209,657,92537
01/21/2021,Madison,34,3243,618,93155
01/22/2021,Madison,45,3288,816,93971
01/23/2021,Madison,39,3327,801,94772
01/24/2021,Madison,8,3335,471,95243
01/25/2021,Madison,19,3354,278,95521
01/26/2021,Madison,25,3379,1467,96988
01/27/2021,Madison,24,3403,1528,98516
01/28/2021,Madison,23,3426,1306,99822
01/29/2021,Madison,32,3458,850,100672
01/30/2021,Madison,26,3484,555,101227
01/31/2021,Madison,13,3497,376,101603
02/01/2021,Madison,13,3510,256,101859
02/02/2021,Madison,16,3526,495,102354
02/03/2021,Madison,13,3539,550,102904
02/04/2021,Madison,18,3557,460,103364
02/05/2021,Madison,15,3572,744,104108
02/06/2021,Madison,29,3601,3093,107201
02/07/2021,Madison,12,3613,616,107817
02/08/2021,Madison,8,3621,580,108397
02/09/2021,Madison,22,3643,727,109124
02/10/2021,Madison,14,3657,1753,110877
02/11/2021,Madison,12,3669,1033,111910
02/12/2021,Madison,13,3682,610,112520
02/13/2021,Madison,11,3693,829,113349
02/14/2021,Madison,11,3704,631,113980
02/15/2021,Madison,6,3710,463,114443
02/16/2021,Madison,14,3724,834,115277
02/17/2021,Madison,11,3735,456,115733
02/18/2021,Madison,5,3740,645,116378
02/19/2021,Madison,15,3755,1132,117510
02/20/2021,Madison,10,3765,706,118216
02/21/2021,Madison,10,3775,280,118496
02/22/2021,Madison,8,3783,1080,119576
02/23/2021,Madison,9,3792,1314,120890
02/24/2021,Madison,14,3806,1136,122026
02/25/2021,Madison,11,3817,2727,124753
02/26/2021,Madison,16,3833,786,125539
02/27/2021,Madison,11,3844,1137,126676
02/28/2021,Madison,4,3848,556,127232
03/01/2021,Madison,6,3854,233,127465
03/02/2021,Madison,9,3863,997,128462
03/03/2021,Madison,6,3869,1770,130232
03/04/2021,Madison,13,3882,1726,131958
03/05/2021,Madison,11,3893,917,132875
03/06/2021,Madison,3,3896,597,133472
03/07/2021,Madison,2,3898,592,134064
03/08/2021,Madison,3,3901,549,134613
03/09/2021,Madison,7,3908,855,135468
03/10/2021,Madison,5,3913,1913,137381
03/11/2021,Madison,8,3921,1648,139029
03/12/2021,Madison,2,3923,805,139834
03/13/2021,Madison,14,3937,898,140732
03/14/2021,Madison,7,3944,384,141116
03/15/2021,Madison,5,3949,695,141811
03/16/2021,Madison,7,3956,891,142702
03/17/2021,Madison,11,3967,1948,144650
03/18/2021,Madison,7,3974,1457,146107
03/19/2021,Madison,8,3982,880,146987
03/20/2021,Madison,11,3993,607,147594
03/21/2021,Madison,2,3995,761,148355
03/22/2021,Madison,6,4001,247,148602
03/23/2021,Madison,16,4017,915,149517
03/24/2021,Madison,12,4029,1861,151378
03/25/2021,Madison,18,4047,1875,153253
03/26/2021,Madison,22,4069,1841,155094
03/27/2021,Madison,12,4081,769,155863
03/28/2021,Madison,5,4086,442,156305
03/29/2021,Madison,8,4094,726,157031
03/30/2021,Madison,11,4105,577,157608
03/31/2021,Madison,11,4116,1366,158974
04/01/2021,Madison,14,4130,1905,160879
04/02/2021,Madison,8,4138,1388,162267
04/03/2021,Madison,8,4146,441,162708
04/04/2021,Madison,9,4155,334,163042
04/05/2021,Madison,6,4161,616,163658
04/06/2021,Madison,12,4173,941,164599
04/07/2021,Madison,15,4188,1885,166484
04/08/2021,Madison,13,4201,1734,168218
04/09/2021,Madison,17,4218,1219,169437
04/10/2021,Madison,6,4224,787,170224
04/11/2021,Madison,7,4231,506,170730
04/12/2021,Madison,7,4238,610,171340
04/13/2021,Madison,19,4257,937,172277
04/14/2021,Madison,16,4273,1839,174116
04/15/2021,Madison,4,4277,1348,175464
04/16/2021,Madison,15,4292,824,176288
04/17/2021,Madison,10,4302,1260,177548
04/18/2021,Madison,7,4309,439,177987
04/19/2021,Madison,7,4316,723,178710
04/20/2021,Madison,5,4321,971,179681
04/21/2021,Madison,5,4326,1737,181418
04/22/2021,Madison,10,4336,837,182255
04/23/2021,Madison,9,4345,1306,183561
04/24/2021,Madison,6,4351,684,184245
04/25/2021,Madison,5,4356,419,184664
04/26/2021,Madison,3,4359,588,185252
04/27/2021,Madison,5,4364,764,186016
04/28/2021,Madison,8,4372,925,186941
04/29/2021,Madison,6,4378,1107,188048
04/30/2021,Madison,7,4385,1277,189325
05/01/2021,Madison,11,4396,712,190037
05/02/2021,Madison,2,4398,507,190544
05/03/2021,Madison,2,4400,161,190705
05/04/2021,Madison,4,4404,562,191267
05/05/2021,Madison,7,4411,714,191981
05/06/2021,Madison,3,4414,464,192445
05/07/2021,Madison,7,4421,712,193157
05/08/2021,Madison,5,4426,447,193604
05/09/2021,Madison,8,4434,292,193896
05/10/2021,Madison,6,4440,400,194296
05/11/2021,Madison,9,4449,477,194773
05/12/2021,Madison,9,4458,565,195338
05/13/2021,Madison,7,4465,866,196204
05/14/2021,Madison,6,4471,508,196712
05/15/2021,Madison,6,4477,353,197065
05/16/2021,Madison,5,4482,147,197212
05/17/2021,Madison,3,4485,173,197385
05/18/2021,Madison,9,4494,547,197932
05/19/2021,Madison,3,4497,334,198266
05/20/2021,Madison,5,4502,484,198750
05/21/2021,Madison,4,4506,287,199037
05/22/2021,Madison,7,4513,359,199396
05/23/2021,Madison,4,4517,138,199534
05/24/2021,Madison,2,4519,136,199670
05/25/2021,Madison,7,4526,435,200105
05/26/2021,Madison,6,4532,316,200421
05/27/2021,Madison,1,4533,517,200938
05/28/2021,Madison,6,4539,342,201280
05/29/2021,Madison,2,4541,201,201481
05/30/2021,Madison,5,4546,96,201577
05/31/2021,Madison,0,4546,56,201633
06/01/2021,Madison,0,4546,169,201802
06/02/2021,Madison,0,4546,443,202245
06/03/2021,Madison,2,4548,509,202754
06/04/2021,Madison,4,4552,415,203169
06/05/2021,Madison,1,4553,178,203347
06/06/2021,Madison,0,4553,118,203465
06/07/2021,Madison,1,4554,244,203709
06/08/2021,Madison,2,4556,351,204060
06/09/2021,Madison,4,4560,305,204365
06/10/2021,Madison,0,4560,387,204752
06/11/2021,Madison,0,4560,221,204973
06/12/2021,Madison,2,4562,270,205243
06/13/2021,Madison,0,4562,78,205321
06/14/2021,Madison,0,4562,95,205416
06/15/2021,Madison,0,4562,237,205653
06/16/2021,Madison,2,4564,230,205883
06/17/2021,Madison,0,4564,218,206101
06/18/2021,Madison,1,4565,204,206305
06/19/2021,Madison,0,4565,116,206421
06/20/2021,Madison,0,4565,56,206477
06/21/2021,Madison,1,4566,120,206597
06/22/2021,Madison,1,4567,219,206816
06/23/2021,Madison,1,4568,199,207015
06/24/2021,Madison,0,4568,115,207130
06/25/2021,Madison,2,4570,224,207354
06/26/2021,Madison,0,4570,166,207520
06/27/2021,Madison,0,4570,60,207580
06/28/2021,Madison,0,4570,77,207657
06/29/2021,Madison,0,4570,106,207763
06/30/2021,Madison,0,4570,123,207886
07/01/2021,Madison,0,4570,194,208080
07/02/2021,Madison,0,4570,232,208312
07/03/2021,Madison,1,4571,103,208415
07/04/2021,Madison,0,4571,47,208462
07/05/2021,Madison,0,4571,54,208516
07/06/2021,Madison,1,4572,66,208582
07/07/2021,Madison,0,4572,178,208760
07/08/2021,Madison,1,4573,183,208943
07/09/2021,Madison,1,4574,201,209144
07/10/2021,Madison,0,4574,87,209231
07/11/2021,Madison,3,4577,84,209315
07/12/2021,Madison,2,4579,73,209388
07/13/2021,Madison,3,4582,111,209499
07/14/2021,Madison,2,4584,230,209729
07/15/2021,Madison,1,4585,139,209868
07/16/2021,Madison,1,4586,84,209952
07/17/2021,Madison,4,4590,131,210083
07/18/2021,Madison,2,4592,36,210119
07/19/2021,Madison,2,4594,72,210191
07/20/2021,Madison,2,4596,105,210296
07/21/2021,Madison,1,4597,112,210408
07/22/2021,Madison,2,4599,117,210525
07/23/2021,Madison,0,4599,92,210617
07/24/2021,Madison,2,4601,101,210718
07/25/2021,Madison,0,4601,46,210764
07/26/2021,Madison,2,4603,76,210840
07/27/2021,Madison,1,4604,93,210933
07/28/2021,Madison,1,4605,125,211058
07/29/2021,Madison,1,4606,182,211240
07/30/2021,Madison,4,4610,101,211341
07/31/2021,Madison,2,4612,126,211467
08/01/2021,Madison,1,4613,55,211522
08/02/2021,Madison,6,4619,97,211619
08/03/2021,Madison,8,4627,200,211819
08/04/2021,Madison,4,4631,161,211980
08/05/2021,Madison,6,4637,206,212186
08/06/2021,Madison,12,4649,394,212580
08/07/2021,Madison,3,4652,182,212762
08/08/2021,Madison,6,4658,126,212888
08/09/2021,Madison,4,4662,123,213011
08/10/2021,Madison,8,4670,318,213329
08/11/2021,Madison,12,4682,314,213643
08/12/2021,Madison,12,4694,270,213913
08/13/2021,Madison,10,4704,490,214403
08/14/2021,Madison,11,4715,232,214635
08/15/2021,Madison,7,4722,163,214798
08/16/2021,Madison,7,4729,171,214969
08/17/2021,Madison,12,4741,547,215516
08/18/2021,Madison,7,4748,506,216022
08/19/2021,Madison,11,4759,458,216480
08/20/2021,Madison,26,4785,634,217114
08/21/2021,Madison,13,4798,409,217523
08/22/2021,Madison,12,4810,559,218082
08/23/2021,Madison,6,4816,148,218230
08/24/2021,Madison,15,4831,1242,219472
08/25/2021,Madison,5,4836,1663,221135
08/26/2021,Madison,33,4869,911,222046
08/27/2021,Madison,17,4886,462,222508
08/28/2021,Madison,6,4892,282,222790
08/29/2021,Madison,12,4904,287,223077
08/30/2021,Madison,19,4923,218,223295
08/31/2021,Madison,25,4948,267,223562
09/01/2021,Madison,24,4972,2401,225963
09/02/2021,Madison,24,4996,653,226616
09/03/2021,Madison,22,5018,514,227130
09/04/2021,Madison,24,5042,295,227425
09/05/2021,Madison,28,5070,373,227798
09/06/2021,Madison,20,5090,373,228171
09/07/2021,Madison,26,5116,306,228477
09/08/2021,Madison,27,5143,366,228843
09/09/2021,Madison,27,5170,669,229512
09/10/2021,Madison,29,5199,570,230082
09/11/2021,Madison,24,5223,496,230578
09/12/2021,Madison,13,5236,193,230771
09/13/2021,Madison,9,5245,244,231015
09/14/2021,Madison,16,5261,308,231323
09/15/2021,Madison,32,5293,620,231943
09/16/2021,Madison,9,5302,567,232510
09/17/2021,Madison,16,5318,400,232910
09/18/2021,Madison,20,5338,378,233288
09/19/2021,Madison,18,5356,223,233511
09/20/2021,Madison,30,5386,349,233860
09/21/2021,Madison,15,5401,248,234108
09/22/2021,Madison,25,5426,545,234653
09/23/2021,Madison,28,5454,752,235405
09/24/2021,Madison,36,5490,574,235979
09/25/2021,Madison,25,5515,613,236592
09/26/2021,Madison,29,5544,356,236948
09/27/2021,Madison,15,5559,158,237106
09/28/2021,Madison,37,5596,581,237687
09/29/2021,Madison,35,5631,477,238164
09/30/2021,Madison,34,5665,706,238870
10/01/2021,Madison,26,5691,570,239440
10/02/2021,Madison,24,5715,639,240079
10/03/2021,Madison,13,5728,223,240302
10/04/2021,Madison,18,5746,417,240719
10/05/2021,Madison,28,5774,462,241181
10/06/2021,Madison,28,5802,614,241795
10/07/2021,Madison,29,5831,746,242541
10/08/2021,Madison,31,5862,541,243082
10/09/2021,Madison,14,5876,518,243600
10/10/2021,Madison,33,5909,458,244058
10/11/2021,Madison,13,5922,209,244267
10/12/2021,Madison,35,5957,379,244646
10/13/2021,Madison,37,5994,474,245120
10/14/2021,Madison,42,6036,628,245748
10/15/2021,Madison,36,6072,664,246412
10/16/2021,Madison,20,6092,619,247031
10/17/2021,Madison,32,6124,363,247394
10/18/2021,Madison,14,6138,205,247599
10/19/2021,Madison,26,6164,370,247969
10/20/2021,Madison,23,6187,428,248397
10/21/2021,Madison,33,6220,639,249036
10/22/2021,Madison,31,6251,757,249793
10/23/2021,Madison,15,6266,391,250184
03/01/2020,Monroe,0,0,0,0
03/02/2020,Monroe,0,0,0,0
03/03/2020,Monroe,0,0,0,0
03/04/2020,Monroe,0,0,0,0
03/05/2020,Monroe,0,0,0,0
03/06/2020,Monroe,0,0,0,0
03/07/2020,Monroe,0,0,2,2
03/08/2020,Monroe,0,0,1,3
03/09/2020,Monroe,0,0,0,3
03/10/2020,Monroe,0,0,0,3
03/11/2020,Monroe,0,0,0,3
03/12/2020,Monroe,1,1,10,13
03/13/2020,Monroe,1,2,4,17
03/14/2020,Monroe,0,2,2,19
03/15/2020,Monroe,7,9,39,58
03/16/2020,Monroe,1,10,29,87
03/17/2020,Monroe,4,14,75,162
03/18/2020,Monroe,13,27,153,315
03/19/2020,Monroe,5,32,193,508
03/20/2020,Monroe,10,42,148,656
03/21/2020,Monroe,15,57,246,902
03/22/2020,Monroe,19,76,416,1318
03/23/2020,Monroe,20,96,219,1537
03/24/2020,Monroe,22,118,172,1709
03/25/2020,Monroe,21,139,255,1964
03/26/2020,Monroe,21,160,232,2196
03/27/2020,Monroe,32,192,253,2449
03/28/2020,Monroe,27,219,282,2731
03/29/2020,Monroe,23,242,129,2860
03/30/2020,Monroe,50,292,383,3243
03/31/2020,Monroe,57,349,356,3599
04/01/2020,Monroe,71,420,381,3980
04/02/2020,Monroe,44,464,336,4316
04/03/2020,Monroe,48,512,328,4644
04/04/2020,Monroe,36,548,277,4921
04/05/2020,Monroe,26,574,225,5146
04/06/2020,Monroe,22,596,305,5451
04/07/2020,Monroe,55,651,420,5871
04/08/2020,Monroe,47,698,382,6253
04/09/2020,Monroe,44,742,380,6633
04/10/2020,Monroe,25,767,284,6917
04/11/2020,Monroe,31,798,220,7137
04/12/2020,Monroe,25,823,157,7294
04/13/2020,Monroe,27,850,304,7598
04/14/2020,Monroe,34,884,353,7951
04/15/2020,Monroe,48,932,259,8210
04/16/2020,Monroe,43,975,296,8506
04/17/2020,Monroe,33,1008,260,8766
04/18/2020,Monroe,24,1032,202,8968
04/19/2020,Monroe,22,1054,188,9156
04/20/2020,Monroe,16,1070,229,9385
04/21/2020,Monroe,42,1112,409,9794
04/22/2020,Monroe,40,1152,500,10294
04/23/2020,Monroe,47,1199,470,10764
04/24/2020,Monroe,86,1285,1134,11898
04/25/2020,Monroe,31,1316,341,12239
04/26/2020,Monroe,15,1331,234,12473
04/27/2020,Monroe,40,1371,543,13016
04/28/2020,Monroe,33,1404,530,13546
04/29/2020,Monroe,37,1441,469,14015
04/30/2020,Monroe,37,1478,579,14594
05/01/2020,Monroe,56,1534,520,15114
05/02/2020,Monroe,32,1566,571,15685
05/03/2020,Monroe,29,1595,914,16599
05/04/2020,Monroe,28,1623,721,17320
05/05/2020,Monroe,32,1655,842,18162
05/06/2020,Monroe,33,1688,1088,19250
05/07/2020,Monroe,47,1735,1042,20292
05/08/2020,Monroe,40,1775,1114,21406
05/09/2020,Monroe,46,1821,1148,22554
05/10/2020,Monroe,29,1850,864,23418
05/11/2020,Monroe,40,1890,797,24215
05/12/2020,Monroe,69,1959,1423,25638
05/13/2020,Monroe,60,2019,1401,27039
05/14/2020,Monroe,72,2091,1332,28371
05/15/2020,Monroe,101,2192,1427,29798
05/16/2020,Monroe,66,2258,1508,31306
05/17/2020,Monroe,45,2303,1324,32630
05/18/2020,Monroe,73,2376,1304,33934
05/19/2020,Monroe,89,2465,2033,35967
05/20/2020,Monroe,65,2530,1852,37819
05/21/2020,Monroe,71,2601,2061,39880
05/22/2020,Monroe,60,2661,1198,41078
05/23/2020,Monroe,36,2697,846,41924
05/24/2020,Monroe,36,2733,1729,43653
05/25/2020,Monroe,29,2762,1595,45248
05/26/2020,Monroe,29,2791,1297,46545
05/27/2020,Monroe,33,2824,1632,48177
05/28/2020,Monroe,36,2860,1127,49304
05/29/2020,Monroe,49,2909,1322,50626
05/30/2020,Monroe,33,2942,2828,53454
05/31/2020,Monroe,22,2964,1994,55448
06/01/2020,Monroe,25,2989,2340,57788
06/02/2020,Monroe,59,3048,3979,61767
06/03/2020,Monroe,33,3081,2854,64621
06/04/2020,Monroe,36,3117,2438,67059
06/05/2020,Monroe,50,3167,4685,71744
06/06/2020,Monroe,23,3190,3231,74975
06/07/2020,Monroe,13,3203,2881,77856
06/08/2020,Monroe,40,3243,3245,81101
06/09/2020,Monroe,12,3255,2985,84086
06/10/2020,Monroe,38,3293,2680,86766
06/11/2020,Monroe,27,3320,3200,89966
06/12/2020,Monroe,20,3340,2748,92714
06/13/2020,Monroe,30,3370,3306,96020
06/14/2020,Monroe,10,3380,2541,98561
06/15/2020,Monroe,22,3402,2556,101117
06/16/2020,Monroe,16,3418,2668,103785
06/17/2020,Monroe,21,3439,1704,105489
06/18/2020,Monroe,22,3461,1725,107214
06/19/2020,Monroe,26,3487,2028,109242
06/20/2020,Monroe,11,3498,2118,111360
06/21/2020,Monroe,14,3512,1708,113068
06/22/2020,Monroe,28,3540,2314,115382
06/23/2020,Monroe,27,3567,1882,117264
06/24/2020,Monroe,35,3602,2174,119438
06/25/2020,Monroe,39,3641,2194,121632
06/26/2020,Monroe,35,3676,2250,123882
06/27/2020,Monroe,14,3690,2107,125989
06/28/2020,Monroe,19,3709,2132,128121
06/29/2020,Monroe,33,3742,2744,130865
06/30/2020,Monroe,38,3780,2184,133049
07/01/2020,Monroe,53,3833,2715,135764
07/02/2020,Monroe,52,3885,2605,138369
07/03/2020,Monroe,37,3922,4769,143138
07/04/2020,Monroe,31,3953,2830,145968
07/05/2020,Monroe,21,3974,1765,147733
07/06/2020,Monroe,30,4004,2481,150214
07/07/2020,Monroe,42,4046,2511,152725
07/08/2020,Monroe,28,4074,2744,155469
07/09/2020,Monroe,46,4120,2501,157970
07/10/2020,Monroe,33,4153,2660,160630
07/11/2020,Monroe,24,4177,2666,163296
07/12/2020,Monroe,23,4200,2037,165333
07/13/2020,Monroe,47,4247,3260,168593
07/14/2020,Monroe,34,4281,2854,171447
07/15/2020,Monroe,36,4317,3270,174717
07/16/2020,Monroe,36,4353,3172,177889
07/17/2020,Monroe,30,4383,3061,180950
07/18/2020,Monroe,18,4401,1762,182712
07/19/2020,Monroe,21,4422,2383,185095
07/20/2020,Monroe,30,4452,3247,188342
07/21/2020,Monroe,40,4492,2772,191114
07/22/2020,Monroe,19,4511,2471,193585
07/23/2020,Monroe,26,4537,3625,197210
07/24/2020,Monroe,32,4569,2654,199864
07/25/2020,Monroe,22,4591,2611,202475
07/26/2020,Monroe,29,4620,2887,205362
07/27/2020,Monroe,12,4632,3058,208420
07/28/2020,Monroe,24,4656,3644,212064
07/29/2020,Monroe,21,4677,2914,214978
07/30/2020,Monroe,33,4710,3785,218763
07/31/2020,Monroe,32,4742,2971,221734
08/01/2020,Monroe,26,4768,2679,224413
08/02/2020,Monroe,22,4790,2384,226797
08/03/2020,Monroe,31,4821,2308,229105
08/04/2020,Monroe,20,4841,3199,232304
08/05/2020,Monroe,27,4868,3627,235931
08/06/2020,Monroe,33,4901,3410,239341
08/07/2020,Monroe,21,4922,2608,241949
08/08/2020,Monroe,34,4956,3016,244965
08/09/2020,Monroe,20,4976,2581,247546
08/10/2020,Monroe,26,5002,3833,251379
08/11/2020,Monroe,33,5035,4321,255700
08/12/2020,Monroe,44,5079,5806,261506
08/13/2020,Monroe,43,5122,4457,265963
08/14/2020,Monroe,21,5143,4144,270107
08/15/2020,Monroe,22,5165,3599,273706
08/16/2020,Monroe,18,5183,2882,276588
08/17/2020,Monroe,30,5213,3645,280233
08/18/2020,Monroe,28,5241,3503,283736
08/19/2020,Monroe,15,5256,2807,286543
08/20/2020,Monroe,17,5273,4549,291092
08/21/2020,Monroe,24,5297,3649,294741
08/22/2020,Monroe,20,5317,3748,298489
08/23/2020,Monroe,13,5330,3752,302241
08/24/2020,Monroe,18,5348,2776,305017
08/25/2020,Monroe,16,5364,3000,308017
08/26/2020,Monroe,21,5385,2660,310677
08/27/2020,Monroe,13,5398,3205,313882
08/28/2020,Monroe,24,5422,3274,317156
08/29/2020,Monroe,21,5443,3244,320400
08/30/2020,Monroe,9,5452,2301,322701
08/31/2020,Monroe,10,5462,2325,325026
09/01/2020,Monroe,6,5468,2483,327509
09/02/2020,Monroe,34,5502,3345,330854
09/03/2020,Monroe,27,5529,3118,333972
09/04/2020,Monroe,22,5551,3310,337282
09/05/2020,Monroe,21,5572,3245,340527
09/06/2020,Monroe,13,5585,2535,343062
09/07/2020,Monroe,17,5602,2068,345130
09/08/2020,Monroe,13,5615,2543,347673
09/09/2020,Monroe,33,5648,2860,350533
09/10/2020,Monroe,28,5676,1976,352509
09/11/2020,Monroe,36,5712,3722,356231
09/12/2020,Monroe,15,5727,2553,358784
09/13/2020,Monroe,37,5764,3760,362544
09/14/2020,Monroe,29,5793,2933,365477
09/15/2020,Monroe,16,5809,2678,368155
09/16/2020,Monroe,30,5839,3927,372082
09/17/2020,Monroe,18,5857,3330,375412
09/18/2020,Monroe,19,5876,4380,379792
09/19/2020,Monroe,18,5894,3621,383413
09/20/2020,Monroe,17,5911,1855,385268
09/21/2020,Monroe,14,5925,3498,388766
09/22/2020,Monroe,15,5940,2959,391725
09/23/2020,Monroe,30,5970,3426,395151
09/24/2020,Monroe,15,5985,3473,398624
09/25/2020,Monroe,17,6002,4000,402624
09/26/2020,Monroe,24,6026,3194,405818
09/27/2020,Monroe,19,6045,2246,408064
09/28/2020,Monroe,29,6074,2901,410965
09/29/2020,Monroe,11,6085,4323,415288
09/30/2020,Monroe,36,6121,4670,419958
10/01/2020,Monroe,39,6160,3116,423074
10/02/2020,Monroe,26,6186,3983,427057
10/03/2020,Monroe,20,6206,2865,429922
10/04/2020,Monroe,14,6220,1451,431373
10/05/2020,Monroe,28,6248,4277,435650
10/06/2020,Monroe,18,6266,4216,439866
10/07/2020,Monroe,50,6316,3366,443232
10/08/2020,Monroe,33,6349,4287,447519
10/09/2020,Monroe,38,6387,4004,451523
10/10/2020,Monroe,34,6421,4015,455538
10/11/2020,Monroe,32,6453,3867,459405
10/12/2020,Monroe,37,6490,3713,463118
10/13/2020,Monroe,26,6516,4189,467307
10/14/2020,Monroe,56,6572,3748,471055
10/15/2020,Monroe,56,6628,3526,474581
10/16/2020,Monroe,43,6671,4877,479458
10/17/2020,Monroe,36,6707,3486,482944
10/18/2020,Monroe,37,6744,2606,485550
10/19/2020,Monroe,54,6798,4109,489659
10/20/2020,Monroe,52,6850,3269,492928
10/21/2020,Monroe,67,6917,4833,497761
10/22/2020,Monroe,75,6992,4453,502214
10/23/2020,Monroe,78,7070,4901,507115
10/24/2020,Monroe,41,7111,3243,510358
10/25/2020,Monroe,63,7174,3703,514061
10/26/2020,Monroe,82,7256,4344,518405
10/27/2020,Monroe,56,7312,3602,522007
10/28/2020,Monroe,74,7386,5031,527038
10/29/2020,Monroe,107,7493,4413,531451
10/30/2020,Monroe,103,7596,4792,536243
10/31/2020,Monroe,109,7705,4919,541162
11/01/2020,Monroe,112,7817,4323,545485
11/02/2020,Monroe,106,7923,4952,550437
11/03/2020,Monroe,102,8025,3012,553449
11/04/2020,Monroe,212,8237,4713,558162
11/05/2020,Monroe,161,8398,4536,562698
11/06/2020,Monroe,218,8616,5755,568453
11/07/2020,Monroe,208,8824,5635,574088
11/08/2020,Monroe,133,8957,2764,576852
11/09/2020,Monroe,284,9241,6957,583809
11/10/2020,Monroe,273,9514,5036,588845
11/11/2020,Monroe,249,9763,4509,593354
11/12/2020,Monroe,311,10074,6141,599495
11/13/2020,Monroe,255,10329,6077,605572
11/14/2020,Monroe,124,10453,2650,608222
11/15/2020,Monroe,227,10680,5488,613710
11/16/2020,Monroe,211,10891,5734,619444
11/17/2020,Monroe,257,11148,6461,625905
11/18/2020,Monroe,296,11444,9079,634984
11/19/2020,Monroe,289,11733,8283,643267
11/20/2020,Monroe,359,12092,8977,652244
11/21/2020,Monroe,314,12406,11508,663752
11/22/2020,Monroe,365,12771,9922,673674
11/23/2020,Monroe,283,13054,6746,680420
11/24/2020,Monroe,363,13417,5932,686352
11/25/2020,Monroe,400,13817,6396,692748
11/26/2020,Monroe,521,14338,8448,701196
11/27/2020,Monroe,365,14703,4539,705735
11/28/2020,Monroe,435,15138,5727,711462
11/29/2020,Monroe,522,15660,6761,718223
11/30/2020,Monroe,400,16060,6342,724565
12/01/2020,Monroe,528,16588,10830,735395
12/02/2020,Monroe,539,17127,7402,742797
12/03/2020,Monroe,783,17910,8227,751024
12/04/2020,Monroe,543,18453,8585,759609
12/05/2020,Monroe,621,19074,6493,766102
12/06/2020,Monroe,444,19518,4615,770717
12/07/2020,Monroe,353,19871,5032,775749
12/08/2020,Monroe,777,20648,8518,784267
12/09/2020,Monroe,619,21267,6542,790809
12/10/2020,Monroe,566,21833,7249,798058
12/11/2020,Monroe,720,22553,8921,806979
12/12/2020,Monroe,650,23203,6772,813751
12/13/2020,Monroe,542,23745,5678,819429
12/14/2020,Monroe,548,24293,6949,826378
12/15/2020,Monroe,653,24946,6809,833187
12/16/2020,Monroe,697,25643,7126,840313
12/17/2020,Monroe,746,26389,9182,849495
12/18/2020,Monroe,670,27059,8024,857519
12/19/2020,Monroe,689,27748,7677,865196
12/20/2020,Monroe,571,28319,7135,872331
12/21/2020,Monroe,443,28762,5483,877814
12/22/2020,Monroe,715,29477,7251,885065
12/23/2020,Monroe,574,30051,7040,892105
12/24/2020,Monroe,600,30651,9397,901502
12/25/2020,Monroe,426,31077,6032,907534
12/26/2020,Monroe,382,31459,4436,911970
12/27/2020,Monroe,540,31999,4245,916215
12/28/2020,Monroe,458,32457,4926,921141
12/29/2020,Monroe,602,33059,5463,926604
12/30/2020,Monroe,695,33754,6516,933120
12/31/2020,Monroe,838,34592,9702,942822
01/01/2021,Monroe,622,35214,6520,949342
01/02/2021,Monroe,564,35778,5220,954562
01/03/2021,Monroe,480,36258,4971,959533
01/04/2021,Monroe,447,36705,4766,964299
01/05/2021,Monroe,625,37330,5880,970179
01/06/2021,Monroe,723,38053,7782,977961
01/07/2021,Monroe,796,38849,8276,986237
01/08/2021,Monroe,706,39555,8648,994885
01/09/2021,Monroe,738,40293,8552,1003437
01/10/2021,Monroe,400,40693,5565,1009002
01/11/2021,Monroe,464,41157,6055,1015057
01/12/2021,Monroe,487,41644,5966,1021023
01/13/2021,Monroe,433,42077,6317,1027340
01/14/2021,Monroe,697,42774,11126,1038466
01/15/2021,Monroe,452,43226,8558,1047024
01/16/2021,Monroe,433,43659,6690,1053714
01/17/2021,Monroe,348,44007,5210,1058924
01/18/2021,Monroe,311,44318,5222,1064146
01/19/2021,Monroe,313,44631,4525,1068671
01/20/2021,Monroe,371,45002,7006,1075677
01/21/2021,Monroe,398,45400,8569,1084246
01/22/2021,Monroe,306,45706,7535,1091781
01/23/2021,Monroe,358,46064,7447,1099228
01/24/2021,Monroe,201,46265,5325,1104553
01/25/2021,Monroe,211,46476,5678,1110231
01/26/2021,Monroe,365,46841,6590,1116821
01/27/2021,Monroe,354,47195,8157,1124978
01/28/2021,Monroe,269,47464,10410,1135388
01/29/2021,Monroe,257,47721,9457,1144845
01/30/2021,Monroe,275,47996,7457,1152302
01/31/2021,Monroe,167,48163,5229,1157531
02/01/2021,Monroe,141,48304,4223,1161754
02/02/2021,Monroe,230,48534,7460,1169214
02/03/2021,Monroe,247,48781,9691,1178905
02/04/2021,Monroe,195,48976,7931,1186836
02/05/2021,Monroe,216,49192,9748,1196584
02/06/2021,Monroe,174,49366,7775,1204359
02/07/2021,Monroe,230,49596,6497,1210856
02/08/2021,Monroe,75,49671,4013,1214869
02/09/2021,Monroe,204,49875,7948,1222817
02/10/2021,Monroe,205,50080,9842,1232659
02/11/2021,Monroe,160,50240,8124,1240783
02/12/2021,Monroe,123,50363,9666,1250449
02/13/2021,Monroe,187,50550,7705,1258154
02/14/2021,Monroe,147,50697,5000,1263154
02/15/2021,Monroe,133,50830,4151,1267305
02/16/2021,Monroe,105,50935,5547,1272852
02/17/2021,Monroe,199,51134,7379,1280231
02/18/2021,Monroe,121,51255,7090,1287321
02/19/2021,Monroe,168,51423,9625,1296946
02/20/2021,Monroe,141,51564,8029,1304975
02/21/2021,Monroe,110,51674,4299,1309274
02/22/2021,Monroe,128,51802,4805,1314079
02/23/2021,Monroe,111,51913,7061,1321140
02/24/2021,Monroe,209,52122,9409,1330549
02/25/2021,Monroe,123,52245,10843,1341392
02/26/2021,Monroe,126,52371,9566,1350958
02/27/2021,Monroe,172,52543,8547,1359505
02/28/2021,Monroe,136,52679,4955,1364460
03/01/2021,Monroe,80,52759,4317,1368777
03/02/2021,Monroe,119,52878,7308,1376085
03/03/2021,Monroe,112,52990,8823,1384908
03/04/2021,Monroe,177,53167,10029,1394937
03/05/2021,Monroe,107,53274,9979,1404916
03/06/2021,Monroe,117,53391,7780,1412696
03/07/2021,Monroe,126,53517,4413,1417109
03/08/2021,Monroe,81,53598,4053,1421162
03/09/2021,Monroe,77,53675,6961,1428123
03/10/2021,Monroe,147,53822,8491,1436614
03/11/2021,Monroe,147,53969,10113,1446727
03/12/2021,Monroe,75,54044,9354,1456081
03/13/2021,Monroe,119,54163,8524,1464605
03/14/2021,Monroe,107,54270,3787,1468392
03/15/2021,Monroe,107,54377,4649,1473041
03/16/2021,Monroe,92,54469,7505,1480546
03/17/2021,Monroe,202,54671,10015,1490561
03/18/2021,Monroe,129,54800,8613,1499174
03/19/2021,Monroe,134,54934,10632,1509806
03/20/2021,Monroe,185,55119,8498,1518304
03/21/2021,Monroe,94,55213,4397,1522701
03/22/2021,Monroe,122,55335,4774,1527475
03/23/2021,Monroe,126,55461,7686,1535161
03/24/2021,Monroe,213,55674,9203,1544364
03/25/2021,Monroe,180,55854,9884,1554248
03/26/2021,Monroe,195,56049,11210,1565458
03/27/2021,Monroe,197,56246,9331,1574789
03/28/2021,Monroe,153,56399,5006,1579795
03/29/2021,Monroe,136,56535,4175,1583970
03/30/2021,Monroe,153,56688,7977,1591947
03/31/2021,Monroe,193,56881,7150,1599097
04/01/2021,Monroe,220,57101,9252,1608349
04/02/2021,Monroe,249,57350,10846,1619195
04/03/2021,Monroe,188,57538,9558,1628753
04/04/2021,Monroe,242,57780,4163,1632916
04/05/2021,Monroe,131,57911,4102,1637018
04/06/2021,Monroe,228,58139,8070,1645088
04/07/2021,Monroe,316,58455,9430,1654518
04/08/2021,Monroe,319,58774,11625,1666143
04/09/2021,Monroe,288,59062,11075,1677218
04/10/2021,Monroe,253,59315,8660,1685878
04/11/2021,Monroe,224,59539,3764,1689642
04/12/2021,Monroe,199,59738,5360,1695002
04/13/2021,Monroe,206,59944,8083,1703085
04/14/2021,Monroe,381,60325,10876,1713961
04/15/2021,Monroe,203,60528,7085,1721046
04/16/2021,Monroe,353,60881,10157,1731203
04/17/2021,Monroe,233,61114,10299,1741502
04/18/2021,Monroe,200,61314,4036,1745538
04/19/2021,Monroe,179,61493,4649,1750187
04/20/2021,Monroe,223,61716,8844,1759031
04/21/2021,Monroe,285,62001,9773,1768804
04/22/2021,Monroe,270,62271,8030,1776834
04/23/2021,Monroe,184,62455,9801,1786635
04/24/2021,Monroe,273,62728,10009,1796644
04/25/2021,Monroe,183,62911,4240,1800884
04/26/2021,Monroe,141,63052,4142,1805026
04/27/2021,Monroe,201,63253,7863,1812889
04/28/2021,Monroe,310,63563,8540,1821429
04/29/2021,Monroe,220,63783,8078,1829507
04/30/2021,Monroe,216,63999,8592,1838099
05/01/2021,Monroe,207,64206,9494,1847593
05/02/2021,Monroe,201,64407,4524,1852117
05/03/2021,Monroe,162,64569,4090,1856207
05/04/2021,Monroe,161,64730,7288,1863495
05/05/2021,Monroe,257,64987,8180,1871675
05/06/2021,Monroe,179,65166,7269,1878944
05/07/2021,Monroe,251,65417,9217,1888161
05/08/2021,Monroe,222,65639,6992,1895153
05/09/2021,Monroe,152,65791,4122,1899275
05/10/2021,Monroe,145,65936,2651,1901926
05/11/2021,Monroe,149,66085,4765,1906691
05/12/2021,Monroe,235,66320,7413,1914104
05/13/2021,Monroe,187,66507,6360,1920464
05/14/2021,Monroe,193,66700,7725,1928189
05/15/2021,Monroe,165,66865,4977,1933166
05/16/2021,Monroe,121,66986,3868,1937034
05/17/2021,Monroe,117,67103,3968,1941002
05/18/2021,Monroe,127,67230,4897,1945899
05/19/2021,Monroe,179,67409,6003,1951902
05/20/2021,Monroe,146,67555,5691,1957593
05/21/2021,Monroe,117,67672,5602,1963195
05/22/2021,Monroe,109,67781,3685,1966880
05/23/2021,Monroe,111,67892,3329,1970209
05/24/2021,Monroe,75,67967,2537,1972746
05/25/2021,Monroe,92,68059,4691,1977437
05/26/2021,Monroe,102,68161,4397,1981834
05/27/2021,Monroe,72,68233,5596,1987430
05/28/2021,Monroe,77,68310,4367,1991797
05/29/2021,Monroe,76,68386,3572,1995369
05/30/2021,Monroe,54,68440,2953,1998322
05/31/2021,Monroe,40,68480,1335,1999657
06/01/2021,Monroe,42,68522,2198,2001855
06/02/2021,Monroe,33,68555,4887,2006742
06/03/2021,Monroe,70,68625,6090,2012832
06/04/2021,Monroe,54,68679,5625,2018457
06/05/2021,Monroe,44,68723,3276,2021733
06/06/2021,Monroe,45,68768,2960,2024693
06/07/2021,Monroe,27,68795,2248,2026941
06/08/2021,Monroe,26,68821,4290,2031231
06/09/2021,Monroe,32,68853,3514,2034745
06/10/2021,Monroe,26,68879,5131,2039876
06/11/2021,Monroe,22,68901,3922,2043798
06/12/2021,Monroe,28,68929,3360,2047158
06/13/2021,Monroe,30,68959,2056,2049214
06/14/2021,Monroe,17,68976,1676,2050890
06/15/2021,Monroe,15,68991,3048,2053938
06/16/2021,Monroe,21,69012,3055,2056993
06/17/2021,Monroe,23,69035,3274,2060267
06/18/2021,Monroe,19,69054,3251,2063518
06/19/2021,Monroe,9,69063,2092,2065610
06/20/2021,Monroe,6,69069,1568,2067178
06/21/2021,Monroe,10,69079,1344,2068522
06/22/2021,Monroe,11,69090,2576,2071098
06/23/2021,Monroe,12,69102,2417,2073515
06/24/2021,Monroe,14,69116,2871,2076386
06/25/2021,Monroe,8,69124,2201,2078587
06/26/2021,Monroe,6,69130,2219,2080806
06/27/2021,Monroe,16,69146,1593,2082399
06/28/2021,Monroe,6,69152,1399,2083798
06/29/2021,Monroe,11,69163,2069,2085867
06/30/2021,Monroe,15,69178,2346,2088213
07/01/2021,Monroe,18,69196,2217,2090430
07/02/2021,Monroe,10,69206,1949,2092379
07/03/2021,Monroe,16,69222,2192,2094571
07/04/2021,Monroe,11,69233,1299,2095870
07/05/2021,Monroe,7,69240,784,2096654
07/06/2021,Monroe,19,69259,1325,2097979
07/07/2021,Monroe,14,69273,1995,2099974
07/08/2021,Monroe,16,69289,2373,2102347
07/09/2021,Monroe,15,69304,2121,2104468
07/10/2021,Monroe,11,69315,1835,2106303
07/11/2021,Monroe,10,69325,1262,2107565
07/12/2021,Monroe,11,69336,982,2108547
07/13/2021,Monroe,11,69347,1453,2110000
07/14/2021,Monroe,35,69382,2466,2112466
07/15/2021,Monroe,18,69400,1815,2114281
07/16/2021,Monroe,16,69416,1654,2115935
07/17/2021,Monroe,32,69448,1810,2117745
07/18/2021,Monroe,15,69463,1083,2118828
07/19/2021,Monroe,18,69481,1171,2119999
07/20/2021,Monroe,21,69502,1893,2121892
07/21/2021,Monroe,32,69534,1842,2123734
07/22/2021,Monroe,32,69566,2020,2125754
07/23/2021,Monroe,33,69599,1833,2127587
07/24/2021,Monroe,60,69659,1848,2129435
07/25/2021,Monroe,33,69692,1054,2130489
07/26/2021,Monroe,47,69739,1355,2131844
07/27/2021,Monroe,43,69782,2582,2134426
07/28/2021,Monroe,45,69827,2047,2136473
07/29/2021,Monroe,69,69896,2789,2139262
07/30/2021,Monroe,74,69970,2221,2141483
07/31/2021,Monroe,62,70032,2562,2144045
08/01/2021,Monroe,39,70071,1417,2145462
08/02/2021,Monroe,63,70134,1590,2147052
08/03/2021,Monroe,80,70214,3038,2150090
08/04/2021,Monroe,93,70307,2740,2152830
08/05/2021,Monroe,79,70386,1994,2154824
08/06/2021,Monroe,171,70557,3890,2158714
08/07/2021,Monroe,123,70680,2575,2161289
08/08/2021,Monroe,106,70786,2139,2163428
08/09/2021,Monroe,121,70907,1931,2165359
08/10/2021,Monroe,134,71041,3281,2168640
08/11/2021,Monroe,177,71218,4224,2172864
08/12/2021,Monroe,143,71361,3684,2176548
08/13/2021,Monroe,115,71476,3730,2180278
08/14/2021,Monroe,141,71617,3561,2183839
08/15/2021,Monroe,142,71759,2449,2186288
08/16/2021,Monroe,145,71904,2975,2189263
08/17/2021,Monroe,135,72039,3977,2193240
08/18/2021,Monroe,167,72206,4858,2198098
08/19/2021,Monroe,170,72376,4731,2202829
08/20/2021,Monroe,175,72551,4719,2207548
08/21/2021,Monroe,164,72715,3983,2211531
08/22/2021,Monroe,128,72843,2687,2214218
08/23/2021,Monroe,106,72949,2585,2216803
08/24/2021,Monroe,169,73118,4366,2221169
08/25/2021,Monroe,204,73322,3931,2225100
08/26/2021,Monroe,254,73576,5217,2230317
08/27/2021,Monroe,174,73750,5399,2235716
08/28/2021,Monroe,183,73933,3717,2239433
08/29/2021,Monroe,145,74078,3199,2242632
08/30/2021,Monroe,157,74235,2566,2245198
08/31/2021,Monroe,152,74387,4618,2249816
09/01/2021,Monroe,190,74577,5252,2255068
09/02/2021,Monroe,218,74795,4991,2260059
09/03/2021,Monroe,192,74987,4688,2264747
09/04/2021,Monroe,130,75117,3608,2268355
09/05/2021,Monroe,142,75259,2830,2271185
09/06/2021,Monroe,111,75370,2045,2273230
09/07/2021,Monroe,96,75466,2316,2275546
09/08/2021,Monroe,147,75613,4949,2280495
09/09/2021,Monroe,205,75818,5080,2285575
09/10/2021,Monroe,212,76030,5304,2290879
09/11/2021,Monroe,238,76268,5718,2296597
09/12/2021,Monroe,143,76411,2556,2299153
09/13/2021,Monroe,97,76508,2395,2301548
09/14/2021,Monroe,195,76703,4213,2305761
09/15/2021,Monroe,296,76999,5281,2311042
09/16/2021,Monroe,197,77196,5133,2316175
09/17/2021,Monroe,168,77364,4479,2320654
09/18/2021,Monroe,219,77583,4858,2325512
09/19/2021,Monroe,120,77703,2956,2328468
09/20/2021,Monroe,193,77896,4547,2333015
09/21/2021,Monroe,155,78051,4378,2337393
09/22/2021,Monroe,203,78254,5789,2343182
09/23/2021,Monroe,262,78516,6291,2349473
09/24/2021,Monroe,251,78767,6887,2356360
09/25/2021,Monroe,176,78943,5033,2361393
09/26/2021,Monroe,188,79131,4060,2365453
09/27/2021,Monroe,158,79289,3186,2368639
09/28/2021,Monroe,250,79539,6134,2374773
09/29/2021,Monroe,219,79758,6688,2381461
09/30/2021,Monroe,259,80017,6777,2388238
10/01/2021,Monroe,235,80252,6584,2394822
10/02/2021,Monroe,187,80439,5554,2400376
10/03/2021,Monroe,135,80574,3879,2404255
10/04/2021,Monroe,184,80758,3902,2408157
10/05/2021,Monroe,216,80974,5818,2413975
10/06/2021,Monroe,276,81250,7176,2421151
10/07/2021,Monroe,253,81503,7140,2428291
10/08/2021,Monroe,217,81720,6166,2434457
10/09/2021,Monroe,114,81834,3784,2438241
10/10/2021,Monroe,257,82091,5730,2443971
10/11/2021,Monroe,167,82258,3065,2447036
10/12/2021,Monroe,222,82480,4502,2451538
10/13/2021,Monroe,287,82767,5885,2457423
10/14/2021,Monroe,266,83033,7652,2465075
10/15/2021,Monroe,266,83299,6325,2471400
10/16/2021,Monroe,220,83519,5231,2476631
10/17/2021,Monroe,189,83708,3731,2480362
10/18/2021,Monroe,122,83830,3384,2483746
10/19/2021,Monroe,215,84045,5503,2489249
10/20/2021,Monroe,252,84297,5919,2495168
10/21/2021,Monroe,235,84532,5649,2500817
10/22/2021,Monroe,252,84784,6476,2507293
10/23/2021,Monroe,157,84941,4700,2511993
03/01/2020,Montgomery,0,0,0,0
03/02/2020,Montgomery,0,0,0,0
03/03/2020,Montgomery,0,0,0,0
03/04/2020,Montgomery,0,0,0,0
03/05/2020,Montgomery,0,0,0,0
03/06/2020,Montgomery,0,0,0,0
03/07/2020,Montgomery,0,0,0,0
03/08/2020,Montgomery,0,0,0,0
03/09/2020,Montgomery,0,0,0,0
03/10/2020,Montgomery,0,0,1,1
03/11/2020,Montgomery,0,0,1,2
03/12/2020,Montgomery,0,0,0,2
03/13/2020,Montgomery,0,0,0,2
03/14/2020,Montgomery,1,1,3,5
03/15/2020,Montgomery,0,1,4,9
03/16/2020,Montgomery,0,1,1,10
03/17/2020,Montgomery,1,2,14,24
03/18/2020,Montgomery,0,2,14,38
03/19/2020,Montgomery,0,2,4,42
03/20/2020,Montgomery,1,3,27,69
03/21/2020,Montgomery,0,3,20,89
03/22/2020,Montgomery,0,3,6,95
03/23/2020,Montgomery,0,3,5,100
03/24/2020,Montgomery,1,4,5,105
03/25/2020,Montgomery,1,5,5,110
03/26/2020,Montgomery,0,5,7,117
03/27/2020,Montgomery,0,5,10,127
03/28/2020,Montgomery,1,6,6,133
03/29/2020,Montgomery,0,6,2,135
03/30/2020,Montgomery,1,7,8,143
03/31/2020,Montgomery,0,7,4,147
04/01/2020,Montgomery,1,8,10,157
04/02/2020,Montgomery,2,10,8,165
04/03/2020,Montgomery,3,13,11,176
04/04/2020,Montgomery,2,15,14,190
04/05/2020,Montgomery,0,15,8,198
04/06/2020,Montgomery,3,18,20,218
04/07/2020,Montgomery,0,18,9,227
04/08/2020,Montgomery,10,28,24,251
04/09/2020,Montgomery,1,29,13,264
04/10/2020,Montgomery,0,29,8,272
04/11/2020,Montgomery,0,29,1,273
04/12/2020,Montgomery,0,29,2,275
04/13/2020,Montgomery,3,32,56,331
04/14/2020,Montgomery,0,32,0,331
04/15/2020,Montgomery,0,32,5,336
04/16/2020,Montgomery,1,33,10,346
04/17/2020,Montgomery,1,34,4,350
04/18/2020,Montgomery,1,35,4,354
04/19/2020,Montgomery,0,35,4,358
04/20/2020,Montgomery,2,37,3,361
04/21/2020,Montgomery,1,38,3,364
04/22/2020,Montgomery,1,39,7,371
04/23/2020,Montgomery,0,39,6,377
04/24/2020,Montgomery,7,46,226,603
04/25/2020,Montgomery,1,47,35,638
04/26/2020,Montgomery,0,47,9,647
04/27/2020,Montgomery,2,49,19,666
04/28/2020,Montgomery,2,51,18,684
04/29/2020,Montgomery,2,53,14,698
04/30/2020,Montgomery,1,54,29,727
05/01/2020,Montgomery,0,54,27,754
05/02/2020,Montgomery,2,56,53,807
05/03/2020,Montgomery,0,56,19,826
05/04/2020,Montgomery,5,61,28,854
05/05/2020,Montgomery,2,63,46,900
05/06/2020,Montgomery,0,63,34,934
05/07/2020,Montgomery,1,64,36,970
05/08/2020,Montgomery,2,66,36,1006
05/09/2020,Montgomery,1,67,33,1039
05/10/2020,Montgomery,0,67,30,1069
05/11/2020,Montgomery,0,67,62,1131
05/12/2020,Montgomery,1,68,115,1246
05/13/2020,Montgomery,1,69,177,1423
05/14/2020,Montgomery,3,72,46,1469
05/15/2020,Montgomery,3,75,93,1562
05/16/2020,Montgomery,0,75,52,1614
05/17/2020,Montgomery,0,75,38,1652
05/18/2020,Montgomery,0,75,25,1677
05/19/2020,Montgomery,0,75,43,1720
05/20/2020,Montgomery,2,77,96,1816
05/21/2020,Montgomery,0,77,130,1946
05/22/2020,Montgomery,0,77,79,2025
05/23/2020,Montgomery,2,79,131,2156
05/24/2020,Montgomery,0,79,159,2315
05/25/2020,Montgomery,1,80,41,2356
05/26/2020,Montgomery,2,82,47,2403
05/27/2020,Montgomery,0,82,341,2744
05/28/2020,Montgomery,2,84,182,2926
05/29/2020,Montgomery,5,89,222,3148
05/30/2020,Montgomery,2,91,95,3243
05/31/2020,Montgomery,0,91,186,3429
06/01/2020,Montgomery,2,93,104,3533
06/02/2020,Montgomery,1,94,213,3746
06/03/2020,Montgomery,2,96,311,4057
06/04/2020,Montgomery,0,96,314,4371
06/05/2020,Montgomery,2,98,370,4741
06/06/2020,Montgomery,2,100,226,4967
06/07/2020,Montgomery,0,100,246,5213
06/08/2020,Montgomery,0,100,240,5453
06/09/2020,Montgomery,0,100,149,5602
06/10/2020,Montgomery,1,101,235,5837
06/11/2020,Montgomery,2,103,327,6164
06/12/2020,Montgomery,0,103,218,6382
06/13/2020,Montgomery,1,104,178,6560
06/14/2020,Montgomery,0,104,137,6697
06/15/2020,Montgomery,0,104,125,6822
06/16/2020,Montgomery,0,104,76,6898
06/17/2020,Montgomery,1,105,151,7049
06/18/2020,Montgomery,1,106,224,7273
06/19/2020,Montgomery,0,106,156,7429
06/20/2020,Montgomery,0,106,221,7650
06/21/2020,Montgomery,2,108,237,7887
06/22/2020,Montgomery,1,109,162,8049
06/23/2020,Montgomery,1,110,63,8112
06/24/2020,Montgomery,1,111,160,8272
06/25/2020,Montgomery,2,113,163,8435
06/26/2020,Montgomery,3,116,210,8645
06/27/2020,Montgomery,2,118,312,8957
06/28/2020,Montgomery,0,118,174,9131
06/29/2020,Montgomery,0,118,127,9258
06/30/2020,Montgomery,0,118,83,9341
07/01/2020,Montgomery,1,119,179,9520
07/02/2020,Montgomery,0,119,169,9689
07/03/2020,Montgomery,0,119,167,9856
07/04/2020,Montgomery,0,119,242,10098
07/05/2020,Montgomery,1,120,170,10268
07/06/2020,Montgomery,1,121,169,10437
07/07/2020,Montgomery,0,121,76,10513
07/08/2020,Montgomery,4,125,174,10687
07/09/2020,Montgomery,3,128,202,10889
07/10/2020,Montgomery,2,130,202,11091
07/11/2020,Montgomery,2,132,229,11320
07/12/2020,Montgomery,1,133,131,11451
07/13/2020,Montgomery,8,141,230,11681
07/14/2020,Montgomery,0,141,94,11775
07/15/2020,Montgomery,0,141,133,11908
07/16/2020,Montgomery,0,141,380,12288
07/17/2020,Montgomery,2,143,252,12540
07/18/2020,Montgomery,0,143,125,12665
07/19/2020,Montgomery,0,143,123,12788
07/20/2020,Montgomery,1,144,137,12925
07/21/2020,Montgomery,0,144,156,13081
07/22/2020,Montgomery,1,145,124,13205
07/23/2020,Montgomery,1,146,190,13395
07/24/2020,Montgomery,1,147,188,13583
07/25/2020,Montgomery,1,148,187,13770
07/26/2020,Montgomery,0,148,150,13920
07/27/2020,Montgomery,4,152,68,13988
07/28/2020,Montgomery,0,152,102,14090
07/29/2020,Montgomery,0,152,142,14232
07/30/2020,Montgomery,2,154,198,14430
07/31/2020,Montgomery,1,155,211,14641
08/01/2020,Montgomery,2,157,293,14934
08/02/2020,Montgomery,3,160,202,15136
08/03/2020,Montgomery,0,160,196,15332
08/04/2020,Montgomery,1,161,168,15500
08/05/2020,Montgomery,8,169,142,15642
08/06/2020,Montgomery,1,170,339,15981
08/07/2020,Montgomery,2,172,202,16183
08/08/2020,Montgomery,4,176,251,16434
08/09/2020,Montgomery,1,177,124,16558
08/10/2020,Montgomery,0,177,164,16722
08/11/2020,Montgomery,0,177,122,16844
08/12/2020,Montgomery,2,179,157,17001
08/13/2020,Montgomery,2,181,175,17176
08/14/2020,Montgomery,3,184,260,17436
08/15/2020,Montgomery,3,187,254,17690
08/16/2020,Montgomery,1,188,130,17820
08/17/2020,Montgomery,0,188,192,18012
08/18/2020,Montgomery,1,189,166,18178
08/19/2020,Montgomery,1,190,145,18323
08/20/2020,Montgomery,3,193,362,18685
08/21/2020,Montgomery,0,193,199,18884
08/22/2020,Montgomery,1,194,190,19074
08/23/2020,Montgomery,2,196,163,19237
08/24/2020,Montgomery,0,196,92,19329
08/25/2020,Montgomery,1,197,169,19498
08/26/2020,Montgomery,1,198,138,19636
08/27/2020,Montgomery,2,200,263,19899
08/28/2020,Montgomery,2,202,218,20117
08/29/2020,Montgomery,0,202,217,20334
08/30/2020,Montgomery,4,206,293,20627
08/31/2020,Montgomery,1,207,326,20953
09/01/2020,Montgomery,1,208,65,21018
09/02/2020,Montgomery,3,211,158,21176
09/03/2020,Montgomery,1,212,242,21418
09/04/2020,Montgomery,2,214,222,21640
09/05/2020,Montgomery,1,215,213,21853
09/06/2020,Montgomery,0,215,169,22022
09/07/2020,Montgomery,0,215,163,22185
09/08/2020,Montgomery,0,215,75,22260
09/09/2020,Montgomery,0,215,137,22397
09/10/2020,Montgomery,2,217,276,22673
09/11/2020,Montgomery,1,218,259,22932
09/12/2020,Montgomery,0,218,260,23192
09/13/2020,Montgomery,0,218,322,23514
09/14/2020,Montgomery,0,218,169,23683
09/15/2020,Montgomery,0,218,190,23873
09/16/2020,Montgomery,1,219,177,24050
09/17/2020,Montgomery,0,219,213,24263
09/18/2020,Montgomery,4,223,244,24507
09/19/2020,Montgomery,4,227,287,24794
09/20/2020,Montgomery,0,227,254,25048
09/21/2020,Montgomery,2,229,434,25482
09/22/2020,Montgomery,1,230,86,25568
09/23/2020,Montgomery,2,232,155,25723
09/24/2020,Montgomery,0,232,251,25974
09/25/2020,Montgomery,0,232,159,26133
09/26/2020,Montgomery,0,232,144,26277
09/27/2020,Montgomery,0,232,70,26347
09/28/2020,Montgomery,2,234,217,26564
09/29/2020,Montgomery,1,235,75,26639
09/30/2020,Montgomery,0,235,100,26739
10/01/2020,Montgomery,1,236,272,27011
10/02/2020,Montgomery,1,237,354,27365
10/03/2020,Montgomery,1,238,310,27675
10/04/2020,Montgomery,0,238,214,27889
10/05/2020,Montgomery,3,241,180,28069
10/06/2020,Montgomery,0,241,71,28140
10/07/2020,Montgomery,1,242,300,28440
10/08/2020,Montgomery,2,244,289,28729
10/09/2020,Montgomery,1,245,300,29029
10/10/2020,Montgomery,0,245,173,29202
10/11/2020,Montgomery,0,245,269,29471
10/12/2020,Montgomery,4,249,149,29620
10/13/2020,Montgomery,0,249,65,29685
10/14/2020,Montgomery,1,250,299,29984
10/15/2020,Montgomery,2,252,403,30387
10/16/2020,Montgomery,2,254,269,30656
10/17/2020,Montgomery,0,254,223,30879
10/18/2020,Montgomery,1,255,216,31095
10/19/2020,Montgomery,1,256,142,31237
10/20/2020,Montgomery,1,257,111,31348
10/21/2020,Montgomery,2,259,206,31554
10/22/2020,Montgomery,2,261,211,31765
10/23/2020,Montgomery,0,261,328,32093
10/24/2020,Montgomery,0,261,239,32332
10/25/2020,Montgomery,1,262,190,32522
10/26/2020,Montgomery,4,266,99,32621
10/27/2020,Montgomery,2,268,118,32739
10/28/2020,Montgomery,2,270,372,33111
10/29/2020,Montgomery,2,272,360,33471
10/30/2020,Montgomery,1,273,422,33893
10/31/2020,Montgomery,0,273,220,34113
11/01/2020,Montgomery,3,276,147,34260
11/02/2020,Montgomery,5,281,196,34456
11/03/2020,Montgomery,2,283,93,34549
11/04/2020,Montgomery,0,283,242,34791
11/05/2020,Montgomery,9,292,318,35109
11/06/2020,Montgomery,3,295,270,35379
11/07/2020,Montgomery,1,296,348,35727
11/08/2020,Montgomery,0,296,258,35985
11/09/2020,Montgomery,0,296,97,36082
11/10/2020,Montgomery,4,300,124,36206
11/11/2020,Montgomery,4,304,297,36503
11/12/2020,Montgomery,3,307,225,36728
11/13/2020,Montgomery,12,319,207,36935
11/14/2020,Montgomery,3,322,183,37118
11/15/2020,Montgomery,3,325,270,37388
11/16/2020,Montgomery,6,331,379,37767
11/17/2020,Montgomery,18,349,316,38083
11/18/2020,Montgomery,13,362,312,38395
11/19/2020,Montgomery,2,364,171,38566
11/20/2020,Montgomery,12,376,403,38969
11/21/2020,Montgomery,2,378,97,39066
11/22/2020,Montgomery,18,396,829,39895
11/23/2020,Montgomery,17,413,390,40285
11/24/2020,Montgomery,29,442,339,40624
11/25/2020,Montgomery,18,460,430,41054
11/26/2020,Montgomery,6,466,227,41281
11/27/2020,Montgomery,6,472,213,41494
11/28/2020,Montgomery,12,484,288,41782
11/29/2020,Montgomery,10,494,458,42240
11/30/2020,Montgomery,16,510,463,42703
12/01/2020,Montgomery,12,522,312,43015
12/02/2020,Montgomery,12,534,172,43187
12/03/2020,Montgomery,25,559,307,43494
12/04/2020,Montgomery,42,601,802,44296
12/05/2020,Montgomery,22,623,393,44689
12/06/2020,Montgomery,5,628,274,44963
12/07/2020,Montgomery,25,653,417,45380
12/08/2020,Montgomery,18,671,355,45735
12/09/2020,Montgomery,12,683,293,46028
12/10/2020,Montgomery,34,717,586,46614
12/11/2020,Montgomery,31,748,462,47076
12/12/2020,Montgomery,18,766,536,47612
12/13/2020,Montgomery,30,796,361,47973
12/14/2020,Montgomery,32,828,388,48361
12/15/2020,Montgomery,29,857,346,48707
12/16/2020,Montgomery,11,868,249,48956
12/17/2020,Montgomery,24,892,355,49311
12/18/2020,Montgomery,16,908,293,49604
12/19/2020,Montgomery,40,948,375,49979
12/20/2020,Montgomery,25,973,300,50279
12/21/2020,Montgomery,58,1031,449,50728
12/22/2020,Montgomery,41,1072,395,51123
12/23/2020,Montgomery,19,1091,259,51382
12/24/2020,Montgomery,31,1122,361,51743
12/25/2020,Montgomery,72,1194,658,52401
12/26/2020,Montgomery,19,1213,194,52595
12/27/2020,Montgomery,27,1240,171,52766
12/28/2020,Montgomery,33,1273,266,53032
12/29/2020,Montgomery,9,1282,175,53207
12/30/2020,Montgomery,25,1307,268,53475
12/31/2020,Montgomery,86,1393,564,54039
01/01/2021,Montgomery,56,1449,491,54530
01/02/2021,Montgomery,43,1492,364,54894
01/03/2021,Montgomery,24,1516,204,55098
01/04/2021,Montgomery,43,1559,287,55385
01/05/2021,Montgomery,42,1601,424,55809
01/06/2021,Montgomery,32,1633,297,56106
01/07/2021,Montgomery,109,1742,489,56595
01/08/2021,Montgomery,79,1821,647,57242
01/09/2021,Montgomery,62,1883,552,57794
01/10/2021,Montgomery,40,1923,283,58077
01/11/2021,Montgomery,29,1952,386,58463
01/12/2021,Montgomery,15,1967,203,58666
01/13/2021,Montgomery,19,1986,287,58953
01/14/2021,Montgomery,83,2069,813,59766
01/15/2021,Montgomery,54,2123,727,60493
01/16/2021,Montgomery,44,2167,395,60888
01/17/2021,Montgomery,30,2197,435,61323
01/18/2021,Montgomery,33,2230,187,61510
01/19/2021,Montgomery,35,2265,431,61941
01/20/2021,Montgomery,33,2298,455,62396
01/21/2021,Montgomery,44,2342,489,62885
01/22/2021,Montgomery,58,2400,793,63678
01/23/2021,Montgomery,38,2438,544,64222
01/24/2021,Montgomery,25,2463,315,64537
01/25/2021,Montgomery,33,2496,226,64763
01/26/2021,Montgomery,27,2523,292,65055
01/27/2021,Montgomery,22,2545,341,65396
01/28/2021,Montgomery,70,2615,564,65960
01/29/2021,Montgomery,34,2649,694,66654
01/30/2021,Montgomery,25,2674,463,67117
01/31/2021,Montgomery,24,2698,367,67484
02/01/2021,Montgomery,14,2712,233,67717
02/02/2021,Montgomery,13,2725,222,67939
02/03/2021,Montgomery,12,2737,218,68157
02/04/2021,Montgomery,46,2783,461,68618
02/05/2021,Montgomery,36,2819,613,69231
02/06/2021,Montgomery,19,2838,591,69822
02/07/2021,Montgomery,14,2852,197,70019
02/08/2021,Montgomery,30,2882,341,70360
02/09/2021,Montgomery,9,2891,246,70606
02/10/2021,Montgomery,15,2906,307,70913
02/11/2021,Montgomery,20,2926,499,71412
02/12/2021,Montgomery,11,2937,425,71837
02/13/2021,Montgomery,37,2974,545,72382
02/14/2021,Montgomery,14,2988,208,72590
02/15/2021,Montgomery,14,3002,246,72836
02/16/2021,Montgomery,8,3010,193,73029
02/17/2021,Montgomery,19,3029,303,73332
02/18/2021,Montgomery,30,3059,478,73810
02/19/2021,Montgomery,20,3079,368,74178
02/20/2021,Montgomery,16,3095,457,74635
02/21/2021,Montgomery,7,3102,168,74803
02/22/2021,Montgomery,8,3110,252,75055
02/23/2021,Montgomery,11,3121,240,75295
02/24/2021,Montgomery,16,3137,351,75646
02/25/2021,Montgomery,12,3149,477,76123
02/26/2021,Montgomery,19,3168,435,76558
02/27/2021,Montgomery,14,3182,383,76941
02/28/2021,Montgomery,8,3190,271,77212
03/01/2021,Montgomery,9,3199,161,77373
03/02/2021,Montgomery,7,3206,342,77715
03/03/2021,Montgomery,13,3219,389,78104
03/04/2021,Montgomery,13,3232,511,78615
03/05/2021,Montgomery,12,3244,366,78981
03/06/2021,Montgomery,15,3259,479,79460
03/07/2021,Montgomery,10,3269,314,79774
03/08/2021,Montgomery,11,3280,221,79995
03/09/2021,Montgomery,4,3284,323,80318
03/10/2021,Montgomery,21,3305,302,80620
03/11/2021,Montgomery,10,3315,452,81072
03/12/2021,Montgomery,12,3327,364,81436
03/13/2021,Montgomery,3,3330,297,81733
03/14/2021,Montgomery,7,3337,434,82167
03/15/2021,Montgomery,6,3343,206,82373
03/16/2021,Montgomery,7,3350,218,82591
03/17/2021,Montgomery,12,3362,290,82881
03/18/2021,Montgomery,18,3380,532,83413
03/19/2021,Montgomery,20,3400,400,83813
03/20/2021,Montgomery,11,3411,302,84115
03/21/2021,Montgomery,8,3419,274,84389
03/22/2021,Montgomery,15,3434,387,84776
03/23/2021,Montgomery,14,3448,302,85078
03/24/2021,Montgomery,22,3470,332,85410
03/25/2021,Montgomery,31,3501,531,85941
03/26/2021,Montgomery,13,3514,457,86398
03/27/2021,Montgomery,15,3529,626,87024
03/28/2021,Montgomery,10,3539,143,87167
03/29/2021,Montgomery,21,3560,329,87496
03/30/2021,Montgomery,25,3585,647,88143
03/31/2021,Montgomery,34,3619,466,88609
04/01/2021,Montgomery,16,3635,594,89203
04/02/2021,Montgomery,18,3653,698,89901
04/03/2021,Montgomery,19,3672,485,90386
04/04/2021,Montgomery,13,3685,273,90659
04/05/2021,Montgomery,14,3699,329,90988
04/06/2021,Montgomery,12,3711,339,91327
04/07/2021,Montgomery,11,3722,325,91652
04/08/2021,Montgomery,27,3749,865,92517
04/09/2021,Montgomery,23,3772,414,92931
04/10/2021,Montgomery,18,3790,461,93392
04/11/2021,Montgomery,12,3802,135,93527
04/12/2021,Montgomery,15,3817,299,93826
04/13/2021,Montgomery,25,3842,378,94204
04/14/2021,Montgomery,19,3861,481,94685
04/15/2021,Montgomery,11,3872,527,95212
04/16/2021,Montgomery,9,3881,495,95707
04/17/2021,Montgomery,15,3896,406,96113
04/18/2021,Montgomery,15,3911,224,96337
04/19/2021,Montgomery,4,3915,185,96522
04/20/2021,Montgomery,8,3923,505,97027
04/21/2021,Montgomery,12,3935,283,97310
04/22/2021,Montgomery,15,3950,590,97900
04/23/2021,Montgomery,15,3965,413,98313
04/24/2021,Montgomery,29,3994,387,98700
04/25/2021,Montgomery,24,4018,235,98935
04/26/2021,Montgomery,12,4030,184,99119
04/27/2021,Montgomery,9,4039,376,99495
04/28/2021,Montgomery,9,4048,467,99962
04/29/2021,Montgomery,19,4067,627,100589
04/30/2021,Montgomery,12,4079,528,101117
05/01/2021,Montgomery,13,4092,398,101515
05/02/2021,Montgomery,6,4098,183,101698
05/03/2021,Montgomery,8,4106,254,101952
05/04/2021,Montgomery,12,4118,358,102310
05/05/2021,Montgomery,12,4130,375,102685
05/06/2021,Montgomery,16,4146,674,103359
05/07/2021,Montgomery,18,4164,576,103935
05/08/2021,Montgomery,11,4175,295,104230
05/09/2021,Montgomery,3,4178,239,104469
05/10/2021,Montgomery,0,4178,150,104619
05/11/2021,Montgomery,6,4184,355,104974
05/12/2021,Montgomery,4,4188,358,105332
05/13/2021,Montgomery,7,4195,443,105775
05/14/2021,Montgomery,8,4203,560,106335
05/15/2021,Montgomery,3,4206,223,106558
05/16/2021,Montgomery,3,4209,151,106709
05/17/2021,Montgomery,3,4212,128,106837
05/18/2021,Montgomery,5,4217,341,107178
05/19/2021,Montgomery,4,4221,367,107545
05/20/2021,Montgomery,5,4226,425,107970
05/21/2021,Montgomery,2,4228,556,108526
05/22/2021,Montgomery,3,4231,268,108794
05/23/2021,Montgomery,6,4237,100,108894
05/24/2021,Montgomery,3,4240,153,109047
05/25/2021,Montgomery,3,4243,166,109213
05/26/2021,Montgomery,1,4244,275,109488
05/27/2021,Montgomery,3,4247,584,110072
05/28/2021,Montgomery,0,4247,298,110370
05/29/2021,Montgomery,1,4248,428,110798
05/30/2021,Montgomery,0,4248,105,110903
05/31/2021,Montgomery,0,4248,71,110974
06/01/2021,Montgomery,1,4249,97,111071
06/02/2021,Montgomery,0,4249,415,111486
06/03/2021,Montgomery,2,4251,546,112032
06/04/2021,Montgomery,3,4254,350,112382
06/05/2021,Montgomery,0,4254,281,112663
06/06/2021,Montgomery,0,4254,102,112765
06/07/2021,Montgomery,0,4254,229,112994
06/08/2021,Montgomery,0,4254,234,113228
06/09/2021,Montgomery,0,4254,295,113523
06/10/2021,Montgomery,0,4254,541,114064
06/11/2021,Montgomery,0,4254,301,114365
06/12/2021,Montgomery,0,4254,153,114518
06/13/2021,Montgomery,0,4254,45,114563
06/14/2021,Montgomery,0,4254,192,114755
06/15/2021,Montgomery,0,4254,137,114892
06/16/2021,Montgomery,0,4254,207,115099
06/17/2021,Montgomery,0,4254,130,115229
06/18/2021,Montgomery,0,4254,194,115423
06/19/2021,Montgomery,0,4254,95,115518
06/20/2021,Montgomery,0,4254,88,115606
06/21/2021,Montgomery,0,4254,74,115680
06/22/2021,Montgomery,0,4254,65,115745
06/23/2021,Montgomery,0,4254,149,115894
06/24/2021,Montgomery,0,4254,131,116025
06/25/2021,Montgomery,0,4254,91,116116
06/26/2021,Montgomery,1,4255,86,116202
06/27/2021,Montgomery,1,4256,76,116278
06/28/2021,Montgomery,0,4256,63,116341
06/29/2021,Montgomery,1,4257,125,116466
06/30/2021,Montgomery,0,4257,102,116568
07/01/2021,Montgomery,0,4257,274,116842
07/02/2021,Montgomery,1,4258,145,116987
07/03/2021,Montgomery,1,4259,74,117061
07/04/2021,Montgomery,0,4259,62,117123
07/05/2021,Montgomery,0,4259,23,117146
07/06/2021,Montgomery,1,4260,74,117220
07/07/2021,Montgomery,0,4260,204,117424
07/08/2021,Montgomery,0,4260,158,117582
07/09/2021,Montgomery,0,4260,93,117675
07/10/2021,Montgomery,1,4261,68,117743
07/11/2021,Montgomery,0,4261,40,117783
07/12/2021,Montgomery,0,4261,66,117849
07/13/2021,Montgomery,1,4262,75,117924
07/14/2021,Montgomery,0,4262,232,118156
07/15/2021,Montgomery,2,4264,161,118317
07/16/2021,Montgomery,1,4265,79,118396
07/17/2021,Montgomery,0,4265,78,118474
07/18/2021,Montgomery,0,4265,37,118511
07/19/2021,Montgomery,4,4269,70,118581
07/20/2021,Montgomery,0,4269,58,118639
07/21/2021,Montgomery,3,4272,90,118729
07/22/2021,Montgomery,4,4276,88,118817
07/23/2021,Montgomery,0,4276,101,118918
07/24/2021,Montgomery,2,4278,83,119001
07/25/2021,Montgomery,3,4281,47,119048
07/26/2021,Montgomery,0,4281,60,119108
07/27/2021,Montgomery,4,4285,84,119192
07/28/2021,Montgomery,5,4290,91,119283
07/29/2021,Montgomery,1,4291,73,119356
07/30/2021,Montgomery,6,4297,101,119457
07/31/2021,Montgomery,4,4301,113,119570
08/01/2021,Montgomery,6,4307,66,119636
08/02/2021,Montgomery,2,4309,61,119697
08/03/2021,Montgomery,2,4311,95,119792
08/04/2021,Montgomery,3,4314,101,119893
08/05/2021,Montgomery,14,4328,136,120029
08/06/2021,Montgomery,7,4335,142,120171
08/07/2021,Montgomery,9,4344,94,120265
08/08/2021,Montgomery,4,4348,74,120339
08/09/2021,Montgomery,13,4361,86,120425
08/10/2021,Montgomery,6,4367,99,120524
08/11/2021,Montgomery,8,4375,160,120684
08/12/2021,Montgomery,12,4387,162,120846
08/13/2021,Montgomery,10,4397,150,120996
08/14/2021,Montgomery,12,4409,93,121089
08/15/2021,Montgomery,7,4416,108,121197
08/16/2021,Montgomery,12,4428,312,121509
08/17/2021,Montgomery,14,4442,348,121857
08/18/2021,Montgomery,17,4459,383,122240
08/19/2021,Montgomery,24,4483,297,122537
08/20/2021,Montgomery,17,4500,374,122911
08/21/2021,Montgomery,11,4511,378,123289
08/22/2021,Montgomery,23,4534,211,123500
08/23/2021,Montgomery,20,4554,152,123652
08/24/2021,Montgomery,15,4569,421,124073
08/25/2021,Montgomery,21,4590,304,124377
08/26/2021,Montgomery,24,4614,389,124766
08/27/2021,Montgomery,14,4628,332,125098
08/28/2021,Montgomery,17,4645,337,125435
08/29/2021,Montgomery,21,4666,156,125591
08/30/2021,Montgomery,4,4670,290,125881
08/31/2021,Montgomery,30,4700,395,126276
09/01/2021,Montgomery,26,4726,309,126585
09/02/2021,Montgomery,14,4740,342,126927
09/03/2021,Montgomery,17,4757,451,127378
09/04/2021,Montgomery,17,4774,259,127637
09/05/2021,Montgomery,9,4783,176,127813
09/06/2021,Montgomery,4,4787,115,127928
09/07/2021,Montgomery,31,4818,220,128148
09/08/2021,Montgomery,24,4842,480,128628
09/09/2021,Montgomery,23,4865,393,129021
09/10/2021,Montgomery,11,4876,351,129372
09/11/2021,Montgomery,15,4891,375,129747
09/12/2021,Montgomery,8,4899,80,129827
09/13/2021,Montgomery,21,4920,299,130126
09/14/2021,Montgomery,10,4930,383,130509
09/15/2021,Montgomery,36,4966,443,130952
09/16/2021,Montgomery,12,4978,359,131311
09/17/2021,Montgomery,35,5013,317,131628
09/18/2021,Montgomery,10,5023,277,131905
09/19/2021,Montgomery,9,5032,125,132030
09/20/2021,Montgomery,44,5076,443,132473
09/21/2021,Montgomery,18,5094,475,132948
09/22/2021,Montgomery,18,5112,276,133224
09/23/2021,Montgomery,37,5149,656,133880
09/24/2021,Montgomery,40,5189,382,134262
09/25/2021,Montgomery,24,5213,346,134608
09/26/2021,Montgomery,19,5232,215,134823
09/27/2021,Montgomery,21,5253,418,135241
09/28/2021,Montgomery,34,5287,594,135835
09/29/2021,Montgomery,26,5313,454,136289
09/30/2021,Montgomery,36,5349,597,136886
10/01/2021,Montgomery,14,5363,310,137196
10/02/2021,Montgomery,17,5380,306,137502
10/03/2021,Montgomery,8,5388,66,137568
10/04/2021,Montgomery,26,5414,185,137753
10/05/2021,Montgomery,70,5484,870,138623
10/06/2021,Montgomery,42,5526,401,139024
10/07/2021,Montgomery,48,5574,392,139416
10/08/2021,Montgomery,34,5608,478,139894
10/09/2021,Montgomery,9,5617,446,140340
10/10/2021,Montgomery,48,5665,536,140876
10/11/2021,Montgomery,17,5682,242,141118
10/12/2021,Montgomery,39,5721,535,141653
10/13/2021,Montgomery,39,5760,603,142256
10/14/2021,Montgomery,46,5806,611,142867
10/15/2021,Montgomery,42,5848,473,143340
10/16/2021,Montgomery,17,5865,483,143823
10/17/2021,Montgomery,13,5878,265,144088
10/18/2021,Montgomery,12,5890,237,144325
10/19/2021,Montgomery,50,5940,835,145160
10/20/2021,Montgomery,26,5966,400,145560
10/21/2021,Montgomery,27,5993,393,145953
10/22/2021,Montgomery,29,6022,847,146800
10/23/2021,Montgomery,14,6036,303,147103
03/01/2020,Nassau,0,0,0,0
03/02/2020,Nassau,0,0,0,0
03/03/2020,Nassau,0,0,0,0
03/04/2020,Nassau,0,0,0,0
03/05/2020,Nassau,1,1,1,1
03/06/2020,Nassau,3,4,10,11
03/07/2020,Nassau,2,6,5,16
03/08/2020,Nassau,4,10,11,27
03/09/2020,Nassau,4,14,15,42
03/10/2020,Nassau,6,20,22,64
03/11/2020,Nassau,11,31,58,122
03/12/2020,Nassau,14,45,86,208
03/13/2020,Nassau,19,64,100,308
03/14/2020,Nassau,20,84,82,390
03/15/2020,Nassau,23,107,109,499
03/16/2020,Nassau,24,131,112,611
03/17/2020,Nassau,52,183,218,829
03/18/2020,Nassau,186,369,632,1461
03/19/2020,Nassau,385,754,1036,2497
03/20/2020,Nassau,479,1233,1706,4203
03/21/2020,Nassau,667,1900,1968,6171
03/22/2020,Nassau,542,2442,1323,7494
03/23/2020,Nassau,427,2869,993,8487
03/24/2020,Nassau,416,3285,896,9383
03/25/2020,Nassau,629,3914,1735,11118
03/26/2020,Nassau,743,4657,1412,12530
03/27/2020,Nassau,880,5537,1827,14357
03/28/2020,Nassau,908,6445,2107,16464
03/29/2020,Nassau,899,7344,1830,18294
03/30/2020,Nassau,1200,8544,2261,20555
03/31/2020,Nassau,1010,9554,1845,22400
04/01/2020,Nassau,1033,10587,1908,24308
04/02/2020,Nassau,1437,12024,2663,26971
04/03/2020,Nassau,1322,13346,2694,29665
04/04/2020,Nassau,1052,14398,2195,31860
04/05/2020,Nassau,1218,15616,2363,34223
04/06/2020,Nassau,994,16610,2097,36320
04/07/2020,Nassau,1938,18548,4179,40499
04/08/2020,Nassau,1592,20140,3598,44097
04/09/2020,Nassau,1372,21512,3021,47118
04/10/2020,Nassau,1072,22584,2527,49645
04/11/2020,Nassau,969,23553,2307,51952
04/12/2020,Nassau,805,24358,2072,54024
04/13/2020,Nassau,892,25250,2283,56307
04/14/2020,Nassau,1465,26715,3155,59462
04/15/2020,Nassau,1057,27772,2814,62276
04/16/2020,Nassau,767,28539,2386,64662
04/17/2020,Nassau,641,29180,1973,66635
04/18/2020,Nassau,833,30013,2658,69293
04/19/2020,Nassau,664,30677,2196,71489
04/20/2020,Nassau,402,31079,1385,72874
04/21/2020,Nassau,476,31555,1697,74571
04/22/2020,Nassau,569,32124,1980,76551
04/23/2020,Nassau,641,32765,2787,79338
04/24/2020,Nassau,1033,33798,4225,83563
04/25/2020,Nassau,724,34522,3334,86897
04/26/2020,Nassau,343,34865,1871,88768
04/27/2020,Nassau,220,35085,1499,90267
04/28/2020,Nassau,420,35505,2509,92776
04/29/2020,Nassau,349,35854,2424,95200
04/30/2020,Nassau,307,36161,2108,97308
05/01/2020,Nassau,358,36519,2384,99692
05/02/2020,Nassau,261,36780,2194,101886
05/03/2020,Nassau,185,36965,1736,103622
05/04/2020,Nassau,187,37152,1822,105444
05/05/2020,Nassau,198,37350,1765,107209
05/06/2020,Nassau,243,37593,2658,109867
05/07/2020,Nassau,219,37812,2050,111917
05/08/2020,Nassau,216,38028,2390,114307
05/09/2020,Nassau,189,38217,2260,116567
05/10/2020,Nassau,120,38337,1756,118323
05/11/2020,Nassau,97,38434,1558,119881
05/12/2020,Nassau,153,38587,2374,122255
05/13/2020,Nassau,156,38743,2633,124888
05/14/2020,Nassau,121,38864,2363,127251
05/15/2020,Nassau,169,39033,2478,129729
05/16/2020,Nassau,103,39136,2020,131749
05/17/2020,Nassau,89,39225,1749,133498
05/18/2020,Nassau,70,39295,1635,135133
05/19/2020,Nassau,73,39368,2281,137414
05/20/2020,Nassau,119,39487,3112,140526
05/21/2020,Nassau,121,39608,3097,143623
05/22/2020,Nassau,118,39726,4188,147811
05/23/2020,Nassau,111,39837,3739,151550
05/24/2020,Nassau,70,39907,2891,154441
05/25/2020,Nassau,67,39974,2269,156710
05/26/2020,Nassau,60,40034,2390,159100
05/27/2020,Nassau,106,40140,4664,163764
05/28/2020,Nassau,86,40226,4760,168524
05/29/2020,Nassau,81,40307,4710,173234
05/30/2020,Nassau,89,40396,4112,177346
05/31/2020,Nassau,83,40479,3878,181224
06/01/2020,Nassau,93,40572,3851,185075
06/02/2020,Nassau,72,40644,4433,189508
06/03/2020,Nassau,69,40713,5104,194612
06/04/2020,Nassau,84,40797,5177,199789
06/05/2020,Nassau,56,40853,5533,205322
06/06/2020,Nassau,51,40904,4119,209441
06/07/2020,Nassau,43,40947,4033,213474
06/08/2020,Nassau,33,40980,3159,216633
06/09/2020,Nassau,35,41015,4210,220843
06/10/2020,Nassau,45,41060,4869,225712
06/11/2020,Nassau,54,41114,4796,230508
06/12/2020,Nassau,58,41172,5228,235736
06/13/2020,Nassau,32,41204,4039,239775
06/14/2020,Nassau,36,41240,3939,243714
06/15/2020,Nassau,50,41290,4585,248299
06/16/2020,Nassau,30,41320,4270,252569
06/17/2020,Nassau,29,41349,5054,257623
06/18/2020,Nassau,38,41387,5646,263269
06/19/2020,Nassau,56,41443,4698,267967
06/20/2020,Nassau,36,41479,5000,272967
06/21/2020,Nassau,34,41513,4104,277071
06/22/2020,Nassau,31,41544,3374,280445
06/23/2020,Nassau,41,41585,3983,284428
06/24/2020,Nassau,61,41646,5618,290046
06/25/2020,Nassau,38,41684,3867,293913
06/26/2020,Nassau,41,41725,5282,299195
06/27/2020,Nassau,29,41754,5255,304450
06/28/2020,Nassau,26,41780,3856,308306
06/29/2020,Nassau,27,41807,3478,311784
06/30/2020,Nassau,46,41853,3842,315626
07/01/2020,Nassau,57,41910,5297,320923
07/02/2020,Nassau,37,41947,4562,325485
07/03/2020,Nassau,41,41988,4709,330194
07/04/2020,Nassau,43,42031,6290,336484
07/05/2020,Nassau,22,42053,3801,340285
07/06/2020,Nassau,35,42088,4066,344351
07/07/2020,Nassau,34,42122,3792,348143
07/08/2020,Nassau,42,42164,5038,353181
07/09/2020,Nassau,68,42232,6711,359892
07/10/2020,Nassau,35,42267,5718,365610
07/11/2020,Nassau,40,42307,5168,370778
07/12/2020,Nassau,47,42354,4319,375097
07/13/2020,Nassau,69,42423,3898,378995
07/14/2020,Nassau,39,42462,4295,383290
07/15/2020,Nassau,44,42506,5979,389269
07/16/2020,Nassau,49,42555,5567,394836
07/17/2020,Nassau,39,42594,4695,399531
07/18/2020,Nassau,28,42622,3006,402537
07/19/2020,Nassau,56,42678,3987,406524
07/20/2020,Nassau,51,42729,4724,411248
07/21/2020,Nassau,36,42765,3991,415239
07/22/2020,Nassau,51,42816,4594,419833
07/23/2020,Nassau,44,42860,5798,425631
07/24/2020,Nassau,55,42915,5712,431343
07/25/2020,Nassau,45,42960,3752,435095
07/26/2020,Nassau,57,43017,4176,439271
07/27/2020,Nassau,42,43059,4208,443479
07/28/2020,Nassau,41,43100,4616,448095
07/29/2020,Nassau,58,43158,5731,453826
07/30/2020,Nassau,45,43203,5138,458964
07/31/2020,Nassau,68,43271,7106,466070
08/01/2020,Nassau,51,43322,4727,470797
08/02/2020,Nassau,58,43380,3808,474605
08/03/2020,Nassau,56,43436,4606,479211
08/04/2020,Nassau,46,43482,5492,484703
08/05/2020,Nassau,52,43534,5304,490007
08/06/2020,Nassau,46,43580,5019,495026
08/07/2020,Nassau,48,43628,6525,501551
08/08/2020,Nassau,27,43655,5314,506865
08/09/2020,Nassau,35,43690,3823,510688
08/10/2020,Nassau,34,43724,5273,515961
08/11/2020,Nassau,37,43761,5160,521121
08/12/2020,Nassau,34,43795,5534,526655
08/13/2020,Nassau,45,43840,6693,533348
08/14/2020,Nassau,51,43891,6389,539737
08/15/2020,Nassau,38,43929,5833,545570
08/16/2020,Nassau,26,43955,4425,549995
08/17/2020,Nassau,46,44001,4460,554455
08/18/2020,Nassau,62,44063,7861,562316
08/19/2020,Nassau,49,44112,5928,568244
08/20/2020,Nassau,50,44162,7190,575434
08/21/2020,Nassau,43,44205,6974,582408
08/22/2020,Nassau,40,44245,5082,587490
08/23/2020,Nassau,39,44284,4386,591876
08/24/2020,Nassau,64,44348,5565,597441
08/25/2020,Nassau,55,44403,5589,603030
08/26/2020,Nassau,47,44450,6294,609324
08/27/2020,Nassau,53,44503,9814,619138
08/28/2020,Nassau,51,44554,6780,625918
08/29/2020,Nassau,56,44610,6719,632637
08/30/2020,Nassau,67,44677,5442,638079
08/31/2020,Nassau,84,44761,7238,645317
09/01/2020,Nassau,84,44845,10917,656234
09/02/2020,Nassau,79,44924,6522,662756
09/03/2020,Nassau,84,45008,7265,670021
09/04/2020,Nassau,107,45115,6642,676663
09/05/2020,Nassau,78,45193,6573,683236
09/06/2020,Nassau,36,45229,4189,687425
09/07/2020,Nassau,65,45294,4216,691641
09/08/2020,Nassau,78,45372,4238,695879
09/09/2020,Nassau,73,45445,6033,701912
09/10/2020,Nassau,105,45550,7023,708935
09/11/2020,Nassau,83,45633,5742,714677
09/12/2020,Nassau,78,45711,5780,720457
09/13/2020,Nassau,52,45763,4258,724715
09/14/2020,Nassau,77,45840,6928,731643
09/15/2020,Nassau,66,45906,4810,736453
09/16/2020,Nassau,83,45989,6284,742737
09/17/2020,Nassau,63,46052,6037,748774
09/18/2020,Nassau,102,46154,8330,757104
09/19/2020,Nassau,64,46218,6759,763863
09/20/2020,Nassau,41,46259,4905,768768
09/21/2020,Nassau,66,46325,6020,774788
09/22/2020,Nassau,63,46388,4360,779148
09/23/2020,Nassau,46,46434,5634,784782
09/24/2020,Nassau,71,46505,6406,791188
09/25/2020,Nassau,71,46576,6733,797921
09/26/2020,Nassau,67,46643,5975,803896
09/27/2020,Nassau,68,46711,4043,807939
09/28/2020,Nassau,80,46791,5621,813560
09/29/2020,Nassau,66,46857,4876,818436
09/30/2020,Nassau,72,46929,5967,824403
10/01/2020,Nassau,105,47034,7917,832320
10/02/2020,Nassau,133,47167,9841,842161
10/03/2020,Nassau,79,47246,7752,849913
10/04/2020,Nassau,56,47302,5954,855867
10/05/2020,Nassau,90,47392,7585,863452
10/06/2020,Nassau,124,47516,7817,871269
10/07/2020,Nassau,140,47656,11919,883188
10/08/2020,Nassau,80,47736,8320,891508
10/09/2020,Nassau,105,47841,8925,900433
10/10/2020,Nassau,92,47933,8397,908830
10/11/2020,Nassau,65,47998,5181,914011
10/12/2020,Nassau,101,48099,7833,921844
10/13/2020,Nassau,85,48184,7559,929403
10/14/2020,Nassau,88,48272,7980,937383
10/15/2020,Nassau,105,48377,9485,946868
10/16/2020,Nassau,117,48494,11691,958559
10/17/2020,Nassau,102,48596,9050,967609
10/18/2020,Nassau,61,48657,5522,973131
10/19/2020,Nassau,74,48731,6934,980065
10/20/2020,Nassau,133,48864,7970,988035
10/21/2020,Nassau,77,48941,7088,995123
10/22/2020,Nassau,101,49042,8982,1004105
10/23/2020,Nassau,161,49203,10153,1014258
10/24/2020,Nassau,109,49312,8299,1022557
10/25/2020,Nassau,65,49377,5041,1027598
10/26/2020,Nassau,119,49496,8086,1035684
10/27/2020,Nassau,167,49663,8517,1044201
10/28/2020,Nassau,178,49841,11971,1056172
10/29/2020,Nassau,166,50007,10195,1066367
10/30/2020,Nassau,146,50153,9758,1076125
10/31/2020,Nassau,141,50294,9981,1086106
11/01/2020,Nassau,113,50407,7240,1093346
11/02/2020,Nassau,195,50602,10365,1103711
11/03/2020,Nassau,100,50702,7707,1111418
11/04/2020,Nassau,216,50918,9862,1121280
11/05/2020,Nassau,246,51164,11881,1133161
11/06/2020,Nassau,254,51418,10433,1143594
11/07/2020,Nassau,264,51682,10193,1153787
11/08/2020,Nassau,213,51895,7560,1161347
11/09/2020,Nassau,278,52173,8264,1169611
11/10/2020,Nassau,402,52575,12531,1182142
11/11/2020,Nassau,322,52897,10104,1192246
11/12/2020,Nassau,374,53271,12488,1204734
11/13/2020,Nassau,417,53688,13724,1218458
11/14/2020,Nassau,326,54014,13152,1231610
11/15/2020,Nassau,295,54309,8711,1240321
11/16/2020,Nassau,406,54715,11575,1251896
11/17/2020,Nassau,397,55112,11920,1263816
11/18/2020,Nassau,374,55486,12509,1276325
11/19/2020,Nassau,389,55875,13145,1289470
11/20/2020,Nassau,394,56269,13271,1302741
11/21/2020,Nassau,437,56706,13335,1316076
11/22/2020,Nassau,421,57127,13559,1329635
11/23/2020,Nassau,362,57489,12900,1342535
11/24/2020,Nassau,496,57985,13033,1355568
11/25/2020,Nassau,582,58567,18620,1374188
11/26/2020,Nassau,671,59238,17980,1392168
11/27/2020,Nassau,462,59700,14896,1407064
11/28/2020,Nassau,481,60181,14082,1421146
11/29/2020,Nassau,520,60701,12689,1433835
11/30/2020,Nassau,461,61162,11166,1445001
12/01/2020,Nassau,826,61988,16130,1461131
12/02/2020,Nassau,757,62745,14864,1475995
12/03/2020,Nassau,916,63661,17140,1493135
12/04/2020,Nassau,698,64359,14066,1507201
12/05/2020,Nassau,739,65098,16123,1523324
12/06/2020,Nassau,534,65632,11795,1535119
12/07/2020,Nassau,863,66495,14754,1549873
12/08/2020,Nassau,708,67203,14707,1564580
12/09/2020,Nassau,775,67978,14953,1579533
12/10/2020,Nassau,759,68737,16097,1595630
12/11/2020,Nassau,899,69636,19405,1615035
12/12/2020,Nassau,839,70475,16162,1631197
12/13/2020,Nassau,739,71214,13826,1645023
12/14/2020,Nassau,908,72122,17269,1662292
12/15/2020,Nassau,782,72904,12606,1674898
12/16/2020,Nassau,853,73757,13642,1688540
12/17/2020,Nassau,901,74658,16677,1705217
12/18/2020,Nassau,763,75421,14782,1719999
12/19/2020,Nassau,901,76322,15937,1735936
12/20/2020,Nassau,766,77088,12395,1748331
12/21/2020,Nassau,880,77968,14387,1762718
12/22/2020,Nassau,1015,78983,18240,1780958
12/23/2020,Nassau,1020,80003,17407,1798365
12/24/2020,Nassau,1096,81099,17700,1816065
12/25/2020,Nassau,1134,82233,19879,1835944
12/26/2020,Nassau,812,83045,13231,1849175
12/27/2020,Nassau,999,84044,13683,1862858
12/28/2020,Nassau,979,85023,14306,1877164
12/29/2020,Nassau,1273,86296,12161,1889325
12/30/2020,Nassau,1608,87904,18071,1907396
12/31/2020,Nassau,1556,89460,19535,1926931
01/01/2021,Nassau,1409,90869,17847,1944778
01/02/2021,Nassau,1166,92035,15323,1960101
01/03/2021,Nassau,1071,93106,12437,1972538
01/04/2021,Nassau,1273,94379,13327,1985865
01/05/2021,Nassau,1733,96112,17392,2003257
01/06/2021,Nassau,1634,97746,18796,2022053
01/07/2021,Nassau,1693,99439,19306,2041359
01/08/2021,Nassau,1742,101181,21177,2062536
01/09/2021,Nassau,1403,102584,18673,2081209
01/10/2021,Nassau,1494,104078,21691,2102900
01/11/2021,Nassau,1419,105497,16654,2119554
01/12/2021,Nassau,1457,106954,16844,2136398
01/13/2021,Nassau,1172,108126,16725,2153123
01/14/2021,Nassau,1858,109984,27723,2180846
01/15/2021,Nassau,1409,111393,20397,2201243
01/16/2021,Nassau,1309,112702,21605,2222848
01/17/2021,Nassau,1110,113812,17716,2240564
01/18/2021,Nassau,1157,114969,16330,2256894
01/19/2021,Nassau,1096,116065,14987,2271881
01/20/2021,Nassau,1306,117371,17538,2289419
01/21/2021,Nassau,1364,118735,20729,2310148
01/22/2021,Nassau,1198,119933,19767,2329915
01/23/2021,Nassau,1069,121002,18669,2348584
01/24/2021,Nassau,1198,122200,19416,2368000
01/25/2021,Nassau,942,123142,13428,2381428
01/26/2021,Nassau,977,124119,14270,2395698
01/27/2021,Nassau,1251,125370,19161,2414859
01/28/2021,Nassau,1234,126604,22054,2436913
01/29/2021,Nassau,1139,127743,20974,2457887
01/30/2021,Nassau,992,128735,19361,2477248
01/31/2021,Nassau,919,129654,16124,2493372
02/01/2021,Nassau,732,130386,12109,2505481
02/02/2021,Nassau,547,130933,9826,2515307
02/03/2021,Nassau,611,131544,12379,2527686
02/04/2021,Nassau,757,132301,14828,2542514
02/05/2021,Nassau,1056,133357,19272,2561786
02/06/2021,Nassau,870,134227,17518,2579304
02/07/2021,Nassau,664,134891,12764,2592068
02/08/2021,Nassau,820,135711,14458,2606526
02/09/2021,Nassau,566,136277,10493,2617019
02/10/2021,Nassau,919,137196,19295,2636314
02/11/2021,Nassau,748,137944,17201,2653515
02/12/2021,Nassau,840,138784,19117,2672632
02/13/2021,Nassau,732,139516,16923,2689555
02/14/2021,Nassau,591,140107,12725,2702280
02/15/2021,Nassau,579,140686,10457,2712737
02/16/2021,Nassau,538,141224,12094,2724831
02/17/2021,Nassau,514,141738,13946,2738777
02/18/2021,Nassau,729,142467,16098,2754875
02/19/2021,Nassau,602,143069,15021,2769896
02/20/2021,Nassau,546,143615,11887,2781783
02/21/2021,Nassau,516,144131,11210,2792993
02/22/2021,Nassau,640,144771,14635,2807628
02/23/2021,Nassau,519,145290,14538,2822166
02/24/2021,Nassau,695,145985,16495,2838661
02/25/2021,Nassau,742,146727,19670,2858331
02/26/2021,Nassau,745,147472,18923,2877254
02/27/2021,Nassau,638,148110,16990,2894244
02/28/2021,Nassau,559,148669,12365,2906609
03/01/2021,Nassau,582,149251,9403,2916012
03/02/2021,Nassau,600,149851,12795,2928807
03/03/2021,Nassau,687,150538,16797,2945604
03/04/2021,Nassau,789,151327,20134,2965738
03/05/2021,Nassau,643,151970,16724,2982462
03/06/2021,Nassau,676,152646,13612,2996074
03/07/2021,Nassau,453,153099,9481,3005555
03/08/2021,Nassau,612,153711,12239,3017794
03/09/2021,Nassau,577,154288,12311,3030105
03/10/2021,Nassau,579,154867,14282,3044387
03/11/2021,Nassau,779,155646,19275,3063662
03/12/2021,Nassau,663,156309,13983,3077645
03/13/2021,Nassau,513,156822,11196,3088841
03/14/2021,Nassau,540,157362,9827,3098668
03/15/2021,Nassau,623,157985,10023,3108691
03/16/2021,Nassau,784,158769,17754,3126445
03/17/2021,Nassau,632,159401,16403,3142848
03/18/2021,Nassau,702,160103,17551,3160399
03/19/2021,Nassau,697,160800,16362,3176761
03/20/2021,Nassau,608,161408,14056,3190817
03/21/2021,Nassau,540,161948,11379,3202196
03/22/2021,Nassau,533,162481,9192,3211388
03/23/2021,Nassau,603,163084,13074,3224462
03/24/2021,Nassau,701,163785,17184,3241646
03/25/2021,Nassau,696,164481,20018,3261664
03/26/2021,Nassau,614,165095,15947,3277611
03/27/2021,Nassau,690,165785,14547,3292158
03/28/2021,Nassau,580,166365,13278,3305436
03/29/2021,Nassau,516,166881,10264,3315700
03/30/2021,Nassau,676,167557,14127,3329827
03/31/2021,Nassau,689,168246,16290,3346117
04/01/2021,Nassau,638,168884,16340,3362457
04/02/2021,Nassau,651,169535,17827,3380284
04/03/2021,Nassau,644,170179,14335,3394619
04/04/2021,Nassau,501,170680,11634,3406253
04/05/2021,Nassau,505,171185,9348,3415601
04/06/2021,Nassau,553,171738,13904,3429505
04/07/2021,Nassau,810,172548,20531,3450036
04/08/2021,Nassau,668,173216,19148,3469184
04/09/2021,Nassau,556,173772,18267,3487451
04/10/2021,Nassau,507,174279,14676,3502127
04/11/2021,Nassau,394,174673,8947,3511074
04/12/2021,Nassau,350,175023,8491,3519565
04/13/2021,Nassau,369,175392,12222,3531787
04/14/2021,Nassau,527,175919,18603,3550390
04/15/2021,Nassau,480,176399,15317,3565707
04/16/2021,Nassau,602,177001,23614,3589321
04/17/2021,Nassau,343,177344,14271,3603592
04/18/2021,Nassau,312,177656,9385,3612977
04/19/2021,Nassau,277,177933,7467,3620444
04/20/2021,Nassau,302,178235,11718,3632162
04/21/2021,Nassau,277,178512,14787,3646949
04/22/2021,Nassau,322,178834,15645,3662594
04/23/2021,Nassau,283,179117,14351,3676945
04/24/2021,Nassau,233,179350,13063,3690008
04/25/2021,Nassau,222,179572,8872,3698880
04/26/2021,Nassau,152,179724,6034,3704914
04/27/2021,Nassau,171,179895,9722,3714636
04/28/2021,Nassau,249,180144,14014,3728650
04/29/2021,Nassau,229,180373,12882,3741532
04/30/2021,Nassau,232,180605,14933,3756465
05/01/2021,Nassau,125,180730,10684,3767149
05/02/2021,Nassau,130,180860,8569,3775718
05/03/2021,Nassau,132,180992,6308,3782026
05/04/2021,Nassau,116,181108,9245,3791271
05/05/2021,Nassau,145,181253,12303,3803574
05/06/2021,Nassau,122,181375,12287,3815861
05/07/2021,Nassau,178,181553,14692,3830553
05/08/2021,Nassau,86,181639,9677,3840230
05/09/2021,Nassau,88,181727,8756,3848986
05/10/2021,Nassau,77,181804,7003,3855989
05/11/2021,Nassau,116,181920,11249,3867238
05/12/2021,Nassau,107,182027,12275,3879513
05/13/2021,Nassau,112,182139,12584,3892097
05/14/2021,Nassau,114,182253,12079,3904176
05/15/2021,Nassau,90,182343,10666,3914842
05/16/2021,Nassau,79,182422,6619,3921461
05/17/2021,Nassau,69,182491,9369,3930830
05/18/2021,Nassau,74,182565,8809,3939639
05/19/2021,Nassau,91,182656,11937,3951576
05/20/2021,Nassau,83,182739,12085,3963661
05/21/2021,Nassau,71,182810,10827,3974488
05/22/2021,Nassau,49,182859,8694,3983182
05/23/2021,Nassau,43,182902,6674,3989856
05/24/2021,Nassau,43,182945,5436,3995292
05/25/2021,Nassau,56,183001,8213,4003505
05/26/2021,Nassau,55,183056,10418,4013923
05/27/2021,Nassau,52,183108,10004,4023927
05/28/2021,Nassau,37,183145,8743,4032670
05/29/2021,Nassau,24,183169,7184,4039854
05/30/2021,Nassau,26,183195,5292,4045146
05/31/2021,Nassau,17,183212,3744,4048890
06/01/2021,Nassau,21,183233,4011,4052901
06/02/2021,Nassau,33,183266,7698,4060599
06/03/2021,Nassau,43,183309,11532,4072131
06/04/2021,Nassau,51,183360,9586,4081717
06/05/2021,Nassau,32,183392,7657,4089374
06/06/2021,Nassau,30,183422,5816,4095190
06/07/2021,Nassau,27,183449,5086,4100276
06/08/2021,Nassau,19,183468,6907,4107183
06/09/2021,Nassau,43,183511,9135,4116318
06/10/2021,Nassau,34,183545,9233,4125551
06/11/2021,Nassau,33,183578,9951,4135502
06/12/2021,Nassau,23,183601,6757,4142259
06/13/2021,Nassau,23,183624,4380,4146639
06/14/2021,Nassau,25,183649,4364,4151003
06/15/2021,Nassau,24,183673,6234,4157237
06/16/2021,Nassau,24,183697,8423,4165660
06/17/2021,Nassau,30,183727,7115,4172775
06/18/2021,Nassau,26,183753,6329,4179104
06/19/2021,Nassau,15,183768,6050,4185154
06/20/2021,Nassau,19,183787,4892,4190046
06/21/2021,Nassau,22,183809,4209,4194255
06/22/2021,Nassau,16,183825,6615,4200870
06/23/2021,Nassau,27,183852,8199,4209069
06/24/2021,Nassau,27,183879,7817,4216886
06/25/2021,Nassau,28,183907,7762,4224648
06/26/2021,Nassau,19,183926,6824,4231472
06/27/2021,Nassau,22,183948,4603,4236075
06/28/2021,Nassau,15,183963,4610,4240685
06/29/2021,Nassau,17,183980,5755,4246440
06/30/2021,Nassau,37,184017,5898,4252338
07/01/2021,Nassau,39,184056,5525,4257863
07/02/2021,Nassau,28,184084,5539,4263402
07/03/2021,Nassau,38,184122,5136,4268538
07/04/2021,Nassau,31,184153,3970,4272508
07/05/2021,Nassau,29,184182,2820,4275328
07/06/2021,Nassau,37,184219,3142,4278470
07/07/2021,Nassau,64,184283,6430,4284900
07/08/2021,Nassau,68,184351,5588,4290488
07/09/2021,Nassau,57,184408,5389,4295877
07/10/2021,Nassau,64,184472,5216,4301093
07/11/2021,Nassau,42,184514,3732,4304825
07/12/2021,Nassau,66,184580,3514,4308339
07/13/2021,Nassau,72,184652,4888,4313227
07/14/2021,Nassau,91,184743,5435,4318662
07/15/2021,Nassau,87,184830,5500,4324162
07/16/2021,Nassau,106,184936,6026,4330188
07/17/2021,Nassau,99,185035,5212,4335400
07/18/2021,Nassau,99,185134,4094,4339494
07/19/2021,Nassau,101,185235,4947,4344441
07/20/2021,Nassau,138,185373,5794,4350235
07/21/2021,Nassau,152,185525,7677,4357912
07/22/2021,Nassau,167,185692,7014,4364926
07/23/2021,Nassau,174,185866,8109,4373035
07/24/2021,Nassau,220,186086,7211,4380246
07/25/2021,Nassau,123,186209,5089,4385335
07/26/2021,Nassau,162,186371,5362,4390697
07/27/2021,Nassau,185,186556,7120,4397817
07/28/2021,Nassau,252,186808,7835,4405652
07/29/2021,Nassau,243,187051,8595,4414247
07/30/2021,Nassau,251,187302,8914,4423161
07/31/2021,Nassau,213,187515,7222,4430383
08/01/2021,Nassau,220,187735,6324,4436707
08/02/2021,Nassau,315,188050,7353,4444060
08/03/2021,Nassau,279,188329,8175,4452235
08/04/2021,Nassau,297,188626,9837,4462072
08/05/2021,Nassau,318,188944,10748,4472820
08/06/2021,Nassau,412,189356,11129,4483949
08/07/2021,Nassau,344,189700,9537,4493486
08/08/2021,Nassau,338,190038,9710,4503196
08/09/2021,Nassau,268,190306,6749,4509945
08/10/2021,Nassau,368,190674,10369,4520314
08/11/2021,Nassau,414,191088,11000,4531314
08/12/2021,Nassau,452,191540,12372,4543686
08/13/2021,Nassau,335,191875,10479,4554165
08/14/2021,Nassau,379,192254,10079,4564244
08/15/2021,Nassau,347,192601,8233,4572477
08/16/2021,Nassau,338,192939,6751,4579228
08/17/2021,Nassau,385,193324,10355,4589583
08/18/2021,Nassau,407,193731,12702,4602285
08/19/2021,Nassau,504,194235,12624,4614909
08/20/2021,Nassau,451,194686,12694,4627603
08/21/2021,Nassau,353,195039,10596,4638199
08/22/2021,Nassau,362,195401,8638,4646837
08/23/2021,Nassau,294,195695,6442,4653279
08/24/2021,Nassau,297,195992,9848,4663127
08/25/2021,Nassau,548,196540,11588,4674715
08/26/2021,Nassau,480,197020,11691,4686406
08/27/2021,Nassau,439,197459,11082,4697488
08/28/2021,Nassau,327,197786,10591,4708079
08/29/2021,Nassau,384,198170,7993,4716072
08/30/2021,Nassau,311,198481,6993,4723065
08/31/2021,Nassau,372,198853,10555,4733620
09/01/2021,Nassau,377,199230,10475,4744095
09/02/2021,Nassau,470,199700,12115,4756210
09/03/2021,Nassau,362,200062,9998,4766208
09/04/2021,Nassau,419,200481,10414,4776622
09/05/2021,Nassau,239,200720,5845,4782467
09/06/2021,Nassau,225,200945,5943,4788410
09/07/2021,Nassau,313,201258,6917,4795327
09/08/2021,Nassau,393,201651,10382,4805709
09/09/2021,Nassau,545,202196,15045,4820754
09/10/2021,Nassau,377,202573,11003,4831757
09/11/2021,Nassau,394,202967,10804,4842561
09/12/2021,Nassau,250,203217,6816,4849377
09/13/2021,Nassau,407,203624,8741,4858118
09/14/2021,Nassau,438,204062,11397,4869515
09/15/2021,Nassau,480,204542,13338,4882853
09/16/2021,Nassau,477,205019,15478,4898331
09/17/2021,Nassau,372,205391,12528,4910859
09/18/2021,Nassau,357,205748,11524,4922383
09/19/2021,Nassau,223,205971,7419,4929802
09/20/2021,Nassau,401,206372,10091,4939893
09/21/2021,Nassau,339,206711,11542,4951435
09/22/2021,Nassau,393,207104,13681,4965116
09/23/2021,Nassau,359,207463,13734,4978850
09/24/2021,Nassau,352,207815,12804,4991654
09/25/2021,Nassau,272,208087,11810,5003464
09/26/2021,Nassau,203,208290,8082,5011546
09/27/2021,Nassau,306,208596,9421,5020967
09/28/2021,Nassau,307,208903,11324,5032291
09/29/2021,Nassau,312,209215,14286,5046577
09/30/2021,Nassau,272,209487,13842,5060419
10/01/2021,Nassau,295,209782,12628,5073047
10/02/2021,Nassau,205,209987,11931,5084978
10/03/2021,Nassau,167,210154,7846,5092824
10/04/2021,Nassau,208,210362,8583,5101407
10/05/2021,Nassau,336,210698,14084,5115491
10/06/2021,Nassau,321,211019,15405,5130896
10/07/2021,Nassau,316,211335,14073,5144969
10/08/2021,Nassau,301,211636,13250,5158219
10/09/2021,Nassau,161,211797,7069,5165288
10/10/2021,Nassau,265,212062,13020,5178308
10/11/2021,Nassau,234,212296,7912,5186220
10/12/2021,Nassau,264,212560,10601,5196821
10/13/2021,Nassau,247,212807,12821,5209642
10/14/2021,Nassau,286,213093,14205,5223847
10/15/2021,Nassau,260,213353,12705,5236552
10/16/2021,Nassau,250,213603,11343,5247895
10/17/2021,Nassau,127,213730,6522,5254417
10/18/2021,Nassau,175,213905,8182,5262599
10/19/2021,Nassau,248,214153,12787,5275386
10/20/2021,Nassau,217,214370,13890,5289276
10/21/2021,Nassau,200,214570,12673,5301949
10/22/2021,Nassau,202,214772,12481,5314430
10/23/2021,Nassau,158,214930,10122,5324552
03/01/2020,New York,0,0,0,0
03/02/2020,New York,0,0,0,0
03/03/2020,New York,0,0,3,3
03/04/2020,New York,1,1,4,7
03/05/2020,New York,1,2,18,25
03/06/2020,New York,3,5,14,39
03/07/2020,New York,0,5,22,61
03/08/2020,New York,0,5,24,85
03/09/2020,New York,7,12,47,132
03/10/2020,New York,12,24,78,210
03/11/2020,New York,3,27,70,280
03/12/2020,New York,18,45,186,466
03/13/2020,New York,39,84,268,734
03/14/2020,New York,28,112,193,927
03/15/2020,New York,60,172,317,1244
03/16/2020,New York,69,241,398,1642
03/17/2020,New York,161,402,598,2240
03/18/2020,New York,335,737,1074,3314
03/19/2020,New York,437,1174,1235,4549
03/20/2020,New York,370,1544,1263,5812
03/21/2020,New York,522,2066,1370,7182
03/22/2020,New York,607,2673,1367,8549
03/23/2020,New York,405,3078,990,9539
03/24/2020,New York,442,3520,1065,10604
03/25/2020,New York,542,4062,1232,11836
03/26/2020,New York,523,4585,1062,12898
03/27/2020,New York,631,5216,1314,14212
03/28/2020,New York,590,5806,1160,15372
03/29/2020,New York,422,6228,788,16160
03/30/2020,New York,648,6876,1422,17582
03/31/2020,New York,497,7373,1015,18597
04/01/2020,New York,470,7843,1002,19599
04/02/2020,New York,609,8452,1294,20893
04/03/2020,New York,848,9300,1820,22713
04/04/2020,New York,598,9898,1278,23991
04/05/2020,New York,542,10440,1162,25153
04/06/2020,New York,572,11012,1249,26402
04/07/2020,New York,492,11504,1257,27659
04/08/2020,New York,602,12106,1424,29083
04/09/2020,New York,616,12722,1659,30742
04/10/2020,New York,715,13437,1685,32427
04/11/2020,New York,708,14145,1783,34210
04/12/2020,New York,356,14501,1033,35243
04/13/2020,New York,379,14880,1206,36449
04/14/2020,New York,1737,16617,4068,40517
04/15/2020,New York,474,17091,1533,42050
04/16/2020,New York,399,17490,1476,43526
04/17/2020,New York,442,17932,1585,45111
04/18/2020,New York,288,18220,1093,46204
04/19/2020,New York,248,18468,954,47158
04/20/2020,New York,231,18699,1099,48257
04/21/2020,New York,326,19025,1430,49687
04/22/2020,New York,323,19348,1581,51268
04/23/2020,New York,506,19854,2654,53922
04/24/2020,New York,426,20280,2110,56032
04/25/2020,New York,493,20773,2354,58386
04/26/2020,New York,324,21097,2007,60393
04/27/2020,New York,215,21312,1650,62043
04/28/2020,New York,292,21604,2260,64303
04/29/2020,New York,316,21920,2299,66602
04/30/2020,New York,255,22175,2205,68807
05/01/2020,New York,321,22496,2606,71413
05/02/2020,New York,245,22741,2214,73627
05/03/2020,New York,159,22900,1524,75151
05/04/2020,New York,154,23054,2246,77397
05/05/2020,New York,203,23257,2499,79896
05/06/2020,New York,272,23529,2966,82862
05/07/2020,New York,201,23730,3036,85898
05/08/2020,New York,151,23881,2633,88531
05/09/2020,New York,96,23977,2336,90867
05/10/2020,New York,85,24062,1496,92363
05/11/2020,New York,129,24191,1984,94347
05/12/2020,New York,157,24348,2825,97172
05/13/2020,New York,177,24525,3697,100869
05/14/2020,New York,307,24832,3933,104802
05/15/2020,New York,150,24982,3469,108271
05/16/2020,New York,148,25130,3096,111367
05/17/2020,New York,86,25216,2019,113386
05/18/2020,New York,77,25293,2830,116216
05/19/2020,New York,98,25391,3685,119901
05/20/2020,New York,131,25522,4219,124120
05/21/2020,New York,150,25672,4363,128483
05/22/2020,New York,134,25806,4582,133065
05/23/2020,New York,103,25909,4187,137252
05/24/2020,New York,100,26009,3356,140608
05/25/2020,New York,83,26092,3635,144243
05/26/2020,New York,121,26213,3599,147842
05/27/2020,New York,134,26347,6888,154730
05/28/2020,New York,133,26480,7418,162148
05/29/2020,New York,96,26576,5678,167826
05/30/2020,New York,77,26653,4425,172251
05/31/2020,New York,68,26721,4385,176636
06/01/2020,New York,93,26814,5161,181797
06/02/2020,New York,72,26886,4211,186008
06/03/2020,New York,82,26968,4377,190385
06/04/2020,New York,69,27037,4416,194801
06/05/2020,New York,85,27122,5322,200123
06/06/2020,New York,56,27178,4711,204834
06/07/2020,New York,39,27217,4045,208879
06/08/2020,New York,41,27258,3953,212832
06/09/2020,New York,66,27324,5433,218265
06/10/2020,New York,60,27384,4991,223256
06/11/2020,New York,68,27452,5660,228916
06/12/2020,New York,77,27529,6296,235212
06/13/2020,New York,44,27573,5525,240737
06/14/2020,New York,54,27627,6036,246773
06/15/2020,New York,50,27677,6158,252931
06/16/2020,New York,31,27708,5830,258761
06/17/2020,New York,52,27760,6701,265462
06/18/2020,New York,64,27824,7866,273328
06/19/2020,New York,67,27891,7972,281300
06/20/2020,New York,75,27966,7602,288902
06/21/2020,New York,51,28017,4871,293773
06/22/2020,New York,58,28075,4887,298660
06/23/2020,New York,57,28132,4933,303593
06/24/2020,New York,60,28192,6494,310087
06/25/2020,New York,58,28250,6504,316591
06/26/2020,New York,81,28331,8749,325340
06/27/2020,New York,49,28380,5886,331226
06/28/2020,New York,21,28401,4009,335235
06/29/2020,New York,46,28447,5287,340522
06/30/2020,New York,71,28518,6206,346728
07/01/2020,New York,78,28596,7185,353913
07/02/2020,New York,102,28698,7062,360975
07/03/2020,New York,62,28760,6201,367176
07/04/2020,New York,44,28804,5736,372912
07/05/2020,New York,66,28870,7734,380646
07/06/2020,New York,50,28920,6251,386897
07/07/2020,New York,53,28973,6976,393873
07/08/2020,New York,56,29029,6504,400377
07/09/2020,New York,80,29109,8363,408740
07/10/2020,New York,56,29165,8216,416956
07/11/2020,New York,72,29237,6860,423816
07/12/2020,New York,65,29302,5419,429235
07/13/2020,New York,61,29363,5426,434661
07/14/2020,New York,79,29442,6910,441571
07/15/2020,New York,74,29516,7547,449118
07/16/2020,New York,74,29590,8266,457384
07/17/2020,New York,85,29675,7329,464713
07/18/2020,New York,56,29731,5436,470149
07/19/2020,New York,65,29796,5935,476084
07/20/2020,New York,71,29867,6705,482789
07/21/2020,New York,76,29943,7540,490329
07/22/2020,New York,90,30033,7521,497850
07/23/2020,New York,64,30097,7406,505256
07/24/2020,New York,64,30161,7262,512518
07/25/2020,New York,32,30193,4957,517475
07/26/2020,New York,57,30250,5377,522852
07/27/2020,New York,30,30280,5657,528509
07/28/2020,New York,49,30329,6548,535057
07/29/2020,New York,70,30399,7387,542444
07/30/2020,New York,59,30458,7859,550303
07/31/2020,New York,60,30518,9505,559808
08/01/2020,New York,46,30564,6825,566633
08/02/2020,New York,57,30621,6704,573337
08/03/2020,New York,56,30677,6757,580094
08/04/2020,New York,57,30734,6803,586897
08/05/2020,New York,65,30799,7634,594531
08/06/2020,New York,60,30859,7423,601954
08/07/2020,New York,62,30921,7852,609806
08/08/2020,New York,43,30964,7178,616984
08/09/2020,New York,52,31016,6513,623497
08/10/2020,New York,55,31071,6639,630136
08/11/2020,New York,76,31147,11421,641557
08/12/2020,New York,70,31217,10009,651566
08/13/2020,New York,62,31279,9097,660663
08/14/2020,New York,63,31342,10048,670711
08/15/2020,New York,56,31398,8885,679596
08/16/2020,New York,43,31441,6499,686095
08/17/2020,New York,64,31505,6304,692399
08/18/2020,New York,36,31541,7227,699626
08/19/2020,New York,62,31603,8868,708494
08/20/2020,New York,58,31661,13086,721580
08/21/2020,New York,47,31708,10873,732453
08/22/2020,New York,44,31752,8758,741211
08/23/2020,New York,44,31796,7076,748287
08/24/2020,New York,41,31837,6310,754597
08/25/2020,New York,48,31885,6958,761555
08/26/2020,New York,50,31935,8610,770165
08/27/2020,New York,42,31977,10799,780964
08/28/2020,New York,36,32013,10387,791351
08/29/2020,New York,62,32075,12710,804061
08/30/2020,New York,44,32119,8524,812585
08/31/2020,New York,46,32165,8300,820885
09/01/2020,New York,53,32218,9626,830511
09/02/2020,New York,33,32251,10431,840942
09/03/2020,New York,59,32310,11922,852864
09/04/2020,New York,62,32372,11623,864487
09/05/2020,New York,54,32426,10016,874503
09/06/2020,New York,16,32442,5522,880025
09/07/2020,New York,19,32461,5232,885257
09/08/2020,New York,39,32500,6601,891858
09/09/2020,New York,51,32551,7682,899540
09/10/2020,New York,52,32603,10273,909813
09/11/2020,New York,40,32643,11620,921433
09/12/2020,New York,34,32677,7538,928971
09/13/2020,New York,51,32728,8093,937064
09/14/2020,New York,44,32772,6557,943621
09/15/2020,New York,63,32835,8840,952461
09/16/2020,New York,57,32892,8958,961419
09/17/2020,New York,46,32938,10383,971802
09/18/2020,New York,73,33011,11603,983405
09/19/2020,New York,59,33070,10763,994168
09/20/2020,New York,35,33105,7038,1001206
09/21/2020,New York,41,33146,8274,1009480
09/22/2020,New York,41,33187,6599,1016079
09/23/2020,New York,50,33237,8567,1024646
09/24/2020,New York,50,33287,9692,1034338
09/25/2020,New York,48,33335,10299,1044637
09/26/2020,New York,36,33371,9082,1053719
09/27/2020,New York,47,33418,5700,1059419
09/28/2020,New York,79,33497,10863,1070282
09/29/2020,New York,64,33561,11148,1081430
09/30/2020,New York,65,33626,9545,1090975
10/01/2020,New York,72,33698,10456,1101431
10/02/2020,New York,93,33791,13510,1114941
10/03/2020,New York,72,33863,10817,1125758
10/04/2020,New York,72,33935,10249,1136007
10/05/2020,New York,70,34005,9469,1145476
10/06/2020,New York,46,34051,8754,1154230
10/07/2020,New York,93,34144,12926,1167156
10/08/2020,New York,73,34217,14289,1181445
10/09/2020,New York,79,34296,13048,1194493
10/10/2020,New York,46,34342,11342,1205835
10/11/2020,New York,66,34408,10326,1216161
10/12/2020,New York,93,34501,10160,1226321
10/13/2020,New York,68,34569,9044,1235365
10/14/2020,New York,68,34637,12332,1247697
10/15/2020,New York,98,34735,13546,1261243
10/16/2020,New York,136,34871,18142,1279385
10/17/2020,New York,120,34991,18831,1298216
10/18/2020,New York,63,35054,8282,1306498
10/19/2020,New York,71,35125,7273,1313771
10/20/2020,New York,124,35249,13942,1327713
10/21/2020,New York,96,35345,11839,1339552
10/22/2020,New York,114,35459,13307,1352859
10/23/2020,New York,151,35610,15257,1368116
10/24/2020,New York,113,35723,12193,1380309
10/25/2020,New York,66,35789,7380,1387689
10/26/2020,New York,108,35897,9720,1397409
10/27/2020,New York,179,36076,13877,1411286
10/28/2020,New York,148,36224,20355,1431641
10/29/2020,New York,176,36400,15072,1446713
10/30/2020,New York,115,36515,14447,1461160
10/31/2020,New York,197,36712,22188,1483348
11/01/2020,New York,102,36814,11785,1495133
11/02/2020,New York,166,36980,15443,1510576
11/03/2020,New York,120,37100,13877,1524453
11/04/2020,New York,178,37278,15464,1539917
11/05/2020,New York,152,37430,15129,1555046
11/06/2020,New York,211,37641,16536,1571582
11/07/2020,New York,299,37940,17972,1589554
11/08/2020,New York,231,38171,11886,1601440
11/09/2020,New York,213,38384,11968,1613408
11/10/2020,New York,284,38668,14826,1628234
11/11/2020,New York,338,39006,17687,1645921
11/12/2020,New York,349,39355,20508,1666429
11/13/2020,New York,345,39700,18804,1685233
11/14/2020,New York,275,39975,16883,1702116
11/15/2020,New York,251,40226,15673,1717789
11/16/2020,New York,361,40587,15763,1733552
11/17/2020,New York,321,40908,14303,1747855
11/18/2020,New York,355,41263,19969,1767824
11/19/2020,New York,357,41620,20972,1788796
11/20/2020,New York,376,41996,18975,1807771
11/21/2020,New York,358,42354,25139,1832910
11/22/2020,New York,310,42664,21630,1854540
11/23/2020,New York,317,42981,18411,1872951
11/24/2020,New York,302,43283,19753,1892704
11/25/2020,New York,464,43747,30490,1923194
11/26/2020,New York,471,44218,28017,1951211
11/27/2020,New York,384,44602,17701,1968912
11/28/2020,New York,428,45030,15602,1984514
11/29/2020,New York,412,45442,13274,1997788
11/30/2020,New York,429,45871,14565,2012353
12/01/2020,New York,457,46328,18739,2031092
12/02/2020,New York,530,46858,20304,2051396
12/03/2020,New York,593,47451,20865,2072261
12/04/2020,New York,543,47994,23032,2095293
12/05/2020,New York,527,48521,25406,2120699
12/06/2020,New York,441,48962,17668,2138367
12/07/2020,New York,410,49372,14257,2152624
12/08/2020,New York,535,49907,20681,2173305
12/09/2020,New York,512,50419,19269,2192574
12/10/2020,New York,560,50979,22758,2215332
12/11/2020,New York,685,51664,26286,2241618
12/12/2020,New York,539,52203,22650,2264268
12/13/2020,New York,522,52725,17272,2281540
12/14/2020,New York,620,53345,18997,2300537
12/15/2020,New York,527,53872,15895,2316432
12/16/2020,New York,554,54426,20807,2337239
12/17/2020,New York,732,55158,29963,2367202
12/18/2020,New York,515,55673,19165,2386367
12/19/2020,New York,486,56159,23257,2409624
12/20/2020,New York,621,56780,19393,2429017
12/21/2020,New York,593,57373,17901,2446918
12/22/2020,New York,624,57997,23934,2470852
12/23/2020,New York,641,58638,25796,2496648
12/24/2020,New York,628,59266,25028,2521676
12/25/2020,New York,581,59847,22796,2544472
12/26/2020,New York,410,60257,10883,2555355
12/27/2020,New York,389,60646,10177,2565532
12/28/2020,New York,559,61205,15259,2580791
12/29/2020,New York,589,61794,14412,2595203
12/30/2020,New York,768,62562,21751,2616954
12/31/2020,New York,736,63298,22258,2639212
01/01/2021,New York,744,64042,19366,2658578
01/02/2021,New York,416,64458,10376,2668954
01/03/2021,New York,441,64899,11236,2680190
01/04/2021,New York,645,65544,13666,2693856
01/05/2021,New York,826,66370,17028,2710884
01/06/2021,New York,906,67276,23741,2734625
01/07/2021,New York,978,68254,26143,2760768
01/08/2021,New York,854,69108,27881,2788649
01/09/2021,New York,873,69981,28118,2816767
01/10/2021,New York,825,70806,22201,2838968
01/11/2021,New York,793,71599,17061,2856029
01/12/2021,New York,754,72353,16902,2872931
01/13/2021,New York,796,73149,22169,2895100
01/14/2021,New York,1066,74215,32603,2927703
01/15/2021,New York,997,75212,29886,2957589
01/16/2021,New York,870,76082,27827,2985416
01/17/2021,New York,671,76753,19218,3004634
01/18/2021,New York,688,77441,16539,3021173
01/19/2021,New York,722,78163,14336,3035509
01/20/2021,New York,717,78880,18234,3053743
01/21/2021,New York,932,79812,28980,3082723
01/22/2021,New York,856,80668,28276,3110999
01/23/2021,New York,814,81482,28900,3139899
01/24/2021,New York,916,82398,24684,3164583
01/25/2021,New York,850,83248,18151,3182734
01/26/2021,New York,686,83934,20554,3203288
01/27/2021,New York,923,84857,26040,3229328
01/28/2021,New York,883,85740,29001,3258329
01/29/2021,New York,903,86643,30440,3288769
01/30/2021,New York,776,87419,24445,3313214
01/31/2021,New York,632,88051,19838,3333052
02/01/2021,New York,567,88618,13091,3346143
02/02/2021,New York,381,88999,10959,3357102
02/03/2021,New York,508,89507,14765,3371867
02/04/2021,New York,688,90195,16496,3388363
02/05/2021,New York,872,91067,25765,3414128
02/06/2021,New York,826,91893,29701,3443829
02/07/2021,New York,656,92549,22439,3466268
02/08/2021,New York,555,93104,14620,3480888
02/09/2021,New York,531,93635,15697,3496585
02/10/2021,New York,689,94324,29504,3526089
02/11/2021,New York,645,94969,27346,3553435
02/12/2021,New York,764,95733,26599,3580034
02/13/2021,New York,689,96422,25380,3605414
02/14/2021,New York,516,96938,19306,3624720
02/15/2021,New York,517,97455,13207,3637927
02/16/2021,New York,422,97877,16332,3654259
02/17/2021,New York,532,98409,19479,3673738
02/18/2021,New York,785,99194,26028,3699766
02/19/2021,New York,699,99893,23897,3723663
02/20/2021,New York,540,100433,25071,3748734
02/21/2021,New York,547,100980,15921,3764655
02/22/2021,New York,519,101499,14566,3779221
02/23/2021,New York,456,101955,19444,3798665
02/24/2021,New York,711,102666,26102,3824767
02/25/2021,New York,723,103389,30870,3855637
02/26/2021,New York,693,104082,31224,3886861
02/27/2021,New York,647,104729,29296,3916157
02/28/2021,New York,566,105295,19262,3935419
03/01/2021,New York,419,105714,11190,3946609
03/02/2021,New York,644,106358,21218,3967827
03/03/2021,New York,624,106982,26828,3994655
03/04/2021,New York,805,107787,30981,4025636
03/05/2021,New York,721,108508,30399,4056035
03/06/2021,New York,544,109052,20887,4076922
03/07/2021,New York,418,109470,19098,4096020
03/08/2021,New York,562,110032,16594,4112614
03/09/2021,New York,575,110607,18349,4130963
03/10/2021,New York,563,111170,21993,4152956
03/11/2021,New York,808,111978,30333,4183289
03/12/2021,New York,522,112500,21329,4204618
03/13/2021,New York,524,113024,22492,4227110
03/14/2021,New York,458,113482,12151,4239261
03/15/2021,New York,389,113871,14301,4253562
03/16/2021,New York,834,114705,24715,4278277
03/17/2021,New York,661,115366,32196,4310473
03/18/2021,New York,690,116056,29754,4340227
03/19/2021,New York,657,116713,27758,4367985
03/20/2021,New York,672,117385,23551,4391536
03/21/2021,New York,519,117904,15157,4406693
03/22/2021,New York,451,118355,12680,4419373
03/23/2021,New York,631,118986,17375,4436748
03/24/2021,New York,595,119581,25901,4462649
03/25/2021,New York,649,120230,26648,4489297
03/26/2021,New York,662,120892,25258,4514555
03/27/2021,New York,760,121652,24724,4539279
03/28/2021,New York,619,122271,17705,4556984
03/29/2021,New York,488,122759,12858,4569842
03/30/2021,New York,604,123363,18437,4588279
03/31/2021,New York,657,124020,24514,4612793
04/01/2021,New York,636,124656,27072,4639865
04/02/2021,New York,603,125259,23011,4662876
04/03/2021,New York,592,125851,24384,4687260
04/04/2021,New York,465,126316,16263,4703523
04/05/2021,New York,370,126686,10706,4714229
04/06/2021,New York,527,127213,20306,4734535
04/07/2021,New York,604,127817,27589,4762124
04/08/2021,New York,666,128483,29351,4791475
04/09/2021,New York,530,129013,26594,4818069
04/10/2021,New York,475,129488,24480,4842549
04/11/2021,New York,293,129781,12820,4855369
04/12/2021,New York,274,130055,10902,4866271
04/13/2021,New York,329,130384,18271,4884542
04/14/2021,New York,403,130787,22079,4906621
04/15/2021,New York,541,131328,22409,4929030
04/16/2021,New York,567,131895,30977,4960007
04/17/2021,New York,401,132296,24448,4984455
04/18/2021,New York,255,132551,13841,4998296
04/19/2021,New York,209,132760,9389,5007685
04/20/2021,New York,282,133042,18474,5026159
04/21/2021,New York,264,133306,21520,5047679
04/22/2021,New York,288,133594,27008,5074687
04/23/2021,New York,224,133818,23233,5097920
04/24/2021,New York,252,134070,22796,5120716
04/25/2021,New York,130,134200,10912,5131628
04/26/2021,New York,160,134360,7483,5139111
04/27/2021,New York,181,134541,14492,5153603
04/28/2021,New York,210,134751,22826,5176429
04/29/2021,New York,205,134956,22907,5199336
04/30/2021,New York,237,135193,23962,5223298
05/01/2021,New York,173,135366,18920,5242218
05/02/2021,New York,101,135467,11222,5253440
05/03/2021,New York,92,135559,7834,5261274
05/04/2021,New York,120,135679,14786,5276060
05/05/2021,New York,158,135837,20532,5296592
05/06/2021,New York,119,135956,19835,5316427
05/07/2021,New York,193,136149,25750,5342177
05/08/2021,New York,104,136253,18984,5361161
05/09/2021,New York,77,136330,9946,5371107
05/10/2021,New York,69,136399,8347,5379454
05/11/2021,New York,108,136507,15621,5395075
05/12/2021,New York,93,136600,20020,5415095
05/13/2021,New York,124,136724,21658,5436753
05/14/2021,New York,104,136828,19617,5456370
05/15/2021,New York,93,136921,16183,5472553
05/16/2021,New York,56,136977,9964,5482517
05/17/2021,New York,42,137019,8464,5490981
05/18/2021,New York,60,137079,13375,5504356
05/19/2021,New York,92,137171,19593,5523949
05/20/2021,New York,67,137238,18463,5542412
05/21/2021,New York,74,137312,17632,5560044
05/22/2021,New York,67,137379,16424,5576468
05/23/2021,New York,45,137424,8585,5585053
05/24/2021,New York,27,137451,7849,5592902
05/25/2021,New York,45,137496,13747,5606649
05/26/2021,New York,65,137561,18262,5624911
05/27/2021,New York,57,137618,16996,5641907
05/28/2021,New York,58,137676,16042,5657949
05/29/2021,New York,34,137710,12986,5670935
05/30/2021,New York,32,137742,7011,5677946
05/31/2021,New York,24,137766,5100,5683046
06/01/2021,New York,20,137786,5654,5688700
06/02/2021,New York,32,137818,12597,5701297
06/03/2021,New York,68,137886,21422,5722719
06/04/2021,New York,43,137929,15631,5738350
06/05/2021,New York,34,137963,13220,5751570
06/06/2021,New York,27,137990,6919,5758489
06/07/2021,New York,37,138027,6967,5765456
06/08/2021,New York,33,138060,11529,5776985
06/09/2021,New York,32,138092,15597,5792582
06/10/2021,New York,35,138127,13322,5805904
06/11/2021,New York,50,138177,16486,5822390
06/12/2021,New York,35,138212,12137,5834527
06/13/2021,New York,32,138244,7069,5841596
06/14/2021,New York,28,138272,6203,5847799
06/15/2021,New York,27,138299,10236,5858035
06/16/2021,New York,38,138337,13698,5871733
06/17/2021,New York,30,138367,12336,5884069
06/18/2021,New York,37,138404,12426,5896495
06/19/2021,New York,25,138429,10839,5907334
06/20/2021,New York,21,138450,6404,5913738
06/21/2021,New York,21,138471,5956,5919694
06/22/2021,New York,27,138498,10162,5929856
06/23/2021,New York,30,138528,13438,5943294
06/24/2021,New York,38,138566,12737,5956031
06/25/2021,New York,43,138609,11822,5967853
06/26/2021,New York,40,138649,10285,5978138
06/27/2021,New York,25,138674,5751,5983889
06/28/2021,New York,24,138698,6112,5990001
06/29/2021,New York,44,138742,9851,5999852
06/30/2021,New York,31,138773,10772,6010624
07/01/2021,New York,68,138841,10444,6021068
07/02/2021,New York,34,138875,9886,6030954
07/03/2021,New York,71,138946,9107,6040061
07/04/2021,New York,54,139000,5171,6045232
07/05/2021,New York,22,139022,3528,6048760
07/06/2021,New York,47,139069,5403,6054163
07/07/2021,New York,91,139160,14600,6068763
07/08/2021,New York,74,139234,11558,6080321
07/09/2021,New York,86,139320,10584,6090905
07/10/2021,New York,88,139408,8859,6099764
07/11/2021,New York,76,139484,5798,6105562
07/12/2021,New York,60,139544,6347,6111909
07/13/2021,New York,87,139631,10940,6122849
07/14/2021,New York,107,139738,11249,6134098
07/15/2021,New York,137,139875,11682,6145780
07/16/2021,New York,187,140062,13239,6159019
07/17/2021,New York,158,140220,9993,6169012
07/18/2021,New York,94,140314,6141,6175153
07/19/2021,New York,120,140434,9364,6184517
07/20/2021,New York,196,140630,12383,6196900
07/21/2021,New York,225,140855,13798,6210698
07/22/2021,New York,233,141088,16373,6227071
07/23/2021,New York,279,141367,15185,6242256
07/24/2021,New York,214,141581,12056,6254312
07/25/2021,New York,177,141758,7177,6261489
07/26/2021,New York,178,141936,9462,6270951
07/27/2021,New York,253,142189,11925,6282876
07/28/2021,New York,286,142475,14403,6297279
07/29/2021,New York,269,142744,15520,6312799
07/30/2021,New York,332,143076,18101,6330900
07/31/2021,New York,256,143332,12409,6343309
08/01/2021,New York,233,143565,9259,6352568
08/02/2021,New York,265,143830,10504,6363072
08/03/2021,New York,320,144150,18044,6381116
08/04/2021,New York,437,144587,18404,6399520
08/05/2021,New York,389,144976,18729,6418249
08/06/2021,New York,373,145349,18279,6436528
08/07/2021,New York,335,145684,15423,6451951
08/08/2021,New York,385,146069,15797,6467748
08/09/2021,New York,250,146319,12764,6480512
08/10/2021,New York,339,146658,16479,6496991
08/11/2021,New York,415,147073,19412,6516403
08/12/2021,New York,380,147453,18130,6534533
08/13/2021,New York,446,147899,23697,6558230
08/14/2021,New York,687,148586,38276,6596506
08/15/2021,New York,337,148923,12330,6608836
08/16/2021,New York,274,149197,10833,6619669
08/17/2021,New York,433,149630,20346,6640015
08/18/2021,New York,416,150046,22318,6662333
08/19/2021,New York,394,150440,20440,6682773
08/20/2021,New York,385,150825,20641,6703414
08/21/2021,New York,375,151200,18401,6721815
08/22/2021,New York,267,151467,12373,6734188
08/23/2021,New York,254,151721,12701,6746889
08/24/2021,New York,386,152107,18463,6765352
08/25/2021,New York,405,152512,19665,6785017
08/26/2021,New York,441,152953,21482,6806499
08/27/2021,New York,436,153389,21382,6827881
08/28/2021,New York,311,153700,20976,6848857
08/29/2021,New York,262,153962,12947,6861804
08/30/2021,New York,274,154236,11031,6872835
08/31/2021,New York,318,154554,16733,6889568
09/01/2021,New York,322,154876,20951,6910519
09/02/2021,New York,460,155336,21966,6932485
09/03/2021,New York,302,155638,18970,6951455
09/04/2021,New York,320,155958,20604,6972059
09/05/2021,New York,225,156183,13300,6985359
09/06/2021,New York,156,156339,11636,6996995
09/07/2021,New York,244,156583,14775,7011770
09/08/2021,New York,342,156925,24709,7036479
09/09/2021,New York,452,157377,27821,7064300
09/10/2021,New York,508,157885,32934,7097234
09/11/2021,New York,370,158255,25209,7122443
09/12/2021,New York,282,158537,14053,7136496
09/13/2021,New York,255,158792,15477,7151973
09/14/2021,New York,285,159077,21080,7173053
09/15/2021,New York,456,159533,27062,7200115
09/16/2021,New York,386,159919,28442,7228557
09/17/2021,New York,473,160392,30048,7258605
09/18/2021,New York,382,160774,26077,7284682
09/19/2021,New York,232,161006,14506,7299188
09/20/2021,New York,285,161291,16937,7316125
09/21/2021,New York,296,161587,22919,7339044
09/22/2021,New York,335,161922,27898,7366942
09/23/2021,New York,328,162250,27309,7394251
09/24/2021,New York,298,162548,24149,7418400
09/25/2021,New York,262,162810,23771,7442171
09/26/2021,New York,207,163017,17347,7459518
09/27/2021,New York,251,163268,15506,7475024
09/28/2021,New York,259,163527,22666,7497690
09/29/2021,New York,258,163785,30525,7528215
09/30/2021,New York,259,164044,26240,7554455
10/01/2021,New York,268,164312,26894,7581349
10/02/2021,New York,195,164507,22367,7603716
10/03/2021,New York,213,164720,15391,7619107
10/04/2021,New York,204,164924,17305,7636412
10/05/2021,New York,213,165137,19857,7656269
10/06/2021,New York,268,165405,29674,7685943
10/07/2021,New York,247,165652,28683,7714626
10/08/2021,New York,231,165883,26010,7740636
10/09/2021,New York,130,166013,11487,7752123
10/10/2021,New York,240,166253,26134,7778257
10/11/2021,New York,160,166413,13216,7791473
10/12/2021,New York,173,166586,18792,7810265
10/13/2021,New York,211,166797,24883,7835148
10/14/2021,New York,261,167058,28529,7863677
10/15/2021,New York,250,167308,26539,7890216
10/16/2021,New York,184,167492,24756,7914972
10/17/2021,New York,101,167593,14570,7929542
10/18/2021,New York,174,167767,15814,7945356
10/19/2021,New York,152,167919,21469,7966825
10/20/2021,New York,188,168107,27632,7994457
10/21/2021,New York,132,168239,27068,8021525
10/22/2021,New York,166,168405,23654,8045179
10/23/2021,New York,143,168548,23500,8068679
03/01/2020,Niagara,0,0,0,0
03/02/2020,Niagara,0,0,0,0
03/03/2020,Niagara,0,0,0,0
03/04/2020,Niagara,0,0,0,0
03/05/2020,Niagara,0,0,0,0
03/06/2020,Niagara,0,0,0,0
03/07/2020,Niagara,0,0,0,0
03/08/2020,Niagara,0,0,1,1
03/09/2020,Niagara,0,0,0,1
03/10/2020,Niagara,0,0,0,1
03/11/2020,Niagara,0,0,1,2
03/12/2020,Niagara,0,0,1,3
03/13/2020,Niagara,0,0,0,3
03/14/2020,Niagara,0,0,1,4
03/15/2020,Niagara,0,0,0,4
03/16/2020,Niagara,0,0,1,5
03/17/2020,Niagara,0,0,1,6
03/18/2020,Niagara,1,1,10,16
03/19/2020,Niagara,2,3,4,20
03/20/2020,Niagara,1,4,6,26
03/21/2020,Niagara,2,6,9,35
03/22/2020,Niagara,4,10,38,73
03/23/2020,Niagara,1,11,15,88
03/24/2020,Niagara,1,12,16,104
03/25/2020,Niagara,2,14,10,114
03/26/2020,Niagara,9,23,55,169
03/27/2020,Niagara,10,33,57,226
03/28/2020,Niagara,5,38,18,244
03/29/2020,Niagara,3,41,6,250
03/30/2020,Niagara,1,42,15,265
03/31/2020,Niagara,4,46,13,278
04/01/2020,Niagara,30,76,89,367
04/02/2020,Niagara,18,94,61,428
04/03/2020,Niagara,7,101,47,475
04/04/2020,Niagara,15,116,54,529
04/05/2020,Niagara,4,120,44,573
04/06/2020,Niagara,6,126,44,617
04/07/2020,Niagara,8,134,39,656
04/08/2020,Niagara,12,146,53,709
04/09/2020,Niagara,10,156,79,788
04/10/2020,Niagara,11,167,46,834
04/11/2020,Niagara,16,183,62,896
04/12/2020,Niagara,6,189,29,925
04/13/2020,Niagara,8,197,48,973
04/14/2020,Niagara,7,204,57,1030
04/15/2020,Niagara,12,216,82,1112
04/16/2020,Niagara,11,227,56,1168
04/17/2020,Niagara,7,234,53,1221
04/18/2020,Niagara,12,246,69,1290
04/19/2020,Niagara,9,255,48,1338
04/20/2020,Niagara,5,260,53,1391
04/21/2020,Niagara,8,268,49,1440
04/22/2020,Niagara,27,295,195,1635
04/23/2020,Niagara,37,332,192,1827
04/24/2020,Niagara,12,344,107,1934
04/25/2020,Niagara,24,368,142,2076
04/26/2020,Niagara,10,378,95,2171
04/27/2020,Niagara,8,386,89,2260
04/28/2020,Niagara,15,401,130,2390
04/29/2020,Niagara,19,420,154,2544
04/30/2020,Niagara,20,440,239,2783
05/01/2020,Niagara,17,457,269,3052
05/02/2020,Niagara,17,474,184,3236
05/03/2020,Niagara,19,493,318,3554
05/04/2020,Niagara,15,508,198,3752
05/05/2020,Niagara,41,549,353,4105
05/06/2020,Niagara,39,588,282,4387
05/07/2020,Niagara,17,605,257,4644
05/08/2020,Niagara,22,627,273,4917
05/09/2020,Niagara,16,643,359,5276
05/10/2020,Niagara,12,655,176,5452
05/11/2020,Niagara,16,671,186,5638
05/12/2020,Niagara,19,690,343,5981
05/13/2020,Niagara,20,710,330,6311
05/14/2020,Niagara,33,743,530,6841
05/15/2020,Niagara,27,770,383,7224
05/16/2020,Niagara,22,792,421,7645
05/17/2020,Niagara,26,818,325,7970
05/18/2020,Niagara,27,845,271,8241
05/19/2020,Niagara,13,858,370,8611
05/20/2020,Niagara,22,880,540,9151
05/21/2020,Niagara,17,897,655,9806
05/22/2020,Niagara,30,927,501,10307
05/23/2020,Niagara,14,941,355,10662
05/24/2020,Niagara,14,955,501,11163
05/25/2020,Niagara,10,965,366,11529
05/26/2020,Niagara,7,972,247,11776
05/27/2020,Niagara,12,984,502,12278
05/28/2020,Niagara,24,1008,583,12861
05/29/2020,Niagara,12,1020,447,13308
05/30/2020,Niagara,17,1037,495,13803
05/31/2020,Niagara,9,1046,420,14223
06/01/2020,Niagara,2,1048,485,14708
06/02/2020,Niagara,19,1067,655,15363
06/03/2020,Niagara,18,1085,739,16102
06/04/2020,Niagara,14,1099,726,16828
06/05/2020,Niagara,10,1109,999,17827
06/06/2020,Niagara,3,1112,521,18348
06/07/2020,Niagara,4,1116,419,18767
06/08/2020,Niagara,9,1125,942,19709
06/09/2020,Niagara,4,1129,510,20219
06/10/2020,Niagara,7,1136,623,20842
06/11/2020,Niagara,7,1143,718,21560
06/12/2020,Niagara,11,1154,630,22190
06/13/2020,Niagara,12,1166,745,22935
06/14/2020,Niagara,3,1169,464,23399
06/15/2020,Niagara,2,1171,424,23823
06/16/2020,Niagara,6,1177,505,24328
06/17/2020,Niagara,6,1183,850,25178
06/18/2020,Niagara,2,1185,977,26155
06/19/2020,Niagara,3,1188,621,26776
06/20/2020,Niagara,4,1192,531,27307
06/21/2020,Niagara,1,1193,402,27709
06/22/2020,Niagara,2,1195,371,28080
06/23/2020,Niagara,4,1199,803,28883
06/24/2020,Niagara,4,1203,963,29846
06/25/2020,Niagara,10,1213,606,30452
06/26/2020,Niagara,10,1223,820,31272
06/27/2020,Niagara,3,1226,513,31785
06/28/2020,Niagara,2,1228,385,32170
06/29/2020,Niagara,6,1234,622,32792
06/30/2020,Niagara,3,1237,517,33309
07/01/2020,Niagara,11,1248,987,34296
07/02/2020,Niagara,14,1262,763,35059
07/03/2020,Niagara,15,1277,683,35742
07/04/2020,Niagara,7,1284,476,36218
07/05/2020,Niagara,6,1290,360,36578
07/06/2020,Niagara,7,1297,442,37020
07/07/2020,Niagara,10,1307,718,37738
07/08/2020,Niagara,8,1315,826,38564
07/09/2020,Niagara,12,1327,835,39399
07/10/2020,Niagara,7,1334,533,39932
07/11/2020,Niagara,6,1340,720,40652
07/12/2020,Niagara,2,1342,266,40918
07/13/2020,Niagara,9,1351,685,41603
07/14/2020,Niagara,5,1356,665,42268
07/15/2020,Niagara,8,1364,930,43198
07/16/2020,Niagara,7,1371,933,44131
07/17/2020,Niagara,4,1375,419,44550
07/18/2020,Niagara,7,1382,509,45059
07/19/2020,Niagara,2,1384,209,45268
07/20/2020,Niagara,4,1388,640,45908
07/21/2020,Niagara,7,1395,736,46644
07/22/2020,Niagara,10,1405,586,47230
07/23/2020,Niagara,3,1408,707,47937
07/24/2020,Niagara,12,1420,1234,49171
07/25/2020,Niagara,2,1422,503,49674
07/26/2020,Niagara,2,1424,335,50009
07/27/2020,Niagara,0,1424,698,50707
07/28/2020,Niagara,6,1430,543,51250
07/29/2020,Niagara,4,1434,860,52110
07/30/2020,Niagara,6,1440,515,52625
07/31/2020,Niagara,4,1444,748,53373
08/01/2020,Niagara,2,1446,519,53892
08/02/2020,Niagara,3,1449,314,54206
08/03/2020,Niagara,9,1458,996,55202
08/04/2020,Niagara,8,1466,1332,56534
08/05/2020,Niagara,4,1470,639,57173
08/06/2020,Niagara,21,1491,646,57819
08/07/2020,Niagara,3,1494,997,58816
08/08/2020,Niagara,4,1498,462,59278
08/09/2020,Niagara,2,1500,283,59561
08/10/2020,Niagara,12,1512,925,60486
08/11/2020,Niagara,2,1514,652,61138
08/12/2020,Niagara,4,1518,551,61689
08/13/2020,Niagara,6,1524,821,62510
08/14/2020,Niagara,5,1529,597,63107
08/15/2020,Niagara,3,1532,573,63680
08/16/2020,Niagara,0,1532,319,63999
08/17/2020,Niagara,3,1535,459,64458
08/18/2020,Niagara,9,1544,590,65048
08/19/2020,Niagara,3,1547,757,65805
08/20/2020,Niagara,9,1556,768,66573
08/21/2020,Niagara,10,1566,683,67256
08/22/2020,Niagara,9,1575,646,67902
08/23/2020,Niagara,1,1576,286,68188
08/24/2020,Niagara,10,1586,591,68779
08/25/2020,Niagara,4,1590,520,69299
08/26/2020,Niagara,5,1595,913,70212
08/27/2020,Niagara,5,1600,734,70946
08/28/2020,Niagara,5,1605,605,71551
08/29/2020,Niagara,7,1612,957,72508
08/30/2020,Niagara,6,1618,532,73040
08/31/2020,Niagara,8,1626,856,73896
09/01/2020,Niagara,6,1632,895,74791
09/02/2020,Niagara,3,1635,789,75580
09/03/2020,Niagara,3,1638,767,76347
09/04/2020,Niagara,5,1643,806,77153
09/05/2020,Niagara,7,1650,503,77656
09/06/2020,Niagara,4,1654,394,78050
09/07/2020,Niagara,5,1659,547,78597
09/08/2020,Niagara,4,1663,502,79099
09/09/2020,Niagara,3,1666,637,79736
09/10/2020,Niagara,5,1671,724,80460
09/11/2020,Niagara,7,1678,743,81203
09/12/2020,Niagara,7,1685,585,81788
09/13/2020,Niagara,4,1689,420,82208
09/14/2020,Niagara,4,1693,679,82887
09/15/2020,Niagara,1,1694,445,83332
09/16/2020,Niagara,9,1703,1145,84477
09/17/2020,Niagara,4,1707,486,84963
09/18/2020,Niagara,7,1714,772,85735
09/19/2020,Niagara,10,1724,1161,86896
09/20/2020,Niagara,4,1728,444,87340
09/21/2020,Niagara,5,1733,564,87904
09/22/2020,Niagara,8,1741,711,88615
09/23/2020,Niagara,15,1756,884,89499
09/24/2020,Niagara,10,1766,981,90480
09/25/2020,Niagara,7,1773,609,91089
09/26/2020,Niagara,4,1777,990,92079
09/27/2020,Niagara,3,1780,548,92627
09/28/2020,Niagara,3,1783,1727,94354
09/29/2020,Niagara,5,1788,1119,95473
09/30/2020,Niagara,11,1799,1127,96600
10/01/2020,Niagara,10,1809,1480,98080
10/02/2020,Niagara,4,1813,1139,99219
10/03/2020,Niagara,15,1828,1260,100479
10/04/2020,Niagara,6,1834,738,101217
10/05/2020,Niagara,6,1840,906,102123
10/06/2020,Niagara,2,1842,640,102763
10/07/2020,Niagara,13,1855,1305,104068
10/08/2020,Niagara,17,1872,1448,105516
10/09/2020,Niagara,10,1882,890,106406
10/10/2020,Niagara,13,1895,870,107276
10/11/2020,Niagara,7,1902,1159,108435
10/12/2020,Niagara,5,1907,495,108930
10/13/2020,Niagara,4,1911,899,109829
10/14/2020,Niagara,17,1928,1204,111033
10/15/2020,Niagara,10,1938,1440,112473
10/16/2020,Niagara,8,1946,1287,113760
10/17/2020,Niagara,12,1958,838,114598
10/18/2020,Niagara,3,1961,437,115035
10/19/2020,Niagara,7,1968,996,116031
10/20/2020,Niagara,18,1986,1095,117126
10/21/2020,Niagara,11,1997,1154,118280
10/22/2020,Niagara,19,2016,1220,119500
10/23/2020,Niagara,16,2032,1676,121176
10/24/2020,Niagara,9,2041,767,121943
10/25/2020,Niagara,9,2050,835,122778
10/26/2020,Niagara,15,2065,793,123571
10/27/2020,Niagara,10,2075,840,124411
10/28/2020,Niagara,13,2088,1043,125454
10/29/2020,Niagara,20,2108,1132,126586
10/30/2020,Niagara,16,2124,1223,127809
10/31/2020,Niagara,13,2137,882,128691
11/01/2020,Niagara,18,2155,690,129381
11/02/2020,Niagara,11,2166,1122,130503
11/03/2020,Niagara,25,2191,656,131159
11/04/2020,Niagara,40,2231,1301,132460
11/05/2020,Niagara,43,2274,1161,133621
11/06/2020,Niagara,39,2313,1519,135140
11/07/2020,Niagara,41,2354,868,136008
11/08/2020,Niagara,38,2392,813,136821
11/09/2020,Niagara,75,2467,1523,138344
11/10/2020,Niagara,38,2505,945,139289
11/11/2020,Niagara,59,2564,1437,140726
11/12/2020,Niagara,52,2616,1486,142212
11/13/2020,Niagara,62,2678,1293,143505
11/14/2020,Niagara,30,2708,841,144346
11/15/2020,Niagara,45,2753,1000,145346
11/16/2020,Niagara,45,2798,963,146309
11/17/2020,Niagara,71,2869,1379,147688
11/18/2020,Niagara,65,2934,2123,149811
11/19/2020,Niagara,89,3023,1986,151797
11/20/2020,Niagara,65,3088,1608,153405
11/21/2020,Niagara,64,3152,1633,155038
11/22/2020,Niagara,61,3213,1615,156653
11/23/2020,Niagara,48,3261,698,157351
11/24/2020,Niagara,105,3366,1631,158982
11/25/2020,Niagara,79,3445,1564,160546
11/26/2020,Niagara,154,3599,1867,162413
11/27/2020,Niagara,83,3682,1303,163716
11/28/2020,Niagara,86,3768,1177,164893
11/29/2020,Niagara,106,3874,1507,166400
11/30/2020,Niagara,145,4019,1478,167878
12/01/2020,Niagara,123,4142,1137,169015
12/02/2020,Niagara,154,4296,2211,171226
12/03/2020,Niagara,183,4479,1835,173061
12/04/2020,Niagara,199,4678,2575,175636
12/05/2020,Niagara,135,4813,1938,177574
12/06/2020,Niagara,139,4952,1267,178841
12/07/2020,Niagara,125,5077,1530,180371
12/08/2020,Niagara,189,5266,1642,182013
12/09/2020,Niagara,112,5378,1880,183893
12/10/2020,Niagara,159,5537,2217,186110
12/11/2020,Niagara,185,5722,2152,188262
12/12/2020,Niagara,184,5906,1863,190125
12/13/2020,Niagara,110,6016,1446,191571
12/14/2020,Niagara,128,6144,1429,193000
12/15/2020,Niagara,114,6258,1257,194257
12/16/2020,Niagara,126,6384,1974,196231
12/17/2020,Niagara,198,6582,2306,198537
12/18/2020,Niagara,127,6709,1883,200420
12/19/2020,Niagara,136,6845,1830,202250
12/20/2020,Niagara,127,6972,1642,203892
12/21/2020,Niagara,165,7137,2066,205958
12/22/2020,Niagara,157,7294,2364,208322
12/23/2020,Niagara,152,7446,2168,210490
12/24/2020,Niagara,172,7618,2751,213241
12/25/2020,Niagara,101,7719,1169,214410
12/26/2020,Niagara,79,7798,1641,216051
12/27/2020,Niagara,139,7937,1138,217189
12/28/2020,Niagara,177,8114,1584,218773
12/29/2020,Niagara,127,8241,1241,220014
12/30/2020,Niagara,203,8444,2450,222464
12/31/2020,Niagara,301,8745,2632,225096
01/01/2021,Niagara,156,8901,1776,226872
01/02/2021,Niagara,182,9083,1491,228363
01/03/2021,Niagara,176,9259,1558,229921
01/04/2021,Niagara,134,9393,1264,231185
01/05/2021,Niagara,288,9681,3133,234318
01/06/2021,Niagara,125,9806,1805,236123
01/07/2021,Niagara,292,10098,2475,238598
01/08/2021,Niagara,266,10364,2701,241299
01/09/2021,Niagara,236,10600,2489,243788
01/10/2021,Niagara,85,10685,1098,244886
01/11/2021,Niagara,203,10888,2356,247242
01/12/2021,Niagara,187,11075,2768,250010
01/13/2021,Niagara,173,11248,1831,251841
01/14/2021,Niagara,286,11534,3992,255833
01/15/2021,Niagara,130,11664,2237,258070
01/16/2021,Niagara,158,11822,2176,260246
01/17/2021,Niagara,111,11933,1285,261531
01/18/2021,Niagara,210,12143,1772,263303
01/19/2021,Niagara,86,12229,1258,264561
01/20/2021,Niagara,181,12410,2827,267388
01/21/2021,Niagara,192,12602,2393,269781
01/22/2021,Niagara,116,12718,2793,272574
01/23/2021,Niagara,125,12843,1822,274396
01/24/2021,Niagara,90,12933,1513,275909
01/25/2021,Niagara,123,13056,1254,277163
01/26/2021,Niagara,139,13195,1967,279130
01/27/2021,Niagara,155,13350,2067,281197
01/28/2021,Niagara,132,13482,2023,283220
01/29/2021,Niagara,108,13590,2211,285431
01/30/2021,Niagara,100,13690,1854,287285
01/31/2021,Niagara,62,13752,1101,288386
02/01/2021,Niagara,44,13796,875,289261
02/02/2021,Niagara,90,13886,1121,290382
02/03/2021,Niagara,130,14016,2042,292424
02/04/2021,Niagara,92,14108,1636,294060
02/05/2021,Niagara,112,14220,2966,297026
02/06/2021,Niagara,76,14296,1854,298880
02/07/2021,Niagara,68,14364,1122,300002
02/08/2021,Niagara,27,14391,917,300919
02/09/2021,Niagara,76,14467,1694,302613
02/10/2021,Niagara,90,14557,2364,304977
02/11/2021,Niagara,57,14614,1595,306572
02/12/2021,Niagara,53,14667,2078,308650
02/13/2021,Niagara,69,14736,1922,310572
02/14/2021,Niagara,20,14756,1031,311603
02/15/2021,Niagara,47,14803,1005,312608
02/16/2021,Niagara,34,14837,959,313567
02/17/2021,Niagara,55,14892,1815,315382
02/18/2021,Niagara,28,14920,1101,316483
02/19/2021,Niagara,37,14957,2135,318618
02/20/2021,Niagara,27,14984,1551,320169
02/21/2021,Niagara,28,15012,914,321083
02/22/2021,Niagara,47,15059,972,322055
02/23/2021,Niagara,41,15100,1672,323727
02/24/2021,Niagara,56,15156,1939,325666
02/25/2021,Niagara,38,15194,1997,327663
02/26/2021,Niagara,46,15240,2145,329808
02/27/2021,Niagara,55,15295,1802,331610
02/28/2021,Niagara,29,15324,936,332546
03/01/2021,Niagara,27,15351,736,333282
03/02/2021,Niagara,29,15380,1386,334668
03/03/2021,Niagara,24,15404,2036,336704
03/04/2021,Niagara,58,15462,1774,338478
03/05/2021,Niagara,46,15508,2224,340702
03/06/2021,Niagara,46,15554,1770,342472
03/07/2021,Niagara,36,15590,1645,344117
03/08/2021,Niagara,24,15614,831,344948
03/09/2021,Niagara,23,15637,1237,346185
03/10/2021,Niagara,33,15670,1648,347833
03/11/2021,Niagara,58,15728,1828,349661
03/12/2021,Niagara,18,15746,1850,351511
03/13/2021,Niagara,35,15781,1636,353147
03/14/2021,Niagara,35,15816,1337,354484
03/15/2021,Niagara,38,15854,817,355301
03/16/2021,Niagara,18,15872,1216,356517
03/17/2021,Niagara,35,15907,1796,358313
03/18/2021,Niagara,29,15936,1636,359949
03/19/2021,Niagara,29,15965,1879,361828
03/20/2021,Niagara,44,16009,1845,363673
03/21/2021,Niagara,41,16050,1115,364788
03/22/2021,Niagara,36,16086,860,365648
03/23/2021,Niagara,44,16130,1229,366877
03/24/2021,Niagara,56,16186,2162,369039
03/25/2021,Niagara,53,16239,1906,370945
03/26/2021,Niagara,70,16309,2467,373412
03/27/2021,Niagara,45,16354,2084,375496
03/28/2021,Niagara,45,16399,1545,377041
03/29/2021,Niagara,91,16490,952,377993
03/30/2021,Niagara,50,16540,1401,379394
03/31/2021,Niagara,99,16639,1505,380899
04/01/2021,Niagara,74,16713,1851,382750
04/02/2021,Niagara,87,16800,2398,385148
04/03/2021,Niagara,100,16900,2197,387345
04/04/2021,Niagara,114,17014,1085,388430
04/05/2021,Niagara,62,17076,767,389197
04/06/2021,Niagara,80,17156,1384,390581
04/07/2021,Niagara,110,17266,1700,392281
04/08/2021,Niagara,139,17405,2784,395065
04/09/2021,Niagara,122,17527,2534,397599
04/10/2021,Niagara,106,17633,1438,399037
04/11/2021,Niagara,79,17712,828,399865
04/12/2021,Niagara,68,17780,1061,400926
04/13/2021,Niagara,108,17888,2103,403029
04/14/2021,Niagara,111,17999,2084,405113
04/15/2021,Niagara,91,18090,1793,406906
04/16/2021,Niagara,121,18211,2049,408955
04/17/2021,Niagara,103,18314,2281,411236
04/18/2021,Niagara,53,18367,1437,412673
04/19/2021,Niagara,69,18436,982,413655
04/20/2021,Niagara,50,18486,1630,415285
04/21/2021,Niagara,50,18536,1846,417131
04/22/2021,Niagara,106,18642,2165,419296
04/23/2021,Niagara,68,18710,1836,421132
04/24/2021,Niagara,60,18770,1453,422585
04/25/2021,Niagara,46,18816,1272,423857
04/26/2021,Niagara,54,18870,976,424833
04/27/2021,Niagara,56,18926,1527,426360
04/28/2021,Niagara,69,18995,1632,427992
04/29/2021,Niagara,83,19078,1842,429834
04/30/2021,Niagara,60,19138,2298,432132
05/01/2021,Niagara,52,19190,1571,433703
05/02/2021,Niagara,38,19228,814,434517
05/03/2021,Niagara,42,19270,882,435399
05/04/2021,Niagara,36,19306,1262,436661
05/05/2021,Niagara,41,19347,1576,438237
05/06/2021,Niagara,51,19398,1671,439908
05/07/2021,Niagara,60,19458,2506,442414
05/08/2021,Niagara,48,19506,1127,443541
05/09/2021,Niagara,21,19527,903,444444
05/10/2021,Niagara,29,19556,882,445326
05/11/2021,Niagara,39,19595,1366,446692
05/12/2021,Niagara,39,19634,1800,448492
05/13/2021,Niagara,22,19656,1656,450148
05/14/2021,Niagara,30,19686,1823,451971
05/15/2021,Niagara,18,19704,1244,453215
05/16/2021,Niagara,17,19721,679,453894
05/17/2021,Niagara,15,19736,685,454579
05/18/2021,Niagara,30,19766,1292,455871
05/19/2021,Niagara,36,19802,1870,457741
05/20/2021,Niagara,35,19837,1276,459017
05/21/2021,Niagara,19,19856,1243,460260
05/22/2021,Niagara,25,19881,984,461244
05/23/2021,Niagara,16,19897,990,462234
05/24/2021,Niagara,13,19910,650,462884
05/25/2021,Niagara,17,19927,991,463875
05/26/2021,Niagara,11,19938,1060,464935
05/27/2021,Niagara,9,19947,1230,466165
05/28/2021,Niagara,9,19956,965,467130
05/29/2021,Niagara,12,19968,1363,468493
05/30/2021,Niagara,2,19970,406,468899
05/31/2021,Niagara,10,19980,438,469337
06/01/2021,Niagara,6,19986,603,469940
06/02/2021,Niagara,5,19991,1238,471178
06/03/2021,Niagara,4,19995,1218,472396
06/04/2021,Niagara,8,20003,1417,473813
06/05/2021,Niagara,3,20006,937,474750
06/06/2021,Niagara,5,20011,717,475467
06/07/2021,Niagara,4,20015,532,475999
06/08/2021,Niagara,2,20017,1101,477100
06/09/2021,Niagara,2,20019,1103,478203
06/10/2021,Niagara,8,20027,924,479127
06/11/2021,Niagara,3,20030,1249,480376
06/12/2021,Niagara,2,20032,597,480973
06/13/2021,Niagara,1,20033,575,481548
06/14/2021,Niagara,2,20035,439,481987
06/15/2021,Niagara,4,20039,735,482722
06/16/2021,Niagara,2,20041,632,483354
06/17/2021,Niagara,4,20045,639,483993
06/18/2021,Niagara,0,20045,624,484617
06/19/2021,Niagara,2,20047,417,485034
06/20/2021,Niagara,1,20048,342,485376
06/21/2021,Niagara,2,20050,400,485776
06/22/2021,Niagara,1,20051,648,486424
06/23/2021,Niagara,3,20054,613,487037
06/24/2021,Niagara,1,20055,370,487407
06/25/2021,Niagara,0,20055,525,487932
06/26/2021,Niagara,1,20056,552,488484
06/27/2021,Niagara,1,20057,316,488800
06/28/2021,Niagara,1,20058,275,489075
06/29/2021,Niagara,1,20059,583,489658
06/30/2021,Niagara,0,20059,441,490099
07/01/2021,Niagara,8,20067,521,490620
07/02/2021,Niagara,2,20069,393,491013
07/03/2021,Niagara,3,20072,388,491401
07/04/2021,Niagara,1,20073,243,491644
07/05/2021,Niagara,0,20073,301,491945
07/06/2021,Niagara,4,20077,507,492452
07/07/2021,Niagara,1,20078,418,492870
07/08/2021,Niagara,4,20082,496,493366
07/09/2021,Niagara,2,20084,598,493964
07/10/2021,Niagara,1,20085,291,494255
07/11/2021,Niagara,3,20088,281,494536
07/12/2021,Niagara,4,20092,370,494906
07/13/2021,Niagara,8,20100,443,495349
07/14/2021,Niagara,6,20106,560,495909
07/15/2021,Niagara,7,20113,382,496291
07/16/2021,Niagara,5,20118,337,496628
07/17/2021,Niagara,7,20125,478,497106
07/18/2021,Niagara,4,20129,161,497267
07/19/2021,Niagara,8,20137,390,497657
07/20/2021,Niagara,5,20142,534,498191
07/21/2021,Niagara,12,20154,345,498536
07/22/2021,Niagara,5,20159,374,498910
07/23/2021,Niagara,9,20168,428,499338
07/24/2021,Niagara,17,20185,446,499784
07/25/2021,Niagara,7,20192,306,500090
07/26/2021,Niagara,7,20199,491,500581
07/27/2021,Niagara,10,20209,467,501048
07/28/2021,Niagara,19,20228,468,501516
07/29/2021,Niagara,15,20243,402,501918
07/30/2021,Niagara,23,20266,492,502410
07/31/2021,Niagara,24,20290,508,502918
08/01/2021,Niagara,9,20299,261,503179
08/02/2021,Niagara,16,20315,462,503641
08/03/2021,Niagara,22,20337,658,504299
08/04/2021,Niagara,20,20357,482,504781
08/05/2021,Niagara,17,20374,581,505362
08/06/2021,Niagara,27,20401,738,506100
08/07/2021,Niagara,25,20426,790,506890
08/08/2021,Niagara,10,20436,471,507361
08/09/2021,Niagara,18,20454,528,507889
08/10/2021,Niagara,21,20475,1151,509040
08/11/2021,Niagara,31,20506,797,509837
08/12/2021,Niagara,23,20529,717,510554
08/13/2021,Niagara,23,20552,822,511376
08/14/2021,Niagara,23,20575,939,512315
08/15/2021,Niagara,19,20594,508,512823
08/16/2021,Niagara,19,20613,688,513511
08/17/2021,Niagara,28,20641,797,514308
08/18/2021,Niagara,30,20671,761,515069
08/19/2021,Niagara,23,20694,1008,516077
08/20/2021,Niagara,23,20717,1109,517186
08/21/2021,Niagara,36,20753,837,518023
08/22/2021,Niagara,24,20777,612,518635
08/23/2021,Niagara,22,20799,475,519110
08/24/2021,Niagara,18,20817,931,520041
08/25/2021,Niagara,30,20847,875,520916
08/26/2021,Niagara,59,20906,1209,522125
08/27/2021,Niagara,31,20937,1381,523506
08/28/2021,Niagara,36,20973,738,524244
08/29/2021,Niagara,37,21010,827,525071
08/30/2021,Niagara,40,21050,736,525807
08/31/2021,Niagara,32,21082,888,526695
09/01/2021,Niagara,45,21127,861,527556
09/02/2021,Niagara,48,21175,959,528515
09/03/2021,Niagara,65,21240,1130,529645
09/04/2021,Niagara,54,21294,1567,531212
09/05/2021,Niagara,34,21328,934,532146
09/06/2021,Niagara,38,21366,690,532836
09/07/2021,Niagara,30,21396,571,533407
09/08/2021,Niagara,51,21447,949,534356
09/09/2021,Niagara,50,21497,1103,535459
09/10/2021,Niagara,52,21549,1211,536670
09/11/2021,Niagara,41,21590,971,537641
09/12/2021,Niagara,65,21655,797,538438
09/13/2021,Niagara,28,21683,624,539062
09/14/2021,Niagara,35,21718,770,539832
09/15/2021,Niagara,101,21819,1533,541365
09/16/2021,Niagara,62,21881,1350,542715
09/17/2021,Niagara,51,21932,1085,543800
09/18/2021,Niagara,73,22005,1610,545410
09/19/2021,Niagara,26,22031,710,546120
09/20/2021,Niagara,63,22094,1133,547253
09/21/2021,Niagara,41,22135,995,548248
09/22/2021,Niagara,48,22183,1564,549812
09/23/2021,Niagara,88,22271,1886,551698
09/24/2021,Niagara,86,22357,1559,553257
09/25/2021,Niagara,42,22399,1311,554568
09/26/2021,Niagara,57,22456,1258,555826
09/27/2021,Niagara,48,22504,1193,557019
09/28/2021,Niagara,81,22585,1806,558825
09/29/2021,Niagara,54,22639,1374,560199
09/30/2021,Niagara,92,22731,1884,562083
10/01/2021,Niagara,65,22796,1658,563741
10/02/2021,Niagara,80,22876,2105,565846
10/03/2021,Niagara,38,22914,951,566797
10/04/2021,Niagara,54,22968,1180,567977
10/05/2021,Niagara,92,23060,1521,569498
10/06/2021,Niagara,63,23123,1619,571117
10/07/2021,Niagara,88,23211,1790,572907
10/08/2021,Niagara,60,23271,1396,574303
10/09/2021,Niagara,38,23309,1203,575506
10/10/2021,Niagara,81,23390,1744,577250
10/11/2021,Niagara,34,23424,684,577934
10/12/2021,Niagara,77,23501,1411,579345
10/13/2021,Niagara,59,23560,1288,580633
10/14/2021,Niagara,61,23621,1446,582079
10/15/2021,Niagara,92,23713,1559,583638
10/16/2021,Niagara,82,23795,1877,585515
10/17/2021,Niagara,59,23854,890,586405
10/18/2021,Niagara,30,23884,897,587302
10/19/2021,Niagara,92,23976,1314,588616
10/20/2021,Niagara,55,24031,1289,589905
10/21/2021,Niagara,45,24076,1401,591306
10/22/2021,Niagara,94,24170,1747,593053
10/23/2021,Niagara,33,24203,1029,594082
03/01/2020,Oneida,0,0,0,0
03/02/2020,Oneida,0,0,0,0
03/03/2020,Oneida,0,0,0,0
03/04/2020,Oneida,0,0,2,2
03/05/2020,Oneida,0,0,0,2
03/06/2020,Oneida,0,0,0,2
03/07/2020,Oneida,0,0,0,2
03/08/2020,Oneida,0,0,0,2
03/09/2020,Oneida,0,0,0,2
03/10/2020,Oneida,0,0,0,2
03/11/2020,Oneida,0,0,1,3
03/12/2020,Oneida,0,0,1,4
03/13/2020,Oneida,0,0,1,5
03/14/2020,Oneida,0,0,1,6
03/15/2020,Oneida,0,0,3,9
03/16/2020,Oneida,0,0,1,10
03/17/2020,Oneida,0,0,4,14
03/18/2020,Oneida,2,2,14,28
03/19/2020,Oneida,0,2,7,35
03/20/2020,Oneida,2,4,59,94
03/21/2020,Oneida,1,5,30,124
03/22/2020,Oneida,2,7,36,160
03/23/2020,Oneida,1,8,24,184
03/24/2020,Oneida,1,9,48,232
03/25/2020,Oneida,4,13,22,254
03/26/2020,Oneida,0,13,41,295
03/27/2020,Oneida,10,23,43,338
03/28/2020,Oneida,3,26,26,364
03/29/2020,Oneida,8,34,26,390
03/30/2020,Oneida,6,40,57,447
03/31/2020,Oneida,10,50,58,505
04/01/2020,Oneida,11,61,82,587
04/02/2020,Oneida,10,71,77,664
04/03/2020,Oneida,9,80,58,722
04/04/2020,Oneida,7,87,55,777
04/05/2020,Oneida,13,100,87,864
04/06/2020,Oneida,18,118,90,954
04/07/2020,Oneida,7,125,59,1013
04/08/2020,Oneida,33,158,104,1117
04/09/2020,Oneida,14,172,85,1202
04/10/2020,Oneida,9,181,42,1244
04/11/2020,Oneida,14,195,83,1327
04/12/2020,Oneida,11,206,61,1388
04/13/2020,Oneida,23,229,100,1488
04/14/2020,Oneida,17,246,79,1567
04/15/2020,Oneida,3,249,32,1599
04/16/2020,Oneida,12,261,82,1681
04/17/2020,Oneida,7,268,85,1766
04/18/2020,Oneida,7,275,52,1818
04/19/2020,Oneida,4,279,75,1893
04/20/2020,Oneida,5,284,133,2026
04/21/2020,Oneida,17,301,117,2143
04/22/2020,Oneida,16,317,174,2317
04/23/2020,Oneida,6,323,67,2384
04/24/2020,Oneida,41,364,401,2785
04/25/2020,Oneida,20,384,112,2897
04/26/2020,Oneida,13,397,128,3025
04/27/2020,Oneida,14,411,132,3157
04/28/2020,Oneida,11,422,124,3281
04/29/2020,Oneida,17,439,145,3426
04/30/2020,Oneida,12,451,149,3575
05/01/2020,Oneida,23,474,185,3760
05/02/2020,Oneida,15,489,149,3909
05/03/2020,Oneida,61,550,241,4150
05/04/2020,Oneida,24,574,247,4397
05/05/2020,Oneida,5,579,234,4631
05/06/2020,Oneida,30,609,375,5006
05/07/2020,Oneida,11,620,323,5329
05/08/2020,Oneida,18,638,296,5625
05/09/2020,Oneida,22,660,329,5954
05/10/2020,Oneida,9,669,269,6223
05/11/2020,Oneida,7,676,161,6384
05/12/2020,Oneida,10,686,397,6781
05/13/2020,Oneida,12,698,376,7157
05/14/2020,Oneida,15,713,268,7425
05/15/2020,Oneida,38,751,342,7767
05/16/2020,Oneida,9,760,209,7976
05/17/2020,Oneida,12,772,318,8294
05/18/2020,Oneida,13,785,326,8620
05/19/2020,Oneida,17,802,775,9395
05/20/2020,Oneida,15,817,779,10174
05/21/2020,Oneida,11,828,815,10989
05/22/2020,Oneida,36,864,1305,12294
05/23/2020,Oneida,14,878,659,12953
05/24/2020,Oneida,27,905,930,13883
05/25/2020,Oneida,12,917,427,14310
05/26/2020,Oneida,12,929,488,14798
05/27/2020,Oneida,30,959,927,15725
05/28/2020,Oneida,29,988,1284,17009
05/29/2020,Oneida,18,1006,757,17766
05/30/2020,Oneida,21,1027,1108,18874
05/31/2020,Oneida,9,1036,677,19551
06/01/2020,Oneida,13,1049,613,20164
06/02/2020,Oneida,9,1058,1128,21292
06/03/2020,Oneida,11,1069,892,22184
06/04/2020,Oneida,8,1077,1050,23234
06/05/2020,Oneida,50,1127,1505,24739
06/06/2020,Oneida,16,1143,1276,26015
06/07/2020,Oneida,27,1170,1207,27222
06/08/2020,Oneida,15,1185,569,27791
06/09/2020,Oneida,18,1203,806,28597
06/10/2020,Oneida,13,1216,970,29567
06/11/2020,Oneida,21,1237,1900,31467
06/12/2020,Oneida,16,1253,1048,32515
06/13/2020,Oneida,20,1273,978,33493
06/14/2020,Oneida,7,1280,517,34010
06/15/2020,Oneida,21,1301,719,34729
06/16/2020,Oneida,6,1307,675,35404
06/17/2020,Oneida,25,1332,1218,36622
06/18/2020,Oneida,25,1357,1010,37632
06/19/2020,Oneida,21,1378,786,38418
06/20/2020,Oneida,15,1393,679,39097
06/21/2020,Oneida,23,1416,1126,40223
06/22/2020,Oneida,5,1421,558,40781
06/23/2020,Oneida,24,1445,802,41583
06/24/2020,Oneida,34,1479,1082,42665
06/25/2020,Oneida,41,1520,2025,44690
06/26/2020,Oneida,27,1547,664,45354
06/27/2020,Oneida,39,1586,926,46280
06/28/2020,Oneida,30,1616,748,47028
06/29/2020,Oneida,11,1627,626,47654
06/30/2020,Oneida,15,1642,746,48400
07/01/2020,Oneida,30,1672,1005,49405
07/02/2020,Oneida,36,1708,894,50299
07/03/2020,Oneida,17,1725,855,51154
07/04/2020,Oneida,17,1742,790,51944
07/05/2020,Oneida,7,1749,544,52488
07/06/2020,Oneida,11,1760,593,53081
07/07/2020,Oneida,16,1776,1015,54096
07/08/2020,Oneida,15,1791,1323,55419
07/09/2020,Oneida,15,1806,1226,56645
07/10/2020,Oneida,12,1818,1388,58033
07/11/2020,Oneida,5,1823,635,58668
07/12/2020,Oneida,7,1830,559,59227
07/13/2020,Oneida,17,1847,947,60174
07/14/2020,Oneida,13,1860,862,61036
07/15/2020,Oneida,8,1868,833,61869
07/16/2020,Oneida,41,1909,1177,63046
07/17/2020,Oneida,28,1937,1086,64132
07/18/2020,Oneida,3,1940,274,64406
07/19/2020,Oneida,2,1942,309,64715
07/20/2020,Oneida,20,1962,942,65657
07/21/2020,Oneida,13,1975,1016,66673
07/22/2020,Oneida,5,1980,903,67576
07/23/2020,Oneida,10,1990,1110,68686
07/24/2020,Oneida,10,2000,980,69666
07/25/2020,Oneida,0,2000,526,70192
07/26/2020,Oneida,10,2010,772,70964
07/27/2020,Oneida,18,2028,830,71794
07/28/2020,Oneida,25,2053,990,72784
07/29/2020,Oneida,9,2062,1033,73817
07/30/2020,Oneida,8,2070,609,74426
07/31/2020,Oneida,11,2081,1031,75457
08/01/2020,Oneida,6,2087,523,75980
08/02/2020,Oneida,3,2090,642,76622
08/03/2020,Oneida,13,2103,816,77438
08/04/2020,Oneida,11,2114,725,78163
08/05/2020,Oneida,3,2117,721,78884
08/06/2020,Oneida,12,2129,894,79778
08/07/2020,Oneida,13,2142,681,80459
08/08/2020,Oneida,4,2146,750,81209
08/09/2020,Oneida,4,2150,455,81664
08/10/2020,Oneida,25,2175,1194,82858
08/11/2020,Oneida,5,2180,824,83682
08/12/2020,Oneida,3,2183,960,84642
08/13/2020,Oneida,6,2189,1079,85721
08/14/2020,Oneida,6,2195,1271,86992
08/15/2020,Oneida,3,2198,978,87970
08/16/2020,Oneida,3,2201,514,88484
08/17/2020,Oneida,12,2213,746,89230
08/18/2020,Oneida,5,2218,1326,90556
08/19/2020,Oneida,4,2222,1421,91977
08/20/2020,Oneida,11,2233,1688,93665
08/21/2020,Oneida,9,2242,1667,95332
08/22/2020,Oneida,2,2244,1184,96516
08/23/2020,Oneida,1,2245,1051,97567
08/24/2020,Oneida,11,2256,915,98482
08/25/2020,Oneida,3,2259,1621,100103
08/26/2020,Oneida,5,2264,1067,101170
08/27/2020,Oneida,1,2265,2058,103228
08/28/2020,Oneida,3,2268,1563,104791
08/29/2020,Oneida,4,2272,1878,106669
08/30/2020,Oneida,2,2274,1730,108399
08/31/2020,Oneida,7,2281,1095,109494
09/01/2020,Oneida,2,2283,1486,110980
09/02/2020,Oneida,3,2286,1878,112858
09/03/2020,Oneida,9,2295,1298,114156
09/04/2020,Oneida,3,2298,1822,115978
09/05/2020,Oneida,4,2302,1716,117694
09/06/2020,Oneida,3,2305,750,118444
09/07/2020,Oneida,4,2309,610,119054
09/08/2020,Oneida,7,2316,1582,120636
09/09/2020,Oneida,6,2322,1166,121802
09/10/2020,Oneida,11,2333,1588,123390
09/11/2020,Oneida,8,2341,2315,125705
09/12/2020,Oneida,6,2347,1718,127423
09/13/2020,Oneida,1,2348,899,128322
09/14/2020,Oneida,8,2356,658,128980
09/15/2020,Oneida,3,2359,1661,130641
09/16/2020,Oneida,4,2363,1889,132530
09/17/2020,Oneida,6,2369,1428,133958
09/18/2020,Oneida,4,2373,1812,135770
09/19/2020,Oneida,2,2375,2221,137991
09/20/2020,Oneida,3,2378,591,138582
09/21/2020,Oneida,0,2378,799,139381
09/22/2020,Oneida,9,2387,1886,141267
09/23/2020,Oneida,1,2388,1980,143247
09/24/2020,Oneida,12,2400,1178,144425
09/25/2020,Oneida,7,2407,1826,146251
09/26/2020,Oneida,5,2412,3062,149313
09/27/2020,Oneida,8,2420,554,149867
09/28/2020,Oneida,12,2432,1073,150940
09/29/2020,Oneida,4,2436,1740,152680
09/30/2020,Oneida,24,2460,2195,154875
10/01/2020,Oneida,2,2462,1887,156762
10/02/2020,Oneida,6,2468,2510,159272
10/03/2020,Oneida,10,2478,3099,162371
10/04/2020,Oneida,2,2480,578,162949
10/05/2020,Oneida,3,2483,975,163924
10/06/2020,Oneida,7,2490,1675,165599
10/07/2020,Oneida,13,2503,2883,168482
10/08/2020,Oneida,9,2512,2181,170663
10/09/2020,Oneida,17,2529,2407,173070
10/10/2020,Oneida,10,2539,4138,177208
10/11/2020,Oneida,10,2549,1725,178933
10/12/2020,Oneida,5,2554,1182,180115
10/13/2020,Oneida,4,2558,1751,181866
10/14/2020,Oneida,9,2567,2504,184370
10/15/2020,Oneida,7,2574,2221,186591
10/16/2020,Oneida,12,2586,4309,190900
10/17/2020,Oneida,7,2593,2664,193564
10/18/2020,Oneida,1,2594,599,194163
10/19/2020,Oneida,5,2599,991,195154
10/20/2020,Oneida,18,2617,2776,197930
10/21/2020,Oneida,8,2625,2142,200072
10/22/2020,Oneida,19,2644,2277,202349
10/23/2020,Oneida,26,2670,2508,204857
10/24/2020,Oneida,11,2681,1954,206811
10/25/2020,Oneida,5,2686,721,207532
10/26/2020,Oneida,23,2709,2031,209563
10/27/2020,Oneida,37,2746,2877,212440
10/28/2020,Oneida,23,2769,2354,214794
10/29/2020,Oneida,15,2784,4087,218881
10/30/2020,Oneida,47,2831,3100,221981
10/31/2020,Oneida,20,2851,3017,224998
11/01/2020,Oneida,16,2867,821,225819
11/02/2020,Oneida,29,2896,1615,227434
11/03/2020,Oneida,21,2917,4314,231748
11/04/2020,Oneida,29,2946,2922,234670
11/05/2020,Oneida,47,2993,4378,239048
11/06/2020,Oneida,46,3039,2659,241707
11/07/2020,Oneida,43,3082,3210,244917
11/08/2020,Oneida,39,3121,1691,246608
11/09/2020,Oneida,56,3177,1404,248012
11/10/2020,Oneida,74,3251,3202,251214
11/11/2020,Oneida,69,3320,2533,253747
11/12/2020,Oneida,94,3414,4349,258096
11/13/2020,Oneida,116,3530,1941,260037
11/14/2020,Oneida,39,3569,1894,261931
11/15/2020,Oneida,34,3603,2521,264452
11/16/2020,Oneida,64,3667,1203,265655
11/17/2020,Oneida,85,3752,2858,268513
11/18/2020,Oneida,94,3846,3537,272050
11/19/2020,Oneida,50,3896,2141,274191
11/20/2020,Oneida,142,4038,3931,278122
11/21/2020,Oneida,43,4081,1526,279648
11/22/2020,Oneida,129,4210,5470,285118
11/23/2020,Oneida,82,4292,1455,286573
11/24/2020,Oneida,118,4410,1857,288430
11/25/2020,Oneida,105,4515,3199,291629
11/26/2020,Oneida,140,4655,3831,295460
11/27/2020,Oneida,77,4732,1605,297065
11/28/2020,Oneida,129,4861,2217,299282
11/29/2020,Oneida,109,4970,1745,301027
11/30/2020,Oneida,114,5084,1618,302645
12/01/2020,Oneida,182,5266,2251,304896
12/02/2020,Oneida,211,5477,3266,308162
12/03/2020,Oneida,283,5760,3276,311438
12/04/2020,Oneida,290,6050,3703,315141
12/05/2020,Oneida,220,6270,2550,317691
12/06/2020,Oneida,112,6382,1621,319312
12/07/2020,Oneida,163,6545,1415,320727
12/08/2020,Oneida,254,6799,2129,322856
12/09/2020,Oneida,267,7066,2942,325798
12/10/2020,Oneida,265,7331,3249,329047
12/11/2020,Oneida,276,7607,3008,332055
12/12/2020,Oneida,237,7844,2849,334904
12/13/2020,Oneida,165,8009,2330,337234
12/14/2020,Oneida,162,8171,1534,338768
12/15/2020,Oneida,197,8368,1975,340743
12/16/2020,Oneida,327,8695,3495,344238
12/17/2020,Oneida,217,8912,2315,346553
12/18/2020,Oneida,266,9178,2838,349391
12/19/2020,Oneida,227,9405,3214,352605
12/20/2020,Oneida,166,9571,1721,354326
12/21/2020,Oneida,167,9738,1801,356127
12/22/2020,Oneida,252,9990,2511,358638
12/23/2020,Oneida,319,10309,3389,362027
12/24/2020,Oneida,291,10600,3316,365343
12/25/2020,Oneida,155,10755,2507,367850
12/26/2020,Oneida,108,10863,1584,369434
12/27/2020,Oneida,325,11188,2307,371741
12/28/2020,Oneida,254,11442,2717,374458
12/29/2020,Oneida,361,11803,2730,377188
12/30/2020,Oneida,308,12111,3310,380498
12/31/2020,Oneida,314,12425,3200,383698
01/01/2021,Oneida,300,12725,3149,386847
01/02/2021,Oneida,274,12999,2501,389348
01/03/2021,Oneida,270,13269,2029,391377
01/04/2021,Oneida,151,13420,1400,392777
01/05/2021,Oneida,395,13815,3104,395881
01/06/2021,Oneida,259,14074,3448,399329
01/07/2021,Oneida,322,14396,3185,402514
01/08/2021,Oneida,226,14622,3724,406238
01/09/2021,Oneida,256,14878,3270,409508
01/10/2021,Oneida,244,15122,2374,411882
01/11/2021,Oneida,188,15310,3110,414992
01/12/2021,Oneida,240,15550,2251,417243
01/13/2021,Oneida,226,15776,3484,420727
01/14/2021,Oneida,334,16110,4368,425095
01/15/2021,Oneida,232,16342,3497,428592
01/16/2021,Oneida,160,16502,2997,431589
01/17/2021,Oneida,158,16660,2115,433704
01/18/2021,Oneida,151,16811,1760,435464
01/19/2021,Oneida,165,16976,2308,437772
01/20/2021,Oneida,191,17167,3542,441314
01/21/2021,Oneida,179,17346,3580,444894
01/22/2021,Oneida,194,17540,3111,448005
01/23/2021,Oneida,117,17657,3506,451511
01/24/2021,Oneida,85,17742,1600,453111
01/25/2021,Oneida,114,17856,2084,455195
01/26/2021,Oneida,98,17954,2106,457301
01/27/2021,Oneida,103,18057,4125,461426
01/28/2021,Oneida,76,18133,3654,465080
01/29/2021,Oneida,147,18280,3278,468358
01/30/2021,Oneida,74,18354,3443,471801
01/31/2021,Oneida,64,18418,2374,474175
02/01/2021,Oneida,32,18450,2051,476226
02/02/2021,Oneida,68,18518,1468,477694
02/03/2021,Oneida,80,18598,5117,482811
02/04/2021,Oneida,91,18689,2792,485603
02/05/2021,Oneida,77,18766,4780,490383
02/06/2021,Oneida,68,18834,3640,494023
02/07/2021,Oneida,39,18873,1783,495806
02/08/2021,Oneida,37,18910,843,496649
02/09/2021,Oneida,71,18981,3403,500052
02/10/2021,Oneida,50,19031,5156,505208
02/11/2021,Oneida,37,19068,3148,508356
02/12/2021,Oneida,49,19117,4203,512559
02/13/2021,Oneida,41,19158,4241,516800
02/14/2021,Oneida,28,19186,1742,518542
02/15/2021,Oneida,29,19215,3004,521546
02/16/2021,Oneida,32,19247,1912,523458
02/17/2021,Oneida,36,19283,3954,527412
02/18/2021,Oneida,41,19324,4025,531437
02/19/2021,Oneida,27,19351,3008,534445
02/20/2021,Oneida,42,19393,2734,537179
02/21/2021,Oneida,43,19436,1542,538721
02/22/2021,Oneida,45,19481,4203,542924
02/23/2021,Oneida,38,19519,1889,544813
02/24/2021,Oneida,64,19583,4770,549583
02/25/2021,Oneida,46,19629,3667,553250
02/26/2021,Oneida,43,19672,4397,557647
02/27/2021,Oneida,49,19721,2864,560511
02/28/2021,Oneida,14,19735,1399,561910
03/01/2021,Oneida,28,19763,2326,564236
03/02/2021,Oneida,30,19793,2170,566406
03/03/2021,Oneida,36,19829,5692,572098
03/04/2021,Oneida,37,19866,3498,575596
03/05/2021,Oneida,30,19896,4284,579880
03/06/2021,Oneida,32,19928,3565,583445
03/07/2021,Oneida,34,19962,1569,585014
03/08/2021,Oneida,33,19995,3108,588122
03/09/2021,Oneida,36,20031,2108,590230
03/10/2021,Oneida,33,20064,4354,594584
03/11/2021,Oneida,34,20098,4138,598722
03/12/2021,Oneida,26,20124,3649,602371
03/13/2021,Oneida,95,20219,4084,606455
03/14/2021,Oneida,17,20236,2159,608614
03/15/2021,Oneida,26,20262,2582,611196
03/16/2021,Oneida,44,20306,2457,613653
03/17/2021,Oneida,32,20338,4575,618228
03/18/2021,Oneida,30,20368,3824,622052
03/19/2021,Oneida,42,20410,4045,626097
03/20/2021,Oneida,34,20444,3081,629178
03/21/2021,Oneida,26,20470,1502,630680
03/22/2021,Oneida,57,20527,2468,633148
03/23/2021,Oneida,42,20569,2288,635436
03/24/2021,Oneida,35,20604,5197,640633
03/25/2021,Oneida,37,20641,3434,644067
03/26/2021,Oneida,51,20692,5186,649253
03/27/2021,Oneida,42,20734,3635,652888
03/28/2021,Oneida,24,20758,1752,654640
03/29/2021,Oneida,33,20791,2073,656713
03/30/2021,Oneida,37,20828,3887,660600
03/31/2021,Oneida,28,20856,4530,665130
04/01/2021,Oneida,25,20881,4227,669357
04/02/2021,Oneida,35,20916,4790,674147
04/03/2021,Oneida,22,20938,3754,677901
04/04/2021,Oneida,33,20971,1215,679116
04/05/2021,Oneida,12,20983,1224,680340
04/06/2021,Oneida,38,21021,3276,683616
04/07/2021,Oneida,26,21047,4037,687653
04/08/2021,Oneida,48,21095,3339,690992
04/09/2021,Oneida,47,21142,3736,694728
04/10/2021,Oneida,31,21173,3758,698486
04/11/2021,Oneida,41,21214,1972,700458
04/12/2021,Oneida,37,21251,2766,703224
04/13/2021,Oneida,40,21291,1973,705197
04/14/2021,Oneida,38,21329,4656,709853
04/15/2021,Oneida,38,21367,2198,712051
04/16/2021,Oneida,42,21409,3702,715753
04/17/2021,Oneida,45,21454,5208,720961
04/18/2021,Oneida,18,21472,1341,722302
04/19/2021,Oneida,40,21512,2854,725156
04/20/2021,Oneida,44,21556,2279,727435
04/21/2021,Oneida,41,21597,4727,732162
04/22/2021,Oneida,36,21633,3046,735208
04/23/2021,Oneida,22,21655,3718,738926
04/24/2021,Oneida,30,21685,2419,741345
04/25/2021,Oneida,16,21701,1180,742525
04/26/2021,Oneida,24,21725,1242,743767
04/27/2021,Oneida,33,21758,3742,747509
04/28/2021,Oneida,56,21814,3686,751195
04/29/2021,Oneida,36,21850,3435,754630
04/30/2021,Oneida,42,21892,4598,759228
05/01/2021,Oneida,23,21915,2374,761602
05/02/2021,Oneida,22,21937,1288,762890
05/03/2021,Oneida,13,21950,2374,765264
05/04/2021,Oneida,20,21970,2077,767341
05/05/2021,Oneida,28,21998,3659,771000
05/06/2021,Oneida,23,22021,2760,773760
05/07/2021,Oneida,47,22068,4082,777842
05/08/2021,Oneida,35,22103,2132,779974
05/09/2021,Oneida,12,22115,1141,781115
05/10/2021,Oneida,28,22143,2410,783525
05/11/2021,Oneida,24,22167,2017,785542
05/12/2021,Oneida,36,22203,4475,790017
05/13/2021,Oneida,19,22222,2167,792184
05/14/2021,Oneida,29,22251,3700,795884
05/15/2021,Oneida,20,22271,1575,797459
05/16/2021,Oneida,12,22283,748,798207
05/17/2021,Oneida,9,22292,2123,800330
05/18/2021,Oneida,23,22315,1996,802326
05/19/2021,Oneida,12,22327,2239,804565
05/20/2021,Oneida,26,22353,2376,806941
05/21/2021,Oneida,14,22367,2124,809065
05/22/2021,Oneida,9,22376,1289,810354
05/23/2021,Oneida,8,22384,760,811114
05/24/2021,Oneida,9,22393,908,812022
05/25/2021,Oneida,21,22414,1739,813761
05/26/2021,Oneida,15,22429,1583,815344
05/27/2021,Oneida,9,22438,1575,816919
05/28/2021,Oneida,21,22459,1550,818469
05/29/2021,Oneida,12,22471,1243,819712
05/30/2021,Oneida,10,22481,632,820344
05/31/2021,Oneida,4,22485,458,820802
06/01/2021,Oneida,9,22494,784,821586
06/02/2021,Oneida,20,22514,1801,823387
06/03/2021,Oneida,18,22532,2119,825506
06/04/2021,Oneida,10,22542,1427,826933
06/05/2021,Oneida,16,22558,1172,828105
06/06/2021,Oneida,3,22561,784,828889
06/07/2021,Oneida,8,22569,1134,830023
06/08/2021,Oneida,6,22575,1446,831469
06/09/2021,Oneida,7,22582,1661,833130
06/10/2021,Oneida,8,22590,1565,834695
06/11/2021,Oneida,11,22601,1265,835960
06/12/2021,Oneida,8,22609,1089,837049
06/13/2021,Oneida,5,22614,524,837573
06/14/2021,Oneida,5,22619,469,838042
06/15/2021,Oneida,8,22627,991,839033
06/16/2021,Oneida,5,22632,1149,840182
06/17/2021,Oneida,1,22633,1491,841673
06/18/2021,Oneida,4,22637,1053,842726
06/19/2021,Oneida,2,22639,729,843455
06/20/2021,Oneida,2,22641,498,843953
06/21/2021,Oneida,3,22644,362,844315
06/22/2021,Oneida,0,22644,809,845124
06/23/2021,Oneida,3,22647,991,846115
06/24/2021,Oneida,2,22649,1054,847169
06/25/2021,Oneida,1,22650,775,847944
06/26/2021,Oneida,3,22653,862,848806
06/27/2021,Oneida,2,22655,393,849199
06/28/2021,Oneida,6,22661,401,849600
06/29/2021,Oneida,3,22664,614,850214
06/30/2021,Oneida,0,22664,528,850742
07/01/2021,Oneida,3,22667,660,851402
07/02/2021,Oneida,2,22669,591,851993
07/03/2021,Oneida,2,22671,555,852548
07/04/2021,Oneida,3,22674,223,852771
07/05/2021,Oneida,1,22675,231,853002
07/06/2021,Oneida,2,22677,246,853248
07/07/2021,Oneida,6,22683,769,854017
07/08/2021,Oneida,3,22686,788,854805
07/09/2021,Oneida,2,22688,615,855420
07/10/2021,Oneida,2,22690,455,855875
07/11/2021,Oneida,3,22693,426,856301
07/12/2021,Oneida,6,22699,259,856560
07/13/2021,Oneida,6,22705,502,857062
07/14/2021,Oneida,7,22712,717,857779
07/15/2021,Oneida,2,22714,520,858299
07/16/2021,Oneida,5,22719,766,859065
07/17/2021,Oneida,14,22733,933,859998
07/18/2021,Oneida,0,22733,186,860184
07/19/2021,Oneida,11,22744,398,860582
07/20/2021,Oneida,0,22744,464,861046
07/21/2021,Oneida,10,22754,644,861690
07/22/2021,Oneida,7,22761,607,862297
07/23/2021,Oneida,4,22765,731,863028
07/24/2021,Oneida,5,22770,564,863592
07/25/2021,Oneida,4,22774,267,863859
07/26/2021,Oneida,11,22785,461,864320
07/27/2021,Oneida,3,22788,548,864868
07/28/2021,Oneida,14,22802,485,865353
07/29/2021,Oneida,11,22813,491,865844
07/30/2021,Oneida,15,22828,800,866644
07/31/2021,Oneida,26,22854,548,867192
08/01/2021,Oneida,7,22861,245,867437
08/02/2021,Oneida,25,22886,573,868010
08/03/2021,Oneida,22,22908,650,868660
08/04/2021,Oneida,18,22926,887,869547
08/05/2021,Oneida,18,22944,1073,870620
08/06/2021,Oneida,45,22989,1552,872172
08/07/2021,Oneida,23,23012,720,872892
08/08/2021,Oneida,32,23044,556,873448
08/09/2021,Oneida,40,23084,504,873952
08/10/2021,Oneida,39,23123,1106,875058
08/11/2021,Oneida,40,23163,1025,876083
08/12/2021,Oneida,39,23202,1761,877844
08/13/2021,Oneida,39,23241,1476,879320
08/14/2021,Oneida,26,23267,1410,880730
08/15/2021,Oneida,29,23296,685,881415
08/16/2021,Oneida,40,23336,660,882075
08/17/2021,Oneida,44,23380,1684,883759
08/18/2021,Oneida,35,23415,1960,885719
08/19/2021,Oneida,53,23468,1434,887153
08/20/2021,Oneida,44,23512,1799,888952
08/21/2021,Oneida,36,23548,1310,890262
08/22/2021,Oneida,44,23592,656,890918
08/23/2021,Oneida,35,23627,773,891691
08/24/2021,Oneida,45,23672,1194,892885
08/25/2021,Oneida,54,23726,2047,894932
08/26/2021,Oneida,116,23842,2557,897489
08/27/2021,Oneida,58,23900,2116,899605
08/28/2021,Oneida,43,23943,1564,901169
08/29/2021,Oneida,80,24023,1107,902276
08/30/2021,Oneida,60,24083,929,903205
08/31/2021,Oneida,47,24130,2309,905514
09/01/2021,Oneida,65,24195,2676,908190
09/02/2021,Oneida,89,24284,1370,909560
09/03/2021,Oneida,81,24365,2100,911660
09/04/2021,Oneida,56,24421,1446,913106
09/05/2021,Oneida,70,24491,939,914045
09/06/2021,Oneida,65,24556,854,914899
09/07/2021,Oneida,54,24610,971,915870
09/08/2021,Oneida,82,24692,1492,917362
09/09/2021,Oneida,66,24758,1565,918927
09/10/2021,Oneida,72,24830,2121,921048
09/11/2021,Oneida,104,24934,1562,922610
09/12/2021,Oneida,50,24984,2203,924813
09/13/2021,Oneida,48,25032,1910,926723
09/14/2021,Oneida,85,25117,1209,927932
09/15/2021,Oneida,134,25251,2352,930284
09/16/2021,Oneida,109,25360,1835,932119
09/17/2021,Oneida,80,25440,3188,935307
09/18/2021,Oneida,87,25527,2852,938159
09/19/2021,Oneida,62,25589,974,939133
09/20/2021,Oneida,125,25714,1616,940749
09/21/2021,Oneida,88,25802,1937,942686
09/22/2021,Oneida,97,25899,1837,944523
09/23/2021,Oneida,149,26048,2998,947521
09/24/2021,Oneida,100,26148,3903,951424
09/25/2021,Oneida,80,26228,2855,954279
09/26/2021,Oneida,78,26306,1173,955452
09/27/2021,Oneida,57,26363,1175,956627
09/28/2021,Oneida,107,26470,2589,959216
09/29/2021,Oneida,101,26571,2104,961320
09/30/2021,Oneida,152,26723,2970,964290
10/01/2021,Oneida,96,26819,1867,966157
10/02/2021,Oneida,120,26939,4711,970868
10/03/2021,Oneida,44,26983,859,971727
10/04/2021,Oneida,95,27078,1465,973192
10/05/2021,Oneida,143,27221,2541,975733
10/06/2021,Oneida,101,27322,2455,978188
10/07/2021,Oneida,135,27457,2804,980992
10/08/2021,Oneida,103,27560,2398,983390
10/09/2021,Oneida,68,27628,3943,987333
10/10/2021,Oneida,146,27774,1783,989116
10/11/2021,Oneida,63,27837,880,989996
10/12/2021,Oneida,86,27923,2033,992029
10/13/2021,Oneida,73,27996,2419,994448
10/14/2021,Oneida,150,28146,2219,996667
10/15/2021,Oneida,119,28265,2428,999095
10/16/2021,Oneida,82,28347,3114,1002209
10/17/2021,Oneida,71,28418,1019,1003228
10/18/2021,Oneida,43,28461,1304,1004532
10/19/2021,Oneida,96,28557,3149,1007681
10/20/2021,Oneida,87,28644,2971,1010652
10/21/2021,Oneida,76,28720,2110,1012762
10/22/2021,Oneida,102,28822,3965,1016727
10/23/2021,Oneida,48,28870,2728,1019455
03/01/2020,Onondaga,0,0,0,0
03/02/2020,Onondaga,0,0,0,0
03/03/2020,Onondaga,0,0,0,0
03/04/2020,Onondaga,0,0,0,0
03/05/2020,Onondaga,0,0,0,0
03/06/2020,Onondaga,0,0,0,0
03/07/2020,Onondaga,0,0,0,0
03/08/2020,Onondaga,0,0,0,0
03/09/2020,Onondaga,0,0,1,1
03/10/2020,Onondaga,0,0,0,1
03/11/2020,Onondaga,0,0,3,4
03/12/2020,Onondaga,0,0,1,5
03/13/2020,Onondaga,0,0,9,14
03/14/2020,Onondaga,0,0,18,32
03/15/2020,Onondaga,1,1,27,59
03/16/2020,Onondaga,1,2,55,114
03/17/2020,Onondaga,0,2,15,129
03/18/2020,Onondaga,3,5,98,227
03/19/2020,Onondaga,3,8,60,287
03/20/2020,Onondaga,9,17,133,420
03/21/2020,Onondaga,12,29,157,577
03/22/2020,Onondaga,23,52,538,1115
03/23/2020,Onondaga,8,60,129,1244
03/24/2020,Onondaga,5,65,124,1368
03/25/2020,Onondaga,18,83,266,1634
03/26/2020,Onondaga,32,115,444,2078
03/27/2020,Onondaga,14,129,352,2430
03/28/2020,Onondaga,23,152,487,2917
03/29/2020,Onondaga,28,180,206,3123
03/30/2020,Onondaga,14,194,139,3262
03/31/2020,Onondaga,23,217,163,3425
04/01/2020,Onondaga,17,234,191,3616
04/02/2020,Onondaga,18,252,195,3811
04/03/2020,Onondaga,10,262,221,4032
04/04/2020,Onondaga,6,268,131,4163
04/05/2020,Onondaga,3,271,89,4252
04/06/2020,Onondaga,64,335,689,4941
04/07/2020,Onondaga,12,347,126,5067
04/08/2020,Onondaga,11,358,245,5312
04/09/2020,Onondaga,11,369,148,5460
04/10/2020,Onondaga,11,380,116,5576
04/11/2020,Onondaga,17,397,169,5745
04/12/2020,Onondaga,19,416,142,5887
04/13/2020,Onondaga,15,431,120,6007
04/14/2020,Onondaga,18,449,219,6226
04/15/2020,Onondaga,13,462,134,6360
04/16/2020,Onondaga,21,483,181,6541
04/17/2020,Onondaga,9,492,152,6693
04/18/2020,Onondaga,6,498,118,6811
04/19/2020,Onondaga,11,509,113,6924
04/20/2020,Onondaga,5,514,101,7025
04/21/2020,Onondaga,12,526,152,7177
04/22/2020,Onondaga,74,600,705,7882
04/23/2020,Onondaga,39,639,722,8604
04/24/2020,Onondaga,25,664,530,9134
04/25/2020,Onondaga,28,692,280,9414
04/26/2020,Onondaga,34,726,256,9670
04/27/2020,Onondaga,16,742,268,9938
04/28/2020,Onondaga,40,782,386,10324
04/29/2020,Onondaga,50,832,343,10667
04/30/2020,Onondaga,28,860,334,11001
05/01/2020,Onondaga,43,903,433,11434
05/02/2020,Onondaga,49,952,593,12027
05/03/2020,Onondaga,19,971,436,12463
05/04/2020,Onondaga,31,1002,176,12639
05/05/2020,Onondaga,54,1056,731,13370
05/06/2020,Onondaga,59,1115,534,13904
05/07/2020,Onondaga,54,1169,407,14311
05/08/2020,Onondaga,49,1218,464,14775
05/09/2020,Onondaga,47,1265,507,15282
05/10/2020,Onondaga,22,1287,240,15522
05/11/2020,Onondaga,21,1308,329,15851
05/12/2020,Onondaga,87,1395,1066,16917
05/13/2020,Onondaga,28,1423,683,17600
05/14/2020,Onondaga,17,1440,385,17985
05/15/2020,Onondaga,29,1469,1088,19073
05/16/2020,Onondaga,32,1501,648,19721
05/17/2020,Onondaga,19,1520,483,20204
05/18/2020,Onondaga,145,1665,1578,21782
05/19/2020,Onondaga,53,1718,1844,23626
05/20/2020,Onondaga,53,1771,1137,24763
05/21/2020,Onondaga,57,1828,1344,26107
05/22/2020,Onondaga,76,1904,2502,28609
05/23/2020,Onondaga,49,1953,1352,29961
05/24/2020,Onondaga,28,1981,1175,31136
05/25/2020,Onondaga,31,2012,1129,32265
05/26/2020,Onondaga,21,2033,676,32941
05/27/2020,Onondaga,21,2054,817,33758
05/28/2020,Onondaga,38,2092,1731,35489
05/29/2020,Onondaga,41,2133,2101,37590
05/30/2020,Onondaga,37,2170,1829,39419
05/31/2020,Onondaga,27,2197,1074,40493
06/01/2020,Onondaga,31,2228,1035,41528
06/02/2020,Onondaga,28,2256,1522,43050
06/03/2020,Onondaga,39,2295,2189,45239
06/04/2020,Onondaga,34,2329,1601,46840
06/05/2020,Onondaga,46,2375,2186,49026
06/06/2020,Onondaga,17,2392,1345,50371
06/07/2020,Onondaga,16,2408,2040,52411
06/08/2020,Onondaga,19,2427,1004,53415
06/09/2020,Onondaga,6,2433,2197,55612
06/10/2020,Onondaga,21,2454,1222,56834
06/11/2020,Onondaga,20,2474,2072,58906
06/12/2020,Onondaga,24,2498,1498,60404
06/13/2020,Onondaga,21,2519,2756,63160
06/14/2020,Onondaga,12,2531,847,64007
06/15/2020,Onondaga,14,2545,1345,65352
06/16/2020,Onondaga,13,2558,870,66222
06/17/2020,Onondaga,57,2615,1440,67662
06/18/2020,Onondaga,19,2634,1694,69356
06/19/2020,Onondaga,10,2644,1270,70626
06/20/2020,Onondaga,22,2666,2328,72954
06/21/2020,Onondaga,9,2675,954,73908
06/22/2020,Onondaga,27,2702,1060,74968
06/23/2020,Onondaga,32,2734,1234,76202
06/24/2020,Onondaga,17,2751,1183,77385
06/25/2020,Onondaga,31,2782,1402,78787
06/26/2020,Onondaga,9,2791,1517,80304
06/27/2020,Onondaga,25,2816,1721,82025
06/28/2020,Onondaga,6,2822,1257,83282
06/29/2020,Onondaga,20,2842,1288,84570
06/30/2020,Onondaga,21,2863,1368,85938
07/01/2020,Onondaga,34,2897,1909,87847
07/02/2020,Onondaga,12,2909,968,88815
07/03/2020,Onondaga,19,2928,843,89658
07/04/2020,Onondaga,21,2949,856,90514
07/05/2020,Onondaga,14,2963,651,91165
07/06/2020,Onondaga,34,2997,1455,92620
07/07/2020,Onondaga,32,3029,1911,94531
07/08/2020,Onondaga,21,3050,2070,96601
07/09/2020,Onondaga,28,3078,1155,97756
07/10/2020,Onondaga,22,3100,1161,98917
07/11/2020,Onondaga,24,3124,1344,100261
07/12/2020,Onondaga,18,3142,1288,101549
07/13/2020,Onondaga,37,3179,2118,103667
07/14/2020,Onondaga,24,3203,1227,104894
07/15/2020,Onondaga,22,3225,1697,106591
07/16/2020,Onondaga,15,3240,2153,108744
07/17/2020,Onondaga,22,3262,1912,110656
07/18/2020,Onondaga,16,3278,1100,111756
07/19/2020,Onondaga,12,3290,1758,113514
07/20/2020,Onondaga,22,3312,1918,115432
07/21/2020,Onondaga,14,3326,1844,117276
07/22/2020,Onondaga,18,3344,1965,119241
07/23/2020,Onondaga,16,3360,2174,121415
07/24/2020,Onondaga,18,3378,1868,123283
07/25/2020,Onondaga,11,3389,2415,125698
07/26/2020,Onondaga,9,3398,1790,127488
07/27/2020,Onondaga,21,3419,1744,129232
07/28/2020,Onondaga,18,3437,1664,130896
07/29/2020,Onondaga,22,3459,1408,132304
07/30/2020,Onondaga,5,3464,1481,133785
07/31/2020,Onondaga,13,3477,1678,135463
08/01/2020,Onondaga,8,3485,1274,136737
08/02/2020,Onondaga,5,3490,689,137426
08/03/2020,Onondaga,25,3515,3057,140483
08/04/2020,Onondaga,10,3525,2030,142513
08/05/2020,Onondaga,10,3535,1499,144012
08/06/2020,Onondaga,21,3556,2037,146049
08/07/2020,Onondaga,9,3565,1799,147848
08/08/2020,Onondaga,11,3576,1052,148900
08/09/2020,Onondaga,9,3585,806,149706
08/10/2020,Onondaga,17,3602,4122,153828
08/11/2020,Onondaga,11,3613,1526,155354
08/12/2020,Onondaga,14,3627,1208,156562
08/13/2020,Onondaga,19,3646,1784,158346
08/14/2020,Onondaga,17,3663,1984,160330
08/15/2020,Onondaga,11,3674,1102,161432
08/16/2020,Onondaga,6,3680,1956,163388
08/17/2020,Onondaga,16,3696,1933,165321
08/18/2020,Onondaga,16,3712,1885,167206
08/19/2020,Onondaga,7,3719,2150,169356
08/20/2020,Onondaga,24,3743,2297,171653
08/21/2020,Onondaga,13,3756,2177,173830
08/22/2020,Onondaga,2,3758,1402,175232
08/23/2020,Onondaga,10,3768,844,176076
08/24/2020,Onondaga,24,3792,3288,179364
08/25/2020,Onondaga,9,3801,1168,180532
08/26/2020,Onondaga,31,3832,1590,182122
08/27/2020,Onondaga,15,3847,1959,184081
08/28/2020,Onondaga,19,3866,3709,187790
08/29/2020,Onondaga,17,3883,1813,189603
08/30/2020,Onondaga,9,3892,820,190423
08/31/2020,Onondaga,20,3912,1531,191954
09/01/2020,Onondaga,10,3922,1352,193306
09/02/2020,Onondaga,15,3937,1535,194841
09/03/2020,Onondaga,10,3947,1606,196447
09/04/2020,Onondaga,17,3964,2611,199058
09/05/2020,Onondaga,19,3983,1554,200612
09/06/2020,Onondaga,10,3993,853,201465
09/07/2020,Onondaga,9,4002,1305,202770
09/08/2020,Onondaga,10,4012,652,203422
09/09/2020,Onondaga,11,4023,859,204281
09/10/2020,Onondaga,20,4043,2201,206482
09/11/2020,Onondaga,17,4060,3386,209868
09/12/2020,Onondaga,21,4081,1703,211571
09/13/2020,Onondaga,15,4096,862,212433
09/14/2020,Onondaga,18,4114,1186,213619
09/15/2020,Onondaga,19,4133,1471,215090
09/16/2020,Onondaga,25,4158,1673,216763
09/17/2020,Onondaga,27,4185,1588,218351
09/18/2020,Onondaga,16,4201,3815,222166
09/19/2020,Onondaga,19,4220,2717,224883
09/20/2020,Onondaga,11,4231,1149,226032
09/21/2020,Onondaga,22,4253,1394,227426
09/22/2020,Onondaga,17,4270,1376,228802
09/23/2020,Onondaga,30,4300,1853,230655
09/24/2020,Onondaga,21,4321,2429,233084
09/25/2020,Onondaga,21,4342,2876,235960
09/26/2020,Onondaga,23,4365,2225,238185
09/27/2020,Onondaga,14,4379,1240,239425
09/28/2020,Onondaga,30,4409,1882,241307
09/29/2020,Onondaga,15,4424,3423,244730
09/30/2020,Onondaga,32,4456,2579,247309
10/01/2020,Onondaga,38,4494,5101,252410
10/02/2020,Onondaga,34,4528,4586,256996
10/03/2020,Onondaga,9,4537,2564,259560
10/04/2020,Onondaga,19,4556,1620,261180
10/05/2020,Onondaga,37,4593,2081,263261
10/06/2020,Onondaga,43,4636,3538,266799
10/07/2020,Onondaga,33,4669,4536,271335
10/08/2020,Onondaga,24,4693,3498,274833
10/09/2020,Onondaga,54,4747,5423,280256
10/10/2020,Onondaga,32,4779,3349,283605
10/11/2020,Onondaga,28,4807,1836,285441
10/12/2020,Onondaga,36,4843,1698,287139
10/13/2020,Onondaga,37,4880,3261,290400
10/14/2020,Onondaga,28,4908,4032,294432
10/15/2020,Onondaga,38,4946,3429,297861
10/16/2020,Onondaga,31,4977,4669,302530
10/17/2020,Onondaga,34,5011,2541,305071
10/18/2020,Onondaga,10,5021,1370,306441
10/19/2020,Onondaga,31,5052,1783,308224
10/20/2020,Onondaga,69,5121,3662,311886
10/21/2020,Onondaga,49,5170,6432,318318
10/22/2020,Onondaga,52,5222,5719,324037
10/23/2020,Onondaga,55,5277,6258,330295
10/24/2020,Onondaga,32,5309,3528,333823
10/25/2020,Onondaga,28,5337,1876,335699
10/26/2020,Onondaga,62,5399,2764,338463
10/27/2020,Onondaga,55,5454,5376,343839
10/28/2020,Onondaga,44,5498,5268,349107
10/29/2020,Onondaga,105,5603,4415,353522
10/30/2020,Onondaga,93,5696,4191,357713
10/31/2020,Onondaga,66,5762,4241,361954
11/01/2020,Onondaga,33,5795,1471,363425
11/02/2020,Onondaga,86,5881,3064,366489
11/03/2020,Onondaga,120,6001,4008,370497
11/04/2020,Onondaga,121,6122,5230,375727
11/05/2020,Onondaga,135,6257,4978,380705
11/06/2020,Onondaga,139,6396,5537,386242
11/07/2020,Onondaga,95,6491,3592,389834
11/08/2020,Onondaga,85,6576,2069,391903
11/09/2020,Onondaga,250,6826,3815,395718
11/10/2020,Onondaga,195,7021,5017,400735
11/11/2020,Onondaga,190,7211,3388,404123
11/12/2020,Onondaga,210,7421,8886,413009
11/13/2020,Onondaga,229,7650,5366,418375
11/14/2020,Onondaga,99,7749,2102,420477
11/15/2020,Onondaga,143,7892,3783,424260
11/16/2020,Onondaga,192,8084,3492,427752
11/17/2020,Onondaga,217,8301,5561,433313
11/18/2020,Onondaga,193,8494,5464,438777
11/19/2020,Onondaga,241,8735,6733,445510
11/20/2020,Onondaga,212,8947,6670,452180
11/21/2020,Onondaga,213,9160,7766,459946
11/22/2020,Onondaga,202,9362,5492,465438
11/23/2020,Onondaga,108,9470,3069,468507
11/24/2020,Onondaga,315,9785,7826,476333
11/25/2020,Onondaga,239,10024,5999,482332
11/26/2020,Onondaga,224,10248,5748,488080
11/27/2020,Onondaga,232,10480,2618,490698
11/28/2020,Onondaga,221,10701,3150,493848
11/29/2020,Onondaga,103,10804,2672,496520
11/30/2020,Onondaga,191,10995,4022,500542
12/01/2020,Onondaga,286,11281,6037,506579
12/02/2020,Onondaga,376,11657,7314,513893
12/03/2020,Onondaga,276,11933,4583,518476
12/04/2020,Onondaga,425,12358,9049,527525
12/05/2020,Onondaga,304,12662,7693,535218
12/06/2020,Onondaga,279,12941,3185,538403
12/07/2020,Onondaga,247,13188,2785,541188
12/08/2020,Onondaga,410,13598,5245,546433
12/09/2020,Onondaga,347,13945,5269,551702
12/10/2020,Onondaga,452,14397,6692,558394
12/11/2020,Onondaga,375,14772,6394,564788
12/12/2020,Onondaga,410,15182,6295,571083
12/13/2020,Onondaga,299,15481,3888,574971
12/14/2020,Onondaga,241,15722,3174,578145
12/15/2020,Onondaga,332,16054,5070,583215
12/16/2020,Onondaga,375,16429,6311,589526
12/17/2020,Onondaga,431,16860,6155,595681
12/18/2020,Onondaga,407,17267,6524,602205
12/19/2020,Onondaga,319,17586,6708,608913
12/20/2020,Onondaga,274,17860,4852,613765
12/21/2020,Onondaga,221,18081,3363,617128
12/22/2020,Onondaga,270,18351,4432,621560
12/23/2020,Onondaga,471,18822,7746,629306
12/24/2020,Onondaga,333,19155,6143,635449
12/25/2020,Onondaga,297,19452,6377,641826
12/26/2020,Onondaga,115,19567,2283,644109
12/27/2020,Onondaga,418,19985,4528,648637
12/28/2020,Onondaga,293,20278,3139,651776
12/29/2020,Onondaga,380,20658,4975,656751
12/30/2020,Onondaga,488,21146,6065,662816
12/31/2020,Onondaga,362,21508,5084,667900
01/01/2021,Onondaga,418,21926,5752,673652
01/02/2021,Onondaga,287,22213,3115,676767
01/03/2021,Onondaga,484,22697,3566,680333
01/04/2021,Onondaga,183,22880,2688,683021
01/05/2021,Onondaga,467,23347,5710,688731
01/06/2021,Onondaga,417,23764,7836,696567
01/07/2021,Onondaga,552,24316,7598,704165
01/08/2021,Onondaga,352,24668,6056,710221
01/09/2021,Onondaga,389,25057,7257,717478
01/10/2021,Onondaga,309,25366,4517,721995
01/11/2021,Onondaga,260,25626,3828,725823
01/12/2021,Onondaga,229,25855,5224,731047
01/13/2021,Onondaga,297,26152,5761,736808
01/14/2021,Onondaga,392,26544,7502,744310
01/15/2021,Onondaga,410,26954,7189,751499
01/16/2021,Onondaga,236,27190,5627,757126
01/17/2021,Onondaga,302,27492,4042,761168
01/18/2021,Onondaga,263,27755,3930,765098
01/19/2021,Onondaga,193,27948,3786,768884
01/20/2021,Onondaga,278,28226,5325,774209
01/21/2021,Onondaga,250,28476,6088,780297
01/22/2021,Onondaga,321,28797,6949,787246
01/23/2021,Onondaga,242,29039,5714,792960
01/24/2021,Onondaga,108,29147,3663,796623
01/25/2021,Onondaga,117,29264,2651,799274
01/26/2021,Onondaga,169,29433,4836,804110
01/27/2021,Onondaga,155,29588,4870,808980
01/28/2021,Onondaga,102,29690,4695,813675
01/29/2021,Onondaga,170,29860,7154,820829
01/30/2021,Onondaga,194,30054,5749,826578
01/31/2021,Onondaga,70,30124,3130,829708
02/01/2021,Onondaga,108,30232,3204,832912
02/02/2021,Onondaga,118,30350,4634,837546
02/03/2021,Onondaga,71,30421,4494,842040
02/04/2021,Onondaga,142,30563,6315,848355
02/05/2021,Onondaga,134,30697,7130,855485
02/06/2021,Onondaga,98,30795,6529,862014
02/07/2021,Onondaga,77,30872,6116,868130
02/08/2021,Onondaga,59,30931,4046,872176
02/09/2021,Onondaga,123,31054,5313,877489
02/10/2021,Onondaga,113,31167,5998,883487
02/11/2021,Onondaga,94,31261,6412,889899
02/12/2021,Onondaga,90,31351,7998,897897
02/13/2021,Onondaga,94,31445,7183,905080
02/14/2021,Onondaga,60,31505,4322,909402
02/15/2021,Onondaga,75,31580,2610,912012
02/16/2021,Onondaga,59,31639,2610,914622
02/17/2021,Onondaga,79,31718,7672,922294
02/18/2021,Onondaga,75,31793,9187,931481
02/19/2021,Onondaga,55,31848,8135,939616
02/20/2021,Onondaga,61,31909,7971,947587
02/21/2021,Onondaga,45,31954,4524,952111
02/22/2021,Onondaga,63,32017,3321,955432
02/23/2021,Onondaga,37,32054,5339,960771
02/24/2021,Onondaga,97,32151,8348,969119
02/25/2021,Onondaga,73,32224,10211,979330
02/26/2021,Onondaga,88,32312,10676,990006
02/27/2021,Onondaga,98,32410,10264,1000270
02/28/2021,Onondaga,42,32452,4186,1004456
03/01/2021,Onondaga,37,32489,2344,1006800
03/02/2021,Onondaga,73,32562,6823,1013623
03/03/2021,Onondaga,44,32606,13021,1026644
03/04/2021,Onondaga,75,32681,9378,1036022
03/05/2021,Onondaga,52,32733,9600,1045622
03/06/2021,Onondaga,65,32798,7360,1052982
03/07/2021,Onondaga,59,32857,3603,1056585
03/08/2021,Onondaga,34,32891,2948,1059533
03/09/2021,Onondaga,50,32941,6815,1066348
03/10/2021,Onondaga,57,32998,7831,1074179
03/11/2021,Onondaga,69,33067,9637,1083816
03/12/2021,Onondaga,40,33107,9190,1093006
03/13/2021,Onondaga,55,33162,8446,1101452
03/14/2021,Onondaga,41,33203,3528,1104980
03/15/2021,Onondaga,46,33249,1645,1106625
03/16/2021,Onondaga,63,33312,6174,1112799
03/17/2021,Onondaga,73,33385,8023,1120822
03/18/2021,Onondaga,56,33441,9713,1130535
03/19/2021,Onondaga,63,33504,9704,1140239
03/20/2021,Onondaga,80,33584,9414,1149653
03/21/2021,Onondaga,33,33617,4356,1154009
03/22/2021,Onondaga,72,33689,3867,1157876
03/23/2021,Onondaga,47,33736,6111,1163987
03/24/2021,Onondaga,69,33805,9319,1173306
03/25/2021,Onondaga,74,33879,10255,1183561
03/26/2021,Onondaga,99,33978,11122,1194683
03/27/2021,Onondaga,84,34062,8211,1202894
03/28/2021,Onondaga,65,34127,4808,1207702
03/29/2021,Onondaga,49,34176,2803,1210505
03/30/2021,Onondaga,59,34235,8116,1218621
03/31/2021,Onondaga,93,34328,7314,1225935
04/01/2021,Onondaga,110,34438,9366,1235301
04/02/2021,Onondaga,93,34531,9992,1245293
04/03/2021,Onondaga,98,34629,6380,1251673
04/04/2021,Onondaga,112,34741,4110,1255783
04/05/2021,Onondaga,32,34773,2251,1258034
04/06/2021,Onondaga,95,34868,5541,1263575
04/07/2021,Onondaga,146,35014,9252,1272827
04/08/2021,Onondaga,135,35149,10916,1283743
04/09/2021,Onondaga,103,35252,9740,1293483
04/10/2021,Onondaga,101,35353,6687,1300170
04/11/2021,Onondaga,62,35415,2937,1303107
04/12/2021,Onondaga,75,35490,4073,1307180
04/13/2021,Onondaga,86,35576,5844,1313024
04/14/2021,Onondaga,118,35694,9402,1322426
04/15/2021,Onondaga,96,35790,7297,1329723
04/16/2021,Onondaga,151,35941,8180,1337903
04/17/2021,Onondaga,120,36061,7688,1345591
04/18/2021,Onondaga,58,36119,3498,1349089
04/19/2021,Onondaga,72,36191,2421,1351510
04/20/2021,Onondaga,63,36254,7289,1358799
04/21/2021,Onondaga,90,36344,8042,1366841
04/22/2021,Onondaga,128,36472,7728,1374569
04/23/2021,Onondaga,64,36536,6987,1381556
04/24/2021,Onondaga,107,36643,6655,1388211
04/25/2021,Onondaga,46,36689,3957,1392168
04/26/2021,Onondaga,71,36760,2999,1395167
04/27/2021,Onondaga,93,36853,6619,1401786
04/28/2021,Onondaga,129,36982,8005,1409791
04/29/2021,Onondaga,143,37125,7918,1417709
04/30/2021,Onondaga,107,37232,9600,1427309
05/01/2021,Onondaga,84,37316,6210,1433519
05/02/2021,Onondaga,43,37359,3372,1436891
05/03/2021,Onondaga,57,37416,2323,1439214
05/04/2021,Onondaga,41,37457,4544,1443758
05/05/2021,Onondaga,61,37518,8079,1451837
05/06/2021,Onondaga,40,37558,7196,1459033
05/07/2021,Onondaga,51,37609,8549,1467582
05/08/2021,Onondaga,105,37714,6078,1473660
05/09/2021,Onondaga,30,37744,3342,1477002
05/10/2021,Onondaga,25,37769,2133,1479135
05/11/2021,Onondaga,72,37841,5328,1484463
05/12/2021,Onondaga,60,37901,6865,1491328
05/13/2021,Onondaga,72,37973,6686,1498014
05/14/2021,Onondaga,75,38048,6522,1504536
05/15/2021,Onondaga,50,38098,4115,1508651
05/16/2021,Onondaga,34,38132,2438,1511089
05/17/2021,Onondaga,26,38158,1610,1512699
05/18/2021,Onondaga,72,38230,4087,1516786
05/19/2021,Onondaga,57,38287,4230,1521016
05/20/2021,Onondaga,52,38339,4288,1525304
05/21/2021,Onondaga,41,38380,3006,1528310
05/22/2021,Onondaga,38,38418,3427,1531737
05/23/2021,Onondaga,40,38458,1530,1533267
05/24/2021,Onondaga,17,38475,1653,1534920
05/25/2021,Onondaga,50,38525,2500,1537420
05/26/2021,Onondaga,32,38557,3344,1540764
05/27/2021,Onondaga,39,38596,2722,1543486
05/28/2021,Onondaga,47,38643,3171,1546657
05/29/2021,Onondaga,48,38691,2546,1549203
05/30/2021,Onondaga,12,38703,1564,1550767
05/31/2021,Onondaga,12,38715,400,1551167
06/01/2021,Onondaga,11,38726,1287,1552454
06/02/2021,Onondaga,14,38740,2173,1554627
06/03/2021,Onondaga,18,38758,3942,1558569
06/04/2021,Onondaga,40,38798,3457,1562026
06/05/2021,Onondaga,18,38816,2384,1564410
06/06/2021,Onondaga,23,38839,1038,1565448
06/07/2021,Onondaga,10,38849,1056,1566504
06/08/2021,Onondaga,10,38859,1691,1568195
06/09/2021,Onondaga,16,38875,3147,1571342
06/10/2021,Onondaga,13,38888,2593,1573935
06/11/2021,Onondaga,15,38903,2109,1576044
06/12/2021,Onondaga,10,38913,1380,1577424
06/13/2021,Onondaga,15,38928,983,1578407
06/14/2021,Onondaga,3,38931,989,1579396
06/15/2021,Onondaga,10,38941,1337,1580733
06/16/2021,Onondaga,13,38954,1940,1582673
06/17/2021,Onondaga,6,38960,1730,1584403
06/18/2021,Onondaga,10,38970,1693,1586096
06/19/2021,Onondaga,6,38976,1302,1587398
06/20/2021,Onondaga,4,38980,732,1588130
06/21/2021,Onondaga,10,38990,648,1588778
06/22/2021,Onondaga,8,38998,1444,1590222
06/23/2021,Onondaga,6,39004,1778,1592000
06/24/2021,Onondaga,3,39007,1518,1593518
06/25/2021,Onondaga,0,39007,1297,1594815
06/26/2021,Onondaga,13,39020,1647,1596462
06/27/2021,Onondaga,4,39024,666,1597128
06/28/2021,Onondaga,6,39030,809,1597937
06/29/2021,Onondaga,5,39035,873,1598810
06/30/2021,Onondaga,9,39044,1140,1599950
07/01/2021,Onondaga,22,39066,1660,1601610
07/02/2021,Onondaga,8,39074,1050,1602660
07/03/2021,Onondaga,10,39084,1069,1603729
07/04/2021,Onondaga,5,39089,479,1604208
07/05/2021,Onondaga,5,39094,795,1605003
07/06/2021,Onondaga,7,39101,755,1605758
07/07/2021,Onondaga,6,39107,730,1606488
07/08/2021,Onondaga,19,39126,1561,1608049
07/09/2021,Onondaga,4,39130,1193,1609242
07/10/2021,Onondaga,9,39139,679,1609921
07/11/2021,Onondaga,9,39148,784,1610705
07/12/2021,Onondaga,11,39159,564,1611269
07/13/2021,Onondaga,7,39166,1023,1612292
07/14/2021,Onondaga,7,39173,1214,1613506
07/15/2021,Onondaga,7,39180,968,1614474
07/16/2021,Onondaga,2,39182,917,1615391
07/17/2021,Onondaga,27,39209,1420,1616811
07/18/2021,Onondaga,3,39212,423,1617234
07/19/2021,Onondaga,16,39228,887,1618121
07/20/2021,Onondaga,14,39242,943,1619064
07/21/2021,Onondaga,11,39253,1563,1620627
07/22/2021,Onondaga,18,39271,1280,1621907
07/23/2021,Onondaga,9,39280,856,1622763
07/24/2021,Onondaga,30,39310,1493,1624256
07/25/2021,Onondaga,10,39320,418,1624674
07/26/2021,Onondaga,28,39348,897,1625571
07/27/2021,Onondaga,35,39383,1007,1626578
07/28/2021,Onondaga,37,39420,1447,1628025
07/29/2021,Onondaga,53,39473,1981,1630006
07/30/2021,Onondaga,64,39537,1414,1631420
07/31/2021,Onondaga,43,39580,1529,1632949
08/01/2021,Onondaga,23,39603,568,1633517
08/02/2021,Onondaga,69,39672,1167,1634684
08/03/2021,Onondaga,66,39738,1339,1636023
08/04/2021,Onondaga,59,39797,2060,1638083
08/05/2021,Onondaga,53,39850,1379,1639462
08/06/2021,Onondaga,114,39964,3050,1642512
08/07/2021,Onondaga,66,40030,1934,1644446
08/08/2021,Onondaga,46,40076,1167,1645613
08/09/2021,Onondaga,60,40136,1274,1646887
08/10/2021,Onondaga,64,40200,1682,1648569
08/11/2021,Onondaga,101,40301,2984,1651553
08/12/2021,Onondaga,103,40404,2683,1654236
08/13/2021,Onondaga,116,40520,2783,1657019
08/14/2021,Onondaga,101,40621,2225,1659244
08/15/2021,Onondaga,90,40711,1623,1660867
08/16/2021,Onondaga,96,40807,1613,1662480
08/17/2021,Onondaga,105,40912,2567,1665047
08/18/2021,Onondaga,104,41016,3278,1668325
08/19/2021,Onondaga,103,41119,4088,1672413
08/20/2021,Onondaga,137,41256,2569,1674982
08/21/2021,Onondaga,108,41364,2239,1677221
08/22/2021,Onondaga,129,41493,2005,1679226
08/23/2021,Onondaga,39,41532,1057,1680283
08/24/2021,Onondaga,68,41600,2959,1683242
08/25/2021,Onondaga,88,41688,3116,1686358
08/26/2021,Onondaga,298,41986,4784,1691142
08/27/2021,Onondaga,117,42103,4482,1695624
08/28/2021,Onondaga,79,42182,2926,1698550
08/29/2021,Onondaga,180,42362,2800,1701350
08/30/2021,Onondaga,94,42456,1519,1702869
08/31/2021,Onondaga,97,42553,3040,1705909
09/01/2021,Onondaga,138,42691,3885,1709794
09/02/2021,Onondaga,223,42914,4296,1714090
09/03/2021,Onondaga,162,43076,5046,1719136
09/04/2021,Onondaga,90,43166,2597,1721733
09/05/2021,Onondaga,159,43325,2773,1724506
09/06/2021,Onondaga,95,43420,1353,1725859
09/07/2021,Onondaga,106,43526,2119,1727978
09/08/2021,Onondaga,172,43698,4519,1732497
09/09/2021,Onondaga,208,43906,4326,1736823
09/10/2021,Onondaga,179,44085,3921,1740744
09/11/2021,Onondaga,244,44329,4779,1745523
09/12/2021,Onondaga,106,44435,2101,1747624
09/13/2021,Onondaga,51,44486,1794,1749418
09/14/2021,Onondaga,110,44596,2234,1751652
09/15/2021,Onondaga,288,44884,5457,1757109
09/16/2021,Onondaga,217,45101,5938,1763047
09/17/2021,Onondaga,128,45229,2991,1766038
09/18/2021,Onondaga,207,45436,5379,1771417
09/19/2021,Onondaga,85,45521,2347,1773764
09/20/2021,Onondaga,211,45732,3357,1777121
09/21/2021,Onondaga,121,45853,2835,1779956
09/22/2021,Onondaga,128,45981,3911,1783867
09/23/2021,Onondaga,344,46325,6900,1790767
09/24/2021,Onondaga,213,46538,5199,1795966
09/25/2021,Onondaga,125,46663,3336,1799302
09/26/2021,Onondaga,276,46939,3990,1803292
09/27/2021,Onondaga,143,47082,1780,1805072
09/28/2021,Onondaga,292,47374,6559,1811631
09/29/2021,Onondaga,196,47570,5162,1816793
09/30/2021,Onondaga,354,47924,6084,1822877
10/01/2021,Onondaga,199,48123,4568,1827445
10/02/2021,Onondaga,286,48409,6093,1833538
10/03/2021,Onondaga,79,48488,1602,1835140
10/04/2021,Onondaga,163,48651,3350,1838490
10/05/2021,Onondaga,349,49000,5393,1843883
10/06/2021,Onondaga,204,49204,5017,1848900
10/07/2021,Onondaga,313,49517,5772,1854672
10/08/2021,Onondaga,220,49737,5516,1860188
10/09/2021,Onondaga,141,49878,2964,1863152
10/10/2021,Onondaga,259,50137,4085,1867237
10/11/2021,Onondaga,94,50231,1222,1868459
10/12/2021,Onondaga,195,50426,3717,1872176
10/13/2021,Onondaga,211,50637,4550,1876726
10/14/2021,Onondaga,329,50966,5903,1882629
10/15/2021,Onondaga,276,51242,5156,1887785
10/16/2021,Onondaga,214,51456,5500,1893285
10/17/2021,Onondaga,168,51624,2615,1895900
10/18/2021,Onondaga,65,51689,1198,1897098
10/19/2021,Onondaga,222,51911,4340,1901438
10/20/2021,Onondaga,143,52054,4213,1905651
10/21/2021,Onondaga,112,52166,3557,1909208
10/22/2021,Onondaga,189,52355,6475,1915683
10/23/2021,Onondaga,106,52461,2686,1918369
03/01/2020,Ontario,0,0,0,0
03/02/2020,Ontario,0,0,0,0
03/03/2020,Ontario,0,0,0,0
03/04/2020,Ontario,0,0,0,0
03/05/2020,Ontario,0,0,0,0
03/06/2020,Ontario,0,0,0,0
03/07/2020,Ontario,0,0,0,0
03/08/2020,Ontario,0,0,0,0
03/09/2020,Ontario,0,0,0,0
03/10/2020,Ontario,0,0,0,0
03/11/2020,Ontario,0,0,0,0
03/12/2020,Ontario,0,0,2,2
03/13/2020,Ontario,0,0,4,6
03/14/2020,Ontario,0,0,3,9
03/15/2020,Ontario,1,1,5,14
03/16/2020,Ontario,0,1,1,15
03/17/2020,Ontario,0,1,3,18
03/18/2020,Ontario,0,1,8,26
03/19/2020,Ontario,2,3,15,41
03/20/2020,Ontario,1,4,25,66
03/21/2020,Ontario,2,6,25,91
03/22/2020,Ontario,0,6,5,96
03/23/2020,Ontario,1,7,13,109
03/24/2020,Ontario,2,9,19,128
03/25/2020,Ontario,2,11,21,149
03/26/2020,Ontario,3,14,29,178
03/27/2020,Ontario,2,16,34,212
03/28/2020,Ontario,2,18,26,238
03/29/2020,Ontario,2,20,16,254
03/30/2020,Ontario,2,22,26,280
03/31/2020,Ontario,2,24,37,317
04/01/2020,Ontario,2,26,29,346
04/02/2020,Ontario,2,28,29,375
04/03/2020,Ontario,3,31,36,411
04/04/2020,Ontario,1,32,33,444
04/05/2020,Ontario,0,32,26,470
04/06/2020,Ontario,1,33,32,502
04/07/2020,Ontario,6,39,50,552
04/08/2020,Ontario,4,43,38,590
04/09/2020,Ontario,8,51,50,640
04/10/2020,Ontario,5,56,39,679
04/11/2020,Ontario,1,57,27,706
04/12/2020,Ontario,0,57,12,718
04/13/2020,Ontario,4,61,48,766
04/14/2020,Ontario,1,62,25,791
04/15/2020,Ontario,3,65,31,822
04/16/2020,Ontario,2,67,34,856
04/17/2020,Ontario,2,69,33,889
04/18/2020,Ontario,1,70,24,913
04/19/2020,Ontario,1,71,20,933
04/20/2020,Ontario,1,72,43,976
04/21/2020,Ontario,1,73,66,1042
04/22/2020,Ontario,0,73,31,1073
04/23/2020,Ontario,0,73,37,1110
04/24/2020,Ontario,9,82,239,1349
04/25/2020,Ontario,2,84,34,1383
04/26/2020,Ontario,2,86,40,1423
04/27/2020,Ontario,4,90,50,1473
04/28/2020,Ontario,0,90,60,1533
04/29/2020,Ontario,0,90,78,1611
04/30/2020,Ontario,1,91,91,1702
05/01/2020,Ontario,1,92,62,1764
05/02/2020,Ontario,3,95,90,1854
05/03/2020,Ontario,1,96,81,1935
05/04/2020,Ontario,1,97,86,2021
05/05/2020,Ontario,2,99,105,2126
05/06/2020,Ontario,2,101,121,2247
05/07/2020,Ontario,3,104,108,2355
05/08/2020,Ontario,0,104,69,2424
05/09/2020,Ontario,2,106,109,2533
05/10/2020,Ontario,1,107,92,2625
05/11/2020,Ontario,0,107,74,2699
05/12/2020,Ontario,2,109,140,2839
05/13/2020,Ontario,20,129,334,3173
05/14/2020,Ontario,4,133,135,3308
05/15/2020,Ontario,6,139,136,3444
05/16/2020,Ontario,7,146,160,3604
05/17/2020,Ontario,2,148,96,3700
05/18/2020,Ontario,4,152,157,3857
05/19/2020,Ontario,18,170,351,4208
05/20/2020,Ontario,6,176,264,4472
05/21/2020,Ontario,4,180,191,4663
05/22/2020,Ontario,2,182,125,4788
05/23/2020,Ontario,2,184,201,4989
05/24/2020,Ontario,1,185,99,5088
05/25/2020,Ontario,10,195,218,5306
05/26/2020,Ontario,3,198,182,5488
05/27/2020,Ontario,3,201,246,5734
05/28/2020,Ontario,4,205,209,5943
05/29/2020,Ontario,1,206,126,6069
05/30/2020,Ontario,1,207,328,6397
05/31/2020,Ontario,1,208,188,6585
06/01/2020,Ontario,1,209,206,6791
06/02/2020,Ontario,6,215,485,7276
06/03/2020,Ontario,3,218,421,7697
06/04/2020,Ontario,1,219,379,8076
06/05/2020,Ontario,1,220,505,8581
06/06/2020,Ontario,1,221,236,8817
06/07/2020,Ontario,0,221,293,9110
06/08/2020,Ontario,1,222,238,9348
06/09/2020,Ontario,0,222,403,9751
06/10/2020,Ontario,7,229,520,10271
06/11/2020,Ontario,1,230,392,10663
06/12/2020,Ontario,0,230,337,11000
06/13/2020,Ontario,3,233,420,11420
06/14/2020,Ontario,0,233,240,11660
06/15/2020,Ontario,1,234,338,11998
06/16/2020,Ontario,0,234,319,12317
06/17/2020,Ontario,1,235,214,12531
06/18/2020,Ontario,4,239,327,12858
06/19/2020,Ontario,0,239,354,13212
06/20/2020,Ontario,1,240,271,13483
06/21/2020,Ontario,2,242,271,13754
06/22/2020,Ontario,0,242,207,13961
06/23/2020,Ontario,4,246,293,14254
06/24/2020,Ontario,2,248,261,14515
06/25/2020,Ontario,4,252,285,14800
06/26/2020,Ontario,2,254,408,15208
06/27/2020,Ontario,2,256,226,15434
06/28/2020,Ontario,1,257,302,15736
06/29/2020,Ontario,2,259,252,15988
06/30/2020,Ontario,6,265,268,16256
07/01/2020,Ontario,3,268,288,16544
07/02/2020,Ontario,7,275,301,16845
07/03/2020,Ontario,3,278,385,17230
07/04/2020,Ontario,2,280,241,17471
07/05/2020,Ontario,2,282,223,17694
07/06/2020,Ontario,1,283,406,18100
07/07/2020,Ontario,3,286,321,18421
07/08/2020,Ontario,4,290,370,18791
07/09/2020,Ontario,3,293,296,19087
07/10/2020,Ontario,3,296,474,19561
07/11/2020,Ontario,4,300,324,19885
07/12/2020,Ontario,2,302,241,20126
07/13/2020,Ontario,5,307,359,20485
07/14/2020,Ontario,5,312,386,20871
07/15/2020,Ontario,5,317,423,21294
07/16/2020,Ontario,2,319,393,21687
07/17/2020,Ontario,5,324,437,22124
07/18/2020,Ontario,0,324,200,22324
07/19/2020,Ontario,2,326,262,22586
07/20/2020,Ontario,3,329,391,22977
07/21/2020,Ontario,4,333,377,23354
07/22/2020,Ontario,1,334,427,23781
07/23/2020,Ontario,3,337,433,24214
07/24/2020,Ontario,1,338,450,24664
07/25/2020,Ontario,3,341,329,24993
07/26/2020,Ontario,2,343,210,25203
07/27/2020,Ontario,2,345,295,25498
07/28/2020,Ontario,2,347,373,25871
07/29/2020,Ontario,2,349,397,26268
07/30/2020,Ontario,0,349,579,26847
07/31/2020,Ontario,0,349,393,27240
08/01/2020,Ontario,0,349,273,27513
08/02/2020,Ontario,2,351,221,27734
08/03/2020,Ontario,1,352,255,27989
08/04/2020,Ontario,0,352,370,28359
08/05/2020,Ontario,3,355,414,28773
08/06/2020,Ontario,2,357,453,29226
08/07/2020,Ontario,0,357,273,29499
08/08/2020,Ontario,3,360,365,29864
08/09/2020,Ontario,1,361,231,30095
08/10/2020,Ontario,1,362,346,30441
08/11/2020,Ontario,1,363,441,30882
08/12/2020,Ontario,2,365,471,31353
08/13/2020,Ontario,1,366,587,31940
08/14/2020,Ontario,1,367,417,32357
08/15/2020,Ontario,1,368,414,32771
08/16/2020,Ontario,1,369,306,33077
08/17/2020,Ontario,2,371,416,33493
08/18/2020,Ontario,0,371,499,33992
08/19/2020,Ontario,2,373,535,34527
08/20/2020,Ontario,0,373,720,35247
08/21/2020,Ontario,5,378,600,35847
08/22/2020,Ontario,3,381,466,36313
08/23/2020,Ontario,0,381,439,36752
08/24/2020,Ontario,0,381,382,37134
08/25/2020,Ontario,0,381,386,37520
08/26/2020,Ontario,3,384,339,37859
08/27/2020,Ontario,1,385,456,38315
08/28/2020,Ontario,1,386,396,38711
08/29/2020,Ontario,3,389,394,39105
08/30/2020,Ontario,2,391,292,39397
08/31/2020,Ontario,2,393,218,39615
09/01/2020,Ontario,0,393,332,39947
09/02/2020,Ontario,3,396,369,40316
09/03/2020,Ontario,2,398,626,40942
09/04/2020,Ontario,3,401,400,41342
09/05/2020,Ontario,4,405,450,41792
09/06/2020,Ontario,3,408,178,41970
09/07/2020,Ontario,5,413,211,42181
09/08/2020,Ontario,8,421,452,42633
09/09/2020,Ontario,2,423,268,42901
09/10/2020,Ontario,4,427,311,43212
09/11/2020,Ontario,8,435,1003,44215
09/12/2020,Ontario,4,439,284,44499
09/13/2020,Ontario,4,443,396,44895
09/14/2020,Ontario,1,444,311,45206
09/15/2020,Ontario,5,449,438,45644
09/16/2020,Ontario,3,452,373,46017
09/17/2020,Ontario,2,454,673,46690
09/18/2020,Ontario,2,456,520,47210
09/19/2020,Ontario,5,461,443,47653
09/20/2020,Ontario,3,464,266,47919
09/21/2020,Ontario,1,465,346,48265
09/22/2020,Ontario,1,466,414,48679
09/23/2020,Ontario,1,467,466,49145
09/24/2020,Ontario,2,469,562,49707
09/25/2020,Ontario,2,471,677,50384
09/26/2020,Ontario,2,473,542,50926
09/27/2020,Ontario,1,474,294,51220
09/28/2020,Ontario,1,475,299,51519
09/29/2020,Ontario,0,475,453,51972
09/30/2020,Ontario,6,481,798,52770
10/01/2020,Ontario,3,484,554,53324
10/02/2020,Ontario,2,486,551,53875
10/03/2020,Ontario,3,489,518,54393
10/04/2020,Ontario,2,491,195,54588
10/05/2020,Ontario,9,500,467,55055
10/06/2020,Ontario,2,502,449,55504
10/07/2020,Ontario,3,505,440,55944
10/08/2020,Ontario,6,511,1130,57074
10/09/2020,Ontario,1,512,521,57595
10/10/2020,Ontario,4,516,932,58527
10/11/2020,Ontario,3,519,417,58944
10/12/2020,Ontario,8,527,442,59386
10/13/2020,Ontario,5,532,421,59807
10/14/2020,Ontario,5,537,795,60602
10/15/2020,Ontario,12,549,598,61200
10/16/2020,Ontario,10,559,721,61921
10/17/2020,Ontario,17,576,436,62357
10/18/2020,Ontario,10,586,504,62861
10/19/2020,Ontario,12,598,421,63282
10/20/2020,Ontario,5,603,496,63778
10/21/2020,Ontario,14,617,471,64249
10/22/2020,Ontario,12,629,751,65000
10/23/2020,Ontario,6,635,549,65549
10/24/2020,Ontario,9,644,427,65976
10/25/2020,Ontario,6,650,422,66398
10/26/2020,Ontario,13,663,511,66909
10/27/2020,Ontario,6,669,424,67333
10/28/2020,Ontario,10,679,643,67976
10/29/2020,Ontario,18,697,676,68652
10/30/2020,Ontario,4,701,627,69279
10/31/2020,Ontario,9,710,464,69743
11/01/2020,Ontario,11,721,470,70213
11/02/2020,Ontario,15,736,549,70762
11/03/2020,Ontario,9,745,455,71217
11/04/2020,Ontario,13,758,826,72043
11/05/2020,Ontario,20,778,608,72651
11/06/2020,Ontario,16,794,653,73304
11/07/2020,Ontario,28,822,551,73855
11/08/2020,Ontario,7,829,255,74110
11/09/2020,Ontario,19,848,704,74814
11/10/2020,Ontario,22,870,858,75672
11/11/2020,Ontario,19,889,759,76431
11/12/2020,Ontario,23,912,747,77178
11/13/2020,Ontario,27,939,603,77781
11/14/2020,Ontario,16,955,446,78227
11/15/2020,Ontario,14,969,451,78678
11/16/2020,Ontario,17,986,604,79282
11/17/2020,Ontario,22,1008,652,79934
11/18/2020,Ontario,14,1022,1434,81368
11/19/2020,Ontario,17,1039,512,81880
11/20/2020,Ontario,33,1072,1052,82932
11/21/2020,Ontario,15,1087,1699,84631
11/22/2020,Ontario,42,1129,1719,86350
11/23/2020,Ontario,6,1135,769,87119
11/24/2020,Ontario,29,1164,682,87801
11/25/2020,Ontario,38,1202,800,88601
11/26/2020,Ontario,48,1250,962,89563
11/27/2020,Ontario,23,1273,619,90182
11/28/2020,Ontario,31,1304,618,90800
11/29/2020,Ontario,22,1326,705,91505
11/30/2020,Ontario,28,1354,517,92022
12/01/2020,Ontario,36,1390,786,92808
12/02/2020,Ontario,57,1447,902,93710
12/03/2020,Ontario,74,1521,1056,94766
12/04/2020,Ontario,54,1575,980,95746
12/05/2020,Ontario,54,1629,874,96620
12/06/2020,Ontario,30,1659,381,97001
12/07/2020,Ontario,28,1687,411,97412
12/08/2020,Ontario,77,1764,1091,98503
12/09/2020,Ontario,87,1851,1076,99579
12/10/2020,Ontario,69,1920,1069,100648
12/11/2020,Ontario,75,1995,1101,101749
12/12/2020,Ontario,58,2053,662,102411
12/13/2020,Ontario,55,2108,1009,103420
12/14/2020,Ontario,46,2154,602,104022
12/15/2020,Ontario,49,2203,836,104858
12/16/2020,Ontario,80,2283,1015,105873
12/17/2020,Ontario,84,2367,1197,107070
12/18/2020,Ontario,79,2446,937,108007
12/19/2020,Ontario,62,2508,1076,109083
12/20/2020,Ontario,60,2568,932,110015
12/21/2020,Ontario,45,2613,556,110571
12/22/2020,Ontario,88,2701,702,111273
12/23/2020,Ontario,60,2761,956,112229
12/24/2020,Ontario,77,2838,1151,113380
12/25/2020,Ontario,61,2899,1183,114563
12/26/2020,Ontario,34,2933,425,114988
12/27/2020,Ontario,74,3007,642,115630
12/28/2020,Ontario,66,3073,598,116228
12/29/2020,Ontario,89,3162,649,116877
12/30/2020,Ontario,92,3254,1051,117928
12/31/2020,Ontario,111,3365,1078,119006
01/01/2021,Ontario,92,3457,1013,120019
01/02/2021,Ontario,92,3549,824,120843
01/03/2021,Ontario,103,3652,664,121507
01/04/2021,Ontario,58,3710,627,122134
01/05/2021,Ontario,100,3810,741,122875
01/06/2021,Ontario,90,3900,1273,124148
01/07/2021,Ontario,136,4036,1237,125385
01/08/2021,Ontario,89,4125,1053,126438
01/09/2021,Ontario,72,4197,1085,127523
01/10/2021,Ontario,58,4255,684,128207
01/11/2021,Ontario,81,4336,670,128877
01/12/2021,Ontario,48,4384,616,129493
01/13/2021,Ontario,61,4445,1107,130600
01/14/2021,Ontario,83,4528,1419,132019
01/15/2021,Ontario,64,4592,1143,133162
01/16/2021,Ontario,55,4647,1121,134283
01/17/2021,Ontario,47,4694,944,135227
01/18/2021,Ontario,36,4730,857,136084
01/19/2021,Ontario,40,4770,884,136968
01/20/2021,Ontario,45,4815,840,137808
01/21/2021,Ontario,40,4855,1433,139241
01/22/2021,Ontario,49,4904,1569,140810
01/23/2021,Ontario,35,4939,1248,142058
01/24/2021,Ontario,30,4969,839,142897
01/25/2021,Ontario,30,4999,852,143749
01/26/2021,Ontario,33,5032,890,144639
01/27/2021,Ontario,48,5080,937,145576
01/28/2021,Ontario,36,5116,1280,146856
01/29/2021,Ontario,31,5147,1025,147881
01/30/2021,Ontario,34,5181,1177,149058
01/31/2021,Ontario,24,5205,640,149698
02/01/2021,Ontario,11,5216,404,150102
02/02/2021,Ontario,21,5237,553,150655
02/03/2021,Ontario,41,5278,816,151471
02/04/2021,Ontario,22,5300,828,152299
02/05/2021,Ontario,29,5329,1068,153367
02/06/2021,Ontario,26,5355,1367,154734
02/07/2021,Ontario,28,5383,734,155468
02/08/2021,Ontario,14,5397,338,155806
02/09/2021,Ontario,21,5418,634,156440
02/10/2021,Ontario,28,5446,1133,157573
02/11/2021,Ontario,14,5460,769,158342
02/12/2021,Ontario,10,5470,1209,159551
02/13/2021,Ontario,24,5494,833,160384
02/14/2021,Ontario,21,5515,974,161358
02/15/2021,Ontario,18,5533,375,161733
02/16/2021,Ontario,21,5554,662,162395
02/17/2021,Ontario,28,5582,656,163051
02/18/2021,Ontario,23,5605,813,163864
02/19/2021,Ontario,21,5626,879,164743
02/20/2021,Ontario,20,5646,1317,166060
02/21/2021,Ontario,22,5668,623,166683
02/22/2021,Ontario,13,5681,497,167180
02/23/2021,Ontario,18,5699,703,167883
02/24/2021,Ontario,32,5731,1114,168997
02/25/2021,Ontario,19,5750,929,169926
02/26/2021,Ontario,14,5764,1618,171544
02/27/2021,Ontario,27,5791,1149,172693
02/28/2021,Ontario,10,5801,811,173504
03/01/2021,Ontario,12,5813,263,173767
03/02/2021,Ontario,26,5839,675,174442
03/03/2021,Ontario,19,5858,991,175433
03/04/2021,Ontario,18,5876,1430,176863
03/05/2021,Ontario,22,5898,1197,178060
03/06/2021,Ontario,16,5914,1106,179166
03/07/2021,Ontario,11,5925,549,179715
03/08/2021,Ontario,10,5935,311,180026
03/09/2021,Ontario,15,5950,689,180715
03/10/2021,Ontario,14,5964,1113,181828
03/11/2021,Ontario,18,5982,1308,183136
03/12/2021,Ontario,7,5989,886,184022
03/13/2021,Ontario,25,6014,1152,185174
03/14/2021,Ontario,16,6030,384,185558
03/15/2021,Ontario,15,6045,472,186030
03/16/2021,Ontario,9,6054,605,186635
03/17/2021,Ontario,21,6075,1283,187918
03/18/2021,Ontario,21,6096,1289,189207
03/19/2021,Ontario,21,6117,1227,190434
03/20/2021,Ontario,29,6146,1127,191561
03/21/2021,Ontario,8,6154,432,191993
03/22/2021,Ontario,17,6171,468,192461
03/23/2021,Ontario,18,6189,759,193220
03/24/2021,Ontario,21,6210,1060,194280
03/25/2021,Ontario,23,6233,1421,195701
03/26/2021,Ontario,29,6262,1064,196765
03/27/2021,Ontario,21,6283,1207,197972
03/28/2021,Ontario,14,6297,721,198693
03/29/2021,Ontario,13,6310,466,199159
03/30/2021,Ontario,23,6333,841,200000
03/31/2021,Ontario,21,6354,895,200895
04/01/2021,Ontario,36,6390,1131,202026
04/02/2021,Ontario,28,6418,1175,203201
04/03/2021,Ontario,17,6435,1319,204520
04/04/2021,Ontario,41,6476,525,205045
04/05/2021,Ontario,14,6490,474,205519
04/06/2021,Ontario,29,6519,769,206288
04/07/2021,Ontario,51,6570,1004,207292
04/08/2021,Ontario,41,6611,1382,208674
04/09/2021,Ontario,47,6658,1114,209788
04/10/2021,Ontario,31,6689,1410,211198
04/11/2021,Ontario,31,6720,530,211728
04/12/2021,Ontario,20,6740,477,212205
04/13/2021,Ontario,25,6765,722,212927
04/14/2021,Ontario,46,6811,1017,213944
04/15/2021,Ontario,17,6828,1082,215026
04/16/2021,Ontario,30,6858,1007,216033
04/17/2021,Ontario,29,6887,1300,217333
04/18/2021,Ontario,15,6902,536,217869
04/19/2021,Ontario,18,6920,432,218301
04/20/2021,Ontario,19,6939,625,218926
04/21/2021,Ontario,15,6954,900,219826
04/22/2021,Ontario,19,6973,1035,220861
04/23/2021,Ontario,19,6992,1059,221920
04/24/2021,Ontario,21,7013,1211,223131
04/25/2021,Ontario,16,7029,508,223639
04/26/2021,Ontario,14,7043,507,224146
04/27/2021,Ontario,20,7063,460,224606
04/28/2021,Ontario,25,7088,1083,225689
04/29/2021,Ontario,23,7111,1092,226781
04/30/2021,Ontario,18,7129,1038,227819
05/01/2021,Ontario,25,7154,1096,228915
05/02/2021,Ontario,15,7169,510,229425
05/03/2021,Ontario,17,7186,277,229702
05/04/2021,Ontario,6,7192,646,230348
05/05/2021,Ontario,20,7212,803,231151
05/06/2021,Ontario,22,7234,829,231980
05/07/2021,Ontario,13,7247,1087,233067
05/08/2021,Ontario,11,7258,878,233945
05/09/2021,Ontario,1,7259,587,234532
05/10/2021,Ontario,8,7267,418,234950
05/11/2021,Ontario,5,7272,518,235468
05/12/2021,Ontario,11,7283,749,236217
05/13/2021,Ontario,6,7289,836,237053
05/14/2021,Ontario,10,7299,806,237859
05/15/2021,Ontario,12,7311,860,238719
05/16/2021,Ontario,8,7319,483,239202
05/17/2021,Ontario,4,7323,364,239566
05/18/2021,Ontario,7,7330,549,240115
05/19/2021,Ontario,8,7338,653,240768
05/20/2021,Ontario,6,7344,742,241510
05/21/2021,Ontario,11,7355,670,242180
05/22/2021,Ontario,5,7360,535,242715
05/23/2021,Ontario,2,7362,482,243197
05/24/2021,Ontario,3,7365,229,243426
05/25/2021,Ontario,2,7367,462,243888
05/26/2021,Ontario,4,7371,454,244342
05/27/2021,Ontario,6,7377,528,244870
05/28/2021,Ontario,0,7377,528,245398
05/29/2021,Ontario,4,7381,596,245994
05/30/2021,Ontario,3,7384,427,246421
05/31/2021,Ontario,1,7385,186,246607
06/01/2021,Ontario,5,7390,179,246786
06/02/2021,Ontario,2,7392,516,247302
06/03/2021,Ontario,2,7394,662,247964
06/04/2021,Ontario,1,7395,682,248646
06/05/2021,Ontario,2,7397,519,249165
06/06/2021,Ontario,0,7397,332,249497
06/07/2021,Ontario,3,7400,275,249772
06/08/2021,Ontario,1,7401,371,250143
06/09/2021,Ontario,1,7402,574,250717
06/10/2021,Ontario,0,7402,560,251277
06/11/2021,Ontario,1,7403,485,251762
06/12/2021,Ontario,0,7403,533,252295
06/13/2021,Ontario,2,7405,203,252498
06/14/2021,Ontario,1,7406,258,252756
06/15/2021,Ontario,0,7406,578,253334
06/16/2021,Ontario,0,7406,313,253647
06/17/2021,Ontario,2,7408,322,253969
06/18/2021,Ontario,0,7408,409,254378
06/19/2021,Ontario,0,7408,245,254623
06/20/2021,Ontario,0,7408,177,254800
06/21/2021,Ontario,0,7408,145,254945
06/22/2021,Ontario,2,7410,241,255186
06/23/2021,Ontario,0,7410,288,255474
06/24/2021,Ontario,0,7410,226,255700
06/25/2021,Ontario,0,7410,303,256003
06/26/2021,Ontario,0,7410,234,256237
06/27/2021,Ontario,0,7410,126,256363
06/28/2021,Ontario,0,7410,153,256516
06/29/2021,Ontario,1,7411,215,256731
06/30/2021,Ontario,0,7411,224,256955
07/01/2021,Ontario,0,7411,193,257148
07/02/2021,Ontario,1,7412,225,257373
07/03/2021,Ontario,2,7414,221,257594
07/04/2021,Ontario,1,7415,150,257744
07/05/2021,Ontario,2,7417,90,257834
07/06/2021,Ontario,0,7417,128,257962
07/07/2021,Ontario,1,7418,208,258170
07/08/2021,Ontario,4,7422,253,258423
07/09/2021,Ontario,3,7425,202,258625
07/10/2021,Ontario,2,7427,171,258796
07/11/2021,Ontario,4,7431,234,259030
07/12/2021,Ontario,0,7431,88,259118
07/13/2021,Ontario,0,7431,97,259215
07/14/2021,Ontario,1,7432,240,259455
07/15/2021,Ontario,0,7432,168,259623
07/16/2021,Ontario,3,7435,126,259749
07/17/2021,Ontario,1,7436,240,259989
07/18/2021,Ontario,3,7439,148,260137
07/19/2021,Ontario,4,7443,134,260271
07/20/2021,Ontario,5,7448,233,260504
07/21/2021,Ontario,2,7450,212,260716
07/22/2021,Ontario,7,7457,255,260971
07/23/2021,Ontario,5,7462,206,261177
07/24/2021,Ontario,16,7478,229,261406
07/25/2021,Ontario,1,7479,101,261507
07/26/2021,Ontario,5,7484,224,261731
07/27/2021,Ontario,10,7494,383,262114
07/28/2021,Ontario,5,7499,277,262391
07/29/2021,Ontario,9,7508,252,262643
07/30/2021,Ontario,7,7515,221,262864
07/31/2021,Ontario,11,7526,235,263099
08/01/2021,Ontario,6,7532,196,263295
08/02/2021,Ontario,2,7534,158,263453
08/03/2021,Ontario,3,7537,325,263778
08/04/2021,Ontario,6,7543,297,264075
08/05/2021,Ontario,6,7549,149,264224
08/06/2021,Ontario,7,7556,474,264698
08/07/2021,Ontario,14,7570,296,264994
08/08/2021,Ontario,6,7576,224,265218
08/09/2021,Ontario,8,7584,202,265420
08/10/2021,Ontario,15,7599,434,265854
08/11/2021,Ontario,8,7607,350,266204
08/12/2021,Ontario,24,7631,389,266593
08/13/2021,Ontario,18,7649,428,267021
08/14/2021,Ontario,13,7662,331,267352
08/15/2021,Ontario,22,7684,260,267612
08/16/2021,Ontario,8,7692,300,267912
08/17/2021,Ontario,19,7711,359,268271
08/18/2021,Ontario,8,7719,364,268635
08/19/2021,Ontario,11,7730,640,269275
08/20/2021,Ontario,18,7748,457,269732
08/21/2021,Ontario,20,7768,369,270101
08/22/2021,Ontario,11,7779,347,270448
08/23/2021,Ontario,10,7789,211,270659
08/24/2021,Ontario,21,7810,457,271116
08/25/2021,Ontario,22,7832,525,271641
08/26/2021,Ontario,36,7868,693,272334
08/27/2021,Ontario,24,7892,564,272898
08/28/2021,Ontario,14,7906,379,273277
08/29/2021,Ontario,31,7937,552,273829
08/30/2021,Ontario,13,7950,311,274140
08/31/2021,Ontario,34,7984,681,274821
09/01/2021,Ontario,28,8012,739,275560
09/02/2021,Ontario,25,8037,522,276082
09/03/2021,Ontario,22,8059,835,276917
09/04/2021,Ontario,19,8078,530,277447
09/05/2021,Ontario,21,8099,428,277875
09/06/2021,Ontario,19,8118,292,278167
09/07/2021,Ontario,22,8140,259,278426
09/08/2021,Ontario,32,8172,702,279128
09/09/2021,Ontario,29,8201,821,279949
09/10/2021,Ontario,32,8233,831,280780
09/11/2021,Ontario,39,8272,709,281489
09/12/2021,Ontario,22,8294,381,281870
09/13/2021,Ontario,19,8313,297,282167
09/14/2021,Ontario,20,8333,562,282729
09/15/2021,Ontario,44,8377,1005,283734
09/16/2021,Ontario,28,8405,810,284544
09/17/2021,Ontario,23,8428,554,285098
09/18/2021,Ontario,36,8464,638,285736
09/19/2021,Ontario,22,8486,561,286297
09/20/2021,Ontario,21,8507,474,286771
09/21/2021,Ontario,33,8540,743,287514
09/22/2021,Ontario,29,8569,845,288359
09/23/2021,Ontario,35,8604,896,289255
09/24/2021,Ontario,38,8642,1041,290296
09/25/2021,Ontario,27,8669,676,290972
09/26/2021,Ontario,23,8692,697,291669
09/27/2021,Ontario,17,8709,302,291971
09/28/2021,Ontario,32,8741,917,292888
09/29/2021,Ontario,26,8767,1010,293898
09/30/2021,Ontario,47,8814,1026,294924
10/01/2021,Ontario,32,8846,810,295734
10/02/2021,Ontario,25,8871,769,296503
10/03/2021,Ontario,14,8885,769,297272
10/04/2021,Ontario,25,8910,516,297788
10/05/2021,Ontario,33,8943,842,298630
10/06/2021,Ontario,30,8973,862,299492
10/07/2021,Ontario,20,8993,821,300313
10/08/2021,Ontario,19,9012,848,301161
10/09/2021,Ontario,21,9033,495,301656
10/10/2021,Ontario,31,9064,910,302566
10/11/2021,Ontario,16,9080,385,302951
10/12/2021,Ontario,24,9104,580,303531
10/13/2021,Ontario,20,9124,717,304248
10/14/2021,Ontario,59,9183,975,305223
10/15/2021,Ontario,41,9224,1010,306233
10/16/2021,Ontario,20,9244,669,306902
10/17/2021,Ontario,34,9278,642,307544
10/18/2021,Ontario,18,9296,309,307853
10/19/2021,Ontario,25,9321,754,308607
10/20/2021,Ontario,31,9352,843,309450
10/21/2021,Ontario,26,9378,789,310239
10/22/2021,Ontario,45,9423,910,311149
10/23/2021,Ontario,13,9436,561,311710
03/01/2020,Orange,0,0,0,0
03/02/2020,Orange,0,0,0,0
03/03/2020,Orange,0,0,0,0
03/04/2020,Orange,0,0,0,0
03/05/2020,Orange,0,0,0,0
03/06/2020,Orange,0,0,0,0
03/07/2020,Orange,0,0,0,0
03/08/2020,Orange,0,0,0,0
03/09/2020,Orange,0,0,1,1
03/10/2020,Orange,0,0,0,1
03/11/2020,Orange,1,1,4,5
03/12/2020,Orange,0,1,12,17
03/13/2020,Orange,5,6,22,39
03/14/2020,Orange,0,6,12,51
03/15/2020,Orange,5,11,36,87
03/16/2020,Orange,4,15,36,123
03/17/2020,Orange,17,32,83,206
03/18/2020,Orange,19,51,94,300
03/19/2020,Orange,33,84,180,480
03/20/2020,Orange,79,163,377,857
03/21/2020,Orange,84,247,393,1250
03/22/2020,Orange,142,389,472,1722
03/23/2020,Orange,109,498,340,2062
03/24/2020,Orange,140,638,298,2360
03/25/2020,Orange,113,751,322,2682
03/26/2020,Orange,160,911,394,3076
03/27/2020,Orange,190,1101,498,3574
03/28/2020,Orange,146,1247,373,3947
03/29/2020,Orange,188,1435,394,4341
03/30/2020,Orange,121,1556,306,4647
03/31/2020,Orange,200,1756,477,5124
04/01/2020,Orange,237,1993,628,5752
04/02/2020,Orange,404,2397,1114,6866
04/03/2020,Orange,344,2741,1046,7912
04/04/2020,Orange,361,3102,1077,8989
04/05/2020,Orange,295,3397,827,9816
04/06/2020,Orange,202,3599,604,10420
04/07/2020,Orange,266,3865,711,11131
04/08/2020,Orange,225,4090,578,11709
04/09/2020,Orange,442,4532,1335,13044
04/10/2020,Orange,315,4847,879,13923
04/11/2020,Orange,180,5027,563,14486
04/12/2020,Orange,155,5182,492,14978
04/13/2020,Orange,396,5578,1161,16139
04/14/2020,Orange,138,5716,341,16480
04/15/2020,Orange,172,5888,521,17001
04/16/2020,Orange,196,6084,512,17513
04/17/2020,Orange,182,6266,575,18088
04/18/2020,Orange,113,6379,411,18499
04/19/2020,Orange,103,6482,278,18777
04/20/2020,Orange,79,6561,298,19075
04/21/2020,Orange,129,6690,430,19505
04/22/2020,Orange,126,6816,399,19904
04/23/2020,Orange,339,7155,1213,21117
04/24/2020,Orange,818,7973,2748,23865
04/25/2020,Orange,133,8106,643,24508
04/26/2020,Orange,132,8238,587,25095
04/27/2020,Orange,136,8374,645,25740
04/28/2020,Orange,114,8488,602,26342
04/29/2020,Orange,162,8650,880,27222
04/30/2020,Orange,101,8751,787,28009
05/01/2020,Orange,159,8910,839,28848
05/02/2020,Orange,57,8967,510,29358
05/03/2020,Orange,48,9015,421,29779
05/04/2020,Orange,129,9144,869,30648
05/05/2020,Orange,71,9215,509,31157
05/06/2020,Orange,113,9328,1181,32338
05/07/2020,Orange,74,9402,842,33180
05/08/2020,Orange,84,9486,690,33870
05/09/2020,Orange,57,9543,535,34405
05/10/2020,Orange,41,9584,402,34807
05/11/2020,Orange,48,9632,516,35323
05/12/2020,Orange,61,9693,614,35937
05/13/2020,Orange,78,9771,939,36876
05/14/2020,Orange,54,9825,766,37642
05/15/2020,Orange,54,9879,715,38357
05/16/2020,Orange,64,9943,662,39019
05/17/2020,Orange,22,9965,367,39386
05/18/2020,Orange,23,9988,362,39748
05/19/2020,Orange,55,10043,819,40567
05/20/2020,Orange,49,10092,919,41486
05/21/2020,Orange,50,10142,753,42239
05/22/2020,Orange,55,10197,764,43003
05/23/2020,Orange,28,10225,638,43641
05/24/2020,Orange,19,10244,478,44119
05/25/2020,Orange,33,10277,617,44736
05/26/2020,Orange,15,10292,528,45264
05/27/2020,Orange,33,10325,1013,46277
05/28/2020,Orange,36,10361,868,47145
05/29/2020,Orange,28,10389,776,47921
05/30/2020,Orange,17,10406,683,48604
05/31/2020,Orange,16,10422,713,49317
06/01/2020,Orange,27,10449,1027,50344
06/02/2020,Orange,11,10460,842,51186
06/03/2020,Orange,11,10471,941,52127
06/04/2020,Orange,13,10484,978,53105
06/05/2020,Orange,24,10508,1157,54262
06/06/2020,Orange,6,10514,847,55109
06/07/2020,Orange,9,10523,827,55936
06/08/2020,Orange,10,10533,957,56893
06/09/2020,Orange,8,10541,937,57830
06/10/2020,Orange,9,10550,1056,58886
06/11/2020,Orange,8,10558,1048,59934
06/12/2020,Orange,5,10563,967,60901
06/13/2020,Orange,8,10571,655,61556
06/14/2020,Orange,2,10573,810,62366
06/15/2020,Orange,7,10580,758,63124
06/16/2020,Orange,19,10599,744,63868
06/17/2020,Orange,5,10604,793,64661
06/18/2020,Orange,16,10620,1197,65858
06/19/2020,Orange,18,10638,646,66504
06/20/2020,Orange,10,10648,698,67202
06/21/2020,Orange,6,10654,577,67779
06/22/2020,Orange,12,10666,1239,69018
06/23/2020,Orange,3,10669,502,69520
06/24/2020,Orange,10,10679,912,70432
06/25/2020,Orange,19,10698,887,71319
06/26/2020,Orange,12,10710,1012,72331
06/27/2020,Orange,3,10713,508,72839
06/28/2020,Orange,3,10716,459,73298
06/29/2020,Orange,7,10723,734,74032
06/30/2020,Orange,7,10730,638,74670
07/01/2020,Orange,14,10744,702,75372
07/02/2020,Orange,15,10759,1204,76576
07/03/2020,Orange,7,10766,923,77499
07/04/2020,Orange,9,10775,885,78384
07/05/2020,Orange,6,10781,622,79006
07/06/2020,Orange,17,10798,642,79648
07/07/2020,Orange,8,10806,734,80382
07/08/2020,Orange,4,10810,866,81248
07/09/2020,Orange,10,10820,959,82207
07/10/2020,Orange,10,10830,1007,83214
07/11/2020,Orange,5,10835,847,84061
07/12/2020,Orange,6,10841,605,84666
07/13/2020,Orange,9,10850,914,85580
07/14/2020,Orange,28,10878,947,86527
07/15/2020,Orange,17,10895,796,87323
07/16/2020,Orange,13,10908,1081,88404
07/17/2020,Orange,13,10921,796,89200
07/18/2020,Orange,10,10931,596,89796
07/19/2020,Orange,7,10938,417,90213
07/20/2020,Orange,15,10953,864,91077
07/21/2020,Orange,7,10960,670,91747
07/22/2020,Orange,8,10968,831,92578
07/23/2020,Orange,8,10976,974,93552
07/24/2020,Orange,18,10994,972,94524
07/25/2020,Orange,4,10998,418,94942
07/26/2020,Orange,12,11010,634,95576
07/27/2020,Orange,14,11024,792,96368
07/28/2020,Orange,10,11034,648,97016
07/29/2020,Orange,38,11072,2123,99139
07/30/2020,Orange,10,11082,712,99851
07/31/2020,Orange,6,11088,986,100837
08/01/2020,Orange,5,11093,585,101422
08/02/2020,Orange,3,11096,583,102005
08/03/2020,Orange,9,11105,1050,103055
08/04/2020,Orange,8,11113,659,103714
08/05/2020,Orange,14,11127,848,104562
08/06/2020,Orange,2,11129,734,105296
08/07/2020,Orange,27,11156,1153,106449
08/08/2020,Orange,3,11159,644,107093
08/09/2020,Orange,9,11168,543,107636
08/10/2020,Orange,12,11180,1202,108838
08/11/2020,Orange,11,11191,990,109828
08/12/2020,Orange,19,11210,904,110732
08/13/2020,Orange,7,11217,1055,111787
08/14/2020,Orange,12,11229,1349,113136
08/15/2020,Orange,25,11254,858,113994
08/16/2020,Orange,2,11256,662,114656
08/17/2020,Orange,13,11269,942,115598
08/18/2020,Orange,13,11282,1068,116666
08/19/2020,Orange,10,11292,1080,117746
08/20/2020,Orange,24,11316,1128,118874
08/21/2020,Orange,12,11328,1315,120189
08/22/2020,Orange,6,11334,940,121129
08/23/2020,Orange,9,11343,587,121716
08/24/2020,Orange,11,11354,671,122387
08/25/2020,Orange,12,11366,798,123185
08/26/2020,Orange,16,11382,873,124058
08/27/2020,Orange,17,11399,1435,125493
08/28/2020,Orange,11,11410,1140,126633
08/29/2020,Orange,8,11418,1565,128198
08/30/2020,Orange,15,11433,668,128866
08/31/2020,Orange,12,11445,829,129695
09/01/2020,Orange,15,11460,1787,131482
09/02/2020,Orange,18,11478,1105,132587
09/03/2020,Orange,9,11487,1220,133807
09/04/2020,Orange,17,11504,1095,134902
09/05/2020,Orange,11,11515,944,135846
09/06/2020,Orange,10,11525,654,136500
09/07/2020,Orange,10,11535,651,137151
09/08/2020,Orange,17,11552,891,138042
09/09/2020,Orange,20,11572,973,139015
09/10/2020,Orange,22,11594,1354,140369
09/11/2020,Orange,17,11611,1222,141591
09/12/2020,Orange,24,11635,798,142389
09/13/2020,Orange,17,11652,759,143148
09/14/2020,Orange,24,11676,1534,144682
09/15/2020,Orange,35,11711,816,145498
09/16/2020,Orange,23,11734,1112,146610
09/17/2020,Orange,26,11760,1228,147838
09/18/2020,Orange,30,11790,1413,149251
09/19/2020,Orange,22,11812,916,150167
09/20/2020,Orange,10,11822,724,150891
09/21/2020,Orange,13,11835,1278,152169
09/22/2020,Orange,16,11851,845,153014
09/23/2020,Orange,39,11890,1507,154521
09/24/2020,Orange,65,11955,1592,156113
09/25/2020,Orange,59,12014,1462,157575
09/26/2020,Orange,22,12036,1205,158780
09/27/2020,Orange,26,12062,566,159346
09/28/2020,Orange,60,12122,1497,160843
09/29/2020,Orange,21,12143,1121,161964
09/30/2020,Orange,56,12199,1405,163369
10/01/2020,Orange,74,12273,1595,164964
10/02/2020,Orange,87,12360,1425,166389
10/03/2020,Orange,34,12394,875,167264
10/04/2020,Orange,44,12438,945,168209
10/05/2020,Orange,55,12493,1702,169911
10/06/2020,Orange,70,12563,1790,171701
10/07/2020,Orange,101,12664,2622,174323
10/08/2020,Orange,84,12748,2324,176647
10/09/2020,Orange,50,12798,2234,178881
10/10/2020,Orange,44,12842,1789,180670
10/11/2020,Orange,27,12869,1170,181840
10/12/2020,Orange,61,12930,2106,183946
10/13/2020,Orange,53,12983,1848,185794
10/14/2020,Orange,50,13033,1914,187708
10/15/2020,Orange,65,13098,2966,190674
10/16/2020,Orange,41,13139,1930,192604
10/17/2020,Orange,30,13169,2291,194895
10/18/2020,Orange,13,13182,1107,196002
10/19/2020,Orange,36,13218,1970,197972
10/20/2020,Orange,40,13258,2107,200079
10/21/2020,Orange,45,13303,2056,202135
10/22/2020,Orange,39,13342,2644,204779
10/23/2020,Orange,71,13413,2452,207231
10/24/2020,Orange,44,13457,2062,209293
10/25/2020,Orange,18,13475,1113,210406
10/26/2020,Orange,73,13548,2724,213130
10/27/2020,Orange,49,13597,2001,215131
10/28/2020,Orange,75,13672,2918,218049
10/29/2020,Orange,71,13743,2980,221029
10/30/2020,Orange,87,13830,2916,223945
10/31/2020,Orange,59,13889,1799,225744
11/01/2020,Orange,44,13933,1540,227284
11/02/2020,Orange,65,13998,2871,230155
11/03/2020,Orange,57,14055,1764,231919
11/04/2020,Orange,80,14135,2663,234582
11/05/2020,Orange,86,14221,2453,237035
11/06/2020,Orange,80,14301,2860,239895
11/07/2020,Orange,68,14369,2626,242521
11/08/2020,Orange,96,14465,2728,245249
11/09/2020,Orange,88,14553,3701,248950
11/10/2020,Orange,148,14701,2695,251645
11/11/2020,Orange,102,14803,2401,254046
11/12/2020,Orange,107,14910,2746,256792
11/13/2020,Orange,121,15031,3036,259828
11/14/2020,Orange,93,15124,1531,261359
11/15/2020,Orange,58,15182,1754,263113
11/16/2020,Orange,101,15283,2148,265261
11/17/2020,Orange,129,15412,2464,267725
11/18/2020,Orange,154,15566,2403,270128
11/19/2020,Orange,111,15677,2354,272482
11/20/2020,Orange,122,15799,2552,275034
11/21/2020,Orange,73,15872,2316,277350
11/22/2020,Orange,115,15987,2956,280306
11/23/2020,Orange,106,16093,2270,282576
11/24/2020,Orange,135,16228,2909,285485
11/25/2020,Orange,177,16405,2899,288384
11/26/2020,Orange,150,16555,2576,290960
11/27/2020,Orange,95,16650,1988,292948
11/28/2020,Orange,151,16801,2652,295600
11/29/2020,Orange,90,16891,2081,297681
11/30/2020,Orange,184,17075,3054,300735
12/01/2020,Orange,208,17283,2676,303411
12/02/2020,Orange,213,17496,2846,306257
12/03/2020,Orange,220,17716,2616,308873
12/04/2020,Orange,302,18018,3247,312120
12/05/2020,Orange,201,18219,2286,314406
12/06/2020,Orange,130,18349,2345,316751
12/07/2020,Orange,185,18534,2487,319238
12/08/2020,Orange,186,18720,2287,321525
12/09/2020,Orange,203,18923,2828,324353
12/10/2020,Orange,223,19146,2725,327078
12/11/2020,Orange,184,19330,2768,329846
12/12/2020,Orange,206,19536,2820,332666
12/13/2020,Orange,220,19756,2378,335044
12/14/2020,Orange,136,19892,2050,337094
12/15/2020,Orange,222,20114,3232,340326
12/16/2020,Orange,210,20324,2732,343058
12/17/2020,Orange,393,20717,3998,347056
12/18/2020,Orange,159,20876,2262,349318
12/19/2020,Orange,196,21072,2700,352018
12/20/2020,Orange,76,21148,1434,353452
12/21/2020,Orange,179,21327,2687,356139
12/22/2020,Orange,222,21549,2559,358698
12/23/2020,Orange,273,21822,3353,362051
12/24/2020,Orange,210,22032,3217,365268
12/25/2020,Orange,181,22213,2411,367679
12/26/2020,Orange,129,22342,1932,369611
12/27/2020,Orange,164,22506,1599,371210
12/28/2020,Orange,177,22683,1930,373140
12/29/2020,Orange,336,23019,2803,375943
12/30/2020,Orange,338,23357,3107,379050
12/31/2020,Orange,322,23679,2898,381948
01/01/2021,Orange,354,24033,3350,385298
01/02/2021,Orange,164,24197,1947,387245
01/03/2021,Orange,173,24370,1578,388823
01/04/2021,Orange,209,24579,2138,390961
01/05/2021,Orange,274,24853,2847,393808
01/06/2021,Orange,401,25254,3722,397530
01/07/2021,Orange,429,25683,4442,401972
01/08/2021,Orange,255,25938,2627,404599
01/09/2021,Orange,322,26260,3125,407724
01/10/2021,Orange,228,26488,2427,410151
01/11/2021,Orange,299,26787,2828,412979
01/12/2021,Orange,373,27160,3438,416417
01/13/2021,Orange,312,27472,3300,419717
01/14/2021,Orange,390,27862,4565,424282
01/15/2021,Orange,306,28168,3674,427956
01/16/2021,Orange,218,28386,2973,430929
01/17/2021,Orange,188,28574,2345,433274
01/18/2021,Orange,274,28848,2787,436061
01/19/2021,Orange,230,29078,2732,438793
01/20/2021,Orange,328,29406,3995,442788
01/21/2021,Orange,347,29753,3534,446322
01/22/2021,Orange,259,30012,3611,449933
01/23/2021,Orange,276,30288,3691,453624
01/24/2021,Orange,257,30545,3396,457020
01/25/2021,Orange,364,30909,3713,460733
01/26/2021,Orange,228,31137,3318,464051
01/27/2021,Orange,241,31378,3720,467771
01/28/2021,Orange,248,31626,3825,471596
01/29/2021,Orange,441,32067,5542,477138
01/30/2021,Orange,172,32239,2612,479750
01/31/2021,Orange,168,32407,2320,482070
02/01/2021,Orange,173,32580,2317,484387
02/02/2021,Orange,84,32664,1403,485790
02/03/2021,Orange,166,32830,2020,487810
02/04/2021,Orange,212,33042,3723,491533
02/05/2021,Orange,204,33246,3640,495173
02/06/2021,Orange,179,33425,2851,498024
02/07/2021,Orange,174,33599,2521,500545
02/08/2021,Orange,135,33734,2298,502843
02/09/2021,Orange,175,33909,2523,505366
02/10/2021,Orange,148,34057,3644,509010
02/11/2021,Orange,188,34245,2878,511888
02/12/2021,Orange,197,34442,3395,515283
02/13/2021,Orange,146,34588,2479,517762
02/14/2021,Orange,141,34729,2298,520060
02/15/2021,Orange,169,34898,2398,522458
02/16/2021,Orange,137,35035,2079,524537
02/17/2021,Orange,175,35210,3041,527578
02/18/2021,Orange,145,35355,2836,530414
02/19/2021,Orange,141,35496,3031,533445
02/20/2021,Orange,152,35648,2081,535526
02/21/2021,Orange,107,35755,2020,537546
02/22/2021,Orange,170,35925,1953,539499
02/23/2021,Orange,177,36102,2313,541812
02/24/2021,Orange,232,36334,3510,545322
02/25/2021,Orange,222,36556,3628,548950
02/26/2021,Orange,191,36747,3666,552616
02/27/2021,Orange,205,36952,2827,555443
02/28/2021,Orange,107,37059,2303,557746
03/01/2021,Orange,173,37232,2040,559786
03/02/2021,Orange,209,37441,2942,562728
03/03/2021,Orange,190,37631,3490,566218
03/04/2021,Orange,216,37847,3023,569241
03/05/2021,Orange,182,38029,3599,572840
03/06/2021,Orange,165,38194,2902,575742
03/07/2021,Orange,113,38307,1741,577483
03/08/2021,Orange,146,38453,2448,579931
03/09/2021,Orange,207,38660,3034,582965
03/10/2021,Orange,199,38859,2879,585844
03/11/2021,Orange,272,39131,4141,589985
03/12/2021,Orange,157,39288,2647,592632
03/13/2021,Orange,174,39462,2687,595319
03/14/2021,Orange,113,39575,1726,597045
03/15/2021,Orange,220,39795,2619,599664
03/16/2021,Orange,235,40030,3289,602953
03/17/2021,Orange,247,40277,3359,606312
03/18/2021,Orange,222,40499,3364,609676
03/19/2021,Orange,281,40780,4237,613913
03/20/2021,Orange,213,40993,3057,616970
03/21/2021,Orange,144,41137,1909,618879
03/22/2021,Orange,233,41370,2681,621560
03/23/2021,Orange,257,41627,3212,624772
03/24/2021,Orange,198,41825,3355,628127
03/25/2021,Orange,242,42067,3971,632098
03/26/2021,Orange,261,42328,4386,636484
03/27/2021,Orange,207,42535,2955,639439
03/28/2021,Orange,234,42769,2815,642254
03/29/2021,Orange,246,43015,2929,645183
03/30/2021,Orange,216,43231,2974,648157
03/31/2021,Orange,252,43483,3625,651782
04/01/2021,Orange,203,43686,3925,655707
04/02/2021,Orange,207,43893,3710,659417
04/03/2021,Orange,155,44048,2907,662324
04/04/2021,Orange,137,44185,2191,664515
04/05/2021,Orange,185,44370,2238,666753
04/06/2021,Orange,195,44565,4023,670776
04/07/2021,Orange,128,44693,2624,673400
04/08/2021,Orange,218,44911,4771,678171
04/09/2021,Orange,146,45057,3423,681594
04/10/2021,Orange,137,45194,3025,684619
04/11/2021,Orange,126,45320,1981,686600
04/12/2021,Orange,103,45423,1933,688533
04/13/2021,Orange,160,45583,2926,691459
04/14/2021,Orange,172,45755,3588,695047
04/15/2021,Orange,129,45884,3017,698064
04/16/2021,Orange,137,46021,3048,701112
04/17/2021,Orange,112,46133,3446,704558
04/18/2021,Orange,90,46223,1887,706445
04/19/2021,Orange,81,46304,1807,708252
04/20/2021,Orange,84,46388,2781,711033
04/21/2021,Orange,152,46540,3170,714203
04/22/2021,Orange,82,46622,2898,717101
04/23/2021,Orange,112,46734,3024,720125
04/24/2021,Orange,84,46818,2705,722830
04/25/2021,Orange,74,46892,1949,724779
04/26/2021,Orange,52,46944,1441,726220
04/27/2021,Orange,94,47038,2836,729056
04/28/2021,Orange,83,47121,3216,732272
04/29/2021,Orange,77,47198,3084,735356
04/30/2021,Orange,66,47264,3222,738578
05/01/2021,Orange,53,47317,2869,741447
05/02/2021,Orange,32,47349,1491,742938
05/03/2021,Orange,41,47390,1325,744263
05/04/2021,Orange,47,47437,2077,746340
05/05/2021,Orange,54,47491,2705,749045
05/06/2021,Orange,56,47547,2557,751602
05/07/2021,Orange,68,47615,3637,755239
05/08/2021,Orange,39,47654,2220,757459
05/09/2021,Orange,28,47682,1574,759033
05/10/2021,Orange,24,47706,1746,760779
05/11/2021,Orange,32,47738,2446,763225
05/12/2021,Orange,39,47777,2707,765932
05/13/2021,Orange,31,47808,2677,768609
05/14/2021,Orange,43,47851,2822,771431
05/15/2021,Orange,32,47883,2139,773570
05/16/2021,Orange,25,47908,1395,774965
05/17/2021,Orange,12,47920,1112,776077
05/18/2021,Orange,21,47941,2553,778630
05/19/2021,Orange,25,47966,2611,781241
05/20/2021,Orange,18,47984,2153,783394
05/21/2021,Orange,31,48015,2545,785939
05/22/2021,Orange,18,48033,1832,787771
05/23/2021,Orange,10,48043,1219,788990
05/24/2021,Orange,18,48061,1260,790250
05/25/2021,Orange,18,48079,2296,792546
05/26/2021,Orange,12,48091,1963,794509
05/27/2021,Orange,22,48113,2116,796625
05/28/2021,Orange,19,48132,1934,798559
05/29/2021,Orange,13,48145,1702,800261
05/30/2021,Orange,9,48154,1104,801365
05/31/2021,Orange,8,48162,764,802129
06/01/2021,Orange,10,48172,1178,803307
06/02/2021,Orange,18,48190,2265,805572
06/03/2021,Orange,11,48201,2101,807673
06/04/2021,Orange,15,48216,2400,810073
06/05/2021,Orange,12,48228,1766,811839
06/06/2021,Orange,9,48237,901,812740
06/07/2021,Orange,9,48246,1076,813816
06/08/2021,Orange,11,48257,2155,815971
06/09/2021,Orange,11,48268,1889,817860
06/10/2021,Orange,13,48281,1675,819535
06/11/2021,Orange,13,48294,2049,821584
06/12/2021,Orange,9,48303,1395,822979
06/13/2021,Orange,5,48308,833,823812
06/14/2021,Orange,4,48312,964,824776
06/15/2021,Orange,4,48316,1609,826385
06/16/2021,Orange,10,48326,1654,828039
06/17/2021,Orange,4,48330,1334,829373
06/18/2021,Orange,7,48337,1672,831045
06/19/2021,Orange,8,48345,1300,832345
06/20/2021,Orange,9,48354,698,833043
06/21/2021,Orange,6,48360,975,834018
06/22/2021,Orange,5,48365,1198,835216
06/23/2021,Orange,7,48372,1806,837022
06/24/2021,Orange,3,48375,1730,838752
06/25/2021,Orange,20,48395,2419,841171
06/26/2021,Orange,3,48398,1182,842353
06/27/2021,Orange,7,48405,2349,844702
06/28/2021,Orange,4,48409,841,845543
06/29/2021,Orange,8,48417,1672,847215
06/30/2021,Orange,7,48424,1395,848610
07/01/2021,Orange,7,48431,1618,850228
07/02/2021,Orange,1,48432,1393,851621
07/03/2021,Orange,7,48439,1005,852626
07/04/2021,Orange,1,48440,713,853339
07/05/2021,Orange,13,48453,2266,855605
07/06/2021,Orange,5,48458,972,856577
07/07/2021,Orange,14,48472,1770,858347
07/08/2021,Orange,15,48487,1489,859836
07/09/2021,Orange,12,48499,1444,861280
07/10/2021,Orange,18,48517,903,862183
07/11/2021,Orange,1,48518,822,863005
07/12/2021,Orange,6,48524,995,864000
07/13/2021,Orange,16,48540,1632,865632
07/14/2021,Orange,6,48546,1009,866641
07/15/2021,Orange,15,48561,1077,867718
07/16/2021,Orange,16,48577,1062,868780
07/17/2021,Orange,18,48595,2367,871147
07/18/2021,Orange,17,48612,1470,872617
07/19/2021,Orange,16,48628,2768,875385
07/20/2021,Orange,39,48667,1348,876733
07/21/2021,Orange,38,48705,1548,878281
07/22/2021,Orange,28,48733,1300,879581
07/23/2021,Orange,35,48768,1387,880968
07/24/2021,Orange,38,48806,1190,882158
07/25/2021,Orange,26,48832,984,883142
07/26/2021,Orange,23,48855,946,884088
07/27/2021,Orange,45,48900,4167,888255
07/28/2021,Orange,48,48948,1544,889799
07/29/2021,Orange,40,48988,1624,891423
07/30/2021,Orange,52,49040,2112,893535
07/31/2021,Orange,65,49105,1447,894982
08/01/2021,Orange,35,49140,1341,896323
08/02/2021,Orange,41,49181,1946,898269
08/03/2021,Orange,65,49246,1838,900107
08/04/2021,Orange,101,49347,1958,902065
08/05/2021,Orange,91,49438,1997,904062
08/06/2021,Orange,119,49557,4191,908253
08/07/2021,Orange,95,49652,1746,909999
08/08/2021,Orange,95,49747,1810,911809
08/09/2021,Orange,101,49848,2094,913903
08/10/2021,Orange,123,49971,2487,916390
08/11/2021,Orange,127,50098,3992,920382
08/12/2021,Orange,124,50222,2341,922723
08/13/2021,Orange,112,50334,3165,925888
08/14/2021,Orange,102,50436,2196,928084
08/15/2021,Orange,70,50506,2994,931078
08/16/2021,Orange,95,50601,1954,933032
08/17/2021,Orange,124,50725,4016,937048
08/18/2021,Orange,112,50837,2395,939443
08/19/2021,Orange,105,50942,2610,942053
08/20/2021,Orange,122,51064,3279,945332
08/21/2021,Orange,120,51184,3199,948531
08/22/2021,Orange,96,51280,1702,950233
08/23/2021,Orange,67,51347,1380,951613
08/24/2021,Orange,103,51450,2149,953762
08/25/2021,Orange,114,51564,2263,956025
08/26/2021,Orange,109,51673,2380,958405
08/27/2021,Orange,124,51797,2918,961323
08/28/2021,Orange,156,51953,2462,963785
08/29/2021,Orange,66,52019,1454,965239
08/30/2021,Orange,111,52130,1613,966852
08/31/2021,Orange,117,52247,3877,970729
09/01/2021,Orange,109,52356,2564,973293
09/02/2021,Orange,130,52486,2408,975701
09/03/2021,Orange,121,52607,2744,978445
09/04/2021,Orange,102,52709,2541,980986
09/05/2021,Orange,73,52782,1718,982704
09/06/2021,Orange,80,52862,1169,983873
09/07/2021,Orange,88,52950,1415,985288
09/08/2021,Orange,125,53075,2467,987755
09/09/2021,Orange,134,53209,2635,990390
09/10/2021,Orange,139,53348,3151,993541
09/11/2021,Orange,146,53494,2771,996312
09/12/2021,Orange,85,53579,1473,997785
09/13/2021,Orange,84,53663,1902,999687
09/14/2021,Orange,158,53821,2728,1002415
09/15/2021,Orange,116,53937,2765,1005180
09/16/2021,Orange,108,54045,2662,1007842
09/17/2021,Orange,102,54147,3368,1011210
09/18/2021,Orange,90,54237,2712,1013922
09/19/2021,Orange,88,54325,1823,1015745
09/20/2021,Orange,97,54422,2116,1017861
09/21/2021,Orange,86,54508,2436,1020297
09/22/2021,Orange,111,54619,2644,1022941
09/23/2021,Orange,110,54729,2784,1025725
09/24/2021,Orange,123,54852,3034,1028759
09/25/2021,Orange,123,54975,2953,1031712
09/26/2021,Orange,78,55053,1776,1033488
09/27/2021,Orange,77,55130,2071,1035559
09/28/2021,Orange,87,55217,2780,1038339
09/29/2021,Orange,128,55345,3193,1041532
09/30/2021,Orange,109,55454,3310,1044842
10/01/2021,Orange,115,55569,2842,1047684
10/02/2021,Orange,90,55659,2390,1050074
10/03/2021,Orange,70,55729,2270,1052344
10/04/2021,Orange,99,55828,2583,1054927
10/05/2021,Orange,116,55944,2910,1057837
10/06/2021,Orange,120,56064,3358,1061195
10/07/2021,Orange,116,56180,3370,1064565
10/08/2021,Orange,119,56299,3094,1067659
10/09/2021,Orange,65,56364,1294,1068953
10/10/2021,Orange,125,56489,3777,1072730
10/11/2021,Orange,68,56557,1855,1074585
10/12/2021,Orange,140,56697,2500,1077085
10/13/2021,Orange,104,56801,2426,1079511
10/14/2021,Orange,158,56959,3063,1082574
10/15/2021,Orange,115,57074,2927,1085501
10/16/2021,Orange,118,57192,2768,1088269
10/17/2021,Orange,78,57270,2059,1090328
10/18/2021,Orange,74,57344,1741,1092069
10/19/2021,Orange,108,57452,3289,1095358
10/20/2021,Orange,86,57538,2794,1098152
10/21/2021,Orange,82,57620,2900,1101052
10/22/2021,Orange,92,57712,3201,1104253
10/23/2021,Orange,66,57778,2270,1106523
03/01/2020,Orleans,0,0,0,0
03/02/2020,Orleans,0,0,0,0
03/03/2020,Orleans,0,0,0,0
03/04/2020,Orleans,0,0,0,0
03/05/2020,Orleans,0,0,0,0
03/06/2020,Orleans,0,0,0,0
03/07/2020,Orleans,0,0,0,0
03/08/2020,Orleans,0,0,0,0
03/09/2020,Orleans,0,0,0,0
03/10/2020,Orleans,0,0,0,0
03/11/2020,Orleans,0,0,0,0
03/12/2020,Orleans,0,0,0,0
03/13/2020,Orleans,0,0,1,1
03/14/2020,Orleans,0,0,0,1
03/15/2020,Orleans,0,0,0,1
03/16/2020,Orleans,0,0,5,6
03/17/2020,Orleans,0,0,5,11
03/18/2020,Orleans,0,0,3,14
03/19/2020,Orleans,0,0,6,20
03/20/2020,Orleans,0,0,5,25
03/21/2020,Orleans,0,0,7,32
03/22/2020,Orleans,0,0,4,36
03/23/2020,Orleans,2,2,9,45
03/24/2020,Orleans,0,2,7,52
03/25/2020,Orleans,0,2,11,63
03/26/2020,Orleans,1,3,11,74
03/27/2020,Orleans,0,3,8,82
03/28/2020,Orleans,0,3,3,85
03/29/2020,Orleans,1,4,11,96
03/30/2020,Orleans,2,6,14,110
03/31/2020,Orleans,0,6,6,116
04/01/2020,Orleans,0,6,11,127
04/02/2020,Orleans,3,9,13,140
04/03/2020,Orleans,1,10,11,151
04/04/2020,Orleans,1,11,9,160
04/05/2020,Orleans,2,13,16,176
04/06/2020,Orleans,2,15,17,193
04/07/2020,Orleans,1,16,14,207
04/08/2020,Orleans,6,22,27,234
04/09/2020,Orleans,2,24,14,248
04/10/2020,Orleans,0,24,3,251
04/11/2020,Orleans,1,25,7,258
04/12/2020,Orleans,1,26,6,264
04/13/2020,Orleans,5,31,18,282
04/14/2020,Orleans,2,33,8,290
04/15/2020,Orleans,1,34,5,295
04/16/2020,Orleans,0,34,4,299
04/17/2020,Orleans,7,41,14,313
04/18/2020,Orleans,5,46,35,348
04/19/2020,Orleans,0,46,3,351
04/20/2020,Orleans,7,53,33,384
04/21/2020,Orleans,3,56,11,395
04/22/2020,Orleans,3,59,11,406
04/23/2020,Orleans,1,60,13,419
04/24/2020,Orleans,15,75,98,517
04/25/2020,Orleans,5,80,28,545
04/26/2020,Orleans,0,80,14,559
04/27/2020,Orleans,0,80,8,567
04/28/2020,Orleans,5,85,26,593
04/29/2020,Orleans,4,89,35,628
04/30/2020,Orleans,3,92,23,651
05/01/2020,Orleans,1,93,29,680
05/02/2020,Orleans,4,97,22,702
05/03/2020,Orleans,0,97,21,723
05/04/2020,Orleans,2,99,15,738
05/05/2020,Orleans,4,103,36,774
05/06/2020,Orleans,5,108,33,807
05/07/2020,Orleans,13,121,62,869
05/08/2020,Orleans,1,122,29,898
05/09/2020,Orleans,4,126,41,939
05/10/2020,Orleans,4,130,40,979
05/11/2020,Orleans,3,133,31,1010
05/12/2020,Orleans,9,142,61,1071
05/13/2020,Orleans,3,145,57,1128
05/14/2020,Orleans,2,147,38,1166
05/15/2020,Orleans,16,163,102,1268
05/16/2020,Orleans,4,167,59,1327
05/17/2020,Orleans,0,167,42,1369
05/18/2020,Orleans,1,168,48,1417
05/19/2020,Orleans,3,171,60,1477
05/20/2020,Orleans,3,174,98,1575
05/21/2020,Orleans,1,175,50,1625
05/22/2020,Orleans,21,196,85,1710
05/23/2020,Orleans,6,202,129,1839
05/24/2020,Orleans,3,205,63,1902
05/25/2020,Orleans,3,208,49,1951
05/26/2020,Orleans,2,210,44,1995
05/27/2020,Orleans,2,212,117,2112
05/28/2020,Orleans,4,216,112,2224
05/29/2020,Orleans,12,228,83,2307
05/30/2020,Orleans,1,229,101,2408
05/31/2020,Orleans,7,236,105,2513
06/01/2020,Orleans,5,241,89,2602
06/02/2020,Orleans,5,246,157,2759
06/03/2020,Orleans,1,247,81,2840
06/04/2020,Orleans,0,247,102,2942
06/05/2020,Orleans,7,254,183,3125
06/06/2020,Orleans,1,255,115,3240
06/07/2020,Orleans,1,256,69,3309
06/08/2020,Orleans,1,257,77,3386
06/09/2020,Orleans,2,259,117,3503
06/10/2020,Orleans,1,260,89,3592
06/11/2020,Orleans,0,260,89,3681
06/12/2020,Orleans,1,261,114,3795
06/13/2020,Orleans,6,267,92,3887
06/14/2020,Orleans,1,268,60,3947
06/15/2020,Orleans,0,268,117,4064
06/16/2020,Orleans,2,270,81,4145
06/17/2020,Orleans,1,271,121,4266
06/18/2020,Orleans,3,274,110,4376
06/19/2020,Orleans,1,275,89,4465
06/20/2020,Orleans,1,276,97,4562
06/21/2020,Orleans,0,276,111,4673
06/22/2020,Orleans,1,277,98,4771
06/23/2020,Orleans,0,277,53,4824
06/24/2020,Orleans,2,279,85,4909
06/25/2020,Orleans,0,279,37,4946
06/26/2020,Orleans,1,280,128,5074
06/27/2020,Orleans,1,281,98,5172
06/28/2020,Orleans,0,281,121,5293
06/29/2020,Orleans,0,281,70,5363
06/30/2020,Orleans,0,281,84,5447
07/01/2020,Orleans,1,282,68,5515
07/02/2020,Orleans,0,282,78,5593
07/03/2020,Orleans,0,282,152,5745
07/04/2020,Orleans,0,282,138,5883
07/05/2020,Orleans,2,284,95,5978
07/06/2020,Orleans,1,285,98,6076
07/07/2020,Orleans,1,286,115,6191
07/08/2020,Orleans,0,286,41,6232
07/09/2020,Orleans,1,287,140,6372
07/10/2020,Orleans,0,287,105,6477
07/11/2020,Orleans,0,287,144,6621
07/12/2020,Orleans,0,287,66,6687
07/13/2020,Orleans,1,288,65,6752
07/14/2020,Orleans,0,288,81,6833
07/15/2020,Orleans,0,288,147,6980
07/16/2020,Orleans,0,288,73,7053
07/17/2020,Orleans,0,288,114,7167
07/18/2020,Orleans,0,288,48,7215
07/19/2020,Orleans,0,288,64,7279
07/20/2020,Orleans,0,288,90,7369
07/21/2020,Orleans,0,288,72,7441
07/22/2020,Orleans,0,288,78,7519
07/23/2020,Orleans,1,289,85,7604
07/24/2020,Orleans,0,289,71,7675
07/25/2020,Orleans,1,290,70,7745
07/26/2020,Orleans,0,290,75,7820
07/27/2020,Orleans,0,290,74,7894
07/28/2020,Orleans,1,291,111,8005
07/29/2020,Orleans,0,291,80,8085
07/30/2020,Orleans,2,293,100,8185
07/31/2020,Orleans,2,295,170,8355
08/01/2020,Orleans,0,295,81,8436
08/02/2020,Orleans,0,295,61,8497
08/03/2020,Orleans,0,295,123,8620
08/04/2020,Orleans,2,297,162,8782
08/05/2020,Orleans,0,297,66,8848
08/06/2020,Orleans,0,297,111,8959
08/07/2020,Orleans,1,298,199,9158
08/08/2020,Orleans,0,298,89,9247
08/09/2020,Orleans,0,298,65,9312
08/10/2020,Orleans,0,298,110,9422
08/11/2020,Orleans,0,298,110,9532
08/12/2020,Orleans,1,299,166,9698
08/13/2020,Orleans,0,299,113,9811
08/14/2020,Orleans,1,300,104,9915
08/15/2020,Orleans,1,301,174,10089
08/16/2020,Orleans,1,302,75,10164
08/17/2020,Orleans,0,302,96,10260
08/18/2020,Orleans,1,303,134,10394
08/19/2020,Orleans,0,303,95,10489
08/20/2020,Orleans,0,303,94,10583
08/21/2020,Orleans,1,304,130,10713
08/22/2020,Orleans,0,304,111,10824
08/23/2020,Orleans,0,304,99,10923
08/24/2020,Orleans,0,304,67,10990
08/25/2020,Orleans,1,305,143,11133
08/26/2020,Orleans,0,305,105,11238
08/27/2020,Orleans,1,306,97,11335
08/28/2020,Orleans,0,306,147,11482
08/29/2020,Orleans,0,306,114,11596
08/30/2020,Orleans,0,306,118,11714
08/31/2020,Orleans,0,306,71,11785
09/01/2020,Orleans,0,306,112,11897
09/02/2020,Orleans,0,306,184,12081
09/03/2020,Orleans,1,307,225,12306
09/04/2020,Orleans,3,310,161,12467
09/05/2020,Orleans,4,314,347,12814
09/06/2020,Orleans,1,315,66,12880
09/07/2020,Orleans,2,317,130,13010
09/08/2020,Orleans,0,317,86,13096
09/09/2020,Orleans,1,318,99,13195
09/10/2020,Orleans,2,320,195,13390
09/11/2020,Orleans,1,321,123,13513
09/12/2020,Orleans,0,321,132,13645
09/13/2020,Orleans,0,321,81,13726
09/14/2020,Orleans,1,322,57,13783
09/15/2020,Orleans,0,322,165,13948
09/16/2020,Orleans,0,322,251,14199
09/17/2020,Orleans,0,322,160,14359
09/18/2020,Orleans,1,323,240,14599
09/19/2020,Orleans,0,323,171,14770
09/20/2020,Orleans,1,324,62,14832
09/21/2020,Orleans,1,325,278,15110
09/22/2020,Orleans,0,325,144,15254
09/23/2020,Orleans,2,327,256,15510
09/24/2020,Orleans,3,330,164,15674
09/25/2020,Orleans,2,332,149,15823
09/26/2020,Orleans,3,335,162,15985
09/27/2020,Orleans,0,335,80,16065
09/28/2020,Orleans,0,335,131,16196
09/29/2020,Orleans,1,336,135,16331
09/30/2020,Orleans,0,336,192,16523
10/01/2020,Orleans,0,336,118,16641
10/02/2020,Orleans,1,337,164,16805
10/03/2020,Orleans,0,337,130,16935
10/04/2020,Orleans,0,337,47,16982
10/05/2020,Orleans,1,338,89,17071
10/06/2020,Orleans,2,340,148,17219
10/07/2020,Orleans,2,342,190,17409
10/08/2020,Orleans,1,343,163,17572
10/09/2020,Orleans,1,344,178,17750
10/10/2020,Orleans,6,350,170,17920
10/11/2020,Orleans,2,352,81,18001
10/12/2020,Orleans,2,354,133,18134
10/13/2020,Orleans,1,355,97,18231
10/14/2020,Orleans,1,356,175,18406
10/15/2020,Orleans,3,359,176,18582
10/16/2020,Orleans,1,360,161,18743
10/17/2020,Orleans,2,362,105,18848
10/18/2020,Orleans,1,363,133,18981
10/19/2020,Orleans,5,368,105,19086
10/20/2020,Orleans,8,376,114,19200
10/21/2020,Orleans,2,378,190,19390
10/22/2020,Orleans,1,379,174,19564
10/23/2020,Orleans,6,385,228,19792
10/24/2020,Orleans,8,393,137,19929
10/25/2020,Orleans,6,399,167,20096
10/26/2020,Orleans,2,401,146,20242
10/27/2020,Orleans,5,406,106,20348
10/28/2020,Orleans,6,412,205,20553
10/29/2020,Orleans,1,413,158,20711
10/30/2020,Orleans,0,413,149,20860
10/31/2020,Orleans,0,413,157,21017
11/01/2020,Orleans,2,415,196,21213
11/02/2020,Orleans,3,418,132,21345
11/03/2020,Orleans,3,421,96,21441
11/04/2020,Orleans,1,422,182,21623
11/05/2020,Orleans,7,429,191,21814
11/06/2020,Orleans,5,434,234,22048
11/07/2020,Orleans,8,442,161,22209
11/08/2020,Orleans,8,450,63,22272
11/09/2020,Orleans,3,453,181,22453
11/10/2020,Orleans,13,466,214,22667
11/11/2020,Orleans,14,480,133,22800
11/12/2020,Orleans,18,498,238,23038
11/13/2020,Orleans,10,508,242,23280
11/14/2020,Orleans,7,515,64,23344
11/15/2020,Orleans,6,521,141,23485
11/16/2020,Orleans,5,526,197,23682
11/17/2020,Orleans,12,538,136,23818
11/18/2020,Orleans,10,548,192,24010
11/19/2020,Orleans,2,550,89,24099
11/20/2020,Orleans,4,554,233,24332
11/21/2020,Orleans,7,561,119,24451
11/22/2020,Orleans,15,576,385,24836
11/23/2020,Orleans,5,581,258,25094
11/24/2020,Orleans,4,585,178,25272
11/25/2020,Orleans,13,598,243,25515
11/26/2020,Orleans,6,604,225,25740
11/27/2020,Orleans,14,618,175,25915
11/28/2020,Orleans,5,623,387,26302
11/29/2020,Orleans,7,630,175,26477
11/30/2020,Orleans,4,634,137,26614
12/01/2020,Orleans,11,645,296,26910
12/02/2020,Orleans,7,652,193,27103
12/03/2020,Orleans,20,672,391,27494
12/04/2020,Orleans,21,693,308,27802
12/05/2020,Orleans,15,708,212,28014
12/06/2020,Orleans,13,721,190,28204
12/07/2020,Orleans,9,730,150,28354
12/08/2020,Orleans,26,756,235,28589
12/09/2020,Orleans,32,788,230,28819
12/10/2020,Orleans,28,816,288,29107
12/11/2020,Orleans,22,838,370,29477
12/12/2020,Orleans,22,860,316,29793
12/13/2020,Orleans,27,887,210,30003
12/14/2020,Orleans,17,904,175,30178
12/15/2020,Orleans,19,923,151,30329
12/16/2020,Orleans,27,950,216,30545
12/17/2020,Orleans,38,988,634,31179
12/18/2020,Orleans,30,1018,428,31607
12/19/2020,Orleans,38,1056,401,32008
12/20/2020,Orleans,25,1081,224,32232
12/21/2020,Orleans,15,1096,184,32416
12/22/2020,Orleans,43,1139,637,33053
12/23/2020,Orleans,15,1154,215,33268
12/24/2020,Orleans,26,1180,406,33674
12/25/2020,Orleans,39,1219,261,33935
12/26/2020,Orleans,22,1241,253,34188
12/27/2020,Orleans,12,1253,153,34341
12/28/2020,Orleans,6,1259,132,34473
12/29/2020,Orleans,65,1324,617,35090
12/30/2020,Orleans,35,1359,345,35435
12/31/2020,Orleans,38,1397,507,35942
01/01/2021,Orleans,25,1422,178,36120
01/02/2021,Orleans,19,1441,212,36332
01/03/2021,Orleans,23,1464,186,36518
01/04/2021,Orleans,35,1499,204,36722
01/05/2021,Orleans,22,1521,240,36962
01/06/2021,Orleans,31,1552,298,37260
01/07/2021,Orleans,77,1629,964,38224
01/08/2021,Orleans,32,1661,345,38569
01/09/2021,Orleans,41,1702,328,38897
01/10/2021,Orleans,14,1716,212,39109
01/11/2021,Orleans,21,1737,271,39380
01/12/2021,Orleans,28,1765,231,39611
01/13/2021,Orleans,33,1798,295,39906
01/14/2021,Orleans,53,1851,998,40904
01/15/2021,Orleans,31,1882,434,41338
01/16/2021,Orleans,16,1898,312,41650
01/17/2021,Orleans,10,1908,211,41861
01/18/2021,Orleans,11,1919,222,42083
01/19/2021,Orleans,26,1945,231,42314
01/20/2021,Orleans,23,1968,349,42663
01/21/2021,Orleans,35,2003,726,43389
01/22/2021,Orleans,21,2024,289,43678
01/23/2021,Orleans,8,2032,238,43916
01/24/2021,Orleans,10,2042,206,44122
01/25/2021,Orleans,20,2062,309,44431
01/26/2021,Orleans,21,2083,279,44710
01/27/2021,Orleans,30,2113,327,45037
01/28/2021,Orleans,33,2146,612,45649
01/29/2021,Orleans,12,2158,321,45970
01/30/2021,Orleans,15,2173,221,46191
01/31/2021,Orleans,7,2180,173,46364
02/01/2021,Orleans,10,2190,218,46582
02/02/2021,Orleans,25,2215,213,46795
02/03/2021,Orleans,35,2250,369,47164
02/04/2021,Orleans,31,2281,404,47568
02/05/2021,Orleans,13,2294,300,47868
02/06/2021,Orleans,15,2309,220,48088
02/07/2021,Orleans,9,2318,191,48279
02/08/2021,Orleans,6,2324,179,48458
02/09/2021,Orleans,3,2327,161,48619
02/10/2021,Orleans,9,2336,374,48993
02/11/2021,Orleans,17,2353,339,49332
02/12/2021,Orleans,10,2363,242,49574
02/13/2021,Orleans,4,2367,195,49769
02/14/2021,Orleans,3,2370,203,49972
02/15/2021,Orleans,3,2373,145,50117
02/16/2021,Orleans,6,2379,166,50283
02/17/2021,Orleans,2,2381,242,50525
02/18/2021,Orleans,6,2387,250,50775
02/19/2021,Orleans,7,2394,227,51002
02/20/2021,Orleans,4,2398,215,51217
02/21/2021,Orleans,5,2403,177,51394
02/22/2021,Orleans,6,2409,179,51573
02/23/2021,Orleans,13,2422,294,51867
02/24/2021,Orleans,11,2433,354,52221
02/25/2021,Orleans,6,2439,304,52525
02/26/2021,Orleans,5,2444,245,52770
02/27/2021,Orleans,3,2447,215,52985
02/28/2021,Orleans,4,2451,150,53135
03/01/2021,Orleans,1,2452,164,53299
03/02/2021,Orleans,4,2456,230,53529
03/03/2021,Orleans,7,2463,282,53811
03/04/2021,Orleans,4,2467,329,54140
03/05/2021,Orleans,5,2472,216,54356
03/06/2021,Orleans,5,2477,205,54561
03/07/2021,Orleans,4,2481,176,54737
03/08/2021,Orleans,1,2482,131,54868
03/09/2021,Orleans,4,2486,270,55138
03/10/2021,Orleans,4,2490,283,55421
03/11/2021,Orleans,7,2497,275,55696
03/12/2021,Orleans,7,2504,257,55953
03/13/2021,Orleans,4,2508,215,56168
03/14/2021,Orleans,2,2510,122,56290
03/15/2021,Orleans,2,2512,182,56472
03/16/2021,Orleans,3,2515,334,56806
03/17/2021,Orleans,5,2520,250,57056
03/18/2021,Orleans,12,2532,273,57329
03/19/2021,Orleans,5,2537,230,57559
03/20/2021,Orleans,3,2540,207,57766
03/21/2021,Orleans,6,2546,173,57939
03/22/2021,Orleans,3,2549,237,58176
03/23/2021,Orleans,6,2555,270,58446
03/24/2021,Orleans,4,2559,302,58748
03/25/2021,Orleans,8,2567,375,59123
03/26/2021,Orleans,3,2570,313,59436
03/27/2021,Orleans,4,2574,297,59733
03/28/2021,Orleans,1,2575,226,59959
03/29/2021,Orleans,6,2581,200,60159
03/30/2021,Orleans,10,2591,224,60383
03/31/2021,Orleans,12,2603,252,60635
04/01/2021,Orleans,7,2610,433,61068
04/02/2021,Orleans,12,2622,303,61371
04/03/2021,Orleans,7,2629,215,61586
04/04/2021,Orleans,8,2637,169,61755
04/05/2021,Orleans,4,2641,346,62101
04/06/2021,Orleans,9,2650,203,62304
04/07/2021,Orleans,8,2658,319,62623
04/08/2021,Orleans,15,2673,539,63162
04/09/2021,Orleans,9,2682,279,63441
04/10/2021,Orleans,9,2691,218,63659
04/11/2021,Orleans,6,2697,90,63749
04/12/2021,Orleans,5,2702,312,64061
04/13/2021,Orleans,14,2716,416,64477
04/14/2021,Orleans,18,2734,301,64778
04/15/2021,Orleans,7,2741,343,65121
04/16/2021,Orleans,13,2754,394,65515
04/17/2021,Orleans,22,2776,340,65855
04/18/2021,Orleans,6,2782,227,66082
04/19/2021,Orleans,10,2792,173,66255
04/20/2021,Orleans,9,2801,347,66602
04/21/2021,Orleans,22,2823,387,66989
04/22/2021,Orleans,11,2834,337,67326
04/23/2021,Orleans,13,2847,310,67636
04/24/2021,Orleans,16,2863,484,68120
04/25/2021,Orleans,6,2869,163,68283
04/26/2021,Orleans,10,2879,180,68463
04/27/2021,Orleans,10,2889,215,68678
04/28/2021,Orleans,21,2910,379,69057
04/29/2021,Orleans,13,2923,359,69416
04/30/2021,Orleans,9,2932,277,69693
05/01/2021,Orleans,9,2941,270,69963
05/02/2021,Orleans,9,2950,208,70171
05/03/2021,Orleans,17,2967,149,70320
05/04/2021,Orleans,9,2976,354,70674
05/05/2021,Orleans,13,2989,561,71235
05/06/2021,Orleans,3,2992,269,71504
05/07/2021,Orleans,8,3000,477,71981
05/08/2021,Orleans,20,3020,239,72220
05/09/2021,Orleans,8,3028,208,72428
05/10/2021,Orleans,3,3031,166,72594
05/11/2021,Orleans,4,3035,270,72864
05/12/2021,Orleans,8,3043,490,73354
05/13/2021,Orleans,5,3048,265,73619
05/14/2021,Orleans,3,3051,340,73959
05/15/2021,Orleans,5,3056,200,74159
05/16/2021,Orleans,5,3061,136,74295
05/17/2021,Orleans,2,3063,140,74435
05/18/2021,Orleans,8,3071,282,74717
05/19/2021,Orleans,5,3076,352,75069
05/20/2021,Orleans,3,3079,286,75355
05/21/2021,Orleans,7,3086,319,75674
05/22/2021,Orleans,4,3090,144,75818
05/23/2021,Orleans,3,3093,99,75917
05/24/2021,Orleans,0,3093,121,76038
05/25/2021,Orleans,7,3100,233,76271
05/26/2021,Orleans,5,3105,379,76650
05/27/2021,Orleans,2,3107,199,76849
05/28/2021,Orleans,2,3109,287,77136
05/29/2021,Orleans,0,3109,126,77262
05/30/2021,Orleans,1,3110,65,77327
05/31/2021,Orleans,0,3110,115,77442
06/01/2021,Orleans,0,3110,144,77586
06/02/2021,Orleans,0,3110,335,77921
06/03/2021,Orleans,3,3113,165,78086
06/04/2021,Orleans,2,3115,228,78314
06/05/2021,Orleans,2,3117,154,78468
06/06/2021,Orleans,0,3117,69,78537
06/07/2021,Orleans,0,3117,172,78709
06/08/2021,Orleans,0,3117,200,78909
06/09/2021,Orleans,0,3117,214,79123
06/10/2021,Orleans,1,3118,175,79298
06/11/2021,Orleans,0,3118,210,79508
06/12/2021,Orleans,0,3118,107,79615
06/13/2021,Orleans,0,3118,39,79654
06/14/2021,Orleans,0,3118,98,79752
06/15/2021,Orleans,2,3120,182,79934
06/16/2021,Orleans,0,3120,123,80057
06/17/2021,Orleans,0,3120,136,80193
06/18/2021,Orleans,1,3121,143,80336
06/19/2021,Orleans,0,3121,98,80434
06/20/2021,Orleans,0,3121,47,80481
06/21/2021,Orleans,0,3121,67,80548
06/22/2021,Orleans,0,3121,106,80654
06/23/2021,Orleans,2,3123,97,80751
06/24/2021,Orleans,0,3123,97,80848
06/25/2021,Orleans,0,3123,138,80986
06/26/2021,Orleans,0,3123,90,81076
06/27/2021,Orleans,0,3123,59,81135
06/28/2021,Orleans,0,3123,79,81214
06/29/2021,Orleans,0,3123,97,81311
06/30/2021,Orleans,1,3124,113,81424
07/01/2021,Orleans,1,3125,84,81508
07/02/2021,Orleans,0,3125,79,81587
07/03/2021,Orleans,0,3125,62,81649
07/04/2021,Orleans,0,3125,57,81706
07/05/2021,Orleans,0,3125,44,81750
07/06/2021,Orleans,0,3125,57,81807
07/07/2021,Orleans,0,3125,71,81878
07/08/2021,Orleans,1,3126,93,81971
07/09/2021,Orleans,3,3129,82,82053
07/10/2021,Orleans,0,3129,57,82110
07/11/2021,Orleans,1,3130,69,82179
07/12/2021,Orleans,0,3130,50,82229
07/13/2021,Orleans,2,3132,56,82285
07/14/2021,Orleans,0,3132,73,82358
07/15/2021,Orleans,0,3132,78,82436
07/16/2021,Orleans,0,3132,59,82495
07/17/2021,Orleans,2,3134,79,82574
07/18/2021,Orleans,0,3134,37,82611
07/19/2021,Orleans,0,3134,40,82651
07/20/2021,Orleans,2,3136,69,82720
07/21/2021,Orleans,0,3136,62,82782
07/22/2021,Orleans,2,3138,85,82867
07/23/2021,Orleans,1,3139,87,82954
07/24/2021,Orleans,2,3141,55,83009
07/25/2021,Orleans,0,3141,32,83041
07/26/2021,Orleans,1,3142,53,83094
07/27/2021,Orleans,0,3142,86,83180
07/28/2021,Orleans,1,3143,68,83248
07/29/2021,Orleans,0,3143,78,83326
07/30/2021,Orleans,1,3144,96,83422
07/31/2021,Orleans,0,3144,68,83490
08/01/2021,Orleans,0,3144,40,83530
08/02/2021,Orleans,2,3146,58,83588
08/03/2021,Orleans,2,3148,77,83665
08/04/2021,Orleans,3,3151,87,83752
08/05/2021,Orleans,5,3156,73,83825
08/06/2021,Orleans,9,3165,143,83968
08/07/2021,Orleans,3,3168,82,84050
08/08/2021,Orleans,2,3170,43,84093
08/09/2021,Orleans,4,3174,63,84156
08/10/2021,Orleans,8,3182,111,84267
08/11/2021,Orleans,11,3193,94,84361
08/12/2021,Orleans,9,3202,142,84503
08/13/2021,Orleans,9,3211,167,84670
08/14/2021,Orleans,2,3213,89,84759
08/15/2021,Orleans,4,3217,73,84832
08/16/2021,Orleans,4,3221,112,84944
08/17/2021,Orleans,4,3225,111,85055
08/18/2021,Orleans,8,3233,149,85204
08/19/2021,Orleans,7,3240,150,85354
08/20/2021,Orleans,9,3249,170,85524
08/21/2021,Orleans,5,3254,111,85635
08/22/2021,Orleans,3,3257,80,85715
08/23/2021,Orleans,7,3264,83,85798
08/24/2021,Orleans,8,3272,132,85930
08/25/2021,Orleans,7,3279,122,86052
08/26/2021,Orleans,13,3292,218,86270
08/27/2021,Orleans,3,3295,196,86466
08/28/2021,Orleans,12,3307,182,86648
08/29/2021,Orleans,6,3313,106,86754
08/30/2021,Orleans,8,3321,94,86848
08/31/2021,Orleans,19,3340,177,87025
09/01/2021,Orleans,28,3368,196,87221
09/02/2021,Orleans,12,3380,255,87476
09/03/2021,Orleans,10,3390,166,87642
09/04/2021,Orleans,6,3396,108,87750
09/05/2021,Orleans,3,3399,99,87849
09/06/2021,Orleans,3,3402,71,87920
09/07/2021,Orleans,5,3407,96,88016
09/08/2021,Orleans,19,3426,182,88198
09/09/2021,Orleans,15,3441,243,88441
09/10/2021,Orleans,26,3467,244,88685
09/11/2021,Orleans,20,3487,186,88871
09/12/2021,Orleans,11,3498,107,88978
09/13/2021,Orleans,2,3500,127,89105
09/14/2021,Orleans,21,3521,174,89279
09/15/2021,Orleans,23,3544,204,89483
09/16/2021,Orleans,22,3566,240,89723
09/17/2021,Orleans,11,3577,203,89926
09/18/2021,Orleans,12,3589,259,90185
09/19/2021,Orleans,14,3603,146,90331
09/20/2021,Orleans,8,3611,169,90500
09/21/2021,Orleans,34,3645,298,90798
09/22/2021,Orleans,32,3677,270,91068
09/23/2021,Orleans,35,3712,417,91485
09/24/2021,Orleans,23,3735,325,91810
09/25/2021,Orleans,21,3756,225,92035
09/26/2021,Orleans,12,3768,167,92202
09/27/2021,Orleans,10,3778,178,92380
09/28/2021,Orleans,40,3818,349,92729
09/29/2021,Orleans,27,3845,416,93145
09/30/2021,Orleans,39,3884,530,93675
10/01/2021,Orleans,24,3908,294,93969
10/02/2021,Orleans,29,3937,247,94216
10/03/2021,Orleans,12,3949,133,94349
10/04/2021,Orleans,14,3963,367,94716
10/05/2021,Orleans,39,4002,446,95162
10/06/2021,Orleans,24,4026,396,95558
10/07/2021,Orleans,41,4067,398,95956
10/08/2021,Orleans,22,4089,267,96223
10/09/2021,Orleans,35,4124,192,96415
10/10/2021,Orleans,20,4144,193,96608
10/11/2021,Orleans,4,4148,168,96776
10/12/2021,Orleans,37,4185,321,97097
10/13/2021,Orleans,32,4217,356,97453
10/14/2021,Orleans,34,4251,361,97814
10/15/2021,Orleans,14,4265,267,98081
10/16/2021,Orleans,15,4280,219,98300
10/17/2021,Orleans,5,4285,126,98426
10/18/2021,Orleans,9,4294,293,98719
10/19/2021,Orleans,26,4320,307,99026
10/20/2021,Orleans,21,4341,438,99464
10/21/2021,Orleans,14,4355,331,99795
10/22/2021,Orleans,29,4384,407,100202
10/23/2021,Orleans,17,4401,230,100432
03/01/2020,Oswego,0,0,0,0
03/02/2020,Oswego,0,0,0,0
03/03/2020,Oswego,0,0,0,0
03/04/2020,Oswego,0,0,0,0
03/05/2020,Oswego,0,0,0,0
03/06/2020,Oswego,0,0,0,0
03/07/2020,Oswego,0,0,0,0
03/08/2020,Oswego,0,0,0,0
03/09/2020,Oswego,0,0,0,0
03/10/2020,Oswego,0,0,1,1
03/11/2020,Oswego,0,0,0,1
03/12/2020,Oswego,0,0,0,1
03/13/2020,Oswego,0,0,2,3
03/14/2020,Oswego,0,0,2,5
03/15/2020,Oswego,0,0,0,5
03/16/2020,Oswego,0,0,4,9
03/17/2020,Oswego,0,0,3,12
03/18/2020,Oswego,0,0,8,20
03/19/2020,Oswego,0,0,3,23
03/20/2020,Oswego,0,0,11,34
03/21/2020,Oswego,0,0,19,53
03/22/2020,Oswego,1,1,23,76
03/23/2020,Oswego,1,2,28,104
03/24/2020,Oswego,0,2,13,117
03/25/2020,Oswego,2,4,25,142
03/26/2020,Oswego,0,4,18,160
03/27/2020,Oswego,3,7,38,198
03/28/2020,Oswego,1,8,35,233
03/29/2020,Oswego,6,14,53,286
03/30/2020,Oswego,1,15,30,316
03/31/2020,Oswego,2,17,27,343
04/01/2020,Oswego,5,22,80,423
04/02/2020,Oswego,4,26,82,505
04/03/2020,Oswego,0,26,31,536
04/04/2020,Oswego,2,28,26,562
04/05/2020,Oswego,1,29,39,601
04/06/2020,Oswego,2,31,70,671
04/07/2020,Oswego,2,33,27,698
04/08/2020,Oswego,3,36,61,759
04/09/2020,Oswego,0,36,32,791
04/10/2020,Oswego,1,37,12,803
04/11/2020,Oswego,1,38,15,818
04/12/2020,Oswego,0,38,10,828
04/13/2020,Oswego,3,41,74,902
04/14/2020,Oswego,1,42,17,919
04/15/2020,Oswego,2,44,18,937
04/16/2020,Oswego,1,45,28,965
04/17/2020,Oswego,0,45,14,979
04/18/2020,Oswego,2,47,18,997
04/19/2020,Oswego,1,48,18,1015
04/20/2020,Oswego,1,49,12,1027
04/21/2020,Oswego,0,49,4,1031
04/22/2020,Oswego,0,49,21,1052
04/23/2020,Oswego,2,51,18,1070
04/24/2020,Oswego,6,57,298,1368
04/25/2020,Oswego,4,61,67,1435
04/26/2020,Oswego,0,61,33,1468
04/27/2020,Oswego,2,63,40,1508
04/28/2020,Oswego,0,63,39,1547
04/29/2020,Oswego,0,63,45,1592
04/30/2020,Oswego,1,64,36,1628
05/01/2020,Oswego,2,66,30,1658
05/02/2020,Oswego,0,66,37,1695
05/03/2020,Oswego,1,67,44,1739
05/04/2020,Oswego,1,68,40,1779
05/05/2020,Oswego,2,70,41,1820
05/06/2020,Oswego,0,70,48,1868
05/07/2020,Oswego,2,72,54,1922
05/08/2020,Oswego,3,75,52,1974
05/09/2020,Oswego,0,75,59,2033
05/10/2020,Oswego,0,75,49,2082
05/11/2020,Oswego,1,76,53,2135
05/12/2020,Oswego,0,76,59,2194
05/13/2020,Oswego,2,78,64,2258
05/14/2020,Oswego,2,80,110,2368
05/15/2020,Oswego,3,83,241,2609
05/16/2020,Oswego,1,84,81,2690
05/17/2020,Oswego,0,84,197,2887
05/18/2020,Oswego,5,89,95,2982
05/19/2020,Oswego,1,90,129,3111
05/20/2020,Oswego,2,92,300,3411
05/21/2020,Oswego,4,96,215,3626
05/22/2020,Oswego,3,99,302,3928
05/23/2020,Oswego,1,100,479,4407
05/24/2020,Oswego,4,104,131,4538
05/25/2020,Oswego,0,104,175,4713
05/26/2020,Oswego,1,105,337,5050
05/27/2020,Oswego,2,107,260,5310
05/28/2020,Oswego,1,108,252,5562
05/29/2020,Oswego,0,108,317,5879
05/30/2020,Oswego,1,109,443,6322
05/31/2020,Oswego,1,110,138,6460
06/01/2020,Oswego,0,110,308,6768
06/02/2020,Oswego,2,112,409,7177
06/03/2020,Oswego,0,112,185,7362
06/04/2020,Oswego,0,112,609,7971
06/05/2020,Oswego,2,114,475,8446
06/06/2020,Oswego,1,115,272,8718
06/07/2020,Oswego,0,115,414,9132
06/08/2020,Oswego,0,115,149,9281
06/09/2020,Oswego,0,115,489,9770
06/10/2020,Oswego,4,119,297,10067
06/11/2020,Oswego,1,120,614,10681
06/12/2020,Oswego,2,122,246,10927
06/13/2020,Oswego,0,122,274,11201
06/14/2020,Oswego,4,126,199,11400
06/15/2020,Oswego,13,139,197,11597
06/16/2020,Oswego,0,139,117,11714
06/17/2020,Oswego,5,144,417,12131
06/18/2020,Oswego,23,167,771,12902
06/19/2020,Oswego,2,169,351,13253
06/20/2020,Oswego,4,173,191,13444
06/21/2020,Oswego,0,173,258,13702
06/22/2020,Oswego,6,179,176,13878
06/23/2020,Oswego,9,188,191,14069
06/24/2020,Oswego,3,191,343,14412
06/25/2020,Oswego,1,192,363,14775
06/26/2020,Oswego,2,194,401,15176
06/27/2020,Oswego,1,195,127,15303
06/28/2020,Oswego,1,196,272,15575
06/29/2020,Oswego,1,197,145,15720
06/30/2020,Oswego,4,201,233,15953
07/01/2020,Oswego,5,206,218,16171
07/02/2020,Oswego,0,206,286,16457
07/03/2020,Oswego,0,206,200,16657
07/04/2020,Oswego,0,206,221,16878
07/05/2020,Oswego,0,206,186,17064
07/06/2020,Oswego,1,207,308,17372
07/07/2020,Oswego,3,210,367,17739
07/08/2020,Oswego,1,211,358,18097
07/09/2020,Oswego,5,216,248,18345
07/10/2020,Oswego,3,219,208,18553
07/11/2020,Oswego,1,220,139,18692
07/12/2020,Oswego,2,222,322,19014
07/13/2020,Oswego,3,225,367,19381
07/14/2020,Oswego,1,226,349,19730
07/15/2020,Oswego,1,227,269,19999
07/16/2020,Oswego,0,227,510,20509
07/17/2020,Oswego,2,229,391,20900
07/18/2020,Oswego,0,229,223,21123
07/19/2020,Oswego,0,229,213,21336
07/20/2020,Oswego,2,231,398,21734
07/21/2020,Oswego,1,232,640,22374
07/22/2020,Oswego,2,234,402,22776
07/23/2020,Oswego,0,234,402,23178
07/24/2020,Oswego,2,236,422,23600
07/25/2020,Oswego,2,238,512,24112
07/26/2020,Oswego,1,239,349,24461
07/27/2020,Oswego,0,239,311,24772
07/28/2020,Oswego,0,239,254,25026
07/29/2020,Oswego,1,240,341,25367
07/30/2020,Oswego,1,241,253,25620
07/31/2020,Oswego,3,244,413,26033
08/01/2020,Oswego,2,246,307,26340
08/02/2020,Oswego,2,248,199,26539
08/03/2020,Oswego,1,249,459,26998
08/04/2020,Oswego,1,250,231,27229
08/05/2020,Oswego,1,251,372,27601
08/06/2020,Oswego,0,251,328,27929
08/07/2020,Oswego,2,253,492,28421
08/08/2020,Oswego,0,253,218,28639
08/09/2020,Oswego,0,253,236,28875
08/10/2020,Oswego,2,255,540,29415
08/11/2020,Oswego,2,257,193,29608
08/12/2020,Oswego,1,258,330,29938
08/13/2020,Oswego,6,264,612,30550
08/14/2020,Oswego,7,271,350,30900
08/15/2020,Oswego,0,271,259,31159
08/16/2020,Oswego,1,272,276,31435
08/17/2020,Oswego,0,272,317,31752
08/18/2020,Oswego,2,274,353,32105
08/19/2020,Oswego,2,276,368,32473
08/20/2020,Oswego,3,279,410,32883
08/21/2020,Oswego,2,281,710,33593
08/22/2020,Oswego,1,282,186,33779
08/23/2020,Oswego,0,282,180,33959
08/24/2020,Oswego,3,285,354,34313
08/25/2020,Oswego,1,286,153,34466
08/26/2020,Oswego,1,287,203,34669
08/27/2020,Oswego,1,288,290,34959
08/28/2020,Oswego,3,291,489,35448
08/29/2020,Oswego,4,295,501,35949
08/30/2020,Oswego,8,303,215,36164
08/31/2020,Oswego,1,304,482,36646
09/01/2020,Oswego,3,307,203,36849
09/02/2020,Oswego,4,311,351,37200
09/03/2020,Oswego,3,314,294,37494
09/04/2020,Oswego,11,325,708,38202
09/05/2020,Oswego,0,325,416,38618
09/06/2020,Oswego,4,329,240,38858
09/07/2020,Oswego,2,331,280,39138
09/08/2020,Oswego,0,331,149,39287
09/09/2020,Oswego,2,333,135,39422
09/10/2020,Oswego,24,357,498,39920
09/11/2020,Oswego,5,362,735,40655
09/12/2020,Oswego,26,388,508,41163
09/13/2020,Oswego,2,390,293,41456
09/14/2020,Oswego,12,402,398,41854
09/15/2020,Oswego,7,409,226,42080
09/16/2020,Oswego,3,412,320,42400
09/17/2020,Oswego,6,418,416,42816
09/18/2020,Oswego,6,424,543,43359
09/19/2020,Oswego,23,447,477,43836
09/20/2020,Oswego,9,456,348,44184
09/21/2020,Oswego,8,464,331,44515
09/22/2020,Oswego,4,468,287,44802
09/23/2020,Oswego,2,470,326,45128
09/24/2020,Oswego,9,479,457,45585
09/25/2020,Oswego,4,483,520,46105
09/26/2020,Oswego,10,493,440,46545
09/27/2020,Oswego,0,493,297,46842
09/28/2020,Oswego,6,499,482,47324
09/29/2020,Oswego,4,503,564,47888
09/30/2020,Oswego,3,506,466,48354
10/01/2020,Oswego,8,514,1026,49380
10/02/2020,Oswego,4,518,676,50056
10/03/2020,Oswego,3,521,733,50789
10/04/2020,Oswego,2,523,440,51229
10/05/2020,Oswego,6,529,389,51618
10/06/2020,Oswego,2,531,684,52302
10/07/2020,Oswego,5,536,363,52665
10/08/2020,Oswego,6,542,824,53489
10/09/2020,Oswego,5,547,923,54412
10/10/2020,Oswego,3,550,749,55161
10/11/2020,Oswego,2,552,581,55742
10/12/2020,Oswego,5,557,275,56017
10/13/2020,Oswego,9,566,779,56796
10/14/2020,Oswego,2,568,738,57534
10/15/2020,Oswego,11,579,1138,58672
10/16/2020,Oswego,3,582,820,59492
10/17/2020,Oswego,2,584,366,59858
10/18/2020,Oswego,3,587,804,60662
10/19/2020,Oswego,7,594,326,60988
10/20/2020,Oswego,5,599,633,61621
10/21/2020,Oswego,7,606,586,62207
10/22/2020,Oswego,1,607,573,62780
10/23/2020,Oswego,2,609,998,63778
10/24/2020,Oswego,7,616,388,64166
10/25/2020,Oswego,4,620,480,64646
10/26/2020,Oswego,3,623,369,65015
10/27/2020,Oswego,4,627,755,65770
10/28/2020,Oswego,4,631,591,66361
10/29/2020,Oswego,8,639,566,66927
10/30/2020,Oswego,5,644,822,67749
10/31/2020,Oswego,4,648,644,68393
11/01/2020,Oswego,13,661,366,68759
11/02/2020,Oswego,8,669,350,69109
11/03/2020,Oswego,9,678,409,69518
11/04/2020,Oswego,11,689,756,70274
11/05/2020,Oswego,22,711,1125,71399
11/06/2020,Oswego,23,734,1106,72505
11/07/2020,Oswego,24,758,888,73393
11/08/2020,Oswego,29,787,1274,74667
11/09/2020,Oswego,22,809,492,75159
11/10/2020,Oswego,31,840,743,75902
11/11/2020,Oswego,31,871,761,76663
11/12/2020,Oswego,26,897,873,77536
11/13/2020,Oswego,57,954,1137,78673
11/14/2020,Oswego,14,968,308,78981
11/15/2020,Oswego,19,987,616,79597
11/16/2020,Oswego,19,1006,644,80241
11/17/2020,Oswego,47,1053,645,80886
11/18/2020,Oswego,28,1081,1204,82090
11/19/2020,Oswego,20,1101,1029,83119
11/20/2020,Oswego,63,1164,870,83989
11/21/2020,Oswego,23,1187,1001,84990
11/22/2020,Oswego,86,1273,2332,87322
11/23/2020,Oswego,29,1302,841,88163
11/24/2020,Oswego,57,1359,744,88907
11/25/2020,Oswego,46,1405,1007,89914
11/26/2020,Oswego,31,1436,825,90739
11/27/2020,Oswego,60,1496,936,91675
11/28/2020,Oswego,75,1571,885,92560
11/29/2020,Oswego,54,1625,978,93538
11/30/2020,Oswego,59,1684,580,94118
12/01/2020,Oswego,58,1742,525,94643
12/02/2020,Oswego,57,1799,786,95429
12/03/2020,Oswego,84,1883,1113,96542
12/04/2020,Oswego,97,1980,1195,97737
12/05/2020,Oswego,59,2039,977,98714
12/06/2020,Oswego,17,2056,430,99144
12/07/2020,Oswego,54,2110,636,99780
12/08/2020,Oswego,49,2159,651,100431
12/09/2020,Oswego,45,2204,784,101215
12/10/2020,Oswego,68,2272,1126,102341
12/11/2020,Oswego,63,2335,1330,103671
12/12/2020,Oswego,54,2389,632,104303
12/13/2020,Oswego,51,2440,652,104955
12/14/2020,Oswego,47,2487,649,105604
12/15/2020,Oswego,60,2547,570,106174
12/16/2020,Oswego,51,2598,816,106990
12/17/2020,Oswego,77,2675,900,107890
12/18/2020,Oswego,49,2724,967,108857
12/19/2020,Oswego,58,2782,933,109790
12/20/2020,Oswego,45,2827,741,110531
12/21/2020,Oswego,45,2872,523,111054
12/22/2020,Oswego,46,2918,607,111661
12/23/2020,Oswego,52,2970,885,112546
12/24/2020,Oswego,75,3045,1022,113568
12/25/2020,Oswego,48,3093,702,114270
12/26/2020,Oswego,46,3139,469,114739
12/27/2020,Oswego,57,3196,624,115363
12/28/2020,Oswego,68,3264,665,116028
12/29/2020,Oswego,79,3343,837,116865
12/30/2020,Oswego,82,3425,953,117818
12/31/2020,Oswego,85,3510,1027,118845
01/01/2021,Oswego,76,3586,782,119627
01/02/2021,Oswego,72,3658,755,120382
01/03/2021,Oswego,62,3720,557,120939
01/04/2021,Oswego,87,3807,626,121565
01/05/2021,Oswego,84,3891,848,122413
01/06/2021,Oswego,84,3975,1082,123495
01/07/2021,Oswego,124,4099,957,124452
01/08/2021,Oswego,100,4199,1325,125777
01/09/2021,Oswego,75,4274,1239,127016
01/10/2021,Oswego,81,4355,651,127667
01/11/2021,Oswego,67,4422,728,128395
01/12/2021,Oswego,63,4485,589,128984
01/13/2021,Oswego,67,4552,932,129916
01/14/2021,Oswego,112,4664,1279,131195
01/15/2021,Oswego,98,4762,1489,132684
01/16/2021,Oswego,54,4816,916,133600
01/17/2021,Oswego,56,4872,706,134306
01/18/2021,Oswego,42,4914,562,134868
01/19/2021,Oswego,47,4961,607,135475
01/20/2021,Oswego,51,5012,1099,136574
01/21/2021,Oswego,47,5059,1113,137687
01/22/2021,Oswego,64,5123,1267,138954
01/23/2021,Oswego,53,5176,806,139760
01/24/2021,Oswego,25,5201,711,140471
01/25/2021,Oswego,17,5218,462,140933
01/26/2021,Oswego,65,5283,1412,142345
01/27/2021,Oswego,38,5321,730,143075
01/28/2021,Oswego,35,5356,1003,144078
01/29/2021,Oswego,41,5397,1132,145210
01/30/2021,Oswego,47,5444,1474,146684
01/31/2021,Oswego,19,5463,416,147100
02/01/2021,Oswego,43,5506,520,147620
02/02/2021,Oswego,27,5533,565,148185
02/03/2021,Oswego,28,5561,602,148787
02/04/2021,Oswego,21,5582,1552,150339
02/05/2021,Oswego,33,5615,1604,151943
02/06/2021,Oswego,26,5641,1437,153380
02/07/2021,Oswego,9,5650,2119,155499
02/08/2021,Oswego,15,5665,266,155765
02/09/2021,Oswego,23,5688,546,156311
02/10/2021,Oswego,22,5710,1544,157855
02/11/2021,Oswego,20,5730,661,158516
02/12/2021,Oswego,16,5746,1164,159680
02/13/2021,Oswego,28,5774,1515,161195
02/14/2021,Oswego,12,5786,1417,162612
02/15/2021,Oswego,12,5798,420,163032
02/16/2021,Oswego,19,5817,952,163984
02/17/2021,Oswego,20,5837,605,164589
02/18/2021,Oswego,17,5854,1358,165947
02/19/2021,Oswego,21,5875,1497,167444
02/20/2021,Oswego,19,5894,1803,169247
02/21/2021,Oswego,15,5909,1610,170857
02/22/2021,Oswego,9,5918,393,171250
02/23/2021,Oswego,17,5935,532,171782
02/24/2021,Oswego,21,5956,2054,173836
02/25/2021,Oswego,13,5969,1340,175176
02/26/2021,Oswego,14,5983,1735,176911
02/27/2021,Oswego,13,5996,1889,178800
02/28/2021,Oswego,6,6002,708,179508
03/01/2021,Oswego,6,6008,426,179934
03/02/2021,Oswego,30,6038,1125,181059
03/03/2021,Oswego,22,6060,1392,182451
03/04/2021,Oswego,27,6087,1842,184293
03/05/2021,Oswego,19,6106,1538,185831
03/06/2021,Oswego,13,6119,1750,187581
03/07/2021,Oswego,22,6141,829,188410
03/08/2021,Oswego,20,6161,299,188709
03/09/2021,Oswego,20,6181,1112,189821
03/10/2021,Oswego,19,6200,1436,191257
03/11/2021,Oswego,15,6215,1926,193183
03/12/2021,Oswego,15,6230,1462,194645
03/13/2021,Oswego,12,6242,1682,196327
03/14/2021,Oswego,20,6262,726,197053
03/15/2021,Oswego,9,6271,234,197287
03/16/2021,Oswego,34,6305,1032,198319
03/17/2021,Oswego,23,6328,2037,200356
03/18/2021,Oswego,17,6345,1697,202053
03/19/2021,Oswego,20,6365,1533,203586
03/20/2021,Oswego,39,6404,1584,205170
03/21/2021,Oswego,18,6422,848,206018
03/22/2021,Oswego,19,6441,408,206426
03/23/2021,Oswego,18,6459,993,207419
03/24/2021,Oswego,25,6484,1418,208837
03/25/2021,Oswego,23,6507,1930,210767
03/26/2021,Oswego,23,6530,1778,212545
03/27/2021,Oswego,23,6553,1947,214492
03/28/2021,Oswego,12,6565,892,215384
03/29/2021,Oswego,20,6585,532,215916
03/30/2021,Oswego,23,6608,1417,217333
03/31/2021,Oswego,25,6633,950,218283
04/01/2021,Oswego,15,6648,971,219254
04/02/2021,Oswego,21,6669,1742,220996
04/03/2021,Oswego,18,6687,1670,222666
04/04/2021,Oswego,30,6717,410,223076
04/05/2021,Oswego,11,6728,616,223692
04/06/2021,Oswego,30,6758,1148,224840
04/07/2021,Oswego,15,6773,1438,226278
04/08/2021,Oswego,32,6805,2132,228410
04/09/2021,Oswego,20,6825,1611,230021
04/10/2021,Oswego,18,6843,1153,231174
04/11/2021,Oswego,14,6857,222,231396
04/12/2021,Oswego,19,6876,734,232130
04/13/2021,Oswego,33,6909,1127,233257
04/14/2021,Oswego,30,6939,1828,235085
04/15/2021,Oswego,17,6956,1663,236748
04/16/2021,Oswego,16,6972,911,237659
04/17/2021,Oswego,14,6986,1152,238811
04/18/2021,Oswego,12,6998,565,239376
04/19/2021,Oswego,15,7013,558,239934
04/20/2021,Oswego,21,7034,1214,241148
04/21/2021,Oswego,18,7052,1591,242739
04/22/2021,Oswego,18,7070,1205,243944
04/23/2021,Oswego,20,7090,1545,245489
04/24/2021,Oswego,13,7103,907,246396
04/25/2021,Oswego,8,7111,951,247347
04/26/2021,Oswego,14,7125,677,248024
04/27/2021,Oswego,30,7155,580,248604
04/28/2021,Oswego,26,7181,1128,249732
04/29/2021,Oswego,21,7202,1127,250859
04/30/2021,Oswego,19,7221,1272,252131
05/01/2021,Oswego,16,7237,955,253086
05/02/2021,Oswego,17,7254,525,253611
05/03/2021,Oswego,13,7267,330,253941
05/04/2021,Oswego,16,7283,538,254479
05/05/2021,Oswego,21,7304,1018,255497
05/06/2021,Oswego,19,7323,989,256486
05/07/2021,Oswego,9,7332,1273,257759
05/08/2021,Oswego,27,7359,1145,258904
05/09/2021,Oswego,11,7370,430,259334
05/10/2021,Oswego,11,7381,472,259806
05/11/2021,Oswego,10,7391,408,260214
05/12/2021,Oswego,6,7397,883,261097
05/13/2021,Oswego,18,7415,1313,262410
05/14/2021,Oswego,21,7436,1216,263626
05/15/2021,Oswego,10,7446,663,264289
05/16/2021,Oswego,15,7461,251,264540
05/17/2021,Oswego,6,7467,450,264990
05/18/2021,Oswego,13,7480,594,265584
05/19/2021,Oswego,4,7484,813,266397
05/20/2021,Oswego,16,7500,897,267294
05/21/2021,Oswego,18,7518,980,268274
05/22/2021,Oswego,12,7530,468,268742
05/23/2021,Oswego,5,7535,253,268995
05/24/2021,Oswego,11,7546,357,269352
05/25/2021,Oswego,8,7554,474,269826
05/26/2021,Oswego,7,7561,912,270738
05/27/2021,Oswego,4,7565,497,271235
05/28/2021,Oswego,4,7569,821,272056
05/29/2021,Oswego,6,7575,451,272507
05/30/2021,Oswego,3,7578,285,272792
05/31/2021,Oswego,0,7578,66,272858
06/01/2021,Oswego,2,7580,288,273146
06/02/2021,Oswego,2,7582,903,274049
06/03/2021,Oswego,5,7587,658,274707
06/04/2021,Oswego,7,7594,737,275444
06/05/2021,Oswego,5,7599,367,275811
06/06/2021,Oswego,2,7601,226,276037
06/07/2021,Oswego,2,7603,357,276394
06/08/2021,Oswego,1,7604,546,276940
06/09/2021,Oswego,3,7607,554,277494
06/10/2021,Oswego,8,7615,544,278038
06/11/2021,Oswego,3,7618,673,278711
06/12/2021,Oswego,1,7619,293,279004
06/13/2021,Oswego,3,7622,252,279256
06/14/2021,Oswego,0,7622,215,279471
06/15/2021,Oswego,2,7624,374,279845
06/16/2021,Oswego,0,7624,413,280258
06/17/2021,Oswego,2,7626,309,280567
06/18/2021,Oswego,1,7627,382,280949
06/19/2021,Oswego,0,7627,228,281177
06/20/2021,Oswego,0,7627,144,281321
06/21/2021,Oswego,5,7632,172,281493
06/22/2021,Oswego,1,7633,340,281833
06/23/2021,Oswego,3,7636,328,282161
06/24/2021,Oswego,0,7636,168,282329
06/25/2021,Oswego,1,7637,307,282636
06/26/2021,Oswego,2,7639,288,282924
06/27/2021,Oswego,0,7639,98,283022
06/28/2021,Oswego,0,7639,148,283170
06/29/2021,Oswego,0,7639,224,283394
06/30/2021,Oswego,1,7640,235,283629
07/01/2021,Oswego,0,7640,271,283900
07/02/2021,Oswego,0,7640,257,284157
07/03/2021,Oswego,0,7640,161,284318
07/04/2021,Oswego,1,7641,94,284412
07/05/2021,Oswego,2,7643,87,284499
07/06/2021,Oswego,1,7644,128,284627
07/07/2021,Oswego,0,7644,190,284817
07/08/2021,Oswego,1,7645,299,285116
07/09/2021,Oswego,0,7645,269,285385
07/10/2021,Oswego,0,7645,129,285514
07/11/2021,Oswego,3,7648,125,285639
07/12/2021,Oswego,0,7648,94,285733
07/13/2021,Oswego,3,7651,177,285910
07/14/2021,Oswego,2,7653,249,286159
07/15/2021,Oswego,2,7655,151,286310
07/16/2021,Oswego,1,7656,498,286808
07/17/2021,Oswego,4,7660,223,287031
07/18/2021,Oswego,0,7660,66,287097
07/19/2021,Oswego,1,7661,149,287246
07/20/2021,Oswego,3,7664,188,287434
07/21/2021,Oswego,6,7670,239,287673
07/22/2021,Oswego,2,7672,551,288224
07/23/2021,Oswego,3,7675,210,288434
07/24/2021,Oswego,5,7680,199,288633
07/25/2021,Oswego,0,7680,93,288726
07/26/2021,Oswego,3,7683,167,288893
07/27/2021,Oswego,5,7688,193,289086
07/28/2021,Oswego,6,7694,243,289329
07/29/2021,Oswego,10,7704,259,289588
07/30/2021,Oswego,11,7715,416,290004
07/31/2021,Oswego,5,7720,420,290424
08/01/2021,Oswego,5,7725,128,290552
08/02/2021,Oswego,9,7734,221,290773
08/03/2021,Oswego,11,7745,299,291072
08/04/2021,Oswego,16,7761,282,291354
08/05/2021,Oswego,17,7778,330,291684
08/06/2021,Oswego,22,7800,523,292207
08/07/2021,Oswego,19,7819,364,292571
08/08/2021,Oswego,12,7831,211,292782
08/09/2021,Oswego,13,7844,210,292992
08/10/2021,Oswego,22,7866,364,293356
08/11/2021,Oswego,32,7898,556,293912
08/12/2021,Oswego,35,7933,546,294458
08/13/2021,Oswego,24,7957,486,294944
08/14/2021,Oswego,20,7977,456,295400
08/15/2021,Oswego,17,7994,249,295649
08/16/2021,Oswego,17,8011,359,296008
08/17/2021,Oswego,22,8033,510,296518
08/18/2021,Oswego,25,8058,531,297049
08/19/2021,Oswego,21,8079,834,297883
08/20/2021,Oswego,33,8112,450,298333
08/21/2021,Oswego,31,8143,473,298806
08/22/2021,Oswego,30,8173,327,299133
08/23/2021,Oswego,16,8189,353,299486
08/24/2021,Oswego,43,8232,586,300072
08/25/2021,Oswego,41,8273,670,300742
08/26/2021,Oswego,83,8356,959,301701
08/27/2021,Oswego,49,8405,986,302687
08/28/2021,Oswego,16,8421,431,303118
08/29/2021,Oswego,41,8462,459,303577
08/30/2021,Oswego,25,8487,318,303895
08/31/2021,Oswego,39,8526,578,304473
09/01/2021,Oswego,56,8582,665,305138
09/02/2021,Oswego,64,8646,936,306074
09/03/2021,Oswego,63,8709,891,306965
09/04/2021,Oswego,28,8737,691,307656
09/05/2021,Oswego,48,8785,574,308230
09/06/2021,Oswego,34,8819,184,308414
09/07/2021,Oswego,42,8861,335,308749
09/08/2021,Oswego,84,8945,730,309479
09/09/2021,Oswego,52,8997,838,310317
09/10/2021,Oswego,54,9051,828,311145
09/11/2021,Oswego,74,9125,993,312138
09/12/2021,Oswego,24,9149,361,312499
09/13/2021,Oswego,47,9196,422,312921
09/14/2021,Oswego,40,9236,537,313458
09/15/2021,Oswego,98,9334,1393,314851
09/16/2021,Oswego,68,9402,1258,316109
09/17/2021,Oswego,36,9438,711,316820
09/18/2021,Oswego,58,9496,783,317603
09/19/2021,Oswego,45,9541,564,318167
09/20/2021,Oswego,47,9588,772,318939
09/21/2021,Oswego,35,9623,933,319872
09/22/2021,Oswego,44,9667,804,320676
09/23/2021,Oswego,122,9789,1437,322113
09/24/2021,Oswego,73,9862,1345,323458
09/25/2021,Oswego,58,9920,821,324279
09/26/2021,Oswego,63,9983,666,324945
09/27/2021,Oswego,38,10021,610,325555
09/28/2021,Oswego,102,10123,1212,326767
09/29/2021,Oswego,52,10175,853,327620
09/30/2021,Oswego,81,10256,1273,328893
10/01/2021,Oswego,68,10324,1072,329965
10/02/2021,Oswego,74,10398,1091,331056
10/03/2021,Oswego,40,10438,547,331603
10/04/2021,Oswego,48,10486,627,332230
10/05/2021,Oswego,79,10565,1019,333249
10/06/2021,Oswego,80,10645,1000,334249
10/07/2021,Oswego,111,10756,1435,335684
10/08/2021,Oswego,80,10836,1142,336826
10/09/2021,Oswego,85,10921,670,337496
10/10/2021,Oswego,70,10991,853,338349
10/11/2021,Oswego,44,11035,523,338872
10/12/2021,Oswego,69,11104,1120,339992
10/13/2021,Oswego,69,11173,818,340810
10/14/2021,Oswego,99,11272,1145,341955
10/15/2021,Oswego,110,11382,1264,343219
10/16/2021,Oswego,67,11449,673,343892
10/17/2021,Oswego,56,11505,619,344511
10/18/2021,Oswego,51,11556,369,344880
10/19/2021,Oswego,66,11622,1158,346038
10/20/2021,Oswego,46,11668,848,346886
10/21/2021,Oswego,40,11708,804,347690
10/22/2021,Oswego,56,11764,1032,348722
10/23/2021,Oswego,53,11817,708,349430
03/01/2020,Otsego,0,0,0,0
03/02/2020,Otsego,0,0,0,0
03/03/2020,Otsego,0,0,0,0
03/04/2020,Otsego,0,0,0,0
03/05/2020,Otsego,0,0,0,0
03/06/2020,Otsego,0,0,0,0
03/07/2020,Otsego,0,0,1,1
03/08/2020,Otsego,0,0,1,2
03/09/2020,Otsego,0,0,0,2
03/10/2020,Otsego,0,0,0,2
03/11/2020,Otsego,0,0,0,2
03/12/2020,Otsego,0,0,0,2
03/13/2020,Otsego,0,0,1,3
03/14/2020,Otsego,0,0,2,5
03/15/2020,Otsego,0,0,1,6
03/16/2020,Otsego,0,0,0,6
03/17/2020,Otsego,0,0,1,7
03/18/2020,Otsego,0,0,2,9
03/19/2020,Otsego,0,0,10,19
03/20/2020,Otsego,0,0,20,39
03/21/2020,Otsego,0,0,11,50
03/22/2020,Otsego,1,1,10,60
03/23/2020,Otsego,0,1,11,71
03/24/2020,Otsego,1,2,5,76
03/25/2020,Otsego,1,3,6,82
03/26/2020,Otsego,2,5,12,94
03/27/2020,Otsego,2,7,19,113
03/28/2020,Otsego,3,10,21,134
03/29/2020,Otsego,7,17,16,150
03/30/2020,Otsego,1,18,8,158
03/31/2020,Otsego,1,19,19,177
04/01/2020,Otsego,2,21,17,194
04/02/2020,Otsego,0,21,12,206
04/03/2020,Otsego,5,26,53,259
04/04/2020,Otsego,3,29,25,284
04/05/2020,Otsego,5,34,41,325
04/06/2020,Otsego,0,34,43,368
04/07/2020,Otsego,4,38,31,399
04/08/2020,Otsego,1,39,42,441
04/09/2020,Otsego,2,41,40,481
04/10/2020,Otsego,2,43,34,515
04/11/2020,Otsego,0,43,15,530
04/12/2020,Otsego,0,43,35,565
04/13/2020,Otsego,1,44,90,655
04/14/2020,Otsego,0,44,14,669
04/15/2020,Otsego,0,44,15,684
04/16/2020,Otsego,0,44,9,693
04/17/2020,Otsego,3,47,18,711
04/18/2020,Otsego,1,48,18,729
04/19/2020,Otsego,1,49,10,739
04/20/2020,Otsego,0,49,10,749
04/21/2020,Otsego,0,49,15,764
04/22/2020,Otsego,1,50,22,786
04/23/2020,Otsego,0,50,18,804
04/24/2020,Otsego,10,60,249,1053
04/25/2020,Otsego,0,60,43,1096
04/26/2020,Otsego,2,62,38,1134
04/27/2020,Otsego,3,65,33,1167
04/28/2020,Otsego,1,66,34,1201
04/29/2020,Otsego,1,67,45,1246
04/30/2020,Otsego,0,67,40,1286
05/01/2020,Otsego,0,67,88,1374
05/02/2020,Otsego,0,67,42,1416
05/03/2020,Otsego,0,67,36,1452
05/04/2020,Otsego,0,67,87,1539
05/05/2020,Otsego,0,67,70,1609
05/06/2020,Otsego,0,67,43,1652
05/07/2020,Otsego,0,67,44,1696
05/08/2020,Otsego,0,67,39,1735
05/09/2020,Otsego,0,67,46,1781
05/10/2020,Otsego,0,67,40,1821
05/11/2020,Otsego,0,67,62,1883
05/12/2020,Otsego,0,67,82,1965
05/13/2020,Otsego,0,67,45,2010
05/14/2020,Otsego,0,67,27,2037
05/15/2020,Otsego,0,67,181,2218
05/16/2020,Otsego,0,67,50,2268
05/17/2020,Otsego,0,67,79,2347
05/18/2020,Otsego,0,67,129,2476
05/19/2020,Otsego,0,67,124,2600
05/20/2020,Otsego,0,67,65,2665
05/21/2020,Otsego,0,67,102,2767
05/22/2020,Otsego,1,68,90,2857
05/23/2020,Otsego,1,69,51,2908
05/24/2020,Otsego,0,69,38,2946
05/25/2020,Otsego,0,69,17,2963
05/26/2020,Otsego,0,69,243,3206
05/27/2020,Otsego,1,70,191,3397
05/28/2020,Otsego,1,71,128,3525
05/29/2020,Otsego,0,71,127,3652
05/30/2020,Otsego,1,72,184,3836
05/31/2020,Otsego,0,72,93,3929
06/01/2020,Otsego,1,73,189,4118
06/02/2020,Otsego,0,73,183,4301
06/03/2020,Otsego,0,73,112,4413
06/04/2020,Otsego,0,73,132,4545
06/05/2020,Otsego,1,74,265,4810
06/06/2020,Otsego,0,74,163,4973
06/07/2020,Otsego,1,75,144,5117
06/08/2020,Otsego,0,75,238,5355
06/09/2020,Otsego,2,77,144,5499
06/10/2020,Otsego,1,78,187,5686
06/11/2020,Otsego,0,78,148,5834
06/12/2020,Otsego,2,80,204,6038
06/13/2020,Otsego,0,80,54,6092
06/14/2020,Otsego,0,80,172,6264
06/15/2020,Otsego,1,81,260,6524
06/16/2020,Otsego,1,82,233,6757
06/17/2020,Otsego,0,82,165,6922
06/18/2020,Otsego,0,82,237,7159
06/19/2020,Otsego,0,82,122,7281
06/20/2020,Otsego,0,82,163,7444
06/21/2020,Otsego,1,83,138,7582
06/22/2020,Otsego,0,83,193,7775
06/23/2020,Otsego,0,83,86,7861
06/24/2020,Otsego,0,83,125,7986
06/25/2020,Otsego,0,83,128,8114
06/26/2020,Otsego,1,84,162,8276
06/27/2020,Otsego,0,84,141,8417
06/28/2020,Otsego,0,84,158,8575
06/29/2020,Otsego,0,84,155,8730
06/30/2020,Otsego,0,84,150,8880
07/01/2020,Otsego,0,84,120,9000
07/02/2020,Otsego,0,84,195,9195
07/03/2020,Otsego,2,86,112,9307
07/04/2020,Otsego,0,86,115,9422
07/05/2020,Otsego,0,86,99,9521
07/06/2020,Otsego,0,86,166,9687
07/07/2020,Otsego,0,86,68,9755
07/08/2020,Otsego,0,86,136,9891
07/09/2020,Otsego,2,88,127,10018
07/10/2020,Otsego,0,88,138,10156
07/11/2020,Otsego,1,89,139,10295
07/12/2020,Otsego,0,89,75,10370
07/13/2020,Otsego,1,90,175,10545
07/14/2020,Otsego,1,91,190,10735
07/15/2020,Otsego,1,92,171,10906
07/16/2020,Otsego,2,94,275,11181
07/17/2020,Otsego,0,94,255,11436
07/18/2020,Otsego,4,98,90,11526
07/19/2020,Otsego,0,98,125,11651
07/20/2020,Otsego,2,100,206,11857
07/21/2020,Otsego,1,101,126,11983
07/22/2020,Otsego,1,102,148,12131
07/23/2020,Otsego,0,102,112,12243
07/24/2020,Otsego,1,103,160,12403
07/25/2020,Otsego,0,103,104,12507
07/26/2020,Otsego,0,103,102,12609
07/27/2020,Otsego,2,105,171,12780
07/28/2020,Otsego,2,107,124,12904
07/29/2020,Otsego,0,107,175,13079
07/30/2020,Otsego,5,112,249,13328
07/31/2020,Otsego,0,112,152,13480
08/01/2020,Otsego,0,112,153,13633
08/02/2020,Otsego,2,114,135,13768
08/03/2020,Otsego,1,115,218,13986
08/04/2020,Otsego,0,115,193,14179
08/05/2020,Otsego,0,115,72,14251
08/06/2020,Otsego,1,116,189,14440
08/07/2020,Otsego,0,116,271,14711
08/08/2020,Otsego,0,116,141,14852
08/09/2020,Otsego,0,116,145,14997
08/10/2020,Otsego,2,118,432,15429
08/11/2020,Otsego,0,118,160,15589
08/12/2020,Otsego,0,118,276,15865
08/13/2020,Otsego,0,118,157,16022
08/14/2020,Otsego,0,118,183,16205
08/15/2020,Otsego,0,118,116,16321
08/16/2020,Otsego,0,118,92,16413
08/17/2020,Otsego,2,120,203,16616
08/18/2020,Otsego,2,122,151,16767
08/19/2020,Otsego,1,123,219,16986
08/20/2020,Otsego,1,124,162,17148
08/21/2020,Otsego,0,124,181,17329
08/22/2020,Otsego,0,124,277,17606
08/23/2020,Otsego,0,124,199,17805
08/24/2020,Otsego,0,124,113,17918
08/25/2020,Otsego,0,124,190,18108
08/26/2020,Otsego,0,124,283,18391
08/27/2020,Otsego,1,125,201,18592
08/28/2020,Otsego,9,134,272,18864
08/29/2020,Otsego,9,143,286,19150
08/30/2020,Otsego,1,144,103,19253
08/31/2020,Otsego,35,179,233,19486
09/01/2020,Otsego,10,189,240,19726
09/02/2020,Otsego,20,209,495,20221
09/03/2020,Otsego,26,235,568,20789
09/04/2020,Otsego,14,249,353,21142
09/05/2020,Otsego,19,268,495,21637
09/06/2020,Otsego,17,285,512,22149
09/07/2020,Otsego,3,288,183,22332
09/08/2020,Otsego,3,291,164,22496
09/09/2020,Otsego,0,291,125,22621
09/10/2020,Otsego,5,296,207,22828
09/11/2020,Otsego,16,312,248,23076
09/12/2020,Otsego,2,314,337,23413
09/13/2020,Otsego,0,314,107,23520
09/14/2020,Otsego,2,316,143,23663
09/15/2020,Otsego,2,318,172,23835
09/16/2020,Otsego,4,322,491,24326
09/17/2020,Otsego,2,324,178,24504
09/18/2020,Otsego,1,325,180,24684
09/19/2020,Otsego,7,332,199,24883
09/20/2020,Otsego,0,332,160,25043
09/21/2020,Otsego,0,332,193,25236
09/22/2020,Otsego,1,333,209,25445
09/23/2020,Otsego,2,335,301,25746
09/24/2020,Otsego,0,335,245,25991
09/25/2020,Otsego,3,338,285,26276
09/26/2020,Otsego,0,338,231,26507
09/27/2020,Otsego,2,340,152,26659
09/28/2020,Otsego,0,340,363,27022
09/29/2020,Otsego,1,341,454,27476
09/30/2020,Otsego,1,342,160,27636
10/01/2020,Otsego,2,344,216,27852
10/02/2020,Otsego,0,344,281,28133
10/03/2020,Otsego,2,346,206,28339
10/04/2020,Otsego,1,347,229,28568
10/05/2020,Otsego,6,353,621,29189
10/06/2020,Otsego,0,353,351,29540
10/07/2020,Otsego,1,354,296,29836
10/08/2020,Otsego,3,357,302,30138
10/09/2020,Otsego,2,359,233,30371
10/10/2020,Otsego,1,360,235,30606
10/11/2020,Otsego,0,360,148,30754
10/12/2020,Otsego,2,362,303,31057
10/13/2020,Otsego,0,362,671,31728
10/14/2020,Otsego,0,362,178,31906
10/15/2020,Otsego,0,362,178,32084
10/16/2020,Otsego,2,364,256,32340
10/17/2020,Otsego,0,364,190,32530
10/18/2020,Otsego,3,367,259,32789
10/19/2020,Otsego,1,368,775,33564
10/20/2020,Otsego,1,369,214,33778
10/21/2020,Otsego,5,374,185,33963
10/22/2020,Otsego,4,378,185,34148
10/23/2020,Otsego,6,384,228,34376
10/24/2020,Otsego,6,390,451,34827
10/25/2020,Otsego,3,393,268,35095
10/26/2020,Otsego,5,398,694,35789
10/27/2020,Otsego,2,400,470,36259
10/28/2020,Otsego,4,404,192,36451
10/29/2020,Otsego,6,410,250,36701
10/30/2020,Otsego,5,415,347,37048
10/31/2020,Otsego,6,421,216,37264
11/01/2020,Otsego,1,422,290,37554
11/02/2020,Otsego,0,422,214,37768
11/03/2020,Otsego,11,433,741,38509
11/04/2020,Otsego,4,437,594,39103
11/05/2020,Otsego,3,440,246,39349
11/06/2020,Otsego,2,442,328,39677
11/07/2020,Otsego,2,444,256,39933
11/08/2020,Otsego,5,449,188,40121
11/09/2020,Otsego,7,456,805,40926
11/10/2020,Otsego,0,456,943,41869
11/11/2020,Otsego,2,458,291,42160
11/12/2020,Otsego,1,459,116,42276
11/13/2020,Otsego,1,460,158,42434
11/14/2020,Otsego,3,463,193,42627
11/15/2020,Otsego,3,466,294,42921
11/16/2020,Otsego,4,470,635,43556
11/17/2020,Otsego,10,480,823,44379
11/18/2020,Otsego,12,492,1174,45553
11/19/2020,Otsego,5,497,112,45665
11/20/2020,Otsego,8,505,415,46080
11/21/2020,Otsego,3,508,620,46700
11/22/2020,Otsego,21,529,686,47386
11/23/2020,Otsego,23,552,371,47757
11/24/2020,Otsego,21,573,373,48130
11/25/2020,Otsego,14,587,328,48458
11/26/2020,Otsego,9,596,246,48704
11/27/2020,Otsego,15,611,319,49023
11/28/2020,Otsego,7,618,257,49280
11/29/2020,Otsego,14,632,332,49612
11/30/2020,Otsego,17,649,349,49961
12/01/2020,Otsego,11,660,597,50558
12/02/2020,Otsego,14,674,430,50988
12/03/2020,Otsego,14,688,171,51159
12/04/2020,Otsego,28,716,464,51623
12/05/2020,Otsego,13,729,297,51920
12/06/2020,Otsego,18,747,367,52287
12/07/2020,Otsego,14,761,131,52418
12/08/2020,Otsego,43,804,800,53218
12/09/2020,Otsego,17,821,385,53603
12/10/2020,Otsego,19,840,540,54143
12/11/2020,Otsego,18,858,382,54525
12/12/2020,Otsego,24,882,449,54974
12/13/2020,Otsego,22,904,389,55363
12/14/2020,Otsego,11,915,128,55491
12/15/2020,Otsego,26,941,404,55895
12/16/2020,Otsego,17,958,496,56391
12/17/2020,Otsego,11,969,258,56649
12/18/2020,Otsego,21,990,270,56919
12/19/2020,Otsego,15,1005,430,57349
12/20/2020,Otsego,11,1016,192,57541
12/21/2020,Otsego,20,1036,151,57692
12/22/2020,Otsego,24,1060,418,58110
12/23/2020,Otsego,14,1074,483,58593
12/24/2020,Otsego,19,1093,435,59028
12/25/2020,Otsego,23,1116,278,59306
12/26/2020,Otsego,9,1125,214,59520
12/27/2020,Otsego,6,1131,190,59710
12/28/2020,Otsego,27,1158,397,60107
12/29/2020,Otsego,23,1181,529,60636
12/30/2020,Otsego,24,1205,229,60865
12/31/2020,Otsego,24,1229,499,61364
01/01/2021,Otsego,22,1251,286,61650
01/02/2021,Otsego,15,1266,269,61919
01/03/2021,Otsego,17,1283,189,62108
01/04/2021,Otsego,11,1294,151,62259
01/05/2021,Otsego,13,1307,670,62929
01/06/2021,Otsego,28,1335,644,63573
01/07/2021,Otsego,25,1360,341,63914
01/08/2021,Otsego,30,1390,418,64332
01/09/2021,Otsego,20,1410,372,64704
01/10/2021,Otsego,19,1429,193,64897
01/11/2021,Otsego,54,1483,459,65356
01/12/2021,Otsego,15,1498,786,66142
01/13/2021,Otsego,24,1522,276,66418
01/14/2021,Otsego,37,1559,538,66956
01/15/2021,Otsego,41,1600,530,67486
01/16/2021,Otsego,23,1623,388,67874
01/17/2021,Otsego,23,1646,536,68410
01/18/2021,Otsego,25,1671,528,68938
01/19/2021,Otsego,67,1738,1028,69966
01/20/2021,Otsego,41,1779,627,70593
01/21/2021,Otsego,24,1803,637,71230
01/22/2021,Otsego,40,1843,598,71828
01/23/2021,Otsego,28,1871,718,72546
01/24/2021,Otsego,20,1891,318,72864
01/25/2021,Otsego,10,1901,189,73053
01/26/2021,Otsego,18,1919,1147,74200
01/27/2021,Otsego,21,1940,446,74646
01/28/2021,Otsego,25,1965,619,75265
01/29/2021,Otsego,21,1986,927,76192
01/30/2021,Otsego,13,1999,347,76539
01/31/2021,Otsego,12,2011,383,76922
02/01/2021,Otsego,9,2020,201,77123
02/02/2021,Otsego,11,2031,248,77371
02/03/2021,Otsego,17,2048,525,77896
02/04/2021,Otsego,22,2070,1330,79226
02/05/2021,Otsego,9,2079,308,79534
02/06/2021,Otsego,13,2092,723,80257
02/07/2021,Otsego,6,2098,237,80494
02/08/2021,Otsego,5,2103,91,80585
02/09/2021,Otsego,15,2118,1873,82458
02/10/2021,Otsego,14,2132,2670,85128
02/11/2021,Otsego,12,2144,457,85585
02/12/2021,Otsego,14,2158,624,86209
02/13/2021,Otsego,16,2174,712,86921
02/14/2021,Otsego,10,2184,485,87406
02/15/2021,Otsego,12,2196,187,87593
02/16/2021,Otsego,8,2204,1613,89206
02/17/2021,Otsego,12,2216,410,89616
02/18/2021,Otsego,13,2229,1177,90793
02/19/2021,Otsego,9,2238,1073,91866
02/20/2021,Otsego,9,2247,355,92221
02/21/2021,Otsego,5,2252,242,92463
02/22/2021,Otsego,7,2259,157,92620
02/23/2021,Otsego,8,2267,1639,94259
02/24/2021,Otsego,40,2307,1338,95597
02/25/2021,Otsego,4,2311,336,95933
02/26/2021,Otsego,20,2331,1049,96982
02/27/2021,Otsego,19,2350,408,97390
02/28/2021,Otsego,5,2355,340,97730
03/01/2021,Otsego,5,2360,214,97944
03/02/2021,Otsego,13,2373,1713,99657
03/03/2021,Otsego,29,2402,2609,102266
03/04/2021,Otsego,29,2431,857,103123
03/05/2021,Otsego,39,2470,2186,105309
03/06/2021,Otsego,16,2486,434,105743
03/07/2021,Otsego,13,2499,589,106332
03/08/2021,Otsego,23,2522,338,106670
03/09/2021,Otsego,22,2544,1795,108465
03/10/2021,Otsego,4,2548,2794,111259
03/11/2021,Otsego,26,2574,535,111794
03/12/2021,Otsego,17,2591,738,112532
03/13/2021,Otsego,14,2605,674,113206
03/14/2021,Otsego,11,2616,249,113455
03/15/2021,Otsego,12,2628,270,113725
03/16/2021,Otsego,22,2650,1686,115411
03/17/2021,Otsego,20,2670,1063,116474
03/18/2021,Otsego,23,2693,1175,117649
03/19/2021,Otsego,25,2718,314,117963
03/20/2021,Otsego,18,2736,710,118673
03/21/2021,Otsego,8,2744,208,118881
03/22/2021,Otsego,18,2762,310,119191
03/23/2021,Otsego,13,2775,1594,120785
03/24/2021,Otsego,12,2787,2323,123108
03/25/2021,Otsego,28,2815,1569,124677
03/26/2021,Otsego,30,2845,1085,125762
03/27/2021,Otsego,15,2860,403,126165
03/28/2021,Otsego,13,2873,285,126450
03/29/2021,Otsego,17,2890,359,126809
03/30/2021,Otsego,21,2911,1635,128444
03/31/2021,Otsego,26,2937,963,129407
04/01/2021,Otsego,11,2948,537,129944
04/02/2021,Otsego,15,2963,1356,131300
04/03/2021,Otsego,15,2978,446,131746
04/04/2021,Otsego,17,2995,285,132031
04/05/2021,Otsego,12,3007,168,132199
04/06/2021,Otsego,23,3030,1525,133724
04/07/2021,Otsego,12,3042,1377,135101
04/08/2021,Otsego,25,3067,1343,136444
04/09/2021,Otsego,17,3084,968,137412
04/10/2021,Otsego,10,3094,348,137760
04/11/2021,Otsego,8,3102,302,138062
04/12/2021,Otsego,16,3118,233,138295
04/13/2021,Otsego,18,3136,1760,140055
04/14/2021,Otsego,20,3156,1518,141573
04/15/2021,Otsego,5,3161,864,142437
04/16/2021,Otsego,20,3181,745,143182
04/17/2021,Otsego,15,3196,1062,144244
04/18/2021,Otsego,4,3200,207,144451
04/19/2021,Otsego,7,3207,236,144687
04/20/2021,Otsego,14,3221,1804,146491
04/21/2021,Otsego,16,3237,1690,148181
04/22/2021,Otsego,9,3246,883,149064
04/23/2021,Otsego,11,3257,1098,150162
04/24/2021,Otsego,8,3265,452,150614
04/25/2021,Otsego,7,3272,321,150935
04/26/2021,Otsego,7,3279,257,151192
04/27/2021,Otsego,7,3286,344,151536
04/28/2021,Otsego,10,3296,693,152229
04/29/2021,Otsego,10,3306,1110,153339
04/30/2021,Otsego,6,3312,623,153962
05/01/2021,Otsego,8,3320,763,154725
05/02/2021,Otsego,9,3329,255,154980
05/03/2021,Otsego,5,3334,175,155155
05/04/2021,Otsego,6,3340,352,155507
05/05/2021,Otsego,7,3347,582,156089
05/06/2021,Otsego,6,3353,1173,157262
05/07/2021,Otsego,6,3359,973,158235
05/08/2021,Otsego,4,3363,376,158611
05/09/2021,Otsego,7,3370,177,158788
05/10/2021,Otsego,6,3376,211,158999
05/11/2021,Otsego,11,3387,328,159327
05/12/2021,Otsego,3,3390,1008,160335
05/13/2021,Otsego,5,3395,748,161083
05/14/2021,Otsego,5,3400,625,161708
05/15/2021,Otsego,2,3402,272,161980
05/16/2021,Otsego,1,3403,127,162107
05/17/2021,Otsego,1,3404,236,162343
05/18/2021,Otsego,3,3407,341,162684
05/19/2021,Otsego,3,3410,940,163624
05/20/2021,Otsego,4,3414,646,164270
05/21/2021,Otsego,5,3419,607,164877
05/22/2021,Otsego,3,3422,240,165117
05/23/2021,Otsego,8,3430,132,165249
05/24/2021,Otsego,3,3433,212,165461
05/25/2021,Otsego,4,3437,284,165745
05/26/2021,Otsego,1,3438,548,166293
05/27/2021,Otsego,1,3439,698,166991
05/28/2021,Otsego,2,3441,227,167218
05/29/2021,Otsego,4,3445,480,167698
05/30/2021,Otsego,2,3447,125,167823
05/31/2021,Otsego,1,3448,104,167927
06/01/2021,Otsego,0,3448,187,168114
06/02/2021,Otsego,1,3449,176,168290
06/03/2021,Otsego,1,3450,650,168940
06/04/2021,Otsego,2,3452,307,169247
06/05/2021,Otsego,3,3455,216,169463
06/06/2021,Otsego,2,3457,107,169570
06/07/2021,Otsego,1,3458,317,169887
06/08/2021,Otsego,0,3458,279,170166
06/09/2021,Otsego,0,3458,554,170720
06/10/2021,Otsego,2,3460,222,170942
06/11/2021,Otsego,0,3460,305,171247
06/12/2021,Otsego,0,3460,165,171412
06/13/2021,Otsego,1,3461,85,171497
06/14/2021,Otsego,1,3462,116,171613
06/15/2021,Otsego,0,3462,221,171834
06/16/2021,Otsego,1,3463,605,172439
06/17/2021,Otsego,0,3463,204,172643
06/18/2021,Otsego,0,3463,185,172828
06/19/2021,Otsego,1,3464,85,172913
06/20/2021,Otsego,0,3464,63,172976
06/21/2021,Otsego,0,3464,96,173072
06/22/2021,Otsego,1,3465,171,173243
06/23/2021,Otsego,0,3465,321,173564
06/24/2021,Otsego,0,3465,106,173670
06/25/2021,Otsego,1,3466,134,173804
06/26/2021,Otsego,1,3467,134,173938
06/27/2021,Otsego,0,3467,61,173999
06/28/2021,Otsego,0,3467,78,174077
06/29/2021,Otsego,1,3468,152,174229
06/30/2021,Otsego,1,3469,186,174415
07/01/2021,Otsego,0,3469,111,174526
07/02/2021,Otsego,1,3470,181,174707
07/03/2021,Otsego,1,3471,165,174872
07/04/2021,Otsego,0,3471,70,174942
07/05/2021,Otsego,0,3471,41,174983
07/06/2021,Otsego,2,3473,71,175054
07/07/2021,Otsego,0,3473,112,175166
07/08/2021,Otsego,1,3474,289,175455
07/09/2021,Otsego,0,3474,190,175645
07/10/2021,Otsego,0,3474,91,175736
07/11/2021,Otsego,0,3474,99,175835
07/12/2021,Otsego,0,3474,109,175944
07/13/2021,Otsego,0,3474,173,176117
07/14/2021,Otsego,1,3475,232,176349
07/15/2021,Otsego,0,3475,173,176522
07/16/2021,Otsego,0,3475,103,176625
07/17/2021,Otsego,0,3475,109,176734
07/18/2021,Otsego,0,3475,25,176759
07/19/2021,Otsego,0,3475,148,176907
07/20/2021,Otsego,0,3475,117,177024
07/21/2021,Otsego,1,3476,241,177265
07/22/2021,Otsego,1,3477,116,177381
07/23/2021,Otsego,0,3477,146,177527
07/24/2021,Otsego,1,3478,87,177614
07/25/2021,Otsego,1,3479,43,177657
07/26/2021,Otsego,3,3482,172,177829
07/27/2021,Otsego,2,3484,222,178051
07/28/2021,Otsego,6,3490,152,178203
07/29/2021,Otsego,7,3497,141,178344
07/30/2021,Otsego,5,3502,131,178475
07/31/2021,Otsego,6,3508,289,178764
08/01/2021,Otsego,2,3510,100,178864
08/02/2021,Otsego,3,3513,137,179001
08/03/2021,Otsego,3,3516,261,179262
08/04/2021,Otsego,9,3525,326,179588
08/05/2021,Otsego,8,3533,252,179840
08/06/2021,Otsego,5,3538,236,180076
08/07/2021,Otsego,19,3557,352,180428
08/08/2021,Otsego,5,3562,97,180525
08/09/2021,Otsego,8,3570,289,180814
08/10/2021,Otsego,6,3576,307,181121
08/11/2021,Otsego,11,3587,480,181601
08/12/2021,Otsego,18,3605,202,181803
08/13/2021,Otsego,12,3617,213,182016
08/14/2021,Otsego,15,3632,188,182204
08/15/2021,Otsego,5,3637,139,182343
08/16/2021,Otsego,14,3651,246,182589
08/17/2021,Otsego,13,3664,391,182980
08/18/2021,Otsego,15,3679,439,183419
08/19/2021,Otsego,14,3693,300,183719
08/20/2021,Otsego,13,3706,452,184171
08/21/2021,Otsego,12,3718,320,184491
08/22/2021,Otsego,5,3723,203,184694
08/23/2021,Otsego,8,3731,247,184941
08/24/2021,Otsego,7,3738,467,185408
08/25/2021,Otsego,6,3744,165,185573
08/26/2021,Otsego,34,3778,388,185961
08/27/2021,Otsego,17,3795,499,186460
08/28/2021,Otsego,11,3806,170,186630
08/29/2021,Otsego,5,3811,207,186837
08/30/2021,Otsego,14,3825,253,187090
08/31/2021,Otsego,18,3843,319,187409
09/01/2021,Otsego,14,3857,235,187644
09/02/2021,Otsego,17,3874,271,187915
09/03/2021,Otsego,18,3892,249,188164
09/04/2021,Otsego,14,3906,217,188381
09/05/2021,Otsego,11,3917,167,188548
09/06/2021,Otsego,7,3924,110,188658
09/07/2021,Otsego,24,3948,184,188842
09/08/2021,Otsego,21,3969,303,189145
09/09/2021,Otsego,20,3989,431,189576
09/10/2021,Otsego,19,4008,291,189867
09/11/2021,Otsego,18,4026,614,190481
09/12/2021,Otsego,11,4037,180,190661
09/13/2021,Otsego,12,4049,208,190869
09/14/2021,Otsego,15,4064,308,191177
09/15/2021,Otsego,35,4099,452,191629
09/16/2021,Otsego,11,4110,585,192214
09/17/2021,Otsego,12,4122,317,192531
09/18/2021,Otsego,8,4130,321,192852
09/19/2021,Otsego,15,4145,272,193124
09/20/2021,Otsego,17,4162,467,193591
09/21/2021,Otsego,12,4174,307,193898
09/22/2021,Otsego,3,4177,351,194249
09/23/2021,Otsego,18,4195,798,195047
09/24/2021,Otsego,18,4213,715,195762
09/25/2021,Otsego,8,4221,318,196080
09/26/2021,Otsego,7,4228,167,196247
09/27/2021,Otsego,9,4237,326,196573
09/28/2021,Otsego,8,4245,456,197029
09/29/2021,Otsego,14,4259,613,197642
09/30/2021,Otsego,11,4270,567,198209
10/01/2021,Otsego,22,4292,496,198705
10/02/2021,Otsego,18,4310,423,199128
10/03/2021,Otsego,9,4319,194,199322
10/04/2021,Otsego,19,4338,290,199612
10/05/2021,Otsego,16,4354,575,200187
10/06/2021,Otsego,11,4365,431,200618
10/07/2021,Otsego,21,4386,898,201516
10/08/2021,Otsego,16,4402,432,201948
10/09/2021,Otsego,5,4407,241,202189
10/10/2021,Otsego,18,4425,279,202468
10/11/2021,Otsego,9,4434,112,202580
10/12/2021,Otsego,14,4448,336,202916
10/13/2021,Otsego,17,4465,395,203311
10/14/2021,Otsego,20,4485,476,203787
10/15/2021,Otsego,26,4511,803,204590
10/16/2021,Otsego,15,4526,297,204887
10/17/2021,Otsego,9,4535,249,205136
10/18/2021,Otsego,6,4541,147,205283
10/19/2021,Otsego,21,4562,527,205810
10/20/2021,Otsego,13,4575,322,206132
10/21/2021,Otsego,17,4592,570,206702
10/22/2021,Otsego,14,4606,491,207193
10/23/2021,Otsego,11,4617,400,207593
03/01/2020,Putnam,0,0,0,0
03/02/2020,Putnam,0,0,0,0
03/03/2020,Putnam,0,0,0,0
03/04/2020,Putnam,0,0,0,0
03/05/2020,Putnam,0,0,1,1
03/06/2020,Putnam,0,0,0,1
03/07/2020,Putnam,0,0,1,2
03/08/2020,Putnam,0,0,0,2
03/09/2020,Putnam,0,0,1,3
03/10/2020,Putnam,0,0,0,3
03/11/2020,Putnam,0,0,7,10
03/12/2020,Putnam,0,0,1,11
03/13/2020,Putnam,0,0,14,25
03/14/2020,Putnam,0,0,3,28
03/15/2020,Putnam,2,2,10,38
03/16/2020,Putnam,0,2,5,43
03/17/2020,Putnam,0,2,7,50
03/18/2020,Putnam,3,5,32,82
03/19/2020,Putnam,2,7,35,117
03/20/2020,Putnam,15,22,79,196
03/21/2020,Putnam,15,37,75,271
03/22/2020,Putnam,8,45,47,318
03/23/2020,Putnam,22,67,70,388
03/24/2020,Putnam,16,83,51,439
03/25/2020,Putnam,11,94,75,514
03/26/2020,Putnam,17,111,47,561
03/27/2020,Putnam,20,131,84,645
03/28/2020,Putnam,13,144,41,686
03/29/2020,Putnam,23,167,63,749
03/30/2020,Putnam,19,186,71,820
03/31/2020,Putnam,21,207,57,877
04/01/2020,Putnam,9,216,46,923
04/02/2020,Putnam,36,252,90,1013
04/03/2020,Putnam,31,283,96,1109
04/04/2020,Putnam,31,314,78,1187
04/05/2020,Putnam,31,345,122,1309
04/06/2020,Putnam,21,366,72,1381
04/07/2020,Putnam,37,403,115,1496
04/08/2020,Putnam,35,438,158,1654
04/09/2020,Putnam,49,487,169,1823
04/10/2020,Putnam,7,494,18,1841
04/11/2020,Putnam,3,497,12,1853
04/12/2020,Putnam,5,502,8,1861
04/13/2020,Putnam,56,558,217,2078
04/14/2020,Putnam,13,571,43,2121
04/15/2020,Putnam,2,573,6,2127
04/16/2020,Putnam,5,578,11,2138
04/17/2020,Putnam,4,582,13,2151
04/18/2020,Putnam,10,592,37,2188
04/19/2020,Putnam,7,599,21,2209
04/20/2020,Putnam,6,605,30,2239
04/21/2020,Putnam,6,611,31,2270
04/22/2020,Putnam,4,615,19,2289
04/23/2020,Putnam,4,619,25,2314
04/24/2020,Putnam,266,885,1134,3448
04/25/2020,Putnam,19,904,112,3560
04/26/2020,Putnam,21,925,127,3687
04/27/2020,Putnam,7,932,82,3769
04/28/2020,Putnam,14,946,150,3919
04/29/2020,Putnam,24,970,251,4170
04/30/2020,Putnam,20,990,144,4314
05/01/2020,Putnam,13,1003,115,4429
05/02/2020,Putnam,10,1013,90,4519
05/03/2020,Putnam,13,1026,114,4633
05/04/2020,Putnam,5,1031,87,4720
05/05/2020,Putnam,9,1040,96,4816
05/06/2020,Putnam,26,1066,317,5133
05/07/2020,Putnam,8,1074,121,5254
05/08/2020,Putnam,6,1080,161,5415
05/09/2020,Putnam,9,1089,155,5570
05/10/2020,Putnam,9,1098,122,5692
05/11/2020,Putnam,0,1098,42,5734
05/12/2020,Putnam,10,1108,138,5872
05/13/2020,Putnam,7,1115,151,6023
05/14/2020,Putnam,6,1121,149,6172
05/15/2020,Putnam,6,1127,153,6325
05/16/2020,Putnam,9,1136,131,6456
05/17/2020,Putnam,5,1141,116,6572
05/18/2020,Putnam,18,1159,125,6697
05/19/2020,Putnam,9,1168,155,6852
05/20/2020,Putnam,7,1175,165,7017
05/21/2020,Putnam,12,1187,156,7173
05/22/2020,Putnam,13,1200,236,7409
05/23/2020,Putnam,8,1208,161,7570
05/24/2020,Putnam,6,1214,185,7755
05/25/2020,Putnam,8,1222,184,7939
05/26/2020,Putnam,5,1227,125,8064
05/27/2020,Putnam,9,1236,425,8489
05/28/2020,Putnam,5,1241,194,8683
05/29/2020,Putnam,7,1248,312,8995
05/30/2020,Putnam,4,1252,264,9259
05/31/2020,Putnam,5,1257,247,9506
06/01/2020,Putnam,5,1262,248,9754
06/02/2020,Putnam,2,1264,286,10040
06/03/2020,Putnam,4,1268,311,10351
06/04/2020,Putnam,2,1270,313,10664
06/05/2020,Putnam,4,1274,306,10970
06/06/2020,Putnam,3,1277,203,11173
06/07/2020,Putnam,2,1279,252,11425
06/08/2020,Putnam,1,1280,228,11653
06/09/2020,Putnam,2,1282,296,11949
06/10/2020,Putnam,0,1282,319,12268
06/11/2020,Putnam,0,1282,253,12521
06/12/2020,Putnam,3,1285,329,12850
06/13/2020,Putnam,3,1288,209,13059
06/14/2020,Putnam,3,1291,214,13273
06/15/2020,Putnam,1,1292,193,13466
06/16/2020,Putnam,2,1294,324,13790
06/17/2020,Putnam,1,1295,185,13975
06/18/2020,Putnam,4,1299,432,14407
06/19/2020,Putnam,2,1301,248,14655
06/20/2020,Putnam,0,1301,241,14896
06/21/2020,Putnam,4,1305,253,15149
06/22/2020,Putnam,0,1305,194,15343
06/23/2020,Putnam,1,1306,226,15569
06/24/2020,Putnam,5,1311,343,15912
06/25/2020,Putnam,6,1317,216,16128
06/26/2020,Putnam,2,1319,376,16504
06/27/2020,Putnam,4,1323,199,16703
06/28/2020,Putnam,2,1325,213,16916
06/29/2020,Putnam,1,1326,174,17090
06/30/2020,Putnam,3,1329,271,17361
07/01/2020,Putnam,3,1332,373,17734
07/02/2020,Putnam,1,1333,308,18042
07/03/2020,Putnam,2,1335,219,18261
07/04/2020,Putnam,1,1336,231,18492
07/05/2020,Putnam,1,1337,217,18709
07/06/2020,Putnam,3,1340,214,18923
07/07/2020,Putnam,4,1344,256,19179
07/08/2020,Putnam,4,1348,422,19601
07/09/2020,Putnam,7,1355,357,19958
07/10/2020,Putnam,6,1361,438,20396
07/11/2020,Putnam,0,1361,323,20719
07/12/2020,Putnam,4,1365,293,21012
07/13/2020,Putnam,11,1376,291,21303
07/14/2020,Putnam,6,1382,236,21539
07/15/2020,Putnam,3,1385,398,21937
07/16/2020,Putnam,1,1386,539,22476
07/17/2020,Putnam,4,1390,424,22900
07/18/2020,Putnam,1,1391,286,23186
07/19/2020,Putnam,1,1392,218,23404
07/20/2020,Putnam,1,1393,279,23683
07/21/2020,Putnam,1,1394,296,23979
07/22/2020,Putnam,3,1397,320,24299
07/23/2020,Putnam,2,1399,385,24684
07/24/2020,Putnam,4,1403,299,24983
07/25/2020,Putnam,1,1404,230,25213
07/26/2020,Putnam,4,1408,256,25469
07/27/2020,Putnam,4,1412,282,25751
07/28/2020,Putnam,4,1416,295,26046
07/29/2020,Putnam,2,1418,422,26468
07/30/2020,Putnam,3,1421,286,26754
07/31/2020,Putnam,4,1425,309,27063
08/01/2020,Putnam,3,1428,213,27276
08/02/2020,Putnam,5,1433,222,27498
08/03/2020,Putnam,4,1437,245,27743
08/04/2020,Putnam,2,1439,292,28035
08/05/2020,Putnam,5,1444,337,28372
08/06/2020,Putnam,2,1446,288,28660
08/07/2020,Putnam,1,1447,320,28980
08/08/2020,Putnam,2,1449,276,29256
08/09/2020,Putnam,0,1449,256,29512
08/10/2020,Putnam,0,1449,310,29822
08/11/2020,Putnam,1,1450,267,30089
08/12/2020,Putnam,5,1455,360,30449
08/13/2020,Putnam,2,1457,365,30814
08/14/2020,Putnam,2,1459,498,31312
08/15/2020,Putnam,2,1461,454,31766
08/16/2020,Putnam,2,1463,266,32032
08/17/2020,Putnam,0,1463,318,32350
08/18/2020,Putnam,3,1466,346,32696
08/19/2020,Putnam,2,1468,354,33050
08/20/2020,Putnam,2,1470,411,33461
08/21/2020,Putnam,3,1473,401,33862
08/22/2020,Putnam,0,1473,361,34223
08/23/2020,Putnam,2,1475,294,34517
08/24/2020,Putnam,5,1480,233,34750
08/25/2020,Putnam,2,1482,336,35086
08/26/2020,Putnam,5,1487,403,35489
08/27/2020,Putnam,5,1492,381,35870
08/28/2020,Putnam,2,1494,426,36296
08/29/2020,Putnam,6,1500,396,36692
08/30/2020,Putnam,1,1501,230,36922
08/31/2020,Putnam,4,1505,376,37298
09/01/2020,Putnam,5,1510,420,37718
09/02/2020,Putnam,8,1518,400,38118
09/03/2020,Putnam,5,1523,337,38455
09/04/2020,Putnam,5,1528,360,38815
09/05/2020,Putnam,3,1531,314,39129
09/06/2020,Putnam,3,1534,240,39369
09/07/2020,Putnam,5,1539,143,39512
09/08/2020,Putnam,2,1541,346,39858
09/09/2020,Putnam,0,1541,312,40170
09/10/2020,Putnam,9,1550,377,40547
09/11/2020,Putnam,4,1554,370,40917
09/12/2020,Putnam,3,1557,348,41265
09/13/2020,Putnam,4,1561,205,41470
09/14/2020,Putnam,3,1564,334,41804
09/15/2020,Putnam,1,1565,270,42074
09/16/2020,Putnam,2,1567,364,42438
09/17/2020,Putnam,2,1569,347,42785
09/18/2020,Putnam,4,1573,391,43176
09/19/2020,Putnam,1,1574,431,43607
09/20/2020,Putnam,3,1577,343,43950
09/21/2020,Putnam,6,1583,357,44307
09/22/2020,Putnam,4,1587,294,44601
09/23/2020,Putnam,2,1589,346,44947
09/24/2020,Putnam,5,1594,401,45348
09/25/2020,Putnam,3,1597,396,45744
09/26/2020,Putnam,2,1599,323,46067
09/27/2020,Putnam,5,1604,223,46290
09/28/2020,Putnam,8,1612,397,46687
09/29/2020,Putnam,5,1617,292,46979
09/30/2020,Putnam,12,1629,422,47401
10/01/2020,Putnam,8,1637,487,47888
10/02/2020,Putnam,9,1646,530,48418
10/03/2020,Putnam,4,1650,414,48832
10/04/2020,Putnam,2,1652,396,49228
10/05/2020,Putnam,4,1656,433,49661
10/06/2020,Putnam,5,1661,395,50056
10/07/2020,Putnam,8,1669,699,50755
10/08/2020,Putnam,4,1673,574,51329
10/09/2020,Putnam,2,1675,477,51806
10/10/2020,Putnam,8,1683,528,52334
10/11/2020,Putnam,6,1689,482,52816
10/12/2020,Putnam,9,1698,468,53284
10/13/2020,Putnam,7,1705,479,53763
10/14/2020,Putnam,5,1710,481,54244
10/15/2020,Putnam,6,1716,587,54831
10/16/2020,Putnam,15,1731,531,55362
10/17/2020,Putnam,5,1736,501,55863
10/18/2020,Putnam,3,1739,509,56372
10/19/2020,Putnam,13,1752,490,56862
10/20/2020,Putnam,3,1755,411,57273
10/21/2020,Putnam,13,1768,594,57867
10/22/2020,Putnam,12,1780,623,58490
10/23/2020,Putnam,8,1788,590,59080
10/24/2020,Putnam,6,1794,437,59517
10/25/2020,Putnam,6,1800,398,59915
10/26/2020,Putnam,5,1805,454,60369
10/27/2020,Putnam,7,1812,522,60891
10/28/2020,Putnam,13,1825,755,61646
10/29/2020,Putnam,8,1833,460,62106
10/30/2020,Putnam,12,1845,585,62691
10/31/2020,Putnam,16,1861,461,63152
11/01/2020,Putnam,8,1869,508,63660
11/02/2020,Putnam,5,1874,454,64114
11/03/2020,Putnam,9,1883,528,64642
11/04/2020,Putnam,13,1896,652,65294
11/05/2020,Putnam,25,1921,562,65856
11/06/2020,Putnam,16,1937,535,66391
11/07/2020,Putnam,11,1948,549,66940
11/08/2020,Putnam,30,1978,665,67605
11/09/2020,Putnam,26,2004,507,68112
11/10/2020,Putnam,26,2030,481,68593
11/11/2020,Putnam,29,2059,701,69294
11/12/2020,Putnam,32,2091,589,69883
11/13/2020,Putnam,43,2134,669,70552
11/14/2020,Putnam,19,2153,634,71186
11/15/2020,Putnam,33,2186,524,71710
11/16/2020,Putnam,57,2243,913,72623
11/17/2020,Putnam,26,2269,472,73095
11/18/2020,Putnam,37,2306,801,73896
11/19/2020,Putnam,2,2308,108,74004
11/20/2020,Putnam,48,2356,939,74943
11/21/2020,Putnam,6,2362,141,75084
11/22/2020,Putnam,110,2472,1647,76731
11/23/2020,Putnam,57,2529,905,77636
11/24/2020,Putnam,34,2563,550,78186
11/25/2020,Putnam,52,2615,932,79118
11/26/2020,Putnam,67,2682,946,80064
11/27/2020,Putnam,49,2731,761,80825
11/28/2020,Putnam,58,2789,802,81627
11/29/2020,Putnam,55,2844,819,82446
11/30/2020,Putnam,40,2884,836,83282
12/01/2020,Putnam,89,2973,1036,84318
12/02/2020,Putnam,65,3038,962,85280
12/03/2020,Putnam,69,3107,993,86273
12/04/2020,Putnam,126,3233,1007,87280
12/05/2020,Putnam,98,3331,1028,88308
12/06/2020,Putnam,37,3368,681,88989
12/07/2020,Putnam,60,3428,874,89863
12/08/2020,Putnam,61,3489,722,90585
12/09/2020,Putnam,71,3560,784,91369
12/10/2020,Putnam,48,3608,912,92281
12/11/2020,Putnam,69,3677,1061,93342
12/12/2020,Putnam,66,3743,927,94269
12/13/2020,Putnam,52,3795,786,95055
12/14/2020,Putnam,74,3869,873,95928
12/15/2020,Putnam,50,3919,817,96745
12/16/2020,Putnam,56,3975,862,97607
12/17/2020,Putnam,60,4035,1076,98683
12/18/2020,Putnam,42,4077,670,99353
12/19/2020,Putnam,50,4127,689,100042
12/20/2020,Putnam,41,4168,755,100797
12/21/2020,Putnam,63,4231,701,101498
12/22/2020,Putnam,58,4289,880,102378
12/23/2020,Putnam,49,4338,1059,103437
12/24/2020,Putnam,75,4413,931,104368
12/25/2020,Putnam,65,4478,941,105309
12/26/2020,Putnam,38,4516,737,106046
12/27/2020,Putnam,61,4577,662,106708
12/28/2020,Putnam,67,4644,679,107387
12/29/2020,Putnam,106,4750,986,108373
12/30/2020,Putnam,81,4831,969,109342
12/31/2020,Putnam,106,4937,999,110341
01/01/2021,Putnam,88,5025,1038,111379
01/02/2021,Putnam,59,5084,708,112087
01/03/2021,Putnam,78,5162,824,112911
01/04/2021,Putnam,73,5235,702,113613
01/05/2021,Putnam,85,5320,747,114360
01/06/2021,Putnam,116,5436,1146,115506
01/07/2021,Putnam,115,5551,1097,116603
01/08/2021,Putnam,94,5645,1019,117622
01/09/2021,Putnam,105,5750,1138,118760
01/10/2021,Putnam,94,5844,1183,119943
01/11/2021,Putnam,86,5930,991,120934
01/12/2021,Putnam,84,6014,954,121888
01/13/2021,Putnam,53,6067,714,122602
01/14/2021,Putnam,136,6203,1650,124252
01/15/2021,Putnam,91,6294,1231,125483
01/16/2021,Putnam,92,6386,1095,126578
01/17/2021,Putnam,61,6447,946,127524
01/18/2021,Putnam,74,6521,964,128488
01/19/2021,Putnam,55,6576,710,129198
01/20/2021,Putnam,94,6670,1246,130444
01/21/2021,Putnam,78,6748,1228,131672
01/22/2021,Putnam,76,6824,1121,132793
01/23/2021,Putnam,103,6927,1643,134436
01/24/2021,Putnam,77,7004,1172,135608
01/25/2021,Putnam,67,7071,776,136384
01/26/2021,Putnam,41,7112,781,137165
01/27/2021,Putnam,59,7171,1102,138267
01/28/2021,Putnam,68,7239,1236,139503
01/29/2021,Putnam,54,7293,1118,140621
01/30/2021,Putnam,45,7338,1065,141686
01/31/2021,Putnam,46,7384,880,142566
02/01/2021,Putnam,39,7423,610,143176
02/02/2021,Putnam,9,7432,294,143470
02/03/2021,Putnam,24,7456,350,143820
02/04/2021,Putnam,44,7500,969,144789
02/05/2021,Putnam,58,7558,1145,145934
02/06/2021,Putnam,34,7592,957,146891
02/07/2021,Putnam,33,7625,805,147696
02/08/2021,Putnam,31,7656,527,148223
02/09/2021,Putnam,43,7699,629,148852
02/10/2021,Putnam,47,7746,1107,149959
02/11/2021,Putnam,56,7802,1100,151059
02/12/2021,Putnam,42,7844,831,151890
02/13/2021,Putnam,34,7878,865,152755
02/14/2021,Putnam,33,7911,722,153477
02/15/2021,Putnam,32,7943,596,154073
02/16/2021,Putnam,43,7986,642,154715
02/17/2021,Putnam,38,8024,748,155463
02/18/2021,Putnam,35,8059,1064,156527
02/19/2021,Putnam,26,8085,2540,159067
02/20/2021,Putnam,31,8116,723,159790
02/21/2021,Putnam,19,8135,868,160658
02/22/2021,Putnam,19,8154,535,161193
02/23/2021,Putnam,50,8204,722,161915
02/24/2021,Putnam,40,8244,962,162877
02/25/2021,Putnam,27,8271,1071,163948
02/26/2021,Putnam,36,8307,964,164912
02/27/2021,Putnam,33,8340,888,165800
02/28/2021,Putnam,29,8369,768,166568
03/01/2021,Putnam,20,8389,480,167048
03/02/2021,Putnam,29,8418,649,167697
03/03/2021,Putnam,42,8460,867,168564
03/04/2021,Putnam,43,8503,1160,169724
03/05/2021,Putnam,36,8539,935,170659
03/06/2021,Putnam,26,8565,798,171457
03/07/2021,Putnam,27,8592,713,172170
03/08/2021,Putnam,23,8615,604,172774
03/09/2021,Putnam,46,8661,667,173441
03/10/2021,Putnam,30,8691,752,174193
03/11/2021,Putnam,33,8724,1186,175379
03/12/2021,Putnam,44,8768,761,176140
03/13/2021,Putnam,27,8795,615,176755
03/14/2021,Putnam,41,8836,644,177399
03/15/2021,Putnam,24,8860,599,177998
03/16/2021,Putnam,31,8891,760,178758
03/17/2021,Putnam,37,8928,891,179649
03/18/2021,Putnam,66,8994,1099,180748
03/19/2021,Putnam,39,9033,834,181582
03/20/2021,Putnam,46,9079,797,182379
03/21/2021,Putnam,27,9106,665,183044
03/22/2021,Putnam,40,9146,577,183621
03/23/2021,Putnam,40,9186,778,184399
03/24/2021,Putnam,32,9218,855,185254
03/25/2021,Putnam,60,9278,1056,186310
03/26/2021,Putnam,52,9330,1044,187354
03/27/2021,Putnam,61,9391,1063,188417
03/28/2021,Putnam,47,9438,828,189245
03/29/2021,Putnam,30,9468,606,189851
03/30/2021,Putnam,59,9527,840,190691
03/31/2021,Putnam,36,9563,916,191607
04/01/2021,Putnam,64,9627,1064,192671
04/02/2021,Putnam,52,9679,1025,193696
04/03/2021,Putnam,50,9729,1037,194733
04/04/2021,Putnam,28,9757,840,195573
04/05/2021,Putnam,29,9786,490,196063
04/06/2021,Putnam,49,9835,914,196977
04/07/2021,Putnam,55,9890,1001,197978
04/08/2021,Putnam,48,9938,1364,199342
04/09/2021,Putnam,31,9969,934,200276
04/10/2021,Putnam,36,10005,931,201207
04/11/2021,Putnam,18,10023,723,201930
04/12/2021,Putnam,29,10052,452,202382
04/13/2021,Putnam,27,10079,694,203076
04/14/2021,Putnam,34,10113,910,203986
04/15/2021,Putnam,21,10134,773,204759
04/16/2021,Putnam,52,10186,915,205674
04/17/2021,Putnam,31,10217,933,206607
04/18/2021,Putnam,14,10231,564,207171
04/19/2021,Putnam,14,10245,387,207558
04/20/2021,Putnam,29,10274,761,208319
04/21/2021,Putnam,27,10301,811,209130
04/22/2021,Putnam,15,10316,897,210027
04/23/2021,Putnam,28,10344,832,210859
04/24/2021,Putnam,18,10362,773,211632
04/25/2021,Putnam,12,10374,485,212117
04/26/2021,Putnam,5,10379,382,212499
04/27/2021,Putnam,10,10389,620,213119
04/28/2021,Putnam,15,10404,768,213887
04/29/2021,Putnam,12,10416,768,214655
04/30/2021,Putnam,11,10427,711,215366
05/01/2021,Putnam,6,10433,718,216084
05/02/2021,Putnam,15,10448,440,216524
05/03/2021,Putnam,8,10456,308,216832
05/04/2021,Putnam,5,10461,561,217393
05/05/2021,Putnam,10,10471,608,218001
05/06/2021,Putnam,17,10488,698,218699
05/07/2021,Putnam,16,10504,928,219627
05/08/2021,Putnam,8,10512,545,220172
05/09/2021,Putnam,4,10516,536,220708
05/10/2021,Putnam,5,10521,327,221035
05/11/2021,Putnam,7,10528,633,221668
05/12/2021,Putnam,3,10531,693,222361
05/13/2021,Putnam,3,10534,706,223067
05/14/2021,Putnam,5,10539,734,223801
05/15/2021,Putnam,2,10541,556,224357
05/16/2021,Putnam,1,10542,369,224726
05/17/2021,Putnam,2,10544,255,224981
05/18/2021,Putnam,4,10548,594,225575
05/19/2021,Putnam,5,10553,570,226145
05/20/2021,Putnam,0,10553,543,226688
05/21/2021,Putnam,5,10558,578,227266
05/22/2021,Putnam,2,10560,473,227739
05/23/2021,Putnam,1,10561,303,228042
05/24/2021,Putnam,3,10564,270,228312
05/25/2021,Putnam,2,10566,474,228786
05/26/2021,Putnam,1,10567,531,229317
05/27/2021,Putnam,3,10570,486,229803
05/28/2021,Putnam,3,10573,468,230271
05/29/2021,Putnam,1,10574,387,230658
05/30/2021,Putnam,1,10575,297,230955
05/31/2021,Putnam,2,10577,239,231194
06/01/2021,Putnam,4,10581,218,231412
06/02/2021,Putnam,4,10585,467,231879
06/03/2021,Putnam,4,10589,605,232484
06/04/2021,Putnam,3,10592,528,233012
06/05/2021,Putnam,3,10595,393,233405
06/06/2021,Putnam,4,10599,314,233719
06/07/2021,Putnam,1,10600,321,234040
06/08/2021,Putnam,0,10600,441,234481
06/09/2021,Putnam,2,10602,547,235028
06/10/2021,Putnam,2,10604,506,235534
06/11/2021,Putnam,0,10604,561,236095
06/12/2021,Putnam,1,10605,363,236458
06/13/2021,Putnam,0,10605,258,236716
06/14/2021,Putnam,1,10606,163,236879
06/15/2021,Putnam,4,10610,418,237297
06/16/2021,Putnam,6,10616,441,237738
06/17/2021,Putnam,5,10621,467,238205
06/18/2021,Putnam,1,10622,421,238626
06/19/2021,Putnam,0,10622,363,238989
06/20/2021,Putnam,0,10622,274,239263
06/21/2021,Putnam,1,10623,185,239448
06/22/2021,Putnam,0,10623,357,239805
06/23/2021,Putnam,0,10623,464,240269
06/24/2021,Putnam,2,10625,398,240667
06/25/2021,Putnam,0,10625,461,241128
06/26/2021,Putnam,1,10626,336,241464
06/27/2021,Putnam,2,10628,201,241665
06/28/2021,Putnam,1,10629,331,241996
06/29/2021,Putnam,1,10630,349,242345
06/30/2021,Putnam,1,10631,312,242657
07/01/2021,Putnam,0,10631,326,242983
07/02/2021,Putnam,1,10632,351,243334
07/03/2021,Putnam,0,10632,306,243640
07/04/2021,Putnam,2,10634,302,243942
07/05/2021,Putnam,0,10634,134,244076
07/06/2021,Putnam,1,10635,175,244251
07/07/2021,Putnam,0,10635,376,244627
07/08/2021,Putnam,2,10637,367,244994
07/09/2021,Putnam,0,10637,321,245315
07/10/2021,Putnam,1,10638,267,245582
07/11/2021,Putnam,2,10640,253,245835
07/12/2021,Putnam,0,10640,220,246055
07/13/2021,Putnam,1,10641,293,246348
07/14/2021,Putnam,4,10645,274,246622
07/15/2021,Putnam,3,10648,313,246935
07/16/2021,Putnam,2,10650,371,247306
07/17/2021,Putnam,3,10653,350,247656
07/18/2021,Putnam,4,10657,213,247869
07/19/2021,Putnam,2,10659,253,248122
07/20/2021,Putnam,3,10662,404,248526
07/21/2021,Putnam,5,10667,403,248929
07/22/2021,Putnam,10,10677,473,249402
07/23/2021,Putnam,5,10682,415,249817
07/24/2021,Putnam,11,10693,433,250250
07/25/2021,Putnam,7,10700,290,250540
07/26/2021,Putnam,5,10705,235,250775
07/27/2021,Putnam,7,10712,372,251147
07/28/2021,Putnam,13,10725,443,251590
07/29/2021,Putnam,12,10737,517,252107
07/30/2021,Putnam,14,10751,503,252610
07/31/2021,Putnam,17,10768,428,253038
08/01/2021,Putnam,9,10777,310,253348
08/02/2021,Putnam,6,10783,247,253595
08/03/2021,Putnam,9,10792,430,254025
08/04/2021,Putnam,16,10808,535,254560
08/05/2021,Putnam,19,10827,527,255087
08/06/2021,Putnam,15,10842,667,255754
08/07/2021,Putnam,16,10858,461,256215
08/08/2021,Putnam,10,10868,448,256663
08/09/2021,Putnam,11,10879,458,257121
08/10/2021,Putnam,15,10894,542,257663
08/11/2021,Putnam,26,10920,547,258210
08/12/2021,Putnam,28,10948,645,258855
08/13/2021,Putnam,27,10975,617,259472
08/14/2021,Putnam,18,10993,663,260135
08/15/2021,Putnam,10,11003,402,260537
08/16/2021,Putnam,31,11034,447,260984
08/17/2021,Putnam,21,11055,545,261529
08/18/2021,Putnam,26,11081,637,262166
08/19/2021,Putnam,24,11105,665,262831
08/20/2021,Putnam,29,11134,717,263548
08/21/2021,Putnam,28,11162,628,264176
08/22/2021,Putnam,14,11176,499,264675
08/23/2021,Putnam,9,11185,347,265022
08/24/2021,Putnam,18,11203,587,265609
08/25/2021,Putnam,29,11232,680,266289
08/26/2021,Putnam,29,11261,743,267032
08/27/2021,Putnam,22,11283,733,267765
08/28/2021,Putnam,17,11300,580,268345
08/29/2021,Putnam,19,11319,457,268802
08/30/2021,Putnam,19,11338,361,269163
08/31/2021,Putnam,47,11385,636,269799
09/01/2021,Putnam,17,11402,600,270399
09/02/2021,Putnam,13,11415,629,271028
09/03/2021,Putnam,27,11442,563,271591
09/04/2021,Putnam,18,11460,580,272171
09/05/2021,Putnam,23,11483,422,272593
09/06/2021,Putnam,14,11497,201,272794
09/07/2021,Putnam,19,11516,334,273128
09/08/2021,Putnam,15,11531,846,273974
09/09/2021,Putnam,25,11556,678,274652
09/10/2021,Putnam,10,11566,716,275368
09/11/2021,Putnam,14,11580,640,276008
09/12/2021,Putnam,24,11604,479,276487
09/13/2021,Putnam,24,11628,477,276964
09/14/2021,Putnam,25,11653,604,277568
09/15/2021,Putnam,23,11676,663,278231
09/16/2021,Putnam,29,11705,801,279032
09/17/2021,Putnam,37,11742,751,279783
09/18/2021,Putnam,23,11765,818,280601
09/19/2021,Putnam,14,11779,560,281161
09/20/2021,Putnam,29,11808,507,281668
09/21/2021,Putnam,36,11844,843,282511
09/22/2021,Putnam,26,11870,811,283322
09/23/2021,Putnam,31,11901,969,284291
09/24/2021,Putnam,27,11928,837,285128
09/25/2021,Putnam,13,11941,747,285875
09/26/2021,Putnam,14,11955,519,286394
09/27/2021,Putnam,18,11973,504,286898
09/28/2021,Putnam,20,11993,791,287689
09/29/2021,Putnam,29,12022,926,288615
09/30/2021,Putnam,28,12050,831,289446
10/01/2021,Putnam,20,12070,837,290283
10/02/2021,Putnam,20,12090,679,290962
10/03/2021,Putnam,13,12103,545,291507
10/04/2021,Putnam,16,12119,500,292007
10/05/2021,Putnam,22,12141,914,292921
10/06/2021,Putnam,31,12172,889,293810
10/07/2021,Putnam,37,12209,945,294755
10/08/2021,Putnam,30,12239,891,295646
10/09/2021,Putnam,5,12244,318,295964
10/10/2021,Putnam,31,12275,1060,297024
10/11/2021,Putnam,15,12290,449,297473
10/12/2021,Putnam,38,12328,653,298126
10/13/2021,Putnam,30,12358,888,299014
10/14/2021,Putnam,27,12385,802,299816
10/15/2021,Putnam,20,12405,918,300734
10/16/2021,Putnam,15,12420,752,301486
10/17/2021,Putnam,19,12439,536,302022
10/18/2021,Putnam,9,12448,321,302343
10/19/2021,Putnam,21,12469,788,303131
10/20/2021,Putnam,23,12492,824,303955
10/21/2021,Putnam,17,12509,860,304815
10/22/2021,Putnam,20,12529,813,305628
10/23/2021,Putnam,12,12541,564,306192
03/01/2020,Queens,0,0,0,0
03/02/2020,Queens,0,0,0,0
03/03/2020,Queens,0,0,2,2
03/04/2020,Queens,0,0,0,2
03/05/2020,Queens,1,1,6,8
03/06/2020,Queens,1,2,10,18
03/07/2020,Queens,0,2,14,32
03/08/2020,Queens,1,3,13,45
03/09/2020,Queens,0,3,15,60
03/10/2020,Queens,4,7,18,78
03/11/2020,Queens,5,12,44,122
03/12/2020,Queens,15,27,74,196
03/13/2020,Queens,30,57,154,350
03/14/2020,Queens,18,75,110,460
03/15/2020,Queens,49,124,198,658
03/16/2020,Queens,38,162,136,794
03/17/2020,Queens,123,285,371,1165
03/18/2020,Queens,336,621,768,1933
03/19/2020,Queens,519,1140,1179,3112
03/20/2020,Queens,491,1631,1218,4330
03/21/2020,Queens,843,2474,1927,6257
03/22/2020,Queens,1152,3626,2048,8305
03/23/2020,Queens,839,4465,1518,9823
03/24/2020,Queens,1010,5475,1736,11559
03/25/2020,Queens,1238,6713,2110,13669
03/26/2020,Queens,1324,8037,2115,15784
03/27/2020,Queens,1238,9275,2055,17839
03/28/2020,Queens,1136,10411,1845,19684
03/29/2020,Queens,1258,11669,1915,21599
03/30/2020,Queens,2022,13691,3325,24924
03/31/2020,Queens,1211,14902,1871,26795
04/01/2020,Queens,1366,16268,2157,28952
04/02/2020,Queens,1899,18167,3048,32000
04/03/2020,Queens,1947,20114,3407,35407
04/04/2020,Queens,1322,21436,2255,37662
04/05/2020,Queens,1697,23133,2730,40392
04/06/2020,Queens,1707,24840,2864,43256
04/07/2020,Queens,1408,26248,2884,46140
04/08/2020,Queens,1504,27752,2831,48971
04/09/2020,Queens,1551,29303,2941,51912
04/10/2020,Queens,1988,31291,3803,55715
04/11/2020,Queens,1544,32835,3219,58934
04/12/2020,Queens,1150,33985,2481,61415
04/13/2020,Queens,1068,35053,2430,63845
04/14/2020,Queens,1712,36765,3674,67519
04/15/2020,Queens,1153,37918,3144,70663
04/16/2020,Queens,1173,39091,3056,73719
04/17/2020,Queens,1125,40216,3347,77066
04/18/2020,Queens,1021,41237,3338,80404
04/19/2020,Queens,786,42023,2428,82832
04/20/2020,Queens,799,42822,2498,85330
04/21/2020,Queens,891,43713,3058,88388
04/22/2020,Queens,1191,44904,4142,92530
04/23/2020,Queens,1483,46387,5468,97998
04/24/2020,Queens,1474,47861,5296,103294
04/25/2020,Queens,884,48745,3676,106970
04/26/2020,Queens,654,49399,2829,109799
04/27/2020,Queens,530,49929,2628,112427
04/28/2020,Queens,812,50741,4061,116488
04/29/2020,Queens,890,51631,4201,120689
04/30/2020,Queens,643,52274,3689,124378
05/01/2020,Queens,765,53039,4517,128895
05/02/2020,Queens,601,53640,3755,132650
05/03/2020,Queens,450,54090,2696,135346
05/04/2020,Queens,358,54448,2633,137979
05/05/2020,Queens,432,54880,3591,141570
05/06/2020,Queens,570,55450,4505,146075
05/07/2020,Queens,494,55944,3992,150067
05/08/2020,Queens,549,56493,4596,154663
05/09/2020,Queens,369,56862,3416,158079
05/10/2020,Queens,318,57180,2937,161016
05/11/2020,Queens,211,57391,2552,163568
05/12/2020,Queens,357,57748,3829,167397
05/13/2020,Queens,336,58084,4439,171836
05/14/2020,Queens,432,58516,4879,176715
05/15/2020,Queens,325,58841,4644,181359
05/16/2020,Queens,291,59132,4209,185568
05/17/2020,Queens,192,59324,3226,188794
05/18/2020,Queens,184,59508,3363,192157
05/19/2020,Queens,244,59752,4581,196738
05/20/2020,Queens,273,60025,5151,201889
05/21/2020,Queens,211,60236,5181,207070
05/22/2020,Queens,186,60422,5388,212458
05/23/2020,Queens,214,60636,5270,217728
05/24/2020,Queens,192,60828,4448,222176
05/25/2020,Queens,132,60960,3789,225965
05/26/2020,Queens,165,61125,4201,230166
05/27/2020,Queens,275,61400,9126,239292
05/28/2020,Queens,244,61644,8480,247772
05/29/2020,Queens,183,61827,7088,254860
05/30/2020,Queens,148,61975,6226,261086
05/31/2020,Queens,119,62094,5906,266992
06/01/2020,Queens,199,62293,7231,274223
06/02/2020,Queens,132,62425,6319,280542
06/03/2020,Queens,117,62542,6451,286993
06/04/2020,Queens,150,62692,6695,293688
06/05/2020,Queens,158,62850,7672,301360
06/06/2020,Queens,113,62963,6497,307857
06/07/2020,Queens,134,63097,6514,314371
06/08/2020,Queens,97,63194,5227,319598
06/09/2020,Queens,132,63326,7770,327368
06/10/2020,Queens,106,63432,6796,334164
06/11/2020,Queens,141,63573,7566,341730
06/12/2020,Queens,154,63727,7817,349547
06/13/2020,Queens,95,63822,6737,356284
06/14/2020,Queens,110,63932,7488,363772
06/15/2020,Queens,110,64042,7036,370808
06/16/2020,Queens,134,64176,8317,379125
06/17/2020,Queens,92,64268,8696,387821
06/18/2020,Queens,112,64380,9082,396903
06/19/2020,Queens,106,64486,9753,406656
06/20/2020,Queens,135,64621,9115,415771
06/21/2020,Queens,91,64712,8237,424008
06/22/2020,Queens,85,64797,6537,430545
06/23/2020,Queens,84,64881,6683,437228
06/24/2020,Queens,106,64987,7723,444951
06/25/2020,Queens,102,65089,6943,451894
06/26/2020,Queens,86,65175,9718,461612
06/27/2020,Queens,101,65276,7681,469293
06/28/2020,Queens,49,65325,4737,474030
06/29/2020,Queens,66,65391,5589,479619
06/30/2020,Queens,64,65455,6065,485684
07/01/2020,Queens,113,65568,8286,493970
07/02/2020,Queens,137,65705,8116,502086
07/03/2020,Queens,95,65800,7211,509297
07/04/2020,Queens,76,65876,7211,516508
07/05/2020,Queens,52,65928,5745,522253
07/06/2020,Queens,96,66024,6329,528582
07/07/2020,Queens,75,66099,6297,534879
07/08/2020,Queens,75,66174,7104,541983
07/09/2020,Queens,67,66241,7807,549790
07/10/2020,Queens,82,66323,7981,557771
07/11/2020,Queens,87,66410,6788,564559
07/12/2020,Queens,56,66466,5880,570439
07/13/2020,Queens,78,66544,5537,575976
07/14/2020,Queens,99,66643,7205,583181
07/15/2020,Queens,92,66735,8387,591568
07/16/2020,Queens,94,66829,8943,600511
07/17/2020,Queens,92,66921,6870,607381
07/18/2020,Queens,86,67007,5405,612786
07/19/2020,Queens,72,67079,5736,618522
07/20/2020,Queens,115,67194,7288,625810
07/21/2020,Queens,71,67265,7508,633318
07/22/2020,Queens,109,67374,7517,640835
07/23/2020,Queens,84,67458,8063,648898
07/24/2020,Queens,74,67532,7012,655910
07/25/2020,Queens,63,67595,4878,660788
07/26/2020,Queens,84,67679,6560,667348
07/27/2020,Queens,60,67739,5574,672922
07/28/2020,Queens,81,67820,7112,680034
07/29/2020,Queens,74,67894,6889,686923
07/30/2020,Queens,74,67968,7561,694484
07/31/2020,Queens,73,68041,9722,704206
08/01/2020,Queens,60,68101,6641,710847
08/02/2020,Queens,65,68166,6268,717115
08/03/2020,Queens,59,68225,7005,724120
08/04/2020,Queens,72,68297,7698,731818
08/05/2020,Queens,71,68368,7812,739630
08/06/2020,Queens,84,68452,7539,747169
08/07/2020,Queens,96,68548,9235,756404
08/08/2020,Queens,56,68604,7162,763566
08/09/2020,Queens,66,68670,6807,770373
08/10/2020,Queens,63,68733,7556,777929
08/11/2020,Queens,96,68829,11290,789219
08/12/2020,Queens,96,68925,10584,799803
08/13/2020,Queens,98,69023,9426,809229
08/14/2020,Queens,75,69098,9481,818710
08/15/2020,Queens,76,69174,8964,827674
08/16/2020,Queens,71,69245,6531,834205
08/17/2020,Queens,63,69308,7562,841767
08/18/2020,Queens,76,69384,8697,850464
08/19/2020,Queens,67,69451,7919,858383
08/20/2020,Queens,87,69538,9593,867976
08/21/2020,Queens,85,69623,9862,877838
08/22/2020,Queens,71,69694,8018,885856
08/23/2020,Queens,51,69745,6730,892586
08/24/2020,Queens,60,69805,7615,900201
08/25/2020,Queens,65,69870,7377,907578
08/26/2020,Queens,90,69960,9322,916900
08/27/2020,Queens,74,70034,10803,927703
08/28/2020,Queens,64,70098,9345,937048
08/29/2020,Queens,64,70162,9956,947004
08/30/2020,Queens,60,70222,7758,954762
08/31/2020,Queens,66,70288,7895,962657
09/01/2020,Queens,56,70344,8305,970962
09/02/2020,Queens,69,70413,8540,979502
09/03/2020,Queens,83,70496,10286,989788
09/04/2020,Queens,53,70549,9134,998922
09/05/2020,Queens,76,70625,10158,1009080
09/06/2020,Queens,50,70675,6321,1015401
09/07/2020,Queens,91,70766,6495,1021896
09/08/2020,Queens,58,70824,7078,1028974
09/09/2020,Queens,93,70917,8086,1037060
09/10/2020,Queens,61,70978,8437,1045497
09/11/2020,Queens,62,71040,10532,1056029
09/12/2020,Queens,71,71111,7349,1063378
09/13/2020,Queens,69,71180,6247,1069625
09/14/2020,Queens,74,71254,6868,1076493
09/15/2020,Queens,55,71309,6732,1083225
09/16/2020,Queens,83,71392,8034,1091259
09/17/2020,Queens,82,71474,9319,1100578
09/18/2020,Queens,103,71577,12199,1112777
09/19/2020,Queens,105,71682,11181,1123958
09/20/2020,Queens,70,71752,6174,1130132
09/21/2020,Queens,66,71818,8528,1138660
09/22/2020,Queens,63,71881,5881,1144541
09/23/2020,Queens,97,71978,9524,1154065
09/24/2020,Queens,73,72051,9253,1163318
09/25/2020,Queens,91,72142,9255,1172573
09/26/2020,Queens,91,72233,7316,1179889
09/27/2020,Queens,90,72323,5591,1185480
09/28/2020,Queens,142,72465,9734,1195214
09/29/2020,Queens,91,72556,7756,1202970
09/30/2020,Queens,136,72692,10673,1213643
10/01/2020,Queens,171,72863,9883,1223526
10/02/2020,Queens,149,73012,12449,1235975
10/03/2020,Queens,119,73131,8946,1244921
10/04/2020,Queens,114,73245,6926,1251847
10/05/2020,Queens,138,73383,10477,1262324
10/06/2020,Queens,154,73537,9125,1271449
10/07/2020,Queens,205,73742,16090,1287539
10/08/2020,Queens,147,73889,12861,1300400
10/09/2020,Queens,140,74029,11706,1312106
10/10/2020,Queens,121,74150,10479,1322585
10/11/2020,Queens,115,74265,8192,1330777
10/12/2020,Queens,139,74404,10358,1341135
10/13/2020,Queens,106,74510,9123,1350258
10/14/2020,Queens,122,74632,12286,1362544
10/15/2020,Queens,166,74798,14007,1376551
10/16/2020,Queens,200,74998,15397,1391948
10/17/2020,Queens,111,75109,12025,1403973
10/18/2020,Queens,127,75236,7700,1411673
10/19/2020,Queens,108,75344,7980,1419653
10/20/2020,Queens,199,75543,11487,1431140
10/21/2020,Queens,155,75698,11723,1442863
10/22/2020,Queens,155,75853,14182,1457045
10/23/2020,Queens,204,76057,14656,1471701
10/24/2020,Queens,163,76220,11488,1483189
10/25/2020,Queens,96,76316,7857,1491046
10/26/2020,Queens,207,76523,9832,1500878
10/27/2020,Queens,173,76696,11638,1512516
10/28/2020,Queens,284,76980,16839,1529355
10/29/2020,Queens,233,77213,14012,1543367
10/30/2020,Queens,194,77407,12985,1556352
10/31/2020,Queens,242,77649,14087,1570439
11/01/2020,Queens,185,77834,10316,1580755
11/02/2020,Queens,179,78013,11616,1592371
11/03/2020,Queens,174,78187,14754,1607125
11/04/2020,Queens,253,78440,16122,1623247
11/05/2020,Queens,297,78737,15147,1638394
11/06/2020,Queens,306,79043,14315,1652709
11/07/2020,Queens,361,79404,15509,1668218
11/08/2020,Queens,298,79702,10970,1679188
11/09/2020,Queens,338,80040,10461,1689649
11/10/2020,Queens,515,80555,15355,1705004
11/11/2020,Queens,454,81009,16285,1721289
11/12/2020,Queens,477,81486,17329,1738618
11/13/2020,Queens,485,81971,16970,1755588
11/14/2020,Queens,385,82356,15490,1771078
11/15/2020,Queens,419,82775,12697,1783775
11/16/2020,Queens,536,83311,17353,1801128
11/17/2020,Queens,498,83809,14949,1816077
11/18/2020,Queens,460,84269,18566,1834643
11/19/2020,Queens,574,84843,21159,1855802
11/20/2020,Queens,441,85284,18628,1874430
11/21/2020,Queens,493,85777,16852,1891282
11/22/2020,Queens,469,86246,15986,1907268
11/23/2020,Queens,438,86684,16910,1924178
11/24/2020,Queens,511,87195,16927,1941105
11/25/2020,Queens,623,87818,20404,1961509
11/26/2020,Queens,678,88496,20783,1982292
11/27/2020,Queens,551,89047,17863,2000155
11/28/2020,Queens,634,89681,18133,2018288
11/29/2020,Queens,717,90398,17118,2035406
11/30/2020,Queens,658,91056,16265,2051671
12/01/2020,Queens,899,91955,17244,2068915
12/02/2020,Queens,858,92813,19919,2088834
12/03/2020,Queens,910,93723,19388,2108222
12/04/2020,Queens,861,94584,19894,2128116
12/05/2020,Queens,862,95446,20438,2148554
12/06/2020,Queens,821,96267,16095,2164649
12/07/2020,Queens,880,97147,19098,2183747
12/08/2020,Queens,1147,98294,24140,2207887
12/09/2020,Queens,1022,99316,21862,2229749
12/10/2020,Queens,949,100265,21229,2250978
12/11/2020,Queens,1184,101449,29157,2280135
12/12/2020,Queens,1061,102510,23023,2303158
12/13/2020,Queens,925,103435,16524,2319682
12/14/2020,Queens,1233,104668,25250,2344932
12/15/2020,Queens,1072,105740,18899,2363831
12/16/2020,Queens,1024,106764,20800,2384631
12/17/2020,Queens,1348,108112,31220,2415851
12/18/2020,Queens,944,109056,22599,2438450
12/19/2020,Queens,927,109983,19593,2458043
12/20/2020,Queens,938,110921,16566,2474609
12/21/2020,Queens,983,111904,16925,2491534
12/22/2020,Queens,1310,113214,23417,2514951
12/23/2020,Queens,1366,114580,24341,2539292
12/24/2020,Queens,1180,115760,22318,2561610
12/25/2020,Queens,1175,116935,23528,2585138
12/26/2020,Queens,906,117841,15330,2600468
12/27/2020,Queens,1115,118956,15666,2616134
12/28/2020,Queens,1421,120377,20710,2636844
12/29/2020,Queens,1404,121781,17083,2653927
12/30/2020,Queens,1752,123533,22025,2675952
12/31/2020,Queens,1574,125107,22581,2698533
01/01/2021,Queens,1506,126613,22553,2721086
01/02/2021,Queens,1130,127743,17515,2738601
01/03/2021,Queens,1196,128939,15757,2754358
01/04/2021,Queens,1422,130361,17676,2772034
01/05/2021,Queens,1713,132074,22346,2794380
01/06/2021,Queens,1819,133893,25632,2820012
01/07/2021,Queens,1835,135728,26072,2846084
01/08/2021,Queens,1840,137568,28361,2874445
01/09/2021,Queens,1549,139117,26580,2901025
01/10/2021,Queens,1537,140654,25001,2926026
01/11/2021,Queens,1830,142484,23615,2949641
01/12/2021,Queens,1742,144226,23892,2973533
01/13/2021,Queens,1537,145763,25256,2998789
01/14/2021,Queens,2265,148028,37559,3036348
01/15/2021,Queens,1788,149816,32470,3068818
01/16/2021,Queens,1684,151500,29938,3098756
01/17/2021,Queens,1519,153019,24078,3122834
01/18/2021,Queens,1669,154688,25044,3147878
01/19/2021,Queens,2722,157410,33457,3181335
01/20/2021,Queens,1455,158865,23754,3205089
01/21/2021,Queens,1798,160663,30448,3235537
01/22/2021,Queens,1792,162455,31137,3266674
01/23/2021,Queens,1764,164219,32177,3298851
01/24/2021,Queens,1591,165810,32393,3331244
01/25/2021,Queens,1532,167342,20091,3351335
01/26/2021,Queens,1442,168784,23996,3375331
01/27/2021,Queens,1770,170554,30534,3405865
01/28/2021,Queens,1632,172186,30558,3436423
01/29/2021,Queens,1810,173996,32427,3468850
01/30/2021,Queens,1390,175386,30703,3499553
01/31/2021,Queens,1198,176584,24549,3524102
02/01/2021,Queens,1263,177847,19928,3544030
02/02/2021,Queens,725,178572,13885,3557915
02/03/2021,Queens,777,179349,15200,3573115
02/04/2021,Queens,1051,180400,19311,3592426
02/05/2021,Queens,1584,181984,28264,3620690
02/06/2021,Queens,1433,183417,27829,3648519
02/07/2021,Queens,1306,184723,26167,3674686
02/08/2021,Queens,1259,185982,20671,3695357
02/09/2021,Queens,834,186816,16939,3712296
02/10/2021,Queens,1339,188155,30426,3742722
02/11/2021,Queens,1200,189355,26675,3769397
02/12/2021,Queens,1200,190555,27284,3796681
02/13/2021,Queens,1198,191753,27311,3823992
02/14/2021,Queens,1044,192797,21102,3845094
02/15/2021,Queens,1132,193929,19612,3864706
02/16/2021,Queens,886,194815,15540,3880246
02/17/2021,Queens,1000,195815,23426,3903672
02/18/2021,Queens,1313,197128,26336,3930008
02/19/2021,Queens,1133,198261,24943,3954951
02/20/2021,Queens,953,199214,18857,3973808
02/21/2021,Queens,1000,200214,18488,3992296
02/22/2021,Queens,1060,201274,17997,4010293
02/23/2021,Queens,898,202172,21579,4031872
02/24/2021,Queens,1109,203281,27899,4059771
02/25/2021,Queens,1111,204392,27222,4086993
02/26/2021,Queens,1264,205656,32536,4119529
02/27/2021,Queens,1068,206724,27767,4147296
02/28/2021,Queens,1021,207745,23296,4170592
03/01/2021,Queens,911,208656,15304,4185896
03/02/2021,Queens,1167,209823,24055,4209951
03/03/2021,Queens,1148,210971,28299,4238250
03/04/2021,Queens,1300,212271,35818,4274068
03/05/2021,Queens,1014,213285,27588,4301656
03/06/2021,Queens,1020,214305,23391,4325047
03/07/2021,Queens,877,215182,17996,4343043
03/08/2021,Queens,1171,216353,23638,4366681
03/09/2021,Queens,971,217324,20030,4386711
03/10/2021,Queens,979,218303,24575,4411286
03/11/2021,Queens,1404,219707,31029,4442315
03/12/2021,Queens,977,220684,22629,4464944
03/13/2021,Queens,1036,221720,19954,4484898
03/14/2021,Queens,961,222681,16534,4501432
03/15/2021,Queens,1102,223783,16165,4517597
03/16/2021,Queens,1506,225289,35602,4553199
03/17/2021,Queens,1201,226490,28224,4581423
03/18/2021,Queens,1396,227886,29638,4611061
03/19/2021,Queens,1098,228984,26665,4637726
03/20/2021,Queens,1211,230195,26692,4664418
03/21/2021,Queens,1217,231412,19779,4684197
03/22/2021,Queens,1041,232453,16199,4700396
03/23/2021,Queens,1097,233550,21525,4721921
03/24/2021,Queens,1182,234732,27841,4749762
03/25/2021,Queens,1276,236008,28073,4777835
03/26/2021,Queens,1167,237175,25326,4803161
03/27/2021,Queens,1661,238836,31827,4834988
03/28/2021,Queens,1210,240046,25140,4860128
03/29/2021,Queens,865,240911,15666,4875794
03/30/2021,Queens,1273,242184,22926,4898720
03/31/2021,Queens,1235,243419,25091,4923811
04/01/2021,Queens,1111,244530,25668,4949479
04/02/2021,Queens,1064,245594,23145,4972624
04/03/2021,Queens,1061,246655,24049,4996673
04/04/2021,Queens,1024,247679,19204,5015877
04/05/2021,Queens,853,248532,16372,5032249
04/06/2021,Queens,982,249514,22402,5054651
04/07/2021,Queens,1150,250664,30131,5084782
04/08/2021,Queens,1260,251924,32304,5117086
04/09/2021,Queens,927,252851,28586,5145672
04/10/2021,Queens,934,253785,25301,5170973
04/11/2021,Queens,691,254476,17923,5188896
04/12/2021,Queens,756,255232,13640,5202536
04/13/2021,Queens,744,255976,21264,5223800
04/14/2021,Queens,849,256825,24861,5248661
04/15/2021,Queens,913,257738,29158,5277819
04/16/2021,Queens,1123,258861,37299,5315118
04/17/2021,Queens,770,259631,25486,5340604
04/18/2021,Queens,656,260287,18976,5359580
04/19/2021,Queens,512,260799,12992,5372572
04/20/2021,Queens,591,261390,20194,5392766
04/21/2021,Queens,623,262013,27106,5419872
04/22/2021,Queens,551,262564,25515,5445387
04/23/2021,Queens,497,263061,24959,5470346
04/24/2021,Queens,511,263572,25135,5495481
04/25/2021,Queens,430,264002,17981,5513462
04/26/2021,Queens,321,264323,11400,5524862
04/27/2021,Queens,363,264686,17628,5542490
04/28/2021,Queens,419,265105,26180,5568670
04/29/2021,Queens,470,265575,26053,5594723
04/30/2021,Queens,396,265971,25485,5620208
05/01/2021,Queens,344,266315,20996,5641204
05/02/2021,Queens,283,266598,16235,5657439
05/03/2021,Queens,238,266836,10481,5667920
05/04/2021,Queens,285,267121,19763,5687683
05/05/2021,Queens,293,267414,21807,5709490
05/06/2021,Queens,238,267652,22261,5731751
05/07/2021,Queens,330,267982,26508,5758259
05/08/2021,Queens,242,268224,20755,5779014
05/09/2021,Queens,199,268423,15455,5794469
05/10/2021,Queens,195,268618,10202,5804671
05/11/2021,Queens,179,268797,17662,5822333
05/12/2021,Queens,242,269039,24020,5846353
05/13/2021,Queens,216,269255,25171,5871524
05/14/2021,Queens,196,269451,21917,5893441
05/15/2021,Queens,183,269634,18486,5911927
05/16/2021,Queens,153,269787,15175,5927102
05/17/2021,Queens,136,269923,11201,5938303
05/18/2021,Queens,124,270047,16567,5954870
05/19/2021,Queens,139,270186,21970,5976840
05/20/2021,Queens,143,270329,21166,5998006
05/21/2021,Queens,131,270460,21559,6019565
05/22/2021,Queens,118,270578,18665,6038230
05/23/2021,Queens,91,270669,13339,6051569
05/24/2021,Queens,98,270767,9429,6060998
05/25/2021,Queens,96,270863,15851,6076849
05/26/2021,Queens,122,270985,21471,6098320
05/27/2021,Queens,98,271083,20195,6118515
05/28/2021,Queens,102,271185,19189,6137704
05/29/2021,Queens,62,271247,17158,6154862
05/30/2021,Queens,70,271317,11629,6166491
05/31/2021,Queens,38,271355,6837,6173328
06/01/2021,Queens,50,271405,7868,6181196
06/02/2021,Queens,77,271482,15266,6196462
06/03/2021,Queens,85,271567,24476,6220938
06/04/2021,Queens,71,271638,18335,6239273
06/05/2021,Queens,57,271695,14838,6254111
06/06/2021,Queens,39,271734,11369,6265480
06/07/2021,Queens,55,271789,8288,6273768
06/08/2021,Queens,50,271839,14403,6288171
06/09/2021,Queens,67,271906,18631,6306802
06/10/2021,Queens,40,271946,16572,6323374
06/11/2021,Queens,55,272001,18414,6341788
06/12/2021,Queens,53,272054,17110,6358898
06/13/2021,Queens,36,272090,11870,6370768
06/14/2021,Queens,53,272143,6988,6377756
06/15/2021,Queens,43,272186,13131,6390887
06/16/2021,Queens,59,272245,16663,6407550
06/17/2021,Queens,44,272289,15267,6422817
06/18/2021,Queens,75,272364,15707,6438524
06/19/2021,Queens,28,272392,14566,6453090
06/20/2021,Queens,39,272431,10174,6463264
06/21/2021,Queens,34,272465,7974,6471238
06/22/2021,Queens,50,272515,12554,6483792
06/23/2021,Queens,48,272563,17091,6500883
06/24/2021,Queens,61,272624,13700,6514583
06/25/2021,Queens,51,272675,11931,6526514
06/26/2021,Queens,50,272725,11239,6537753
06/27/2021,Queens,43,272768,7641,6545394
06/28/2021,Queens,38,272806,7272,6552666
06/29/2021,Queens,50,272856,10059,6562725
06/30/2021,Queens,71,272927,10543,6573268
07/01/2021,Queens,44,272971,9728,6582996
07/02/2021,Queens,67,273038,9928,6592924
07/03/2021,Queens,61,273099,9482,6602406
07/04/2021,Queens,54,273153,7477,6609883
07/05/2021,Queens,44,273197,5258,6615141
07/06/2021,Queens,89,273286,8343,6623484
07/07/2021,Queens,124,273410,16043,6639527
07/08/2021,Queens,105,273515,11884,6651411
07/09/2021,Queens,106,273621,10514,6661925
07/10/2021,Queens,109,273730,9244,6671169
07/11/2021,Queens,74,273804,7643,6678812
07/12/2021,Queens,122,273926,7922,6686734
07/13/2021,Queens,116,274042,10339,6697073
07/14/2021,Queens,130,274172,11802,6708875
07/15/2021,Queens,132,274304,10406,6719281
07/16/2021,Queens,149,274453,11490,6730771
07/17/2021,Queens,125,274578,9948,6740719
07/18/2021,Queens,101,274679,8428,6749147
07/19/2021,Queens,173,274852,9961,6759108
07/20/2021,Queens,202,275054,11584,6770692
07/21/2021,Queens,198,275252,12223,6782915
07/22/2021,Queens,242,275494,13927,6796842
07/23/2021,Queens,217,275711,13246,6810088
07/24/2021,Queens,252,275963,12476,6822564
07/25/2021,Queens,165,276128,8995,6831559
07/26/2021,Queens,221,276349,10179,6841738
07/27/2021,Queens,282,276631,13002,6854740
07/28/2021,Queens,289,276920,14808,6869548
07/29/2021,Queens,375,277295,15186,6884734
07/30/2021,Queens,388,277683,16174,6900908
07/31/2021,Queens,297,277980,12933,6913841
08/01/2021,Queens,295,278275,10691,6924532
08/02/2021,Queens,367,278642,11669,6936201
08/03/2021,Queens,401,279043,16473,6952674
08/04/2021,Queens,445,279488,18664,6971338
08/05/2021,Queens,480,279968,18978,6990316
08/06/2021,Queens,486,280454,18368,7008684
08/07/2021,Queens,406,280860,15244,7023928
08/08/2021,Queens,499,281359,17978,7041906
08/09/2021,Queens,389,281748,13189,7055095
08/10/2021,Queens,520,282268,17718,7072813
08/11/2021,Queens,543,282811,20597,7093410
08/12/2021,Queens,547,283358,19271,7112681
08/13/2021,Queens,552,283910,21873,7134554
08/14/2021,Queens,469,284379,17861,7152415
08/15/2021,Queens,385,284764,13637,7166052
08/16/2021,Queens,400,285164,11476,7177528
08/17/2021,Queens,503,285667,19264,7196792
08/18/2021,Queens,586,286253,23416,7220208
08/19/2021,Queens,516,286769,19613,7239821
08/20/2021,Queens,526,287295,20523,7260344
08/21/2021,Queens,427,287722,18261,7278605
08/22/2021,Queens,345,288067,14394,7292999
08/23/2021,Queens,322,288389,13507,7306506
08/24/2021,Queens,444,288833,16645,7323151
08/25/2021,Queens,524,289357,19591,7342742
08/26/2021,Queens,482,289839,19507,7362249
08/27/2021,Queens,463,290302,19690,7381939
08/28/2021,Queens,357,290659,16246,7398185
08/29/2021,Queens,373,291032,14531,7412716
08/30/2021,Queens,335,291367,12193,7424909
08/31/2021,Queens,429,291796,17440,7442349
09/01/2021,Queens,368,292164,18267,7460616
09/02/2021,Queens,470,292634,20915,7481531
09/03/2021,Queens,321,292955,15436,7496967
09/04/2021,Queens,383,293338,16675,7513642
09/05/2021,Queens,289,293627,11340,7524982
09/06/2021,Queens,322,293949,10778,7535760
09/07/2021,Queens,318,294267,12280,7548040
09/08/2021,Queens,450,294717,19927,7567967
09/09/2021,Queens,473,295190,21352,7589319
09/10/2021,Queens,498,295688,24165,7613484
09/11/2021,Queens,404,296092,19794,7633278
09/12/2021,Queens,336,296428,14023,7647301
09/13/2021,Queens,392,296820,14725,7662026
09/14/2021,Queens,392,297212,17782,7679808
09/15/2021,Queens,395,297607,19243,7699051
09/16/2021,Queens,457,298064,23937,7722988
09/17/2021,Queens,516,298580,24321,7747309
09/18/2021,Queens,417,298997,20171,7767480
09/19/2021,Queens,320,299317,16892,7784372
09/20/2021,Queens,423,299740,18361,7802733
09/21/2021,Queens,384,300124,21047,7823780
09/22/2021,Queens,391,300515,22712,7846492
09/23/2021,Queens,383,300898,24788,7871280
09/24/2021,Queens,335,301233,23914,7895194
09/25/2021,Queens,346,301579,22790,7917984
09/26/2021,Queens,325,301904,17289,7935273
09/27/2021,Queens,298,302202,17279,7952552
09/28/2021,Queens,298,302500,21865,7974417
09/29/2021,Queens,318,302818,26445,8000862
09/30/2021,Queens,332,303150,25892,8026754
10/01/2021,Queens,287,303437,25000,8051754
10/02/2021,Queens,281,303718,25279,8077033
10/03/2021,Queens,214,303932,16133,8093166
10/04/2021,Queens,260,304192,19010,8112176
10/05/2021,Queens,333,304525,21405,8133581
10/06/2021,Queens,348,304873,25523,8159104
10/07/2021,Queens,308,305181,24752,8183856
10/08/2021,Queens,269,305450,26672,8210528
10/09/2021,Queens,173,305623,10861,8221389
10/10/2021,Queens,303,305926,28372,8249761
10/11/2021,Queens,247,306173,15168,8264929
10/12/2021,Queens,221,306394,15166,8280095
10/13/2021,Queens,223,306617,19352,8299447
10/14/2021,Queens,315,306932,25817,8325264
10/15/2021,Queens,229,307161,23972,8349236
10/16/2021,Queens,233,307394,23456,8372692
10/17/2021,Queens,173,307567,14223,8386915
10/18/2021,Queens,243,307810,14935,8401850
10/19/2021,Queens,208,308018,20652,8422502
10/20/2021,Queens,220,308238,24621,8447123
10/21/2021,Queens,189,308427,21147,8468270
10/22/2021,Queens,199,308626,21102,8489372
10/23/2021,Queens,150,308776,19586,8508958
03/01/2020,Rensselaer,0,0,0,0
03/02/2020,Rensselaer,0,0,0,0
03/03/2020,Rensselaer,0,0,0,0
03/04/2020,Rensselaer,0,0,2,2
03/05/2020,Rensselaer,0,0,0,2
03/06/2020,Rensselaer,0,0,0,2
03/07/2020,Rensselaer,0,0,2,4
03/08/2020,Rensselaer,0,0,0,4
03/09/2020,Rensselaer,0,0,1,5
03/10/2020,Rensselaer,0,0,1,6
03/11/2020,Rensselaer,0,0,1,7
03/12/2020,Rensselaer,0,0,2,9
03/13/2020,Rensselaer,0,0,11,20
03/14/2020,Rensselaer,0,0,40,60
03/15/2020,Rensselaer,0,0,50,110
03/16/2020,Rensselaer,1,1,39,149
03/17/2020,Rensselaer,3,4,70,219
03/18/2020,Rensselaer,2,6,136,355
03/19/2020,Rensselaer,2,8,156,511
03/20/2020,Rensselaer,12,20,166,677
03/21/2020,Rensselaer,6,26,173,850
03/22/2020,Rensselaer,3,29,78,928
03/23/2020,Rensselaer,1,30,47,975
03/24/2020,Rensselaer,1,31,26,1001
03/25/2020,Rensselaer,1,32,22,1023
03/26/2020,Rensselaer,3,35,26,1049
03/27/2020,Rensselaer,3,38,37,1086
03/28/2020,Rensselaer,1,39,12,1098
03/29/2020,Rensselaer,1,40,25,1123
03/30/2020,Rensselaer,1,41,20,1143
03/31/2020,Rensselaer,2,43,19,1162
04/01/2020,Rensselaer,10,53,42,1204
04/02/2020,Rensselaer,3,56,31,1235
04/03/2020,Rensselaer,2,58,18,1253
04/04/2020,Rensselaer,2,60,48,1301
04/05/2020,Rensselaer,2,62,29,1330
04/06/2020,Rensselaer,5,67,30,1360
04/07/2020,Rensselaer,8,75,53,1413
04/08/2020,Rensselaer,4,79,52,1465
04/09/2020,Rensselaer,12,91,101,1566
04/10/2020,Rensselaer,5,96,40,1606
04/11/2020,Rensselaer,9,105,65,1671
04/12/2020,Rensselaer,8,113,61,1732
04/13/2020,Rensselaer,7,120,79,1811
04/14/2020,Rensselaer,4,124,42,1853
04/15/2020,Rensselaer,13,137,106,1959
04/16/2020,Rensselaer,13,150,100,2059
04/17/2020,Rensselaer,14,164,135,2194
04/18/2020,Rensselaer,9,173,117,2311
04/19/2020,Rensselaer,4,177,51,2362
04/20/2020,Rensselaer,6,183,50,2412
04/21/2020,Rensselaer,3,186,49,2461
04/22/2020,Rensselaer,5,191,52,2513
04/23/2020,Rensselaer,7,198,80,2593
04/24/2020,Rensselaer,23,221,209,2802
04/25/2020,Rensselaer,21,242,151,2953
04/26/2020,Rensselaer,4,246,83,3036
04/27/2020,Rensselaer,4,250,39,3075
04/28/2020,Rensselaer,12,262,91,3166
04/29/2020,Rensselaer,25,287,142,3308
04/30/2020,Rensselaer,11,298,101,3409
05/01/2020,Rensselaer,13,311,112,3521
05/02/2020,Rensselaer,11,322,170,3691
05/03/2020,Rensselaer,15,337,148,3839
05/04/2020,Rensselaer,2,339,71,3910
05/05/2020,Rensselaer,8,347,126,4036
05/06/2020,Rensselaer,20,367,159,4195
05/07/2020,Rensselaer,13,380,194,4389
05/08/2020,Rensselaer,27,407,187,4576
05/09/2020,Rensselaer,2,409,248,4824
05/10/2020,Rensselaer,2,411,62,4886
05/11/2020,Rensselaer,5,416,91,4977
05/12/2020,Rensselaer,4,420,429,5406
05/13/2020,Rensselaer,3,423,278,5684
05/14/2020,Rensselaer,5,428,204,5888
05/15/2020,Rensselaer,10,438,225,6113
05/16/2020,Rensselaer,1,439,113,6226
05/17/2020,Rensselaer,5,444,198,6424
05/18/2020,Rensselaer,0,444,76,6500
05/19/2020,Rensselaer,9,453,292,6792
05/20/2020,Rensselaer,3,456,403,7195
05/21/2020,Rensselaer,4,460,379,7574
05/22/2020,Rensselaer,3,463,386,7960
05/23/2020,Rensselaer,0,463,363,8323
05/24/2020,Rensselaer,2,465,123,8446
05/25/2020,Rensselaer,1,466,158,8604
05/26/2020,Rensselaer,0,466,150,8754
05/27/2020,Rensselaer,3,469,405,9159
05/28/2020,Rensselaer,9,478,319,9478
05/29/2020,Rensselaer,8,486,337,9815
05/30/2020,Rensselaer,5,491,313,10128
05/31/2020,Rensselaer,1,492,274,10402
06/01/2020,Rensselaer,1,493,168,10570
06/02/2020,Rensselaer,2,495,426,10996
06/03/2020,Rensselaer,0,495,312,11308
06/04/2020,Rensselaer,2,497,592,11900
06/05/2020,Rensselaer,2,499,332,12232
06/06/2020,Rensselaer,3,502,421,12653
06/07/2020,Rensselaer,1,503,517,13170
06/08/2020,Rensselaer,2,505,182,13352
06/09/2020,Rensselaer,2,507,316,13668
06/10/2020,Rensselaer,1,508,299,13967
06/11/2020,Rensselaer,2,510,665,14632
06/12/2020,Rensselaer,1,511,261,14893
06/13/2020,Rensselaer,2,513,262,15155
06/14/2020,Rensselaer,1,514,309,15464
06/15/2020,Rensselaer,0,514,252,15716
06/16/2020,Rensselaer,1,515,199,15915
06/17/2020,Rensselaer,0,515,383,16298
06/18/2020,Rensselaer,4,519,413,16711
06/19/2020,Rensselaer,2,521,374,17085
06/20/2020,Rensselaer,3,524,401,17486
06/21/2020,Rensselaer,4,528,361,17847
06/22/2020,Rensselaer,5,533,197,18044
06/23/2020,Rensselaer,1,534,277,18321
06/24/2020,Rensselaer,7,541,450,18771
06/25/2020,Rensselaer,8,549,350,19121
06/26/2020,Rensselaer,1,550,468,19589
06/27/2020,Rensselaer,1,551,359,19948
06/28/2020,Rensselaer,2,553,375,20323
06/29/2020,Rensselaer,0,553,306,20629
06/30/2020,Rensselaer,2,555,195,20824
07/01/2020,Rensselaer,1,556,287,21111
07/02/2020,Rensselaer,3,559,425,21536
07/03/2020,Rensselaer,4,563,612,22148
07/04/2020,Rensselaer,2,565,475,22623
07/05/2020,Rensselaer,3,568,389,23012
07/06/2020,Rensselaer,3,571,162,23174
07/07/2020,Rensselaer,9,580,304,23478
07/08/2020,Rensselaer,6,586,399,23877
07/09/2020,Rensselaer,2,588,252,24129
07/10/2020,Rensselaer,5,593,331,24460
07/11/2020,Rensselaer,23,616,378,24838
07/12/2020,Rensselaer,1,617,317,25155
07/13/2020,Rensselaer,8,625,416,25571
07/14/2020,Rensselaer,7,632,409,25980
07/15/2020,Rensselaer,7,639,495,26475
07/16/2020,Rensselaer,4,643,442,26917
07/17/2020,Rensselaer,7,650,358,27275
07/18/2020,Rensselaer,1,651,225,27500
07/19/2020,Rensselaer,2,653,295,27795
07/20/2020,Rensselaer,5,658,476,28271
07/21/2020,Rensselaer,10,668,558,28829
07/22/2020,Rensselaer,1,669,486,29315
07/23/2020,Rensselaer,7,676,429,29744
07/24/2020,Rensselaer,5,681,396,30140
07/25/2020,Rensselaer,3,684,364,30504
07/26/2020,Rensselaer,3,687,624,31128
07/27/2020,Rensselaer,3,690,356,31484
07/28/2020,Rensselaer,4,694,345,31829
07/29/2020,Rensselaer,24,718,309,32138
07/30/2020,Rensselaer,6,724,413,32551
07/31/2020,Rensselaer,10,734,478,33029
08/01/2020,Rensselaer,2,736,265,33294
08/02/2020,Rensselaer,4,740,293,33587
08/03/2020,Rensselaer,8,748,491,34078
08/04/2020,Rensselaer,7,755,480,34558
08/05/2020,Rensselaer,3,758,431,34989
08/06/2020,Rensselaer,1,759,371,35360
08/07/2020,Rensselaer,2,761,241,35601
08/08/2020,Rensselaer,4,765,435,36036
08/09/2020,Rensselaer,1,766,282,36318
08/10/2020,Rensselaer,4,770,435,36753
08/11/2020,Rensselaer,10,780,608,37361
08/12/2020,Rensselaer,2,782,610,37971
08/13/2020,Rensselaer,3,785,520,38491
08/14/2020,Rensselaer,4,789,420,38911
08/15/2020,Rensselaer,6,795,637,39548
08/16/2020,Rensselaer,0,795,304,39852
08/17/2020,Rensselaer,6,801,422,40274
08/18/2020,Rensselaer,3,804,439,40713
08/19/2020,Rensselaer,5,809,475,41188
08/20/2020,Rensselaer,1,810,593,41781
08/21/2020,Rensselaer,3,813,498,42279
08/22/2020,Rensselaer,4,817,563,42842
08/23/2020,Rensselaer,1,818,310,43152
08/24/2020,Rensselaer,1,819,363,43515
08/25/2020,Rensselaer,3,822,392,43907
08/26/2020,Rensselaer,1,823,343,44250
08/27/2020,Rensselaer,3,826,564,44814
08/28/2020,Rensselaer,4,830,405,45219
08/29/2020,Rensselaer,3,833,708,45927
08/30/2020,Rensselaer,5,838,311,46238
08/31/2020,Rensselaer,3,841,309,46547
09/01/2020,Rensselaer,3,844,446,46993
09/02/2020,Rensselaer,4,848,501,47494
09/03/2020,Rensselaer,6,854,379,47873
09/04/2020,Rensselaer,4,858,540,48413
09/05/2020,Rensselaer,1,859,485,48898
09/06/2020,Rensselaer,1,860,217,49115
09/07/2020,Rensselaer,5,865,284,49399
09/08/2020,Rensselaer,1,866,262,49661
09/09/2020,Rensselaer,1,867,295,49956
09/10/2020,Rensselaer,3,870,600,50556
09/11/2020,Rensselaer,6,876,492,51048
09/12/2020,Rensselaer,3,879,407,51455
09/13/2020,Rensselaer,0,879,501,51956
09/14/2020,Rensselaer,5,884,498,52454
09/15/2020,Rensselaer,3,887,357,52811
09/16/2020,Rensselaer,5,892,260,53071
09/17/2020,Rensselaer,3,895,571,53642
09/18/2020,Rensselaer,1,896,397,54039
09/19/2020,Rensselaer,3,899,808,54847
09/20/2020,Rensselaer,2,901,309,55156
09/21/2020,Rensselaer,0,901,445,55601
09/22/2020,Rensselaer,1,902,286,55887
09/23/2020,Rensselaer,1,903,460,56347
09/24/2020,Rensselaer,2,905,505,56852
09/25/2020,Rensselaer,3,908,649,57501
09/26/2020,Rensselaer,3,911,585,58086
09/27/2020,Rensselaer,2,913,342,58428
09/28/2020,Rensselaer,3,916,369,58797
09/29/2020,Rensselaer,3,919,1882,60679
09/30/2020,Rensselaer,4,923,2239,62918
10/01/2020,Rensselaer,8,931,1480,64398
10/02/2020,Rensselaer,6,937,1930,66328
10/03/2020,Rensselaer,7,944,619,66947
10/04/2020,Rensselaer,1,945,215,67162
10/05/2020,Rensselaer,7,952,404,67566
10/06/2020,Rensselaer,5,957,2055,69621
10/07/2020,Rensselaer,1,958,2408,72029
10/08/2020,Rensselaer,6,964,1612,73641
10/09/2020,Rensselaer,6,970,2154,75795
10/10/2020,Rensselaer,10,980,692,76487
10/11/2020,Rensselaer,5,985,540,77027
10/12/2020,Rensselaer,9,994,440,77467
10/13/2020,Rensselaer,8,1002,1599,79066
10/14/2020,Rensselaer,5,1007,2540,81606
10/15/2020,Rensselaer,13,1020,1815,83421
10/16/2020,Rensselaer,1,1021,764,84185
10/17/2020,Rensselaer,6,1027,818,85003
10/18/2020,Rensselaer,7,1034,338,85341
10/19/2020,Rensselaer,6,1040,442,85783
10/20/2020,Rensselaer,7,1047,2034,87817
10/21/2020,Rensselaer,11,1058,2518,90335
10/22/2020,Rensselaer,6,1064,984,91319
10/23/2020,Rensselaer,9,1073,2668,93987
10/24/2020,Rensselaer,7,1080,4893,98880
10/25/2020,Rensselaer,8,1088,296,99176
10/26/2020,Rensselaer,6,1094,569,99745
10/27/2020,Rensselaer,5,1099,526,100271
10/28/2020,Rensselaer,11,1110,1019,101290
10/29/2020,Rensselaer,1,1111,1702,102992
10/30/2020,Rensselaer,5,1116,2365,105357
10/31/2020,Rensselaer,8,1124,2407,107764
11/01/2020,Rensselaer,7,1131,421,108185
11/02/2020,Rensselaer,4,1135,516,108701
11/03/2020,Rensselaer,7,1142,2052,110753
11/04/2020,Rensselaer,19,1161,868,111621
11/05/2020,Rensselaer,14,1175,1527,113148
11/06/2020,Rensselaer,9,1184,2444,115592
11/07/2020,Rensselaer,14,1198,858,116450
11/08/2020,Rensselaer,15,1213,2238,118688
11/09/2020,Rensselaer,17,1230,585,119273
11/10/2020,Rensselaer,13,1243,2134,121407
11/11/2020,Rensselaer,15,1258,1307,122714
11/12/2020,Rensselaer,20,1278,1605,124319
11/13/2020,Rensselaer,26,1304,2508,126827
11/14/2020,Rensselaer,17,1321,496,127323
11/15/2020,Rensselaer,12,1333,410,127733
11/16/2020,Rensselaer,31,1364,938,128671
11/17/2020,Rensselaer,25,1389,735,129406
11/18/2020,Rensselaer,22,1411,1403,130809
11/19/2020,Rensselaer,38,1449,2513,133322
11/20/2020,Rensselaer,45,1494,2894,136216
11/21/2020,Rensselaer,21,1515,2155,138371
11/22/2020,Rensselaer,13,1528,2095,140466
11/23/2020,Rensselaer,26,1554,754,141220
11/24/2020,Rensselaer,33,1587,3921,145141
11/25/2020,Rensselaer,38,1625,1236,146377
11/26/2020,Rensselaer,41,1666,1530,147907
11/27/2020,Rensselaer,20,1686,535,148442
11/28/2020,Rensselaer,34,1720,1094,149536
11/29/2020,Rensselaer,26,1746,868,150404
11/30/2020,Rensselaer,49,1795,1025,151429
12/01/2020,Rensselaer,42,1837,1254,152683
12/02/2020,Rensselaer,54,1891,2681,155364
12/03/2020,Rensselaer,77,1968,1415,156779
12/04/2020,Rensselaer,66,2034,1659,158438
12/05/2020,Rensselaer,66,2100,1475,159913
12/06/2020,Rensselaer,45,2145,1659,161572
12/07/2020,Rensselaer,65,2210,993,162565
12/08/2020,Rensselaer,59,2269,864,163429
12/09/2020,Rensselaer,82,2351,1191,164620
12/10/2020,Rensselaer,60,2411,2429,167049
12/11/2020,Rensselaer,66,2477,1470,168519
12/12/2020,Rensselaer,92,2569,1329,169848
12/13/2020,Rensselaer,62,2631,1104,170952
12/14/2020,Rensselaer,81,2712,752,171704
12/15/2020,Rensselaer,77,2789,1068,172772
12/16/2020,Rensselaer,115,2904,1396,174168
12/17/2020,Rensselaer,87,2991,1383,175551
12/18/2020,Rensselaer,100,3091,1378,176929
12/19/2020,Rensselaer,77,3168,1260,178189
12/20/2020,Rensselaer,58,3226,1167,179356
12/21/2020,Rensselaer,106,3332,926,180282
12/22/2020,Rensselaer,80,3412,924,181206
12/23/2020,Rensselaer,122,3534,1480,182686
12/24/2020,Rensselaer,111,3645,1532,184218
12/25/2020,Rensselaer,106,3751,1539,185757
12/26/2020,Rensselaer,73,3824,776,186533
12/27/2020,Rensselaer,101,3925,832,187365
12/28/2020,Rensselaer,90,4015,784,188149
12/29/2020,Rensselaer,118,4133,692,188841
12/30/2020,Rensselaer,136,4269,1322,190163
12/31/2020,Rensselaer,146,4415,1670,191833
01/01/2021,Rensselaer,160,4575,1857,193690
01/02/2021,Rensselaer,149,4724,1110,194800
01/03/2021,Rensselaer,72,4796,667,195467
01/04/2021,Rensselaer,137,4933,1069,196536
01/05/2021,Rensselaer,134,5067,1054,197590
01/06/2021,Rensselaer,182,5249,1589,199179
01/07/2021,Rensselaer,191,5440,1754,200933
01/08/2021,Rensselaer,126,5566,3026,203959
01/09/2021,Rensselaer,148,5714,1614,205573
01/10/2021,Rensselaer,146,5860,1213,206786
01/11/2021,Rensselaer,180,6040,1338,208124
01/12/2021,Rensselaer,77,6117,1924,210048
01/13/2021,Rensselaer,158,6275,1591,211639
01/14/2021,Rensselaer,179,6454,2521,214160
01/15/2021,Rensselaer,142,6596,2460,216620
01/16/2021,Rensselaer,97,6693,1374,217994
01/17/2021,Rensselaer,79,6772,1477,219471
01/18/2021,Rensselaer,102,6874,1078,220549
01/19/2021,Rensselaer,91,6965,860,221409
01/20/2021,Rensselaer,147,7112,2064,223473
01/21/2021,Rensselaer,150,7262,1904,225377
01/22/2021,Rensselaer,87,7349,1493,226870
01/23/2021,Rensselaer,101,7450,2388,229258
01/24/2021,Rensselaer,52,7502,1028,230286
01/25/2021,Rensselaer,72,7574,903,231189
01/26/2021,Rensselaer,68,7642,1233,232422
01/27/2021,Rensselaer,78,7720,1643,234065
01/28/2021,Rensselaer,87,7807,1549,235614
01/29/2021,Rensselaer,67,7874,1972,237586
01/30/2021,Rensselaer,86,7960,1800,239386
01/31/2021,Rensselaer,46,8006,829,240215
02/01/2021,Rensselaer,29,8035,542,240757
02/02/2021,Rensselaer,29,8064,1482,242239
02/03/2021,Rensselaer,69,8133,3609,245848
02/04/2021,Rensselaer,52,8185,2483,248331
02/05/2021,Rensselaer,79,8264,2051,250382
02/06/2021,Rensselaer,37,8301,1820,252202
02/07/2021,Rensselaer,40,8341,1809,254011
02/08/2021,Rensselaer,28,8369,622,254633
02/09/2021,Rensselaer,38,8407,814,255447
02/10/2021,Rensselaer,52,8459,4154,259601
02/11/2021,Rensselaer,24,8483,1362,260963
02/12/2021,Rensselaer,44,8527,3704,264667
02/13/2021,Rensselaer,34,8561,3762,268429
02/14/2021,Rensselaer,31,8592,844,269273
02/15/2021,Rensselaer,29,8621,1619,270892
02/16/2021,Rensselaer,20,8641,1052,271944
02/17/2021,Rensselaer,49,8690,1433,273377
02/18/2021,Rensselaer,43,8733,4248,277625
02/19/2021,Rensselaer,27,8760,2490,280115
02/20/2021,Rensselaer,28,8788,3101,283216
02/21/2021,Rensselaer,22,8810,1453,284669
02/22/2021,Rensselaer,29,8839,683,285352
02/23/2021,Rensselaer,21,8860,1628,286980
02/24/2021,Rensselaer,42,8902,4178,291158
02/25/2021,Rensselaer,33,8935,2774,293932
02/26/2021,Rensselaer,30,8965,2354,296286
02/27/2021,Rensselaer,48,9013,3396,299682
02/28/2021,Rensselaer,26,9039,1730,301412
03/01/2021,Rensselaer,20,9059,656,302068
03/02/2021,Rensselaer,44,9103,1075,303143
03/03/2021,Rensselaer,21,9124,3860,307003
03/04/2021,Rensselaer,36,9160,2935,309938
03/05/2021,Rensselaer,45,9205,2342,312280
03/06/2021,Rensselaer,28,9233,3718,315998
03/07/2021,Rensselaer,42,9275,1941,317939
03/08/2021,Rensselaer,21,9296,580,318519
03/09/2021,Rensselaer,14,9310,1504,320023
03/10/2021,Rensselaer,32,9342,3666,323689
03/11/2021,Rensselaer,34,9376,3325,327014
03/12/2021,Rensselaer,32,9408,1943,328957
03/13/2021,Rensselaer,42,9450,4064,333021
03/14/2021,Rensselaer,34,9484,1725,334746
03/15/2021,Rensselaer,34,9518,953,335699
03/16/2021,Rensselaer,13,9531,1295,336994
03/17/2021,Rensselaer,39,9570,3871,340865
03/18/2021,Rensselaer,31,9601,1529,342394
03/19/2021,Rensselaer,24,9625,1778,344172
03/20/2021,Rensselaer,32,9657,4464,348636
03/21/2021,Rensselaer,22,9679,1889,350525
03/22/2021,Rensselaer,26,9705,753,351278
03/23/2021,Rensselaer,34,9739,978,352256
03/24/2021,Rensselaer,38,9777,4477,356733
03/25/2021,Rensselaer,47,9824,1543,358276
03/26/2021,Rensselaer,32,9856,2628,360904
03/27/2021,Rensselaer,45,9901,3992,364896
03/28/2021,Rensselaer,30,9931,1975,366871
03/29/2021,Rensselaer,42,9973,837,367708
03/30/2021,Rensselaer,31,10004,1130,368838
03/31/2021,Rensselaer,49,10053,4103,372941
04/01/2021,Rensselaer,38,10091,2689,375630
04/02/2021,Rensselaer,46,10137,2679,378309
04/03/2021,Rensselaer,44,10181,3707,382016
04/04/2021,Rensselaer,36,10217,648,382664
04/05/2021,Rensselaer,31,10248,802,383466
04/06/2021,Rensselaer,37,10285,997,384463
04/07/2021,Rensselaer,32,10317,3486,387949
04/08/2021,Rensselaer,42,10359,3277,391226
04/09/2021,Rensselaer,43,10402,1105,392331
04/10/2021,Rensselaer,37,10439,1526,393857
04/11/2021,Rensselaer,26,10465,4066,397923
04/12/2021,Rensselaer,30,10495,991,398914
04/13/2021,Rensselaer,31,10526,723,399637
04/14/2021,Rensselaer,41,10567,3943,403580
04/15/2021,Rensselaer,25,10592,1177,404757
04/16/2021,Rensselaer,50,10642,1583,406340
04/17/2021,Rensselaer,37,10679,1692,408032
04/18/2021,Rensselaer,30,10709,5516,413548
04/19/2021,Rensselaer,17,10726,621,414169
04/20/2021,Rensselaer,19,10745,1055,415224
04/21/2021,Rensselaer,31,10776,4006,419230
04/22/2021,Rensselaer,26,10802,2412,421642
04/23/2021,Rensselaer,9,10811,2022,423664
04/24/2021,Rensselaer,12,10823,3366,427030
04/25/2021,Rensselaer,23,10846,593,427623
04/26/2021,Rensselaer,11,10857,602,428225
04/27/2021,Rensselaer,10,10867,671,428896
04/28/2021,Rensselaer,23,10890,1386,430282
04/29/2021,Rensselaer,22,10912,2624,432906
04/30/2021,Rensselaer,16,10928,1227,434133
05/01/2021,Rensselaer,14,10942,3281,437414
05/02/2021,Rensselaer,10,10952,1676,439090
05/03/2021,Rensselaer,5,10957,368,439458
05/04/2021,Rensselaer,7,10964,634,440092
05/05/2021,Rensselaer,13,10977,3173,443265
05/06/2021,Rensselaer,25,11002,1908,445173
05/07/2021,Rensselaer,9,11011,1936,447109
05/08/2021,Rensselaer,15,11026,2723,449832
05/09/2021,Rensselaer,11,11037,457,450289
05/10/2021,Rensselaer,12,11049,467,450756
05/11/2021,Rensselaer,5,11054,471,451227
05/12/2021,Rensselaer,18,11072,1428,452655
05/13/2021,Rensselaer,17,11089,1257,453912
05/14/2021,Rensselaer,15,11104,1509,455421
05/15/2021,Rensselaer,10,11114,1112,456533
05/16/2021,Rensselaer,9,11123,470,457003
05/17/2021,Rensselaer,10,11133,467,457470
05/18/2021,Rensselaer,6,11139,635,458105
05/19/2021,Rensselaer,9,11148,1341,459446
05/20/2021,Rensselaer,8,11156,1182,460628
05/21/2021,Rensselaer,5,11161,882,461510
05/22/2021,Rensselaer,3,11164,746,462256
05/23/2021,Rensselaer,6,11170,431,462687
05/24/2021,Rensselaer,4,11174,358,463045
05/25/2021,Rensselaer,2,11176,500,463545
05/26/2021,Rensselaer,4,11180,860,464405
05/27/2021,Rensselaer,5,11185,1155,465560
05/28/2021,Rensselaer,1,11186,740,466300
05/29/2021,Rensselaer,2,11188,816,467116
05/30/2021,Rensselaer,1,11189,214,467330
05/31/2021,Rensselaer,3,11192,209,467539
06/01/2021,Rensselaer,2,11194,259,467798
06/02/2021,Rensselaer,1,11195,519,468317
06/03/2021,Rensselaer,9,11204,917,469234
06/04/2021,Rensselaer,1,11205,905,470139
06/05/2021,Rensselaer,3,11208,957,471096
06/06/2021,Rensselaer,7,11215,397,471493
06/07/2021,Rensselaer,2,11217,484,471977
06/08/2021,Rensselaer,0,11217,425,472402
06/09/2021,Rensselaer,3,11220,753,473155
06/10/2021,Rensselaer,2,11222,941,474096
06/11/2021,Rensselaer,1,11223,751,474847
06/12/2021,Rensselaer,2,11225,428,475275
06/13/2021,Rensselaer,3,11228,254,475529
06/14/2021,Rensselaer,1,11229,215,475744
06/15/2021,Rensselaer,0,11229,391,476135
06/16/2021,Rensselaer,0,11229,558,476693
06/17/2021,Rensselaer,3,11232,334,477027
06/18/2021,Rensselaer,3,11235,656,477683
06/19/2021,Rensselaer,3,11238,375,478058
06/20/2021,Rensselaer,1,11239,289,478347
06/21/2021,Rensselaer,0,11239,276,478623
06/22/2021,Rensselaer,3,11242,353,478976
06/23/2021,Rensselaer,2,11244,435,479411
06/24/2021,Rensselaer,0,11244,301,479712
06/25/2021,Rensselaer,0,11244,471,480183
06/26/2021,Rensselaer,3,11247,481,480664
06/27/2021,Rensselaer,0,11247,230,480894
06/28/2021,Rensselaer,0,11247,173,481067
06/29/2021,Rensselaer,2,11249,273,481340
06/30/2021,Rensselaer,2,11251,357,481697
07/01/2021,Rensselaer,1,11252,357,482054
07/02/2021,Rensselaer,0,11252,279,482333
07/03/2021,Rensselaer,0,11252,291,482624
07/04/2021,Rensselaer,1,11253,604,483228
07/05/2021,Rensselaer,0,11253,160,483388
07/06/2021,Rensselaer,0,11253,139,483527
07/07/2021,Rensselaer,1,11254,215,483742
07/08/2021,Rensselaer,5,11259,359,484101
07/09/2021,Rensselaer,3,11262,454,484555
07/10/2021,Rensselaer,2,11264,156,484711
07/11/2021,Rensselaer,7,11271,241,484952
07/12/2021,Rensselaer,2,11273,166,485118
07/13/2021,Rensselaer,4,11277,238,485356
07/14/2021,Rensselaer,5,11282,250,485606
07/15/2021,Rensselaer,6,11288,282,485888
07/16/2021,Rensselaer,5,11293,211,486099
07/17/2021,Rensselaer,9,11302,293,486392
07/18/2021,Rensselaer,3,11305,202,486594
07/19/2021,Rensselaer,6,11311,409,487003
07/20/2021,Rensselaer,3,11314,572,487575
07/21/2021,Rensselaer,6,11320,467,488042
07/22/2021,Rensselaer,9,11329,647,488689
07/23/2021,Rensselaer,4,11333,266,488955
07/24/2021,Rensselaer,14,11347,621,489576
07/25/2021,Rensselaer,8,11355,182,489758
07/26/2021,Rensselaer,15,11370,749,490507
07/27/2021,Rensselaer,20,11390,616,491123
07/28/2021,Rensselaer,15,11405,528,491651
07/29/2021,Rensselaer,17,11422,321,491972
07/30/2021,Rensselaer,17,11439,791,492763
07/31/2021,Rensselaer,24,11463,498,493261
08/01/2021,Rensselaer,11,11474,207,493468
08/02/2021,Rensselaer,20,11494,313,493781
08/03/2021,Rensselaer,12,11506,648,494429
08/04/2021,Rensselaer,24,11530,939,495368
08/05/2021,Rensselaer,27,11557,538,495906
08/06/2021,Rensselaer,47,11604,982,496888
08/07/2021,Rensselaer,21,11625,398,497286
08/08/2021,Rensselaer,14,11639,370,497656
08/09/2021,Rensselaer,23,11662,416,498072
08/10/2021,Rensselaer,25,11687,789,498861
08/11/2021,Rensselaer,33,11720,1002,499863
08/12/2021,Rensselaer,35,11755,671,500534
08/13/2021,Rensselaer,38,11793,874,501408
08/14/2021,Rensselaer,35,11828,651,502059
08/15/2021,Rensselaer,31,11859,487,502546
08/16/2021,Rensselaer,29,11888,535,503081
08/17/2021,Rensselaer,38,11926,957,504038
08/18/2021,Rensselaer,29,11955,713,504751
08/19/2021,Rensselaer,36,11991,1019,505770
08/20/2021,Rensselaer,48,12039,1028,506798
08/21/2021,Rensselaer,28,12067,613,507411
08/22/2021,Rensselaer,32,12099,470,507881
08/23/2021,Rensselaer,22,12121,527,508408
08/24/2021,Rensselaer,22,12143,733,509141
08/25/2021,Rensselaer,23,12166,557,509698
08/26/2021,Rensselaer,71,12237,1370,511068
08/27/2021,Rensselaer,41,12278,1578,512646
08/28/2021,Rensselaer,37,12315,728,513374
08/29/2021,Rensselaer,36,12351,674,514048
08/30/2021,Rensselaer,35,12386,577,514625
08/31/2021,Rensselaer,36,12422,684,515309
09/01/2021,Rensselaer,36,12458,810,516119
09/02/2021,Rensselaer,54,12512,1060,517179
09/03/2021,Rensselaer,58,12570,1072,518251
09/04/2021,Rensselaer,31,12601,848,519099
09/05/2021,Rensselaer,41,12642,729,519828
09/06/2021,Rensselaer,25,12667,402,520230
09/07/2021,Rensselaer,27,12694,582,520812
09/08/2021,Rensselaer,44,12738,856,521668
09/09/2021,Rensselaer,42,12780,1281,522949
09/10/2021,Rensselaer,58,12838,1067,524016
09/11/2021,Rensselaer,36,12874,881,524897
09/12/2021,Rensselaer,39,12913,836,525733
09/13/2021,Rensselaer,31,12944,367,526100
09/14/2021,Rensselaer,27,12971,1088,527188
09/15/2021,Rensselaer,67,13038,1506,528694
09/16/2021,Rensselaer,46,13084,1066,529760
09/17/2021,Rensselaer,42,13126,1102,530862
09/18/2021,Rensselaer,54,13180,1277,532139
09/19/2021,Rensselaer,29,13209,463,532602
09/20/2021,Rensselaer,67,13276,865,533467
09/21/2021,Rensselaer,43,13319,1528,534995
09/22/2021,Rensselaer,45,13364,1522,536517
09/23/2021,Rensselaer,78,13442,2027,538544
09/24/2021,Rensselaer,41,13483,1193,539737
09/25/2021,Rensselaer,39,13522,1376,541113
09/26/2021,Rensselaer,43,13565,831,541944
09/27/2021,Rensselaer,39,13604,799,542743
09/28/2021,Rensselaer,53,13657,1984,544727
09/29/2021,Rensselaer,51,13708,1899,546626
09/30/2021,Rensselaer,63,13771,1622,548248
10/01/2021,Rensselaer,52,13823,1571,549819
10/02/2021,Rensselaer,56,13879,1558,551377
10/03/2021,Rensselaer,24,13903,516,551893
10/04/2021,Rensselaer,43,13946,945,552838
10/05/2021,Rensselaer,69,14015,1637,554475
10/06/2021,Rensselaer,52,14067,1901,556376
10/07/2021,Rensselaer,78,14145,1887,558263
10/08/2021,Rensselaer,64,14209,1569,559832
10/09/2021,Rensselaer,30,14239,674,560506
10/10/2021,Rensselaer,85,14324,1774,562280
10/11/2021,Rensselaer,34,14358,845,563125
10/12/2021,Rensselaer,40,14398,1221,564346
10/13/2021,Rensselaer,45,14443,2074,566420
10/14/2021,Rensselaer,74,14517,1749,568169
10/15/2021,Rensselaer,53,14570,1775,569944
10/16/2021,Rensselaer,48,14618,1257,571201
10/17/2021,Rensselaer,51,14669,1031,572232
10/18/2021,Rensselaer,23,14692,525,572757
10/19/2021,Rensselaer,69,14761,1739,574496
10/20/2021,Rensselaer,47,14808,2031,576527
10/21/2021,Rensselaer,31,14839,1236,577763
10/22/2021,Rensselaer,63,14902,1837,579600
10/23/2021,Rensselaer,45,14947,1043,580643
03/01/2020,Richmond,0,0,0,0
03/02/2020,Richmond,0,0,0,0
03/03/2020,Richmond,0,0,0,0
03/04/2020,Richmond,0,0,0,0
03/05/2020,Richmond,0,0,0,0
03/06/2020,Richmond,0,0,3,3
03/07/2020,Richmond,0,0,2,5
03/08/2020,Richmond,0,0,0,5
03/09/2020,Richmond,0,0,6,11
03/10/2020,Richmond,1,1,5,16
03/11/2020,Richmond,1,2,5,21
03/12/2020,Richmond,4,6,16,37
03/13/2020,Richmond,5,11,34,71
03/14/2020,Richmond,3,14,29,100
03/15/2020,Richmond,6,20,27,127
03/16/2020,Richmond,11,31,35,162
03/17/2020,Richmond,26,57,61,223
03/18/2020,Richmond,33,90,110,333
03/19/2020,Richmond,116,206,272,605
03/20/2020,Richmond,109,315,334,939
03/21/2020,Richmond,207,522,645,1584
03/22/2020,Richmond,193,715,417,2001
03/23/2020,Richmond,200,915,487,2488
03/24/2020,Richmond,110,1025,223,2711
03/25/2020,Richmond,164,1189,293,3004
03/26/2020,Richmond,223,1412,413,3417
03/27/2020,Richmond,415,1827,847,4264
03/28/2020,Richmond,402,2229,878,5142
03/29/2020,Richmond,336,2565,711,5853
03/30/2020,Richmond,324,2889,691,6544
03/31/2020,Richmond,299,3188,616,7160
04/01/2020,Richmond,279,3467,559,7719
04/02/2020,Richmond,287,3754,563,8282
04/03/2020,Richmond,319,4073,679,8961
04/04/2020,Richmond,218,4291,513,9474
04/05/2020,Richmond,288,4579,600,10074
04/06/2020,Richmond,218,4797,605,10679
04/07/2020,Richmond,546,5343,1262,11941
04/08/2020,Richmond,641,5984,1528,13469
04/09/2020,Richmond,500,6484,1212,14681
04/10/2020,Richmond,376,6860,807,15488
04/11/2020,Richmond,456,7316,1030,16518
04/12/2020,Richmond,352,7668,887,17405
04/13/2020,Richmond,292,7960,725,18130
04/14/2020,Richmond,338,8298,743,18873
04/15/2020,Richmond,386,8684,1184,20057
04/16/2020,Richmond,347,9031,1084,21141
04/17/2020,Richmond,302,9333,1106,22247
04/18/2020,Richmond,341,9674,1288,23535
04/19/2020,Richmond,239,9913,874,24409
04/20/2020,Richmond,208,10121,882,25291
04/21/2020,Richmond,224,10345,998,26289
04/22/2020,Richmond,245,10590,1031,27320
04/23/2020,Richmond,293,10883,1272,28592
04/24/2020,Richmond,246,11129,1011,29603
04/25/2020,Richmond,154,11283,882,30485
04/26/2020,Richmond,140,11423,658,31143
04/27/2020,Richmond,93,11516,567,31710
04/28/2020,Richmond,144,11660,935,32645
04/29/2020,Richmond,151,11811,841,33486
04/30/2020,Richmond,126,11937,849,34335
05/01/2020,Richmond,157,12094,918,35253
05/02/2020,Richmond,101,12195,729,35982
05/03/2020,Richmond,60,12255,549,36531
05/04/2020,Richmond,62,12317,573,37104
05/05/2020,Richmond,84,12401,702,37806
05/06/2020,Richmond,105,12506,828,38634
05/07/2020,Richmond,72,12578,672,39306
05/08/2020,Richmond,72,12650,832,40138
05/09/2020,Richmond,52,12702,717,40855
05/10/2020,Richmond,45,12747,493,41348
05/11/2020,Richmond,22,12769,517,41865
05/12/2020,Richmond,41,12810,806,42671
05/13/2020,Richmond,51,12861,869,43540
05/14/2020,Richmond,48,12909,812,44352
05/15/2020,Richmond,65,12974,843,45195
05/16/2020,Richmond,37,13011,713,45908
05/17/2020,Richmond,36,13047,571,46479
05/18/2020,Richmond,22,13069,621,47100
05/19/2020,Richmond,31,13100,751,47851
05/20/2020,Richmond,40,13140,908,48759
05/21/2020,Richmond,31,13171,877,49636
05/22/2020,Richmond,44,13215,1232,50868
05/23/2020,Richmond,51,13266,1120,51988
05/24/2020,Richmond,21,13287,732,52720
05/25/2020,Richmond,38,13325,1047,53767
05/26/2020,Richmond,23,13348,720,54487
05/27/2020,Richmond,56,13404,1623,56110
05/28/2020,Richmond,51,13455,1731,57841
05/29/2020,Richmond,50,13505,1376,59217
05/30/2020,Richmond,17,13522,1214,60431
05/31/2020,Richmond,15,13537,1200,61631
06/01/2020,Richmond,25,13562,972,62603
06/02/2020,Richmond,23,13585,991,63594
06/03/2020,Richmond,36,13621,1784,65378
06/04/2020,Richmond,42,13663,1576,66954
06/05/2020,Richmond,28,13691,1886,68840
06/06/2020,Richmond,26,13717,1379,70219
06/07/2020,Richmond,10,13727,1182,71401
06/08/2020,Richmond,20,13747,896,72297
06/09/2020,Richmond,14,13761,1144,73441
06/10/2020,Richmond,19,13780,1290,74731
06/11/2020,Richmond,20,13800,1547,76278
06/12/2020,Richmond,17,13817,1596,77874
06/13/2020,Richmond,40,13857,1365,79239
06/14/2020,Richmond,21,13878,1391,80630
06/15/2020,Richmond,10,13888,2387,83017
06/16/2020,Richmond,5,13893,1328,84345
06/17/2020,Richmond,7,13900,1579,85924
06/18/2020,Richmond,17,13917,2306,88230
06/19/2020,Richmond,27,13944,1882,90112
06/20/2020,Richmond,14,13958,1749,91861
06/21/2020,Richmond,13,13971,1507,93368
06/22/2020,Richmond,12,13983,1121,94489
06/23/2020,Richmond,11,13994,1894,96383
06/24/2020,Richmond,26,14020,2032,98415
06/25/2020,Richmond,17,14037,1707,100122
06/26/2020,Richmond,15,14052,1697,101819
06/27/2020,Richmond,21,14073,1581,103400
06/28/2020,Richmond,9,14082,979,104379
06/29/2020,Richmond,11,14093,1749,106128
06/30/2020,Richmond,16,14109,1304,107432
07/01/2020,Richmond,16,14125,1787,109219
07/02/2020,Richmond,39,14164,1955,111174
07/03/2020,Richmond,26,14190,1613,112787
07/04/2020,Richmond,12,14202,1578,114365
07/05/2020,Richmond,11,14213,1362,115727
07/06/2020,Richmond,12,14225,1707,117434
07/07/2020,Richmond,18,14243,1406,118840
07/08/2020,Richmond,19,14262,1592,120432
07/09/2020,Richmond,23,14285,1874,122306
07/10/2020,Richmond,23,14308,1837,124143
07/11/2020,Richmond,21,14329,1681,125824
07/12/2020,Richmond,12,14341,1495,127319
07/13/2020,Richmond,31,14372,1891,129210
07/14/2020,Richmond,17,14389,1604,130814
07/15/2020,Richmond,28,14417,1878,132692
07/16/2020,Richmond,22,14439,2004,134696
07/17/2020,Richmond,20,14459,1566,136262
07/18/2020,Richmond,21,14480,1301,137563
07/19/2020,Richmond,23,14503,1213,138776
07/20/2020,Richmond,36,14539,2050,140826
07/21/2020,Richmond,18,14557,1252,142078
07/22/2020,Richmond,30,14587,1890,143968
07/23/2020,Richmond,26,14613,2065,146033
07/24/2020,Richmond,20,14633,1908,147941
07/25/2020,Richmond,16,14649,1116,149057
07/26/2020,Richmond,32,14681,1401,150458
07/27/2020,Richmond,17,14698,1571,152029
07/28/2020,Richmond,29,14727,1531,153560
07/29/2020,Richmond,21,14748,1720,155280
07/30/2020,Richmond,16,14764,1562,156842
07/31/2020,Richmond,17,14781,2229,159071
08/01/2020,Richmond,24,14805,1599,160670
08/02/2020,Richmond,17,14822,1421,162091
08/03/2020,Richmond,18,14840,1840,163931
08/04/2020,Richmond,14,14854,1492,165423
08/05/2020,Richmond,23,14877,1916,167339
08/06/2020,Richmond,14,14891,1679,169018
08/07/2020,Richmond,18,14909,2154,171172
08/08/2020,Richmond,12,14921,1395,172567
08/09/2020,Richmond,13,14934,1656,174223
08/10/2020,Richmond,19,14953,2137,176360
08/11/2020,Richmond,21,14974,2162,178522
08/12/2020,Richmond,24,14998,2896,181418
08/13/2020,Richmond,19,15017,2232,183650
08/14/2020,Richmond,29,15046,2189,185839
08/15/2020,Richmond,20,15066,1946,187785
08/16/2020,Richmond,7,15073,1454,189239
08/17/2020,Richmond,14,15087,1440,190679
08/18/2020,Richmond,14,15101,2347,193026
08/19/2020,Richmond,17,15118,2464,195490
08/20/2020,Richmond,11,15129,2418,197908
08/21/2020,Richmond,13,15142,2419,200327
08/22/2020,Richmond,20,15162,2047,202374
08/23/2020,Richmond,15,15177,1899,204273
08/24/2020,Richmond,12,15189,1977,206250
08/25/2020,Richmond,17,15206,2296,208546
08/26/2020,Richmond,18,15224,1950,210496
08/27/2020,Richmond,15,15239,2716,213212
08/28/2020,Richmond,13,15252,2633,215845
08/29/2020,Richmond,17,15269,2346,218191
08/30/2020,Richmond,19,15288,1528,219719
08/31/2020,Richmond,20,15308,2469,222188
09/01/2020,Richmond,24,15332,2045,224233
09/02/2020,Richmond,18,15350,2887,227120
09/03/2020,Richmond,19,15369,2641,229761
09/04/2020,Richmond,24,15393,2553,232314
09/05/2020,Richmond,27,15420,2668,234982
09/06/2020,Richmond,31,15451,1846,236828
09/07/2020,Richmond,15,15466,1483,238311
09/08/2020,Richmond,20,15486,1827,240138
09/09/2020,Richmond,24,15510,2525,242663
09/10/2020,Richmond,27,15537,1967,244630
09/11/2020,Richmond,28,15565,3042,247672
09/12/2020,Richmond,17,15582,1740,249412
09/13/2020,Richmond,22,15604,1601,251013
09/14/2020,Richmond,27,15631,2318,253331
09/15/2020,Richmond,11,15642,1532,254863
09/16/2020,Richmond,24,15666,2426,257289
09/17/2020,Richmond,23,15689,2017,259306
09/18/2020,Richmond,24,15713,2718,262024
09/19/2020,Richmond,17,15730,2408,264432
09/20/2020,Richmond,23,15753,1329,265761
09/21/2020,Richmond,33,15786,2287,268048
09/22/2020,Richmond,13,15799,1076,269124
09/23/2020,Richmond,24,15823,2677,271801
09/24/2020,Richmond,14,15837,2118,273919
09/25/2020,Richmond,30,15867,2524,276443
09/26/2020,Richmond,23,15890,2226,278669
09/27/2020,Richmond,23,15913,1743,280412
09/28/2020,Richmond,37,15950,2385,282797
09/29/2020,Richmond,39,15989,1763,284560
09/30/2020,Richmond,36,16025,2281,286841
10/01/2020,Richmond,36,16061,2341,289182
10/02/2020,Richmond,46,16107,3278,292460
10/03/2020,Richmond,30,16137,2661,295121
10/04/2020,Richmond,20,16157,1760,296881
10/05/2020,Richmond,52,16209,2812,299693
10/06/2020,Richmond,31,16240,2182,301875
10/07/2020,Richmond,54,16294,3978,305853
10/08/2020,Richmond,30,16324,2487,308340
10/09/2020,Richmond,49,16373,3396,311736
10/10/2020,Richmond,28,16401,2812,314548
10/11/2020,Richmond,33,16434,2630,317178
10/12/2020,Richmond,62,16496,3099,320277
10/13/2020,Richmond,26,16522,2079,322356
10/14/2020,Richmond,37,16559,2715,325071
10/15/2020,Richmond,46,16605,3256,328327
10/16/2020,Richmond,65,16670,4789,333116
10/17/2020,Richmond,50,16720,3621,336737
10/18/2020,Richmond,26,16746,1988,338725
10/19/2020,Richmond,36,16782,2376,341101
10/20/2020,Richmond,78,16860,3394,344495
10/21/2020,Richmond,32,16892,2803,347298
10/22/2020,Richmond,37,16929,3598,350896
10/23/2020,Richmond,75,17004,3988,354884
10/24/2020,Richmond,44,17048,2919,357803
10/25/2020,Richmond,37,17085,1832,359635
10/26/2020,Richmond,89,17174,4278,363913
10/27/2020,Richmond,78,17252,2959,366872
10/28/2020,Richmond,107,17359,4394,371266
10/29/2020,Richmond,98,17457,3388,374654
10/30/2020,Richmond,78,17535,3642,378296
10/31/2020,Richmond,109,17644,3817,382113
11/01/2020,Richmond,59,17703,2396,384509
11/02/2020,Richmond,74,17777,3050,387559
11/03/2020,Richmond,49,17826,2344,389903
11/04/2020,Richmond,115,17941,3848,393751
11/05/2020,Richmond,191,18132,5425,399176
11/06/2020,Richmond,137,18269,4565,403741
11/07/2020,Richmond,128,18397,4448,408189
11/08/2020,Richmond,126,18523,3301,411490
11/09/2020,Richmond,138,18661,3175,414665
11/10/2020,Richmond,215,18876,4472,419137
11/11/2020,Richmond,160,19036,4292,423429
11/12/2020,Richmond,229,19265,4967,428396
11/13/2020,Richmond,226,19491,5081,433477
11/14/2020,Richmond,151,19642,4355,437832
11/15/2020,Richmond,107,19749,3502,441334
11/16/2020,Richmond,273,20022,5729,447063
11/17/2020,Richmond,192,20214,4468,451531
11/18/2020,Richmond,184,20398,4427,455958
11/19/2020,Richmond,188,20586,5420,461378
11/20/2020,Richmond,204,20790,5390,466768
11/21/2020,Richmond,256,21046,5835,472603
11/22/2020,Richmond,167,21213,4009,476612
11/23/2020,Richmond,219,21432,5963,482575
11/24/2020,Richmond,265,21697,5772,488347
11/25/2020,Richmond,254,21951,7089,495436
11/26/2020,Richmond,258,22209,5833,501269
11/27/2020,Richmond,195,22404,5153,506422
11/28/2020,Richmond,331,22735,6471,512893
11/29/2020,Richmond,280,23015,4787,517680
11/30/2020,Richmond,361,23376,5232,522912
12/01/2020,Richmond,490,23866,7833,530745
12/02/2020,Richmond,339,24205,5936,536681
12/03/2020,Richmond,548,24753,8815,545496
12/04/2020,Richmond,358,25111,5839,551335
12/05/2020,Richmond,359,25470,4975,556310
12/06/2020,Richmond,271,25741,4258,560568
12/07/2020,Richmond,507,26248,6575,567143
12/08/2020,Richmond,428,26676,6645,573788
12/09/2020,Richmond,348,27024,7281,581069
12/10/2020,Richmond,424,27448,7011,588080
12/11/2020,Richmond,305,27753,6840,594920
12/12/2020,Richmond,321,28074,7110,602030
12/13/2020,Richmond,277,28351,4792,606822
12/14/2020,Richmond,459,28810,8628,615450
12/15/2020,Richmond,357,29167,5297,620747
12/16/2020,Richmond,337,29504,6782,627529
12/17/2020,Richmond,350,29854,7600,635129
12/18/2020,Richmond,338,30192,5840,640969
12/19/2020,Richmond,313,30505,6288,647257
12/20/2020,Richmond,297,30802,4607,651864
12/21/2020,Richmond,350,31152,5837,657701
12/22/2020,Richmond,456,31608,7340,665041
12/23/2020,Richmond,464,32072,8494,673535
12/24/2020,Richmond,410,32482,7163,680698
12/25/2020,Richmond,323,32805,6384,687082
12/26/2020,Richmond,219,33024,3879,690961
12/27/2020,Richmond,394,33418,4309,695270
12/28/2020,Richmond,501,33919,7145,702415
12/29/2020,Richmond,483,34402,5171,707586
12/30/2020,Richmond,596,34998,8114,715700
12/31/2020,Richmond,551,35549,8709,724409
01/01/2021,Richmond,499,36048,6812,731221
01/02/2021,Richmond,371,36419,5152,736373
01/03/2021,Richmond,430,36849,4760,741133
01/04/2021,Richmond,616,37465,7068,748201
01/05/2021,Richmond,641,38106,7146,755347
01/06/2021,Richmond,580,38686,8811,764158
01/07/2021,Richmond,498,39184,7552,771710
01/08/2021,Richmond,621,39805,10371,782081
01/09/2021,Richmond,469,40274,8040,790121
01/10/2021,Richmond,457,40731,7248,797369
01/11/2021,Richmond,564,41295,7543,804912
01/12/2021,Richmond,519,41814,7815,812727
01/13/2021,Richmond,459,42273,7455,820182
01/14/2021,Richmond,614,42887,10500,830682
01/15/2021,Richmond,481,43368,8321,839003
01/16/2021,Richmond,444,43812,7751,846754
01/17/2021,Richmond,440,44252,6666,853420
01/18/2021,Richmond,426,44678,6373,859793
01/19/2021,Richmond,491,45169,7235,867028
01/20/2021,Richmond,358,45527,6067,873095
01/21/2021,Richmond,485,46012,8559,881654
01/22/2021,Richmond,389,46401,7315,888969
01/23/2021,Richmond,440,46841,7652,896621
01/24/2021,Richmond,413,47254,6679,903300
01/25/2021,Richmond,361,47615,5985,909285
01/26/2021,Richmond,334,47949,6380,915665
01/27/2021,Richmond,347,48296,7121,922786
01/28/2021,Richmond,371,48667,8024,930810
01/29/2021,Richmond,362,49029,8172,938982
01/30/2021,Richmond,280,49309,6806,945788
01/31/2021,Richmond,255,49564,4750,950538
02/01/2021,Richmond,289,49853,5366,955904
02/02/2021,Richmond,196,50049,3592,959496
02/03/2021,Richmond,161,50210,2989,962485
02/04/2021,Richmond,184,50394,4113,966598
02/05/2021,Richmond,332,50726,7052,973650
02/06/2021,Richmond,344,51070,6688,980338
02/07/2021,Richmond,310,51380,5954,986292
02/08/2021,Richmond,242,51622,4551,990843
02/09/2021,Richmond,199,51821,4519,995362
02/10/2021,Richmond,324,52145,7810,1003172
02/11/2021,Richmond,278,52423,6458,1009630
02/12/2021,Richmond,300,52723,6818,1016448
02/13/2021,Richmond,332,53055,6232,1022680
02/14/2021,Richmond,211,53266,4930,1027610
02/15/2021,Richmond,220,53486,4704,1032314
02/16/2021,Richmond,232,53718,4985,1037299
02/17/2021,Richmond,209,53927,5896,1043195
02/18/2021,Richmond,286,54213,6560,1049755
02/19/2021,Richmond,246,54459,5642,1055397
02/20/2021,Richmond,212,54671,4012,1059409
02/21/2021,Richmond,216,54887,4299,1063708
02/22/2021,Richmond,222,55109,3841,1067549
02/23/2021,Richmond,241,55350,5876,1073425
02/24/2021,Richmond,247,55597,7132,1080557
02/25/2021,Richmond,276,55873,7423,1087980
02/26/2021,Richmond,267,56140,7537,1095517
02/27/2021,Richmond,284,56424,6408,1101925
02/28/2021,Richmond,221,56645,5125,1107050
03/01/2021,Richmond,221,56866,3696,1110746
03/02/2021,Richmond,272,57138,5657,1116403
03/03/2021,Richmond,313,57451,7166,1123569
03/04/2021,Richmond,382,57833,8833,1132402
03/05/2021,Richmond,293,58126,7334,1139736
03/06/2021,Richmond,276,58402,6295,1146031
03/07/2021,Richmond,220,58622,3675,1149706
03/08/2021,Richmond,324,58946,6372,1156078
03/09/2021,Richmond,247,59193,5048,1161126
03/10/2021,Richmond,222,59415,6230,1167356
03/11/2021,Richmond,387,59802,7938,1175294
03/12/2021,Richmond,263,60065,4835,1180129
03/13/2021,Richmond,212,60277,5202,1185331
03/14/2021,Richmond,226,60503,3643,1188974
03/15/2021,Richmond,244,60747,3692,1192666
03/16/2021,Richmond,363,61110,9652,1202318
03/17/2021,Richmond,259,61369,6651,1208969
03/18/2021,Richmond,338,61707,7881,1216850
03/19/2021,Richmond,291,61998,6657,1223507
03/20/2021,Richmond,363,62361,7457,1230964
03/21/2021,Richmond,248,62609,4725,1235689
03/22/2021,Richmond,289,62898,4662,1240351
03/23/2021,Richmond,320,63218,6379,1246730
03/24/2021,Richmond,283,63501,6367,1253097
03/25/2021,Richmond,335,63836,7595,1260692
03/26/2021,Richmond,260,64096,6379,1267071
03/27/2021,Richmond,351,64447,7069,1274140
03/28/2021,Richmond,305,64752,5056,1279196
03/29/2021,Richmond,280,65032,4734,1283930
03/30/2021,Richmond,376,65408,6332,1290262
03/31/2021,Richmond,349,65757,6341,1296603
04/01/2021,Richmond,282,66039,6762,1303365
04/02/2021,Richmond,315,66354,6396,1309761
04/03/2021,Richmond,288,66642,6597,1316358
04/04/2021,Richmond,261,66903,4916,1321274
04/05/2021,Richmond,251,67154,3876,1325150
04/06/2021,Richmond,277,67431,5886,1331036
04/07/2021,Richmond,413,67844,9222,1340258
04/08/2021,Richmond,361,68205,8468,1348726
04/09/2021,Richmond,280,68485,7603,1356329
04/10/2021,Richmond,334,68819,6981,1363310
04/11/2021,Richmond,168,68987,3443,1366753
04/12/2021,Richmond,200,69187,3778,1370531
04/13/2021,Richmond,270,69457,5904,1376435
04/14/2021,Richmond,196,69653,5468,1381903
04/15/2021,Richmond,269,69922,7879,1389782
04/16/2021,Richmond,318,70240,10759,1400541
04/17/2021,Richmond,250,70490,7083,1407624
04/18/2021,Richmond,206,70696,4749,1412373
04/19/2021,Richmond,187,70883,3561,1415934
04/20/2021,Richmond,161,71044,5209,1421143
04/21/2021,Richmond,197,71241,7130,1428273
04/22/2021,Richmond,176,71417,7027,1435300
04/23/2021,Richmond,193,71610,8108,1443408
04/24/2021,Richmond,186,71796,7120,1450528
04/25/2021,Richmond,120,71916,3943,1454471
04/26/2021,Richmond,97,72013,3155,1457626
04/27/2021,Richmond,103,72116,5201,1462827
04/28/2021,Richmond,137,72253,7598,1470425
04/29/2021,Richmond,127,72380,7087,1477512
04/30/2021,Richmond,127,72507,6434,1483946
05/01/2021,Richmond,117,72624,5931,1489877
05/02/2021,Richmond,95,72719,3728,1493605
05/03/2021,Richmond,81,72800,3280,1496885
05/04/2021,Richmond,66,72866,5304,1502189
05/05/2021,Richmond,95,72961,6355,1508544
05/06/2021,Richmond,84,73045,6510,1515054
05/07/2021,Richmond,86,73131,7151,1522205
05/08/2021,Richmond,64,73195,5772,1527977
05/09/2021,Richmond,77,73272,3420,1531397
05/10/2021,Richmond,55,73327,2601,1533998
05/11/2021,Richmond,41,73368,5316,1539314
05/12/2021,Richmond,75,73443,6267,1545581
05/13/2021,Richmond,74,73517,6843,1552424
05/14/2021,Richmond,65,73582,4933,1557357
05/15/2021,Richmond,67,73649,5220,1562577
05/16/2021,Richmond,40,73689,2939,1565516
05/17/2021,Richmond,31,73720,3152,1568668
05/18/2021,Richmond,52,73772,4384,1573052
05/19/2021,Richmond,55,73827,6238,1579290
05/20/2021,Richmond,36,73863,6842,1586132
05/21/2021,Richmond,39,73902,5702,1591834
05/22/2021,Richmond,31,73933,4656,1596490
05/23/2021,Richmond,33,73966,2518,1599008
05/24/2021,Richmond,29,73995,2523,1601531
05/25/2021,Richmond,47,74042,4786,1606317
05/26/2021,Richmond,44,74086,6552,1612869
05/27/2021,Richmond,32,74118,5210,1618079
05/28/2021,Richmond,43,74161,4394,1622473
05/29/2021,Richmond,21,74182,4218,1626691
05/30/2021,Richmond,13,74195,2094,1628785
05/31/2021,Richmond,17,74212,1872,1630657
06/01/2021,Richmond,15,74227,1864,1632521
06/02/2021,Richmond,24,74251,4171,1636692
06/03/2021,Richmond,30,74281,7923,1644615
06/04/2021,Richmond,21,74302,3429,1648044
06/05/2021,Richmond,21,74323,4899,1652943
06/06/2021,Richmond,14,74337,2236,1655179
06/07/2021,Richmond,15,74352,2644,1657823
06/08/2021,Richmond,19,74371,4195,1662018
06/09/2021,Richmond,24,74395,4663,1666681
06/10/2021,Richmond,23,74418,5123,1671804
06/11/2021,Richmond,29,74447,5047,1676851
06/12/2021,Richmond,17,74464,4453,1681304
06/13/2021,Richmond,14,74478,1938,1683242
06/14/2021,Richmond,11,74489,1981,1685223
06/15/2021,Richmond,23,74512,4145,1689368
06/16/2021,Richmond,17,74529,4581,1693949
06/17/2021,Richmond,25,74554,4777,1698726
06/18/2021,Richmond,28,74582,4247,1702973
06/19/2021,Richmond,23,74605,3368,1706341
06/20/2021,Richmond,24,74629,2006,1708347
06/21/2021,Richmond,16,74645,2376,1710723
06/22/2021,Richmond,22,74667,3296,1714019
06/23/2021,Richmond,22,74689,3666,1717685
06/24/2021,Richmond,23,74712,3225,1720910
06/25/2021,Richmond,30,74742,3587,1724497
06/26/2021,Richmond,32,74774,3252,1727749
06/27/2021,Richmond,26,74800,2089,1729838
06/28/2021,Richmond,30,74830,1893,1731731
06/29/2021,Richmond,35,74865,2508,1734239
06/30/2021,Richmond,36,74901,3496,1737735
07/01/2021,Richmond,40,74941,2305,1740040
07/02/2021,Richmond,38,74979,2909,1742949
07/03/2021,Richmond,37,75016,2610,1745559
07/04/2021,Richmond,30,75046,1872,1747431
07/05/2021,Richmond,12,75058,1146,1748577
07/06/2021,Richmond,23,75081,1291,1749868
07/07/2021,Richmond,37,75118,3597,1753465
07/08/2021,Richmond,49,75167,3104,1756569
07/09/2021,Richmond,45,75212,2948,1759517
07/10/2021,Richmond,40,75252,2623,1762140
07/11/2021,Richmond,40,75292,1977,1764117
07/12/2021,Richmond,20,75312,2007,1766124
07/13/2021,Richmond,49,75361,2772,1768896
07/14/2021,Richmond,53,75414,3146,1772042
07/15/2021,Richmond,54,75468,3032,1775074
07/16/2021,Richmond,63,75531,2975,1778049
07/17/2021,Richmond,76,75607,2926,1780975
07/18/2021,Richmond,42,75649,2277,1783252
07/19/2021,Richmond,45,75694,2615,1785867
07/20/2021,Richmond,79,75773,2822,1788689
07/21/2021,Richmond,78,75851,3125,1791814
07/22/2021,Richmond,85,75936,3362,1795176
07/23/2021,Richmond,96,76032,3488,1798664
07/24/2021,Richmond,95,76127,3792,1802456
07/25/2021,Richmond,61,76188,2360,1804816
07/26/2021,Richmond,88,76276,2528,1807344
07/27/2021,Richmond,121,76397,3481,1810825
07/28/2021,Richmond,133,76530,3803,1814628
07/29/2021,Richmond,115,76645,3905,1818533
07/30/2021,Richmond,140,76785,4060,1822593
07/31/2021,Richmond,117,76902,3709,1826302
08/01/2021,Richmond,129,77031,3527,1829829
08/02/2021,Richmond,125,77156,3027,1832856
08/03/2021,Richmond,130,77286,3753,1836609
08/04/2021,Richmond,191,77477,4720,1841329
08/05/2021,Richmond,162,77639,5112,1846441
08/06/2021,Richmond,174,77813,5352,1851793
08/07/2021,Richmond,153,77966,4282,1856075
08/08/2021,Richmond,178,78144,4474,1860549
08/09/2021,Richmond,156,78300,3432,1863981
08/10/2021,Richmond,205,78505,4958,1868939
08/11/2021,Richmond,194,78699,5741,1874680
08/12/2021,Richmond,171,78870,5352,1880032
08/13/2021,Richmond,170,79040,4778,1884810
08/14/2021,Richmond,179,79219,5018,1889828
08/15/2021,Richmond,138,79357,3751,1893579
08/16/2021,Richmond,149,79506,3844,1897423
08/17/2021,Richmond,157,79663,4990,1902413
08/18/2021,Richmond,207,79870,6615,1909028
08/19/2021,Richmond,175,80045,5663,1914691
08/20/2021,Richmond,141,80186,6049,1920740
08/21/2021,Richmond,143,80329,5031,1925771
08/22/2021,Richmond,172,80501,3967,1929738
08/23/2021,Richmond,120,80621,2902,1932640
08/24/2021,Richmond,119,80740,4632,1937272
08/25/2021,Richmond,221,80961,6217,1943489
08/26/2021,Richmond,213,81174,6065,1949554
08/27/2021,Richmond,184,81358,6122,1955676
08/28/2021,Richmond,149,81507,5057,1960733
08/29/2021,Richmond,148,81655,4046,1964779
08/30/2021,Richmond,152,81807,3307,1968086
08/31/2021,Richmond,178,81985,4562,1972648
09/01/2021,Richmond,182,82167,5677,1978325
09/02/2021,Richmond,214,82381,5742,1984067
09/03/2021,Richmond,177,82558,4706,1988773
09/04/2021,Richmond,166,82724,4818,1993591
09/05/2021,Richmond,144,82868,3659,1997250
09/06/2021,Richmond,118,82986,2761,2000011
09/07/2021,Richmond,152,83138,3211,2003222
09/08/2021,Richmond,258,83396,5882,2009104
09/09/2021,Richmond,219,83615,6447,2015551
09/10/2021,Richmond,129,83744,5883,2021434
09/11/2021,Richmond,132,83876,5560,2026994
09/12/2021,Richmond,101,83977,4105,2031099
09/13/2021,Richmond,119,84096,4034,2035133
09/14/2021,Richmond,140,84236,5459,2040592
09/15/2021,Richmond,199,84435,6203,2046795
09/16/2021,Richmond,156,84591,6513,2053308
09/17/2021,Richmond,147,84738,6008,2059316
09/18/2021,Richmond,132,84870,6042,2065358
09/19/2021,Richmond,107,84977,5289,2070647
09/20/2021,Richmond,135,85112,5351,2075998
09/21/2021,Richmond,136,85248,5844,2081842
09/22/2021,Richmond,123,85371,6396,2088238
09/23/2021,Richmond,123,85494,7588,2095826
09/24/2021,Richmond,121,85615,7556,2103382
09/25/2021,Richmond,71,85686,5792,2109174
09/26/2021,Richmond,108,85794,4903,2114077
09/27/2021,Richmond,96,85890,4389,2118466
09/28/2021,Richmond,103,85993,5736,2124202
09/29/2021,Richmond,105,86098,7150,2131352
09/30/2021,Richmond,94,86192,6671,2138023
10/01/2021,Richmond,80,86272,6479,2144502
10/02/2021,Richmond,95,86367,5064,2149566
10/03/2021,Richmond,54,86421,4689,2154255
10/04/2021,Richmond,85,86506,4308,2158563
10/05/2021,Richmond,93,86599,5676,2164239
10/06/2021,Richmond,114,86713,7187,2171426
10/07/2021,Richmond,95,86808,7569,2178995
10/08/2021,Richmond,85,86893,6618,2185613
10/09/2021,Richmond,42,86935,2920,2188533
10/10/2021,Richmond,112,87047,7533,2196066
10/11/2021,Richmond,91,87138,4220,2200286
10/12/2021,Richmond,77,87215,3667,2203953
10/13/2021,Richmond,92,87307,5642,2209595
10/14/2021,Richmond,128,87435,6872,2216467
10/15/2021,Richmond,106,87541,5533,2222000
10/16/2021,Richmond,108,87649,6479,2228479
10/17/2021,Richmond,63,87712,4316,2232795
10/18/2021,Richmond,71,87783,3657,2236452
10/19/2021,Richmond,108,87891,5838,2242290
10/20/2021,Richmond,92,87983,6419,2248709
10/21/2021,Richmond,65,88048,6258,2254967
10/22/2021,Richmond,84,88132,5674,2260641
10/23/2021,Richmond,79,88211,5369,2266010
03/01/2020,Rockland,0,0,0,0
03/02/2020,Rockland,0,0,0,0
03/03/2020,Rockland,0,0,0,0
03/04/2020,Rockland,0,0,0,0
03/05/2020,Rockland,0,0,0,0
03/06/2020,Rockland,1,1,1,1
03/07/2020,Rockland,0,1,0,1
03/08/2020,Rockland,0,1,2,3
03/09/2020,Rockland,3,4,7,10
03/10/2020,Rockland,0,4,2,12
03/11/2020,Rockland,2,6,2,14
03/12/2020,Rockland,2,8,5,19
03/13/2020,Rockland,1,9,8,27
03/14/2020,Rockland,3,12,21,48
03/15/2020,Rockland,1,13,35,83
03/16/2020,Rockland,9,22,39,122
03/17/2020,Rockland,8,30,29,151
03/18/2020,Rockland,23,53,58,209
03/19/2020,Rockland,48,101,192,401
03/20/2020,Rockland,161,262,569,970
03/21/2020,Rockland,193,455,604,1574
03/22/2020,Rockland,137,592,393,1967
03/23/2020,Rockland,79,671,315,2282
03/24/2020,Rockland,297,968,592,2874
03/25/2020,Rockland,229,1197,567,3441
03/26/2020,Rockland,260,1457,588,4029
03/27/2020,Rockland,439,1896,1078,5107
03/28/2020,Rockland,313,2209,827,5934
03/29/2020,Rockland,302,2511,604,6538
03/30/2020,Rockland,352,2863,739,7277
03/31/2020,Rockland,458,3321,930,8207
04/01/2020,Rockland,430,3751,904,9111
04/02/2020,Rockland,538,4289,997,10108
04/03/2020,Rockland,583,4872,1124,11232
04/04/2020,Rockland,454,5326,880,12112
04/05/2020,Rockland,377,5703,732,12844
04/06/2020,Rockland,287,5990,662,13506
04/07/2020,Rockland,423,6413,1027,14533
04/08/2020,Rockland,252,6665,648,15181
04/09/2020,Rockland,457,7122,1013,16194
04/10/2020,Rockland,355,7477,785,16979
04/11/2020,Rockland,244,7721,569,17548
04/12/2020,Rockland,244,7965,586,18134
04/13/2020,Rockland,370,8335,779,18913
04/14/2020,Rockland,139,8474,371,19284
04/15/2020,Rockland,278,8752,830,20114
04/16/2020,Rockland,235,8987,678,20792
04/17/2020,Rockland,184,9171,610,21402
04/18/2020,Rockland,193,9364,547,21949
04/19/2020,Rockland,93,9457,316,22265
04/20/2020,Rockland,111,9568,407,22672
04/21/2020,Rockland,131,9699,478,23150
04/22/2020,Rockland,129,9828,584,23734
04/23/2020,Rockland,263,10091,1255,24989
04/24/2020,Rockland,1000,11091,2606,27595
04/25/2020,Rockland,165,11256,677,28272
04/26/2020,Rockland,110,11366,565,28837
04/27/2020,Rockland,87,11453,537,29374
04/28/2020,Rockland,133,11586,528,29902
04/29/2020,Rockland,122,11708,691,30593
04/30/2020,Rockland,104,11812,823,31416
05/01/2020,Rockland,133,11945,779,32195
05/02/2020,Rockland,80,12025,598,32793
05/03/2020,Rockland,70,12095,476,33269
05/04/2020,Rockland,49,12144,437,33706
05/05/2020,Rockland,60,12204,401,34107
05/06/2020,Rockland,76,12280,852,34959
05/07/2020,Rockland,69,12349,740,35699
05/08/2020,Rockland,51,12400,669,36368
05/09/2020,Rockland,51,12451,582,36950
05/10/2020,Rockland,33,12484,564,37514
05/11/2020,Rockland,20,12504,368,37882
05/12/2020,Rockland,39,12543,637,38519
05/13/2020,Rockland,53,12596,1096,39615
05/14/2020,Rockland,41,12637,851,40466
05/15/2020,Rockland,51,12688,1035,41501
05/16/2020,Rockland,70,12758,779,42280
05/17/2020,Rockland,19,12777,486,42766
05/18/2020,Rockland,21,12798,338,43104
05/19/2020,Rockland,33,12831,577,43681
05/20/2020,Rockland,46,12877,1091,44772
05/21/2020,Rockland,28,12905,790,45562
05/22/2020,Rockland,29,12934,814,46376
05/23/2020,Rockland,29,12963,735,47111
05/24/2020,Rockland,33,12996,634,47745
05/25/2020,Rockland,23,13019,652,48397
05/26/2020,Rockland,28,13047,554,48951
05/27/2020,Rockland,29,13076,1115,50066
05/28/2020,Rockland,24,13100,1097,51163
05/29/2020,Rockland,28,13128,807,51970
05/30/2020,Rockland,23,13151,616,52586
05/31/2020,Rockland,34,13185,682,53268
06/01/2020,Rockland,38,13223,785,54053
06/02/2020,Rockland,36,13259,1088,55141
06/03/2020,Rockland,21,13280,969,56110
06/04/2020,Rockland,17,13297,1191,57301
06/05/2020,Rockland,18,13315,1030,58331
06/06/2020,Rockland,10,13325,795,59126
06/07/2020,Rockland,15,13340,761,59887
06/08/2020,Rockland,13,13353,847,60734
06/09/2020,Rockland,19,13372,843,61577
06/10/2020,Rockland,13,13385,976,62553
06/11/2020,Rockland,11,13396,905,63458
06/12/2020,Rockland,15,13411,885,64343
06/13/2020,Rockland,12,13423,876,65219
06/14/2020,Rockland,18,13441,797,66016
06/15/2020,Rockland,19,13460,770,66786
06/16/2020,Rockland,7,13467,683,67469
06/17/2020,Rockland,7,13474,918,68387
06/18/2020,Rockland,12,13486,1081,69468
06/19/2020,Rockland,9,13495,804,70272
06/20/2020,Rockland,9,13504,628,70900
06/21/2020,Rockland,10,13514,603,71503
06/22/2020,Rockland,15,13529,575,72078
06/23/2020,Rockland,5,13534,498,72576
06/24/2020,Rockland,15,13549,686,73262
06/25/2020,Rockland,8,13557,881,74143
06/26/2020,Rockland,9,13566,951,75094
06/27/2020,Rockland,10,13576,795,75889
06/28/2020,Rockland,4,13580,627,76516
06/29/2020,Rockland,10,13590,728,77244
06/30/2020,Rockland,12,13602,999,78243
07/01/2020,Rockland,10,13612,980,79223
07/02/2020,Rockland,11,13623,1109,80332
07/03/2020,Rockland,6,13629,636,80968
07/04/2020,Rockland,19,13648,1043,82011
07/05/2020,Rockland,8,13656,759,82770
07/06/2020,Rockland,12,13668,895,83665
07/07/2020,Rockland,11,13679,744,84409
07/08/2020,Rockland,4,13683,932,85341
07/09/2020,Rockland,8,13691,927,86268
07/10/2020,Rockland,9,13700,949,87217
07/11/2020,Rockland,16,13716,1039,88256
07/12/2020,Rockland,3,13719,555,88811
07/13/2020,Rockland,14,13733,1001,89812
07/14/2020,Rockland,10,13743,1127,90939
07/15/2020,Rockland,20,13763,975,91914
07/16/2020,Rockland,12,13775,1034,92948
07/17/2020,Rockland,9,13784,1038,93986
07/18/2020,Rockland,9,13793,497,94483
07/19/2020,Rockland,5,13798,497,94980
07/20/2020,Rockland,8,13806,651,95631
07/21/2020,Rockland,6,13812,900,96531
07/22/2020,Rockland,8,13820,719,97250
07/23/2020,Rockland,10,13830,1114,98364
07/24/2020,Rockland,7,13837,844,99208
07/25/2020,Rockland,2,13839,520,99728
07/26/2020,Rockland,2,13841,580,100308
07/27/2020,Rockland,4,13845,772,101080
07/28/2020,Rockland,7,13852,646,101726
07/29/2020,Rockland,8,13860,642,102368
07/30/2020,Rockland,4,13864,789,103157
07/31/2020,Rockland,16,13880,898,104055
08/01/2020,Rockland,2,13882,573,104628
08/02/2020,Rockland,3,13885,525,105153
08/03/2020,Rockland,8,13893,948,106101
08/04/2020,Rockland,10,13903,867,106968
08/05/2020,Rockland,15,13918,841,107809
08/06/2020,Rockland,7,13925,744,108553
08/07/2020,Rockland,11,13936,784,109337
08/08/2020,Rockland,6,13942,785,110122
08/09/2020,Rockland,7,13949,617,110739
08/10/2020,Rockland,5,13954,1150,111889
08/11/2020,Rockland,12,13966,1261,113150
08/12/2020,Rockland,7,13973,1042,114192
08/13/2020,Rockland,8,13981,959,115151
08/14/2020,Rockland,16,13997,1160,116311
08/15/2020,Rockland,10,14007,852,117163
08/16/2020,Rockland,4,14011,638,117801
08/17/2020,Rockland,42,14053,911,118712
08/18/2020,Rockland,14,14067,1153,119865
08/19/2020,Rockland,22,14089,1063,120928
08/20/2020,Rockland,17,14106,1229,122157
08/21/2020,Rockland,12,14118,1382,123539
08/22/2020,Rockland,11,14129,997,124536
08/23/2020,Rockland,10,14139,782,125318
08/24/2020,Rockland,10,14149,837,126155
08/25/2020,Rockland,12,14161,1016,127171
08/26/2020,Rockland,22,14183,963,128134
08/27/2020,Rockland,14,14197,1165,129299
08/28/2020,Rockland,21,14218,1251,130550
08/29/2020,Rockland,15,14233,1733,132283
08/30/2020,Rockland,22,14255,723,133006
08/31/2020,Rockland,16,14271,900,133906
09/01/2020,Rockland,34,14305,2290,136196
09/02/2020,Rockland,29,14334,1283,137479
09/03/2020,Rockland,24,14358,1148,138627
09/04/2020,Rockland,24,14382,1299,139926
09/05/2020,Rockland,14,14396,950,140876
09/06/2020,Rockland,22,14418,607,141483
09/07/2020,Rockland,21,14439,505,141988
09/08/2020,Rockland,20,14459,1253,143241
09/09/2020,Rockland,21,14480,1169,144410
09/10/2020,Rockland,30,14510,1434,145844
09/11/2020,Rockland,20,14530,1225,147069
09/12/2020,Rockland,17,14547,745,147814
09/13/2020,Rockland,34,14581,715,148529
09/14/2020,Rockland,36,14617,1571,150100
09/15/2020,Rockland,43,14660,1135,151235
09/16/2020,Rockland,38,14698,1256,152491
09/17/2020,Rockland,49,14747,1402,153893
09/18/2020,Rockland,54,14801,1453,155346
09/19/2020,Rockland,22,14823,946,156292
09/20/2020,Rockland,10,14833,654,156946
09/21/2020,Rockland,58,14891,1763,158709
09/22/2020,Rockland,63,14954,1341,160050
09/23/2020,Rockland,44,14998,1308,161358
09/24/2020,Rockland,47,15045,1070,162428
09/25/2020,Rockland,55,15100,1477,163905
09/26/2020,Rockland,67,15167,993,164898
09/27/2020,Rockland,110,15277,859,165757
09/28/2020,Rockland,65,15342,1811,167568
09/29/2020,Rockland,110,15452,1680,169248
09/30/2020,Rockland,184,15636,2143,171391
10/01/2020,Rockland,213,15849,2790,174181
10/02/2020,Rockland,124,15973,2078,176259
10/03/2020,Rockland,43,16016,1115,177374
10/04/2020,Rockland,55,16071,888,178262
10/05/2020,Rockland,119,16190,1633,179895
10/06/2020,Rockland,66,16256,1478,181373
10/07/2020,Rockland,198,16454,2760,184133
10/08/2020,Rockland,145,16599,2577,186710
10/09/2020,Rockland,91,16690,2330,189040
10/10/2020,Rockland,27,16717,1283,190323
10/11/2020,Rockland,43,16760,1046,191369
10/12/2020,Rockland,69,16829,3169,194538
10/13/2020,Rockland,62,16891,1552,196090
10/14/2020,Rockland,81,16972,2254,198344
10/15/2020,Rockland,91,17063,2005,200349
10/16/2020,Rockland,62,17125,2420,202769
10/17/2020,Rockland,46,17171,2138,204907
10/18/2020,Rockland,36,17207,1631,206538
10/19/2020,Rockland,62,17269,3034,209572
10/20/2020,Rockland,184,17453,3576,213148
10/21/2020,Rockland,71,17524,4181,217329
10/22/2020,Rockland,57,17581,2649,219978
10/23/2020,Rockland,54,17635,3304,223282
10/24/2020,Rockland,50,17685,1857,225139
10/25/2020,Rockland,75,17760,1344,226483
10/26/2020,Rockland,72,17832,2631,229114
10/27/2020,Rockland,111,17943,3399,232513
10/28/2020,Rockland,81,18024,2769,235282
10/29/2020,Rockland,86,18110,2878,238160
10/30/2020,Rockland,67,18177,2202,240362
10/31/2020,Rockland,88,18265,2331,242693
11/01/2020,Rockland,88,18353,1588,244281
11/02/2020,Rockland,113,18466,3596,247877
11/03/2020,Rockland,115,18581,3055,250932
11/04/2020,Rockland,102,18683,3091,254023
11/05/2020,Rockland,73,18756,3378,257401
11/06/2020,Rockland,98,18854,3773,261174
11/07/2020,Rockland,56,18910,1464,262638
11/08/2020,Rockland,85,18995,2084,264722
11/09/2020,Rockland,138,19133,3251,267973
11/10/2020,Rockland,144,19277,3903,271876
11/11/2020,Rockland,137,19414,4093,275969
11/12/2020,Rockland,153,19567,4310,280279
11/13/2020,Rockland,156,19723,4635,284914
11/14/2020,Rockland,120,19843,3911,288825
11/15/2020,Rockland,61,19904,1723,290548
11/16/2020,Rockland,140,20044,2800,293348
11/17/2020,Rockland,132,20176,2800,296148
11/18/2020,Rockland,87,20263,3039,299187
11/19/2020,Rockland,88,20351,3795,302982
11/20/2020,Rockland,160,20511,5044,308026
11/21/2020,Rockland,91,20602,2574,310600
11/22/2020,Rockland,106,20708,3197,313797
11/23/2020,Rockland,116,20824,3071,316868
11/24/2020,Rockland,118,20942,2812,319680
11/25/2020,Rockland,169,21111,3874,323554
11/26/2020,Rockland,147,21258,3778,327332
11/27/2020,Rockland,120,21378,2794,330126
11/28/2020,Rockland,124,21502,2651,332777
11/29/2020,Rockland,130,21632,2747,335524
11/30/2020,Rockland,213,21845,3483,339007
12/01/2020,Rockland,203,22048,3402,342409
12/02/2020,Rockland,173,22221,2998,345407
12/03/2020,Rockland,200,22421,3241,348648
12/04/2020,Rockland,212,22633,3798,352446
12/05/2020,Rockland,167,22800,3244,355690
12/06/2020,Rockland,97,22897,2248,357938
12/07/2020,Rockland,175,23072,2645,360583
12/08/2020,Rockland,236,23308,3600,364183
12/09/2020,Rockland,197,23505,3400,367583
12/10/2020,Rockland,175,23680,2874,370457
12/11/2020,Rockland,169,23849,3536,373993
12/12/2020,Rockland,142,23991,2764,376757
12/13/2020,Rockland,192,24183,2813,379570
12/14/2020,Rockland,151,24334,2168,381738
12/15/2020,Rockland,221,24555,3495,385233
12/16/2020,Rockland,232,24787,3446,388679
12/17/2020,Rockland,196,24983,3298,391977
12/18/2020,Rockland,141,25124,2522,394499
12/19/2020,Rockland,151,25275,3113,397612
12/20/2020,Rockland,138,25413,1895,399507
12/21/2020,Rockland,166,25579,2585,402092
12/22/2020,Rockland,260,25839,3419,405511
12/23/2020,Rockland,209,26048,3646,409157
12/24/2020,Rockland,243,26291,4156,413313
12/25/2020,Rockland,142,26433,2538,415851
12/26/2020,Rockland,137,26570,2518,418369
12/27/2020,Rockland,137,26707,1605,419974
12/28/2020,Rockland,219,26926,2558,422532
12/29/2020,Rockland,267,27193,3089,425621
12/30/2020,Rockland,317,27510,3847,429468
12/31/2020,Rockland,258,27768,3521,432989
01/01/2021,Rockland,243,28011,3058,436047
01/02/2021,Rockland,151,28162,2061,438108
01/03/2021,Rockland,173,28335,2084,440192
01/04/2021,Rockland,233,28568,2438,442630
01/05/2021,Rockland,293,28861,3223,445853
01/06/2021,Rockland,341,29202,4128,449981
01/07/2021,Rockland,242,29444,3248,453229
01/08/2021,Rockland,216,29660,3645,456874
01/09/2021,Rockland,167,29827,3131,460005
01/10/2021,Rockland,188,30015,2541,462546
01/11/2021,Rockland,258,30273,3652,466198
01/12/2021,Rockland,284,30557,3128,469326
01/13/2021,Rockland,213,30770,2868,472194
01/14/2021,Rockland,291,31061,4925,477119
01/15/2021,Rockland,285,31346,4071,481190
01/16/2021,Rockland,163,31509,3072,484262
01/17/2021,Rockland,159,31668,2382,486644
01/18/2021,Rockland,216,31884,2772,489416
01/19/2021,Rockland,253,32137,3403,492819
01/20/2021,Rockland,270,32407,3898,496717
01/21/2021,Rockland,253,32660,3873,500590
01/22/2021,Rockland,288,32948,4149,504739
01/23/2021,Rockland,176,33124,3487,508226
01/24/2021,Rockland,203,33327,3505,511731
01/25/2021,Rockland,205,33532,2608,514339
01/26/2021,Rockland,237,33769,3188,517527
01/27/2021,Rockland,226,33995,4508,522035
01/28/2021,Rockland,179,34174,3459,525494
01/29/2021,Rockland,291,34465,4226,529720
01/30/2021,Rockland,124,34589,2591,532311
01/31/2021,Rockland,115,34704,2057,534368
02/01/2021,Rockland,126,34830,2751,537119
02/02/2021,Rockland,120,34950,1772,538891
02/03/2021,Rockland,144,35094,2088,540979
02/04/2021,Rockland,158,35252,3065,544044
02/05/2021,Rockland,243,35495,3970,548014
02/06/2021,Rockland,133,35628,2867,550881
02/07/2021,Rockland,141,35769,2676,553557
02/08/2021,Rockland,158,35927,2235,555792
02/09/2021,Rockland,134,36061,2483,558275
02/10/2021,Rockland,186,36247,3488,561763
02/11/2021,Rockland,176,36423,3804,565567
02/12/2021,Rockland,167,36590,3175,568742
02/13/2021,Rockland,82,36672,2233,570975
02/14/2021,Rockland,105,36777,2364,573339
02/15/2021,Rockland,177,36954,2556,575895
02/16/2021,Rockland,134,37088,2746,578641
02/17/2021,Rockland,112,37200,2459,581100
02/18/2021,Rockland,120,37320,2183,583283
02/19/2021,Rockland,158,37478,3035,586318
02/20/2021,Rockland,101,37579,1775,588093
02/21/2021,Rockland,95,37674,1957,590050
02/22/2021,Rockland,159,37833,2146,592196
02/23/2021,Rockland,115,37948,2583,594779
02/24/2021,Rockland,190,38138,3731,598510
02/25/2021,Rockland,127,38265,3389,601899
02/26/2021,Rockland,151,38416,3190,605089
02/27/2021,Rockland,122,38538,2263,607352
02/28/2021,Rockland,90,38628,2172,609524
03/01/2021,Rockland,169,38797,2412,611936
03/02/2021,Rockland,158,38955,3950,615886
03/03/2021,Rockland,194,39149,3345,619231
03/04/2021,Rockland,175,39324,3850,623081
03/05/2021,Rockland,222,39546,3896,626977
03/06/2021,Rockland,127,39673,2413,629390
03/07/2021,Rockland,132,39805,1690,631080
03/08/2021,Rockland,205,40010,3035,634115
03/09/2021,Rockland,193,40203,2804,636919
03/10/2021,Rockland,204,40407,3309,640228
03/11/2021,Rockland,224,40631,3954,644182
03/12/2021,Rockland,127,40758,2784,646966
03/13/2021,Rockland,112,40870,2249,649215
03/14/2021,Rockland,118,40988,1453,650668
03/15/2021,Rockland,187,41175,2617,653285
03/16/2021,Rockland,184,41359,3398,656683
03/17/2021,Rockland,187,41546,3776,660459
03/18/2021,Rockland,183,41729,3735,664194
03/19/2021,Rockland,129,41858,2930,667124
03/20/2021,Rockland,132,41990,2583,669707
03/21/2021,Rockland,87,42077,1489,671196
03/22/2021,Rockland,173,42250,2557,673753
03/23/2021,Rockland,134,42384,2223,675976
03/24/2021,Rockland,172,42556,2750,678726
03/25/2021,Rockland,185,42741,4328,683054
03/26/2021,Rockland,191,42932,4510,687564
03/27/2021,Rockland,198,43130,3204,690768
03/28/2021,Rockland,107,43237,1825,692593
03/29/2021,Rockland,138,43375,1862,694455
03/30/2021,Rockland,210,43585,2839,697294
03/31/2021,Rockland,133,43718,2647,699941
04/01/2021,Rockland,168,43886,3098,703039
04/02/2021,Rockland,166,44052,3269,706308
04/03/2021,Rockland,98,44150,1931,708239
04/04/2021,Rockland,84,44234,1835,710074
04/05/2021,Rockland,150,44384,2259,712333
04/06/2021,Rockland,119,44503,4405,716738
04/07/2021,Rockland,139,44642,3016,719754
04/08/2021,Rockland,181,44823,3886,723640
04/09/2021,Rockland,129,44952,2809,726449
04/10/2021,Rockland,116,45068,2699,729148
04/11/2021,Rockland,80,45148,1618,730766
04/12/2021,Rockland,97,45245,2066,732832
04/13/2021,Rockland,100,45345,2967,735799
04/14/2021,Rockland,94,45439,3074,738873
04/15/2021,Rockland,88,45527,3446,742319
04/16/2021,Rockland,124,45651,3341,745660
04/17/2021,Rockland,49,45700,2622,748282
04/18/2021,Rockland,39,45739,1611,749893
04/19/2021,Rockland,56,45795,1550,751443
04/20/2021,Rockland,54,45849,2595,754038
04/21/2021,Rockland,73,45922,3462,757500
04/22/2021,Rockland,79,46001,3910,761410
04/23/2021,Rockland,48,46049,3520,764930
04/24/2021,Rockland,34,46083,2369,767299
04/25/2021,Rockland,30,46113,1497,768796
04/26/2021,Rockland,36,46149,1513,770309
04/27/2021,Rockland,32,46181,2931,773240
04/28/2021,Rockland,50,46231,2507,775747
04/29/2021,Rockland,37,46268,2426,778173
04/30/2021,Rockland,51,46319,2817,780990
05/01/2021,Rockland,28,46347,2058,783048
05/02/2021,Rockland,15,46362,1784,784832
05/03/2021,Rockland,26,46388,1066,785898
05/04/2021,Rockland,58,46446,2721,788619
05/05/2021,Rockland,37,46483,2858,791477
05/06/2021,Rockland,28,46511,2267,793744
05/07/2021,Rockland,21,46532,2925,796669
05/08/2021,Rockland,13,46545,1662,798331
05/09/2021,Rockland,8,46553,1043,799374
05/10/2021,Rockland,11,46564,1077,800451
05/11/2021,Rockland,22,46586,4163,804614
05/12/2021,Rockland,21,46607,3109,807723
05/13/2021,Rockland,19,46626,2138,809861
05/14/2021,Rockland,30,46656,3501,813362
05/15/2021,Rockland,17,46673,1957,815319
05/16/2021,Rockland,24,46697,1506,816825
05/17/2021,Rockland,7,46704,1612,818437
05/18/2021,Rockland,11,46715,1468,819905
05/19/2021,Rockland,16,46731,2157,822062
05/20/2021,Rockland,16,46747,2372,824434
05/21/2021,Rockland,21,46768,2076,826510
05/22/2021,Rockland,9,46777,1470,827980
05/23/2021,Rockland,5,46782,1029,829009
05/24/2021,Rockland,11,46793,1814,830823
05/25/2021,Rockland,16,46809,1797,832620
05/26/2021,Rockland,12,46821,1664,834284
05/27/2021,Rockland,8,46829,1893,836177
05/28/2021,Rockland,6,46835,1511,837688
05/29/2021,Rockland,9,46844,1107,838795
05/30/2021,Rockland,5,46849,1336,840131
05/31/2021,Rockland,8,46857,838,840969
06/01/2021,Rockland,7,46864,3771,844740
06/02/2021,Rockland,4,46868,1475,846215
06/03/2021,Rockland,14,46882,4252,850467
06/04/2021,Rockland,12,46894,2713,853180
06/05/2021,Rockland,10,46904,1799,854979
06/06/2021,Rockland,1,46905,1046,856025
06/07/2021,Rockland,4,46909,1631,857656
06/08/2021,Rockland,6,46915,1270,858926
06/09/2021,Rockland,5,46920,1916,860842
06/10/2021,Rockland,4,46924,1634,862476
06/11/2021,Rockland,6,46930,2627,865103
06/12/2021,Rockland,5,46935,2509,867612
06/13/2021,Rockland,1,46936,621,868233
06/14/2021,Rockland,8,46944,929,869162
06/15/2021,Rockland,4,46948,1629,870791
06/16/2021,Rockland,4,46952,1320,872111
06/17/2021,Rockland,6,46958,1766,873877
06/18/2021,Rockland,7,46965,1257,875134
06/19/2021,Rockland,4,46969,1214,876348
06/20/2021,Rockland,0,46969,858,877206
06/21/2021,Rockland,12,46981,1515,878721
06/22/2021,Rockland,5,46986,1397,880118
06/23/2021,Rockland,1,46987,1476,881594
06/24/2021,Rockland,8,46995,1206,882800
06/25/2021,Rockland,12,47007,1778,884578
06/26/2021,Rockland,4,47011,1062,885640
06/27/2021,Rockland,3,47014,779,886419
06/28/2021,Rockland,3,47017,941,887360
06/29/2021,Rockland,5,47022,1803,889163
06/30/2021,Rockland,5,47027,1015,890178
07/01/2021,Rockland,41,47068,952,891130
07/02/2021,Rockland,8,47076,1899,893029
07/03/2021,Rockland,5,47081,854,893883
07/04/2021,Rockland,5,47086,592,894475
07/05/2021,Rockland,7,47093,509,894984
07/06/2021,Rockland,12,47105,1908,896892
07/07/2021,Rockland,9,47114,1244,898136
07/08/2021,Rockland,17,47131,1027,899163
07/09/2021,Rockland,12,47143,1553,900716
07/10/2021,Rockland,8,47151,895,901611
07/11/2021,Rockland,5,47156,2129,903740
07/12/2021,Rockland,12,47168,956,904696
07/13/2021,Rockland,11,47179,2735,907431
07/14/2021,Rockland,11,47190,955,908386
07/15/2021,Rockland,13,47203,1053,909439
07/16/2021,Rockland,18,47221,2040,911479
07/17/2021,Rockland,6,47227,893,912372
07/18/2021,Rockland,9,47236,5245,917617
07/19/2021,Rockland,11,47247,1187,918804
07/20/2021,Rockland,11,47258,1812,920616
07/21/2021,Rockland,11,47269,1639,922255
07/22/2021,Rockland,19,47288,2552,924807
07/23/2021,Rockland,19,47307,1995,926802
07/24/2021,Rockland,19,47326,968,927770
07/25/2021,Rockland,19,47345,695,928465
07/26/2021,Rockland,41,47386,1345,929810
07/27/2021,Rockland,23,47409,2580,932390
07/28/2021,Rockland,25,47434,1552,933942
07/29/2021,Rockland,31,47465,1724,935666
07/30/2021,Rockland,44,47509,3077,938743
07/31/2021,Rockland,26,47535,1168,939911
08/01/2021,Rockland,18,47553,982,940893
08/02/2021,Rockland,43,47596,2030,942923
08/03/2021,Rockland,52,47648,2121,945044
08/04/2021,Rockland,73,47721,1917,946961
08/05/2021,Rockland,88,47809,3802,950763
08/06/2021,Rockland,60,47869,2388,953151
08/07/2021,Rockland,45,47914,1411,954562
08/08/2021,Rockland,60,47974,1683,956245
08/09/2021,Rockland,56,48030,2360,958605
08/10/2021,Rockland,71,48101,5894,964499
08/11/2021,Rockland,87,48188,3845,968344
08/12/2021,Rockland,59,48247,2375,970719
08/13/2021,Rockland,55,48302,2518,973237
08/14/2021,Rockland,53,48355,1710,974947
08/15/2021,Rockland,30,48385,2204,977151
08/16/2021,Rockland,67,48452,1920,979071
08/17/2021,Rockland,45,48497,2831,981902
08/18/2021,Rockland,72,48569,2596,984498
08/19/2021,Rockland,44,48613,2134,986632
08/20/2021,Rockland,60,48673,3588,990220
08/21/2021,Rockland,61,48734,2461,992681
08/22/2021,Rockland,33,48767,1204,993885
08/23/2021,Rockland,41,48808,1548,995433
08/24/2021,Rockland,87,48895,2929,998362
08/25/2021,Rockland,48,48943,1970,1000332
08/26/2021,Rockland,77,49020,2423,1002755
08/27/2021,Rockland,70,49090,3358,1006113
08/28/2021,Rockland,48,49138,2068,1008181
08/29/2021,Rockland,31,49169,1222,1009403
08/30/2021,Rockland,50,49219,1365,1010768
08/31/2021,Rockland,57,49276,2908,1013676
09/01/2021,Rockland,93,49369,2677,1016353
09/02/2021,Rockland,60,49429,2192,1018545
09/03/2021,Rockland,74,49503,1867,1020412
09/04/2021,Rockland,67,49570,1918,1022330
09/05/2021,Rockland,27,49597,1213,1023543
09/06/2021,Rockland,82,49679,2354,1025897
09/07/2021,Rockland,56,49735,1243,1027140
09/08/2021,Rockland,45,49780,1612,1028752
09/09/2021,Rockland,43,49823,1800,1030552
09/10/2021,Rockland,71,49894,3152,1033704
09/11/2021,Rockland,121,50015,2920,1036624
09/12/2021,Rockland,47,50062,2232,1038856
09/13/2021,Rockland,71,50133,1541,1040397
09/14/2021,Rockland,128,50261,2420,1042817
09/15/2021,Rockland,99,50360,2174,1044991
09/16/2021,Rockland,81,50441,2415,1047406
09/17/2021,Rockland,56,50497,2469,1049875
09/18/2021,Rockland,103,50600,9177,1059052
09/19/2021,Rockland,116,50716,2851,1061903
09/20/2021,Rockland,102,50818,1984,1063887
09/21/2021,Rockland,75,50893,2211,1066098
09/22/2021,Rockland,50,50943,1837,1067935
09/23/2021,Rockland,53,50996,2257,1070192
09/24/2021,Rockland,94,51090,2328,1072520
09/25/2021,Rockland,61,51151,2537,1075057
09/26/2021,Rockland,120,51271,2562,1077619
09/27/2021,Rockland,71,51342,1734,1079353
09/28/2021,Rockland,78,51420,2167,1081520
09/29/2021,Rockland,44,51464,5050,1086570
09/30/2021,Rockland,96,51560,5687,1092257
10/01/2021,Rockland,86,51646,4068,1096325
10/02/2021,Rockland,83,51729,2692,1099017
10/03/2021,Rockland,51,51780,1777,1100794
10/04/2021,Rockland,103,51883,2818,1103612
10/05/2021,Rockland,91,51974,2470,1106082
10/06/2021,Rockland,127,52101,3592,1109674
10/07/2021,Rockland,84,52185,2491,1112165
10/08/2021,Rockland,85,52270,2759,1114924
10/09/2021,Rockland,42,52312,1365,1116289
10/10/2021,Rockland,100,52412,2969,1119258
10/11/2021,Rockland,54,52466,1484,1120742
10/12/2021,Rockland,92,52558,3385,1124127
10/13/2021,Rockland,77,52635,8398,1132525
10/14/2021,Rockland,76,52711,6012,1138537
10/15/2021,Rockland,89,52800,2958,1141495
10/16/2021,Rockland,59,52859,5040,1146535
10/17/2021,Rockland,59,52918,1980,1148515
10/18/2021,Rockland,61,52979,2181,1150696
10/19/2021,Rockland,68,53047,2305,1153001
10/20/2021,Rockland,65,53112,2987,1155988
10/21/2021,Rockland,66,53178,2926,1158914
10/22/2021,Rockland,55,53233,2609,1161523
10/23/2021,Rockland,45,53278,1957,1163480
03/01/2020,Saratoga,0,0,0,0
03/02/2020,Saratoga,0,0,0,0
03/03/2020,Saratoga,0,0,0,0
03/04/2020,Saratoga,0,0,0,0
03/05/2020,Saratoga,0,0,0,0
03/06/2020,Saratoga,0,0,0,0
03/07/2020,Saratoga,0,0,1,1
03/08/2020,Saratoga,0,0,0,1
03/09/2020,Saratoga,2,2,9,10
03/10/2020,Saratoga,0,2,2,12
03/11/2020,Saratoga,1,3,31,43
03/12/2020,Saratoga,0,3,32,75
03/13/2020,Saratoga,0,3,41,116
03/14/2020,Saratoga,0,3,45,161
03/15/2020,Saratoga,2,5,66,227
03/16/2020,Saratoga,4,9,55,282
03/17/2020,Saratoga,5,14,76,358
03/18/2020,Saratoga,4,18,156,514
03/19/2020,Saratoga,6,24,102,616
03/20/2020,Saratoga,11,35,279,895
03/21/2020,Saratoga,6,41,143,1038
03/22/2020,Saratoga,12,53,164,1202
03/23/2020,Saratoga,7,60,76,1278
03/24/2020,Saratoga,4,64,69,1347
03/25/2020,Saratoga,9,73,55,1402
03/26/2020,Saratoga,9,82,69,1471
03/27/2020,Saratoga,14,96,82,1553
03/28/2020,Saratoga,6,102,51,1604
03/29/2020,Saratoga,3,105,15,1619
03/30/2020,Saratoga,3,108,23,1642
03/31/2020,Saratoga,14,122,78,1720
04/01/2020,Saratoga,10,132,69,1789
04/02/2020,Saratoga,9,141,53,1842
04/03/2020,Saratoga,0,141,57,1899
04/04/2020,Saratoga,7,148,110,2009
04/05/2020,Saratoga,5,153,34,2043
04/06/2020,Saratoga,2,155,40,2083
04/07/2020,Saratoga,7,162,73,2156
04/08/2020,Saratoga,10,172,113,2269
04/09/2020,Saratoga,10,182,154,2423
04/10/2020,Saratoga,5,187,68,2491
04/11/2020,Saratoga,9,196,88,2579
04/12/2020,Saratoga,5,201,61,2640
04/13/2020,Saratoga,23,224,193,2833
04/14/2020,Saratoga,3,227,71,2904
04/15/2020,Saratoga,4,231,92,2996
04/16/2020,Saratoga,5,236,77,3073
04/17/2020,Saratoga,8,244,98,3171
04/18/2020,Saratoga,7,251,105,3276
04/19/2020,Saratoga,3,254,32,3308
04/20/2020,Saratoga,3,257,42,3350
04/21/2020,Saratoga,7,264,101,3451
04/22/2020,Saratoga,1,265,52,3503
04/23/2020,Saratoga,13,278,127,3630
04/24/2020,Saratoga,42,320,642,4272
04/25/2020,Saratoga,10,330,217,4489
04/26/2020,Saratoga,6,336,114,4603
04/27/2020,Saratoga,7,343,116,4719
04/28/2020,Saratoga,3,346,125,4844
04/29/2020,Saratoga,8,354,195,5039
04/30/2020,Saratoga,4,358,171,5210
05/01/2020,Saratoga,3,361,173,5383
05/02/2020,Saratoga,2,363,203,5586
05/03/2020,Saratoga,4,367,103,5689
05/04/2020,Saratoga,1,368,115,5804
05/05/2020,Saratoga,3,371,173,5977
05/06/2020,Saratoga,3,374,157,6134
05/07/2020,Saratoga,14,388,174,6308
05/08/2020,Saratoga,11,399,179,6487
05/09/2020,Saratoga,3,402,183,6670
05/10/2020,Saratoga,1,403,170,6840
05/11/2020,Saratoga,4,407,154,6994
05/12/2020,Saratoga,3,410,196,7190
05/13/2020,Saratoga,5,415,280,7470
05/14/2020,Saratoga,6,421,266,7736
05/15/2020,Saratoga,2,423,358,8094
05/16/2020,Saratoga,5,428,560,8654
05/17/2020,Saratoga,6,434,242,8896
05/18/2020,Saratoga,2,436,139,9035
05/19/2020,Saratoga,2,438,267,9302
05/20/2020,Saratoga,2,440,458,9760
05/21/2020,Saratoga,8,448,351,10111
05/22/2020,Saratoga,4,452,254,10365
05/23/2020,Saratoga,4,456,316,10681
05/24/2020,Saratoga,5,461,185,10866
05/25/2020,Saratoga,2,463,312,11178
05/26/2020,Saratoga,2,465,285,11463
05/27/2020,Saratoga,3,468,292,11755
05/28/2020,Saratoga,5,473,511,12266
05/29/2020,Saratoga,4,477,518,12784
05/30/2020,Saratoga,3,480,399,13183
05/31/2020,Saratoga,3,483,487,13670
06/01/2020,Saratoga,1,484,317,13987
06/02/2020,Saratoga,5,489,609,14596
06/03/2020,Saratoga,4,493,741,15337
06/04/2020,Saratoga,3,496,574,15911
06/05/2020,Saratoga,5,501,610,16521
06/06/2020,Saratoga,1,502,520,17041
06/07/2020,Saratoga,2,504,654,17695
06/08/2020,Saratoga,7,511,396,18091
06/09/2020,Saratoga,0,511,495,18586
06/10/2020,Saratoga,2,513,577,19163
06/11/2020,Saratoga,1,514,693,19856
06/12/2020,Saratoga,0,514,357,20213
06/13/2020,Saratoga,1,515,437,20650
06/14/2020,Saratoga,2,517,568,21218
06/15/2020,Saratoga,5,522,425,21643
06/16/2020,Saratoga,1,523,435,22078
06/17/2020,Saratoga,3,526,488,22566
06/18/2020,Saratoga,2,528,546,23112
06/19/2020,Saratoga,3,531,561,23673
06/20/2020,Saratoga,2,533,492,24165
06/21/2020,Saratoga,2,535,543,24708
06/22/2020,Saratoga,3,538,273,24981
06/23/2020,Saratoga,0,538,470,25451
06/24/2020,Saratoga,2,540,389,25840
06/25/2020,Saratoga,0,540,564,26404
06/26/2020,Saratoga,6,546,589,26993
06/27/2020,Saratoga,2,548,517,27510
06/28/2020,Saratoga,1,549,531,28041
06/29/2020,Saratoga,0,549,283,28324
06/30/2020,Saratoga,1,550,246,28570
07/01/2020,Saratoga,5,555,444,29014
07/02/2020,Saratoga,6,561,512,29526
07/03/2020,Saratoga,1,562,518,30044
07/04/2020,Saratoga,4,566,516,30560
07/05/2020,Saratoga,6,572,431,30991
07/06/2020,Saratoga,6,578,267,31258
07/07/2020,Saratoga,4,582,539,31797
07/08/2020,Saratoga,3,585,555,32352
07/09/2020,Saratoga,2,587,419,32771
07/10/2020,Saratoga,8,595,524,33295
07/11/2020,Saratoga,7,602,506,33801
07/12/2020,Saratoga,8,610,480,34281
07/13/2020,Saratoga,6,616,577,34858
07/14/2020,Saratoga,7,623,531,35389
07/15/2020,Saratoga,1,624,483,35872
07/16/2020,Saratoga,6,630,494,36366
07/17/2020,Saratoga,5,635,893,37259
07/18/2020,Saratoga,2,637,479,37738
07/19/2020,Saratoga,2,639,412,38150
07/20/2020,Saratoga,7,646,782,38932
07/21/2020,Saratoga,4,650,556,39488
07/22/2020,Saratoga,13,663,890,40378
07/23/2020,Saratoga,2,665,546,40924
07/24/2020,Saratoga,14,679,889,41813
07/25/2020,Saratoga,6,685,795,42608
07/26/2020,Saratoga,3,688,521,43129
07/27/2020,Saratoga,3,691,639,43768
07/28/2020,Saratoga,10,701,462,44230
07/29/2020,Saratoga,8,709,537,44767
07/30/2020,Saratoga,6,715,540,45307
07/31/2020,Saratoga,11,726,1028,46335
08/01/2020,Saratoga,6,732,603,46938
08/02/2020,Saratoga,1,733,426,47364
08/03/2020,Saratoga,6,739,841,48205
08/04/2020,Saratoga,5,744,681,48886
08/05/2020,Saratoga,3,747,576,49462
08/06/2020,Saratoga,5,752,826,50288
08/07/2020,Saratoga,3,755,506,50794
08/08/2020,Saratoga,2,757,685,51479
08/09/2020,Saratoga,3,760,451,51930
08/10/2020,Saratoga,7,767,749,52679
08/11/2020,Saratoga,1,768,601,53280
08/12/2020,Saratoga,6,774,831,54111
08/13/2020,Saratoga,8,782,728,54839
08/14/2020,Saratoga,1,783,789,55628
08/15/2020,Saratoga,9,792,720,56348
08/16/2020,Saratoga,3,795,498,56846
08/17/2020,Saratoga,5,800,934,57780
08/18/2020,Saratoga,0,800,1088,58868
08/19/2020,Saratoga,2,802,1221,60089
08/20/2020,Saratoga,6,808,1254,61343
08/21/2020,Saratoga,5,813,1228,62571
08/22/2020,Saratoga,2,815,981,63552
08/23/2020,Saratoga,1,816,438,63990
08/24/2020,Saratoga,8,824,679,64669
08/25/2020,Saratoga,0,824,1137,65806
08/26/2020,Saratoga,5,829,1175,66981
08/27/2020,Saratoga,3,832,661,67642
08/28/2020,Saratoga,0,832,1292,68934
08/29/2020,Saratoga,10,842,1102,70036
08/30/2020,Saratoga,2,844,800,70836
08/31/2020,Saratoga,2,846,379,71215
09/01/2020,Saratoga,6,852,1239,72454
09/02/2020,Saratoga,11,863,1102,73556
09/03/2020,Saratoga,5,868,1151,74707
09/04/2020,Saratoga,9,877,1075,75782
09/05/2020,Saratoga,12,889,1108,76890
09/06/2020,Saratoga,4,893,420,77310
09/07/2020,Saratoga,7,900,470,77780
09/08/2020,Saratoga,11,911,910,78690
09/09/2020,Saratoga,7,918,376,79066
09/10/2020,Saratoga,25,943,1731,80797
09/11/2020,Saratoga,12,955,1702,82499
09/12/2020,Saratoga,6,961,958,83457
09/13/2020,Saratoga,3,964,642,84099
09/14/2020,Saratoga,1,965,471,84570
09/15/2020,Saratoga,5,970,1298,85868
09/16/2020,Saratoga,6,976,1190,87058
09/17/2020,Saratoga,9,985,1305,88363
09/18/2020,Saratoga,5,990,1188,89551
09/19/2020,Saratoga,8,998,1375,90926
09/20/2020,Saratoga,6,1004,511,91437
09/21/2020,Saratoga,2,1006,728,92165
09/22/2020,Saratoga,8,1014,690,92855
09/23/2020,Saratoga,3,1017,1849,94704
09/24/2020,Saratoga,14,1031,1044,95748
09/25/2020,Saratoga,5,1036,1322,97070
09/26/2020,Saratoga,8,1044,1862,98932
09/27/2020,Saratoga,8,1052,650,99582
09/28/2020,Saratoga,8,1060,643,100225
09/29/2020,Saratoga,6,1066,1286,101511
09/30/2020,Saratoga,7,1073,1305,102816
10/01/2020,Saratoga,10,1083,1421,104237
10/02/2020,Saratoga,7,1090,1172,105409
10/03/2020,Saratoga,5,1095,1666,107075
10/04/2020,Saratoga,5,1100,1001,108076
10/05/2020,Saratoga,3,1103,1206,109282
10/06/2020,Saratoga,8,1111,1036,110318
10/07/2020,Saratoga,11,1122,1426,111744
10/08/2020,Saratoga,17,1139,1587,113331
10/09/2020,Saratoga,2,1141,1133,114464
10/10/2020,Saratoga,8,1149,1012,115476
10/11/2020,Saratoga,9,1158,1961,117437
10/12/2020,Saratoga,10,1168,1397,118834
10/13/2020,Saratoga,6,1174,745,119579
10/14/2020,Saratoga,8,1182,1150,120729
10/15/2020,Saratoga,8,1190,991,121720
10/16/2020,Saratoga,12,1202,1463,123183
10/17/2020,Saratoga,5,1207,1762,124945
10/18/2020,Saratoga,6,1213,1148,126093
10/19/2020,Saratoga,6,1219,1462,127555
10/20/2020,Saratoga,10,1229,1103,128658
10/21/2020,Saratoga,15,1244,1060,129718
10/22/2020,Saratoga,21,1265,1125,130843
10/23/2020,Saratoga,30,1295,1240,132083
10/24/2020,Saratoga,13,1308,1772,133855
10/25/2020,Saratoga,11,1319,1278,135133
10/26/2020,Saratoga,15,1334,1577,136710
10/27/2020,Saratoga,11,1345,1168,137878
10/28/2020,Saratoga,20,1365,1314,139192
10/29/2020,Saratoga,18,1383,1073,140265
10/30/2020,Saratoga,22,1405,1349,141614
10/31/2020,Saratoga,18,1423,2115,143729
11/01/2020,Saratoga,15,1438,1029,144758
11/02/2020,Saratoga,10,1448,1765,146523
11/03/2020,Saratoga,10,1458,1375,147898
11/04/2020,Saratoga,24,1482,1362,149260
11/05/2020,Saratoga,21,1503,1255,150515
11/06/2020,Saratoga,17,1520,976,151491
11/07/2020,Saratoga,21,1541,2204,153695
11/08/2020,Saratoga,12,1553,1032,154727
11/09/2020,Saratoga,14,1567,1463,156190
11/10/2020,Saratoga,16,1583,1390,157580
11/11/2020,Saratoga,28,1611,1495,159075
11/12/2020,Saratoga,31,1642,1258,160333
11/13/2020,Saratoga,24,1666,1065,161398
11/14/2020,Saratoga,14,1680,729,162127
11/15/2020,Saratoga,14,1694,748,162875
11/16/2020,Saratoga,47,1741,2624,165499
11/17/2020,Saratoga,28,1769,976,166475
11/18/2020,Saratoga,35,1804,1949,168424
11/19/2020,Saratoga,38,1842,1378,169802
11/20/2020,Saratoga,33,1875,2778,172580
11/21/2020,Saratoga,29,1904,1086,173666
11/22/2020,Saratoga,65,1969,2399,176065
11/23/2020,Saratoga,37,2006,1375,177440
11/24/2020,Saratoga,39,2045,1317,178757
11/25/2020,Saratoga,44,2089,1272,180029
11/26/2020,Saratoga,62,2151,1671,181700
11/27/2020,Saratoga,29,2180,1034,182734
11/28/2020,Saratoga,65,2245,1514,184248
11/29/2020,Saratoga,48,2293,1452,185700
11/30/2020,Saratoga,77,2370,1589,187289
12/01/2020,Saratoga,43,2413,1046,188335
12/02/2020,Saratoga,75,2488,1771,190106
12/03/2020,Saratoga,93,2581,2034,192140
12/04/2020,Saratoga,91,2672,1714,193854
12/05/2020,Saratoga,62,2734,1468,195322
12/06/2020,Saratoga,53,2787,1122,196444
12/07/2020,Saratoga,101,2888,1646,198090
12/08/2020,Saratoga,77,2965,1285,199375
12/09/2020,Saratoga,100,3065,2053,201428
12/10/2020,Saratoga,118,3183,1895,203323
12/11/2020,Saratoga,115,3298,1875,205198
12/12/2020,Saratoga,68,3366,1533,206731
12/13/2020,Saratoga,111,3477,1665,208396
12/14/2020,Saratoga,122,3599,1358,209754
12/15/2020,Saratoga,117,3716,1087,210841
12/16/2020,Saratoga,93,3809,1838,212679
12/17/2020,Saratoga,99,3908,1861,214540
12/18/2020,Saratoga,100,4008,1227,215767
12/19/2020,Saratoga,88,4096,1345,217112
12/20/2020,Saratoga,83,4179,1385,218497
12/21/2020,Saratoga,137,4316,1342,219839
12/22/2020,Saratoga,98,4414,1292,221131
12/23/2020,Saratoga,194,4608,2022,223153
12/24/2020,Saratoga,133,4741,1807,224960
12/25/2020,Saratoga,127,4868,1764,226724
12/26/2020,Saratoga,125,4993,1458,228182
12/27/2020,Saratoga,137,5130,924,229106
12/28/2020,Saratoga,138,5268,1351,230457
12/29/2020,Saratoga,145,5413,989,231446
12/30/2020,Saratoga,175,5588,2111,233557
12/31/2020,Saratoga,208,5796,2115,235672
01/01/2021,Saratoga,264,6060,2085,237757
01/02/2021,Saratoga,183,6243,1832,239589
01/03/2021,Saratoga,117,6360,920,240509
01/04/2021,Saratoga,183,6543,1521,242030
01/05/2021,Saratoga,210,6753,2055,244085
01/06/2021,Saratoga,274,7027,2716,246801
01/07/2021,Saratoga,276,7303,2545,249346
01/08/2021,Saratoga,208,7511,2527,251873
01/09/2021,Saratoga,242,7753,2316,254189
01/10/2021,Saratoga,207,7960,2047,256236
01/11/2021,Saratoga,164,8124,1690,257926
01/12/2021,Saratoga,102,8226,1176,259102
01/13/2021,Saratoga,221,8447,2541,261643
01/14/2021,Saratoga,206,8653,2960,264603
01/15/2021,Saratoga,186,8839,2445,267048
01/16/2021,Saratoga,145,8984,2094,269142
01/17/2021,Saratoga,156,9140,1729,270871
01/18/2021,Saratoga,127,9267,1444,272315
01/19/2021,Saratoga,108,9375,1232,273547
01/20/2021,Saratoga,152,9527,2606,276153
01/21/2021,Saratoga,162,9689,2205,278358
01/22/2021,Saratoga,153,9842,2219,280577
01/23/2021,Saratoga,109,9951,2073,282650
01/24/2021,Saratoga,69,10020,1328,283978
01/25/2021,Saratoga,89,10109,1643,285621
01/26/2021,Saratoga,89,10198,1370,286991
01/27/2021,Saratoga,106,10304,2063,289054
01/28/2021,Saratoga,86,10390,3015,292069
01/29/2021,Saratoga,85,10475,1891,293960
01/30/2021,Saratoga,73,10548,1848,295808
01/31/2021,Saratoga,56,10604,1564,297372
02/01/2021,Saratoga,53,10657,1643,299015
02/02/2021,Saratoga,61,10718,866,299881
02/03/2021,Saratoga,77,10795,3171,303052
02/04/2021,Saratoga,74,10869,1711,304763
02/05/2021,Saratoga,73,10942,2710,307473
02/06/2021,Saratoga,75,11017,3083,310556
02/07/2021,Saratoga,50,11067,2351,312907
02/08/2021,Saratoga,42,11109,1307,314214
02/09/2021,Saratoga,59,11168,1274,315488
02/10/2021,Saratoga,44,11212,2468,317956
02/11/2021,Saratoga,44,11256,2558,320514
02/12/2021,Saratoga,48,11304,2194,322708
02/13/2021,Saratoga,45,11349,2076,324784
02/14/2021,Saratoga,30,11379,2416,327200
02/15/2021,Saratoga,36,11415,1023,328223
02/16/2021,Saratoga,26,11441,1237,329460
02/17/2021,Saratoga,43,11484,1661,331121
02/18/2021,Saratoga,33,11517,1739,332860
02/19/2021,Saratoga,43,11560,1475,334335
02/20/2021,Saratoga,44,11604,2488,336823
02/21/2021,Saratoga,38,11642,870,337693
02/22/2021,Saratoga,45,11687,1122,338815
02/23/2021,Saratoga,36,11723,1267,340082
02/24/2021,Saratoga,73,11796,2476,342558
02/25/2021,Saratoga,48,11844,1933,344491
02/26/2021,Saratoga,45,11889,2329,346820
02/27/2021,Saratoga,50,11939,2154,348974
02/28/2021,Saratoga,31,11970,1974,350948
03/01/2021,Saratoga,32,12002,794,351742
03/02/2021,Saratoga,50,12052,1469,353211
03/03/2021,Saratoga,43,12095,2542,355753
03/04/2021,Saratoga,51,12146,2003,357756
03/05/2021,Saratoga,44,12190,2356,360112
03/06/2021,Saratoga,55,12245,2128,362240
03/07/2021,Saratoga,29,12274,1680,363920
03/08/2021,Saratoga,31,12305,818,364738
03/09/2021,Saratoga,33,12338,1118,365856
03/10/2021,Saratoga,33,12371,2332,368188
03/11/2021,Saratoga,53,12424,2189,370377
03/12/2021,Saratoga,41,12465,2215,372592
03/13/2021,Saratoga,38,12503,2156,374748
03/14/2021,Saratoga,40,12543,1079,375827
03/15/2021,Saratoga,34,12577,1047,376874
03/16/2021,Saratoga,34,12611,1047,377921
03/17/2021,Saratoga,53,12664,2174,380095
03/18/2021,Saratoga,50,12714,2449,382544
03/19/2021,Saratoga,60,12774,2193,384737
03/20/2021,Saratoga,60,12834,2259,386996
03/21/2021,Saratoga,36,12870,1138,388134
03/22/2021,Saratoga,54,12924,974,389108
03/23/2021,Saratoga,49,12973,1800,390908
03/24/2021,Saratoga,61,13034,2196,393104
03/25/2021,Saratoga,67,13101,2413,395517
03/26/2021,Saratoga,61,13162,1978,397495
03/27/2021,Saratoga,55,13217,2578,400073
03/28/2021,Saratoga,58,13275,1413,401486
03/29/2021,Saratoga,63,13338,1291,402777
03/30/2021,Saratoga,51,13389,1542,404319
03/31/2021,Saratoga,60,13449,2481,406800
04/01/2021,Saratoga,84,13533,2724,409524
04/02/2021,Saratoga,66,13599,1633,411157
04/03/2021,Saratoga,69,13668,2682,413839
04/04/2021,Saratoga,45,13713,1134,414973
04/05/2021,Saratoga,39,13752,815,415788
04/06/2021,Saratoga,74,13826,1769,417557
04/07/2021,Saratoga,49,13875,1809,419366
04/08/2021,Saratoga,69,13944,2618,421984
04/09/2021,Saratoga,100,14044,1948,423932
04/10/2021,Saratoga,33,14077,2442,426374
04/11/2021,Saratoga,45,14122,846,427220
04/12/2021,Saratoga,45,14167,1029,428249
04/13/2021,Saratoga,55,14222,1590,429839
04/14/2021,Saratoga,70,14292,2372,432211
04/15/2021,Saratoga,31,14323,1624,433835
04/16/2021,Saratoga,57,14380,2131,435966
04/17/2021,Saratoga,38,14418,2894,438860
04/18/2021,Saratoga,36,14454,1154,440014
04/19/2021,Saratoga,23,14477,1083,441097
04/20/2021,Saratoga,40,14517,1583,442680
04/21/2021,Saratoga,33,14550,1916,444596
04/22/2021,Saratoga,35,14585,1931,446527
04/23/2021,Saratoga,26,14611,1869,448396
04/24/2021,Saratoga,24,14635,2234,450630
04/25/2021,Saratoga,22,14657,933,451563
04/26/2021,Saratoga,23,14680,872,452435
04/27/2021,Saratoga,24,14704,947,453382
04/28/2021,Saratoga,31,14735,2042,455424
04/29/2021,Saratoga,25,14760,2386,457810
04/30/2021,Saratoga,29,14789,2512,460322
05/01/2021,Saratoga,17,14806,2278,462600
05/02/2021,Saratoga,27,14833,1070,463670
05/03/2021,Saratoga,30,14863,643,464313
05/04/2021,Saratoga,24,14887,903,465216
05/05/2021,Saratoga,16,14903,1937,467153
05/06/2021,Saratoga,21,14924,1810,468963
05/07/2021,Saratoga,24,14948,2235,471198
05/08/2021,Saratoga,28,14976,1732,472930
05/09/2021,Saratoga,18,14994,1035,473965
05/10/2021,Saratoga,20,15014,598,474563
05/11/2021,Saratoga,41,15055,1322,475885
05/12/2021,Saratoga,16,15071,1879,477764
05/13/2021,Saratoga,19,15090,1912,479676
05/14/2021,Saratoga,23,15113,2074,481750
05/15/2021,Saratoga,10,15123,1113,482863
05/16/2021,Saratoga,13,15136,728,483591
05/17/2021,Saratoga,11,15147,925,484516
05/18/2021,Saratoga,18,15165,1489,486005
05/19/2021,Saratoga,22,15187,1303,487308
05/20/2021,Saratoga,18,15205,1497,488805
05/21/2021,Saratoga,8,15213,1450,490255
05/22/2021,Saratoga,13,15226,1170,491425
05/23/2021,Saratoga,16,15242,856,492281
05/24/2021,Saratoga,8,15250,483,492764
05/25/2021,Saratoga,13,15263,762,493526
05/26/2021,Saratoga,8,15271,1221,494747
05/27/2021,Saratoga,9,15280,1154,495901
05/28/2021,Saratoga,11,15291,1004,496905
05/29/2021,Saratoga,4,15295,863,497768
05/30/2021,Saratoga,7,15302,504,498272
05/31/2021,Saratoga,4,15306,307,498579
06/01/2021,Saratoga,6,15312,459,499038
06/02/2021,Saratoga,6,15318,865,499903
06/03/2021,Saratoga,6,15324,1349,501252
06/04/2021,Saratoga,6,15330,1305,502557
06/05/2021,Saratoga,7,15337,992,503549
06/06/2021,Saratoga,5,15342,578,504127
06/07/2021,Saratoga,5,15347,648,504775
06/08/2021,Saratoga,2,15349,611,505386
06/09/2021,Saratoga,1,15350,1219,506605
06/10/2021,Saratoga,2,15352,890,507495
06/11/2021,Saratoga,5,15357,914,508409
06/12/2021,Saratoga,2,15359,804,509213
06/13/2021,Saratoga,3,15362,380,509593
06/14/2021,Saratoga,2,15364,368,509961
06/15/2021,Saratoga,3,15367,398,510359
06/16/2021,Saratoga,9,15376,922,511281
06/17/2021,Saratoga,3,15379,637,511918
06/18/2021,Saratoga,10,15389,1024,512942
06/19/2021,Saratoga,2,15391,563,513505
06/20/2021,Saratoga,2,15393,404,513909
06/21/2021,Saratoga,3,15396,307,514216
06/22/2021,Saratoga,2,15398,401,514617
06/23/2021,Saratoga,1,15399,612,515229
06/24/2021,Saratoga,1,15400,457,515686
06/25/2021,Saratoga,1,15401,514,516200
06/26/2021,Saratoga,2,15403,737,516937
06/27/2021,Saratoga,1,15404,411,517348
06/28/2021,Saratoga,5,15409,258,517606
06/29/2021,Saratoga,3,15412,323,517929
06/30/2021,Saratoga,2,15414,448,518377
07/01/2021,Saratoga,1,15415,477,518854
07/02/2021,Saratoga,0,15415,366,519220
07/03/2021,Saratoga,2,15417,467,519687
07/04/2021,Saratoga,0,15417,307,519994
07/05/2021,Saratoga,1,15418,245,520239
07/06/2021,Saratoga,2,15420,242,520481
07/07/2021,Saratoga,3,15423,339,520820
07/08/2021,Saratoga,3,15426,438,521258
07/09/2021,Saratoga,3,15429,454,521712
07/10/2021,Saratoga,3,15432,344,522056
07/11/2021,Saratoga,1,15433,385,522441
07/12/2021,Saratoga,7,15440,286,522727
07/13/2021,Saratoga,7,15447,418,523145
07/14/2021,Saratoga,8,15455,512,523657
07/15/2021,Saratoga,4,15459,395,524052
07/16/2021,Saratoga,9,15468,398,524450
07/17/2021,Saratoga,10,15478,473,524923
07/18/2021,Saratoga,9,15487,298,525221
07/19/2021,Saratoga,11,15498,340,525561
07/20/2021,Saratoga,13,15511,453,526014
07/21/2021,Saratoga,13,15524,577,526591
07/22/2021,Saratoga,19,15543,533,527124
07/23/2021,Saratoga,20,15563,491,527615
07/24/2021,Saratoga,23,15586,640,528255
07/25/2021,Saratoga,10,15596,302,528557
07/26/2021,Saratoga,25,15621,371,528928
07/27/2021,Saratoga,30,15651,626,529554
07/28/2021,Saratoga,40,15691,706,530260
07/29/2021,Saratoga,38,15729,1006,531266
07/30/2021,Saratoga,38,15767,911,532177
07/31/2021,Saratoga,19,15786,626,532803
08/01/2021,Saratoga,24,15810,536,533339
08/02/2021,Saratoga,32,15842,536,533875
08/03/2021,Saratoga,38,15880,1009,534884
08/04/2021,Saratoga,51,15931,922,535806
08/05/2021,Saratoga,35,15966,992,536798
08/06/2021,Saratoga,58,16024,1275,538073
08/07/2021,Saratoga,42,16066,792,538865
08/08/2021,Saratoga,34,16100,785,539650
08/09/2021,Saratoga,37,16137,640,540290
08/10/2021,Saratoga,42,16179,1371,541661
08/11/2021,Saratoga,39,16218,1079,542740
08/12/2021,Saratoga,94,16312,1452,544192
08/13/2021,Saratoga,47,16359,1200,545392
08/14/2021,Saratoga,49,16408,1097,546489
08/15/2021,Saratoga,29,16437,758,547247
08/16/2021,Saratoga,34,16471,774,548021
08/17/2021,Saratoga,45,16516,1332,549353
08/18/2021,Saratoga,64,16580,1244,550597
08/19/2021,Saratoga,62,16642,1444,552041
08/20/2021,Saratoga,61,16703,1232,553273
08/21/2021,Saratoga,54,16757,1189,554462
08/22/2021,Saratoga,48,16805,934,555396
08/23/2021,Saratoga,39,16844,508,555904
08/24/2021,Saratoga,41,16885,1037,556941
08/25/2021,Saratoga,60,16945,1437,558378
08/26/2021,Saratoga,103,17048,1576,559954
08/27/2021,Saratoga,52,17100,1550,561504
08/28/2021,Saratoga,39,17139,1021,562525
08/29/2021,Saratoga,51,17190,1090,563615
08/30/2021,Saratoga,40,17230,724,564339
08/31/2021,Saratoga,44,17274,1022,565361
09/01/2021,Saratoga,76,17350,1443,566804
09/02/2021,Saratoga,72,17422,1396,568200
09/03/2021,Saratoga,76,17498,1352,569552
09/04/2021,Saratoga,53,17551,943,570495
09/05/2021,Saratoga,55,17606,1636,572131
09/06/2021,Saratoga,44,17650,891,573022
09/07/2021,Saratoga,42,17692,2034,575056
09/08/2021,Saratoga,50,17742,925,575981
09/09/2021,Saratoga,51,17793,1728,577709
09/10/2021,Saratoga,95,17888,1754,579463
09/11/2021,Saratoga,61,17949,1848,581311
09/12/2021,Saratoga,39,17988,996,582307
09/13/2021,Saratoga,45,18033,1197,583504
09/14/2021,Saratoga,27,18060,1253,584757
09/15/2021,Saratoga,90,18150,2660,587417
09/16/2021,Saratoga,36,18186,1473,588890
09/17/2021,Saratoga,68,18254,1727,590617
09/18/2021,Saratoga,58,18312,2110,592727
09/19/2021,Saratoga,30,18342,956,593683
09/20/2021,Saratoga,46,18388,993,594676
09/21/2021,Saratoga,31,18419,1462,596138
09/22/2021,Saratoga,49,18468,1644,597782
09/23/2021,Saratoga,85,18553,3376,601158
09/24/2021,Saratoga,42,18595,1771,602929
09/25/2021,Saratoga,61,18656,1616,604545
09/26/2021,Saratoga,47,18703,1603,606148
09/27/2021,Saratoga,61,18764,872,607020
09/28/2021,Saratoga,82,18846,2684,609704
09/29/2021,Saratoga,84,18930,2418,612122
09/30/2021,Saratoga,77,19007,2632,614754
10/01/2021,Saratoga,63,19070,2233,616987
10/02/2021,Saratoga,44,19114,2139,619126
10/03/2021,Saratoga,51,19165,1463,620589
10/04/2021,Saratoga,49,19214,1207,621796
10/05/2021,Saratoga,75,19289,2607,624403
10/06/2021,Saratoga,71,19360,2432,626835
10/07/2021,Saratoga,80,19440,3058,629893
10/08/2021,Saratoga,58,19498,2290,632183
10/09/2021,Saratoga,51,19549,1562,633745
10/10/2021,Saratoga,67,19616,2316,636061
10/11/2021,Saratoga,39,19655,691,636752
10/12/2021,Saratoga,73,19728,2236,638988
10/13/2021,Saratoga,75,19803,1908,640896
10/14/2021,Saratoga,81,19884,2644,643540
10/15/2021,Saratoga,91,19975,2717,646257
10/16/2021,Saratoga,59,20034,2187,648444
10/17/2021,Saratoga,46,20080,1719,650163
10/18/2021,Saratoga,31,20111,535,650698
10/19/2021,Saratoga,84,20195,1734,652432
10/20/2021,Saratoga,92,20287,2684,655116
10/21/2021,Saratoga,55,20342,2103,657219
10/22/2021,Saratoga,82,20424,2969,660188
10/23/2021,Saratoga,61,20485,2254,662442
03/01/2020,Schenectady,0,0,0,0
03/02/2020,Schenectady,0,0,0,0
03/03/2020,Schenectady,0,0,0,0
03/04/2020,Schenectady,0,0,0,0
03/05/2020,Schenectady,0,0,0,0
03/06/2020,Schenectady,0,0,0,0
03/07/2020,Schenectady,0,0,0,0
03/08/2020,Schenectady,0,0,1,1
03/09/2020,Schenectady,0,0,2,3
03/10/2020,Schenectady,0,0,0,3
03/11/2020,Schenectady,0,0,12,15
03/12/2020,Schenectady,0,0,5,20
03/13/2020,Schenectady,1,1,20,40
03/14/2020,Schenectady,1,2,54,94
03/15/2020,Schenectady,2,4,42,136
03/16/2020,Schenectady,1,5,27,163
03/17/2020,Schenectady,9,14,98,261
03/18/2020,Schenectady,4,18,131,392
03/19/2020,Schenectady,3,21,115,507
03/20/2020,Schenectady,11,32,157,664
03/21/2020,Schenectady,7,39,123,787
03/22/2020,Schenectady,5,44,62,849
03/23/2020,Schenectady,2,46,50,899
03/24/2020,Schenectady,9,55,53,952
03/25/2020,Schenectady,7,62,32,984
03/26/2020,Schenectady,4,66,41,1025
03/27/2020,Schenectady,6,72,43,1068
03/28/2020,Schenectady,4,76,28,1096
03/29/2020,Schenectady,4,80,12,1108
03/30/2020,Schenectady,5,85,33,1141
03/31/2020,Schenectady,8,93,22,1163
04/01/2020,Schenectady,8,101,31,1194
04/02/2020,Schenectady,9,110,42,1236
04/03/2020,Schenectady,7,117,38,1274
04/04/2020,Schenectady,11,128,64,1338
04/05/2020,Schenectady,10,138,64,1402
04/06/2020,Schenectady,7,145,35,1437
04/07/2020,Schenectady,4,149,23,1460
04/08/2020,Schenectady,18,167,104,1564
04/09/2020,Schenectady,24,191,183,1747
04/10/2020,Schenectady,3,194,24,1771
04/11/2020,Schenectady,5,199,27,1798
04/12/2020,Schenectady,5,204,27,1825
04/13/2020,Schenectady,31,235,232,2057
04/14/2020,Schenectady,2,237,18,2075
04/15/2020,Schenectady,8,245,45,2120
04/16/2020,Schenectady,5,250,35,2155
04/17/2020,Schenectady,9,259,38,2193
04/18/2020,Schenectady,9,268,36,2229
04/19/2020,Schenectady,1,269,23,2252
04/20/2020,Schenectady,4,273,23,2275
04/21/2020,Schenectady,7,280,24,2299
04/22/2020,Schenectady,8,288,47,2346
04/23/2020,Schenectady,9,297,33,2379
04/24/2020,Schenectady,134,431,964,3343
04/25/2020,Schenectady,18,449,186,3529
04/26/2020,Schenectady,8,457,96,3625
04/27/2020,Schenectady,12,469,119,3744
04/28/2020,Schenectady,10,479,184,3928
04/29/2020,Schenectady,22,501,246,4174
04/30/2020,Schenectady,13,514,195,4369
05/01/2020,Schenectady,7,521,194,4563
05/02/2020,Schenectady,6,527,146,4709
05/03/2020,Schenectady,8,535,126,4835
05/04/2020,Schenectady,2,537,98,4933
05/05/2020,Schenectady,14,551,178,5111
05/06/2020,Schenectady,0,551,194,5305
05/07/2020,Schenectady,7,558,144,5449
05/08/2020,Schenectady,13,571,204,5653
05/09/2020,Schenectady,0,571,199,5852
05/10/2020,Schenectady,4,575,113,5965
05/11/2020,Schenectady,6,581,102,6067
05/12/2020,Schenectady,6,587,164,6231
05/13/2020,Schenectady,10,597,276,6507
05/14/2020,Schenectady,6,603,170,6677
05/15/2020,Schenectady,10,613,272,6949
05/16/2020,Schenectady,7,620,175,7124
05/17/2020,Schenectady,9,629,233,7357
05/18/2020,Schenectady,2,631,83,7440
05/19/2020,Schenectady,2,633,392,7832
05/20/2020,Schenectady,5,638,378,8210
05/21/2020,Schenectady,7,645,667,8877
05/22/2020,Schenectady,3,648,248,9125
05/23/2020,Schenectady,10,658,641,9766
05/24/2020,Schenectady,6,664,340,10106
05/25/2020,Schenectady,4,668,143,10249
05/26/2020,Schenectady,5,673,243,10492
05/27/2020,Schenectady,3,676,485,10977
05/28/2020,Schenectady,4,680,792,11769
05/29/2020,Schenectady,6,686,477,12246
05/30/2020,Schenectady,3,689,324,12570
05/31/2020,Schenectady,4,693,482,13052
06/01/2020,Schenectady,3,696,481,13533
06/02/2020,Schenectady,5,701,406,13939
06/03/2020,Schenectady,0,701,565,14504
06/04/2020,Schenectady,5,706,802,15306
06/05/2020,Schenectady,4,710,497,15803
06/06/2020,Schenectady,1,711,579,16382
06/07/2020,Schenectady,1,712,533,16915
06/08/2020,Schenectady,3,715,402,17317
06/09/2020,Schenectady,1,716,211,17528
06/10/2020,Schenectady,1,717,550,18078
06/11/2020,Schenectady,4,721,990,19068
06/12/2020,Schenectady,2,723,372,19440
06/13/2020,Schenectady,2,725,421,19861
06/14/2020,Schenectady,7,732,329,20190
06/15/2020,Schenectady,3,735,495,20685
06/16/2020,Schenectady,2,737,350,21035
06/17/2020,Schenectady,1,738,540,21575
06/18/2020,Schenectady,8,746,763,22338
06/19/2020,Schenectady,3,749,478,22816
06/20/2020,Schenectady,5,754,549,23365
06/21/2020,Schenectady,7,761,594,23959
06/22/2020,Schenectady,9,770,347,24306
06/23/2020,Schenectady,2,772,391,24697
06/24/2020,Schenectady,6,778,812,25509
06/25/2020,Schenectady,3,781,403,25912
06/26/2020,Schenectady,5,786,454,26366
06/27/2020,Schenectady,6,792,385,26751
06/28/2020,Schenectady,7,799,393,27144
06/29/2020,Schenectady,1,800,295,27439
06/30/2020,Schenectady,5,805,247,27686
07/01/2020,Schenectady,11,816,690,28376
07/02/2020,Schenectady,8,824,395,28771
07/03/2020,Schenectady,7,831,418,29189
07/04/2020,Schenectady,3,834,559,29748
07/05/2020,Schenectady,4,838,471,30219
07/06/2020,Schenectady,5,843,340,30559
07/07/2020,Schenectady,1,844,297,30856
07/08/2020,Schenectady,4,848,413,31269
07/09/2020,Schenectady,4,852,436,31705
07/10/2020,Schenectady,4,856,447,32152
07/11/2020,Schenectady,8,864,385,32537
07/12/2020,Schenectady,4,868,488,33025
07/13/2020,Schenectady,15,883,495,33520
07/14/2020,Schenectady,8,891,476,33996
07/15/2020,Schenectady,5,896,445,34441
07/16/2020,Schenectady,6,902,489,34930
07/17/2020,Schenectady,8,910,639,35569
07/18/2020,Schenectady,5,915,203,35772
07/19/2020,Schenectady,0,915,249,36021
07/20/2020,Schenectady,11,926,661,36682
07/21/2020,Schenectady,10,936,497,37179
07/22/2020,Schenectady,10,946,476,37655
07/23/2020,Schenectady,9,955,441,38096
07/24/2020,Schenectady,20,975,590,38686
07/25/2020,Schenectady,12,987,466,39152
07/26/2020,Schenectady,3,990,260,39412
07/27/2020,Schenectady,8,998,543,39955
07/28/2020,Schenectady,12,1010,450,40405
07/29/2020,Schenectady,8,1018,512,40917
07/30/2020,Schenectady,5,1023,563,41480
07/31/2020,Schenectady,9,1032,666,42146
08/01/2020,Schenectady,3,1035,332,42478
08/02/2020,Schenectady,2,1037,298,42776
08/03/2020,Schenectady,4,1041,482,43258
08/04/2020,Schenectady,4,1045,518,43776
08/05/2020,Schenectady,5,1050,719,44495
08/06/2020,Schenectady,5,1055,662,45157
08/07/2020,Schenectady,3,1058,352,45509
08/08/2020,Schenectady,0,1058,399,45908
08/09/2020,Schenectady,2,1060,274,46182
08/10/2020,Schenectady,15,1075,523,46705
08/11/2020,Schenectady,4,1079,448,47153
08/12/2020,Schenectady,5,1084,749,47902
08/13/2020,Schenectady,8,1092,558,48460
08/14/2020,Schenectady,9,1101,647,49107
08/15/2020,Schenectady,18,1119,536,49643
08/16/2020,Schenectady,2,1121,324,49967
08/17/2020,Schenectady,9,1130,515,50482
08/18/2020,Schenectady,3,1133,386,50868
08/19/2020,Schenectady,10,1143,885,51753
08/20/2020,Schenectady,16,1159,825,52578
08/21/2020,Schenectady,13,1172,905,53483
08/22/2020,Schenectady,7,1179,567,54050
08/23/2020,Schenectady,3,1182,148,54198
08/24/2020,Schenectady,24,1206,542,54740
08/25/2020,Schenectady,5,1211,536,55276
08/26/2020,Schenectady,20,1231,813,56089
08/27/2020,Schenectady,2,1233,626,56715
08/28/2020,Schenectady,22,1255,949,57664
08/29/2020,Schenectady,5,1260,751,58415
08/30/2020,Schenectady,3,1263,440,58855
08/31/2020,Schenectady,8,1271,442,59297
09/01/2020,Schenectady,7,1278,769,60066
09/02/2020,Schenectady,12,1290,826,60892
09/03/2020,Schenectady,8,1298,829,61721
09/04/2020,Schenectady,1,1299,855,62576
09/05/2020,Schenectady,11,1310,778,63354
09/06/2020,Schenectady,4,1314,489,63843
09/07/2020,Schenectady,8,1322,536,64379
09/08/2020,Schenectady,2,1324,652,65031
09/09/2020,Schenectady,11,1335,520,65551
09/10/2020,Schenectady,8,1343,1235,66786
09/11/2020,Schenectady,8,1351,1410,68196
09/12/2020,Schenectady,5,1356,550,68746
09/13/2020,Schenectady,1,1357,219,68965
09/14/2020,Schenectady,1,1358,329,69294
09/15/2020,Schenectady,4,1362,884,70178
09/16/2020,Schenectady,10,1372,1199,71377
09/17/2020,Schenectady,2,1374,1111,72488
09/18/2020,Schenectady,3,1377,1213,73701
09/19/2020,Schenectady,3,1380,1112,74813
09/20/2020,Schenectady,3,1383,326,75139
09/21/2020,Schenectady,0,1383,451,75590
09/22/2020,Schenectady,5,1388,1006,76596
09/23/2020,Schenectady,7,1395,1193,77789
09/24/2020,Schenectady,3,1398,1096,78885
09/25/2020,Schenectady,1,1399,1364,80249
09/26/2020,Schenectady,3,1402,1461,81710
09/27/2020,Schenectady,1,1403,310,82020
09/28/2020,Schenectady,2,1405,481,82501
09/29/2020,Schenectady,5,1410,941,83442
09/30/2020,Schenectady,7,1417,1243,84685
10/01/2020,Schenectady,3,1420,1540,86225
10/02/2020,Schenectady,5,1425,1135,87360
10/03/2020,Schenectady,4,1429,1369,88729
10/04/2020,Schenectady,0,1429,380,89109
10/05/2020,Schenectady,1,1430,349,89458
10/06/2020,Schenectady,2,1432,634,90092
10/07/2020,Schenectady,6,1438,1564,91656
10/08/2020,Schenectady,7,1445,1590,93246
10/09/2020,Schenectady,6,1451,871,94117
10/10/2020,Schenectady,3,1454,1721,95838
10/11/2020,Schenectady,5,1459,429,96267
10/12/2020,Schenectady,2,1461,424,96691
10/13/2020,Schenectady,3,1464,488,97179
10/14/2020,Schenectady,13,1477,1309,98488
10/15/2020,Schenectady,8,1485,1071,99559
10/16/2020,Schenectady,6,1491,2493,102052
10/17/2020,Schenectady,7,1498,676,102728
10/18/2020,Schenectady,9,1507,376,103104
10/19/2020,Schenectady,3,1510,402,103506
10/20/2020,Schenectady,6,1516,1127,104633
10/21/2020,Schenectady,6,1522,1423,106056
10/22/2020,Schenectady,8,1530,1501,107557
10/23/2020,Schenectady,9,1539,1620,109177
10/24/2020,Schenectady,7,1546,583,109760
10/25/2020,Schenectady,3,1549,362,110122
10/26/2020,Schenectady,15,1564,986,111108
10/27/2020,Schenectady,6,1570,1025,112133
10/28/2020,Schenectady,9,1579,1238,113371
10/29/2020,Schenectady,12,1591,1707,115078
10/30/2020,Schenectady,9,1600,1766,116844
10/31/2020,Schenectady,22,1622,871,117715
11/01/2020,Schenectady,9,1631,398,118113
11/02/2020,Schenectady,13,1644,694,118807
11/03/2020,Schenectady,6,1650,1162,119969
11/04/2020,Schenectady,16,1666,1393,121362
11/05/2020,Schenectady,21,1687,1543,122905
11/06/2020,Schenectady,14,1701,1637,124542
11/07/2020,Schenectady,15,1716,964,125506
11/08/2020,Schenectady,17,1733,517,126023
11/09/2020,Schenectady,25,1758,520,126543
11/10/2020,Schenectady,19,1777,1069,127612
11/11/2020,Schenectady,25,1802,1813,129425
11/12/2020,Schenectady,26,1828,1583,131008
11/13/2020,Schenectady,32,1860,1969,132977
11/14/2020,Schenectady,11,1871,447,133424
11/15/2020,Schenectady,19,1890,514,133938
11/16/2020,Schenectady,30,1920,875,134813
11/17/2020,Schenectady,30,1950,647,135460
11/18/2020,Schenectady,33,1983,1817,137277
11/19/2020,Schenectady,14,1997,1049,138326
11/20/2020,Schenectady,65,2062,2540,140866
11/21/2020,Schenectady,11,2073,673,141539
11/22/2020,Schenectady,63,2136,2009,143548
11/23/2020,Schenectady,53,2189,1124,144672
11/24/2020,Schenectady,38,2227,823,145495
11/25/2020,Schenectady,56,2283,1908,147403
11/26/2020,Schenectady,70,2353,1990,149393
11/27/2020,Schenectady,36,2389,474,149867
11/28/2020,Schenectady,54,2443,1351,151218
11/29/2020,Schenectady,38,2481,771,151989
11/30/2020,Schenectady,74,2555,909,152898
12/01/2020,Schenectady,60,2615,1024,153922
12/02/2020,Schenectady,84,2699,1703,155625
12/03/2020,Schenectady,120,2819,1580,157205
12/04/2020,Schenectady,138,2957,1552,158757
12/05/2020,Schenectady,75,3032,1142,159899
12/06/2020,Schenectady,49,3081,844,160743
12/07/2020,Schenectady,98,3179,1063,161806
12/08/2020,Schenectady,93,3272,868,162674
12/09/2020,Schenectady,99,3371,1691,164365
12/10/2020,Schenectady,119,3490,1569,165934
12/11/2020,Schenectady,97,3587,1660,167594
12/12/2020,Schenectady,81,3668,1340,168934
12/13/2020,Schenectady,113,3781,1114,170048
12/14/2020,Schenectady,143,3924,1046,171094
12/15/2020,Schenectady,90,4014,745,171839
12/16/2020,Schenectady,139,4153,2261,174100
12/17/2020,Schenectady,115,4268,1378,175478
12/18/2020,Schenectady,109,4377,1262,176740
12/19/2020,Schenectady,111,4488,1227,177967
12/20/2020,Schenectady,90,4578,745,178712
12/21/2020,Schenectady,117,4695,1003,179715
12/22/2020,Schenectady,119,4814,1179,180894
12/23/2020,Schenectady,147,4961,1525,182419
12/24/2020,Schenectady,137,5098,1468,183887
12/25/2020,Schenectady,150,5248,1531,185418
12/26/2020,Schenectady,112,5360,1083,186501
12/27/2020,Schenectady,94,5454,573,187074
12/28/2020,Schenectady,154,5608,1064,188138
12/29/2020,Schenectady,124,5732,1002,189140
12/30/2020,Schenectady,181,5913,1683,190823
12/31/2020,Schenectady,163,6076,1995,192818
01/01/2021,Schenectady,153,6229,1478,194296
01/02/2021,Schenectady,140,6369,1552,195848
01/03/2021,Schenectady,132,6501,1007,196855
01/04/2021,Schenectady,118,6619,933,197788
01/05/2021,Schenectady,181,6800,1256,199044
01/06/2021,Schenectady,152,6952,1762,200806
01/07/2021,Schenectady,166,7118,1669,202475
01/08/2021,Schenectady,166,7284,2217,204692
01/09/2021,Schenectady,169,7453,2457,207149
01/10/2021,Schenectady,166,7619,1944,209093
01/11/2021,Schenectady,140,7759,1423,210516
01/12/2021,Schenectady,120,7879,1047,211563
01/13/2021,Schenectady,141,8020,2324,213887
01/14/2021,Schenectady,163,8183,3419,217306
01/15/2021,Schenectady,164,8347,3056,220362
01/16/2021,Schenectady,133,8480,2614,222976
01/17/2021,Schenectady,107,8587,1154,224130
01/18/2021,Schenectady,73,8660,801,224931
01/19/2021,Schenectady,110,8770,2152,227083
01/20/2021,Schenectady,99,8869,1589,228672
01/21/2021,Schenectady,152,9021,2448,231120
01/22/2021,Schenectady,110,9131,2396,233516
01/23/2021,Schenectady,100,9231,2310,235826
01/24/2021,Schenectady,68,9299,1887,237713
01/25/2021,Schenectady,74,9373,1112,238825
01/26/2021,Schenectady,80,9453,1289,240114
01/27/2021,Schenectady,76,9529,2103,242217
01/28/2021,Schenectady,73,9602,2312,244529
01/29/2021,Schenectady,77,9679,2165,246694
01/30/2021,Schenectady,85,9764,2271,248965
01/31/2021,Schenectady,34,9798,1444,250409
02/01/2021,Schenectady,38,9836,685,251094
02/02/2021,Schenectady,45,9881,613,251707
02/03/2021,Schenectady,72,9953,3275,254982
02/04/2021,Schenectady,67,10020,1121,256103
02/05/2021,Schenectady,77,10097,2610,258713
02/06/2021,Schenectady,69,10166,2993,261706
02/07/2021,Schenectady,37,10203,838,262544
02/08/2021,Schenectady,29,10232,599,263143
02/09/2021,Schenectady,51,10283,1001,264144
02/10/2021,Schenectady,37,10320,1881,266025
02/11/2021,Schenectady,38,10358,2404,268429
02/12/2021,Schenectady,46,10404,1779,270208
02/13/2021,Schenectady,47,10451,1605,271813
02/14/2021,Schenectady,21,10472,942,272755
02/15/2021,Schenectady,21,10493,548,273303
02/16/2021,Schenectady,20,10513,1088,274391
02/17/2021,Schenectady,41,10554,1457,275848
02/18/2021,Schenectady,19,10573,1613,277461
02/19/2021,Schenectady,20,10593,1285,278746
02/20/2021,Schenectady,31,10624,989,279735
02/21/2021,Schenectady,21,10645,676,280411
02/22/2021,Schenectady,16,10661,572,280983
02/23/2021,Schenectady,24,10685,1331,282314
02/24/2021,Schenectady,55,10740,1961,284275
02/25/2021,Schenectady,25,10765,2537,286812
02/26/2021,Schenectady,25,10790,2161,288973
02/27/2021,Schenectady,37,10827,1550,290523
02/28/2021,Schenectady,15,10842,972,291495
03/01/2021,Schenectady,28,10870,597,292092
03/02/2021,Schenectady,41,10911,962,293054
03/03/2021,Schenectady,35,10946,2018,295072
03/04/2021,Schenectady,32,10978,2162,297234
03/05/2021,Schenectady,32,11010,2058,299292
03/06/2021,Schenectady,29,11039,1343,300635
03/07/2021,Schenectady,14,11053,752,301387
03/08/2021,Schenectady,24,11077,554,301941
03/09/2021,Schenectady,16,11093,858,302799
03/10/2021,Schenectady,32,11125,2047,304846
03/11/2021,Schenectady,43,11168,2401,307247
03/12/2021,Schenectady,24,11192,2172,309419
03/13/2021,Schenectady,28,11220,1416,310835
03/14/2021,Schenectady,24,11244,658,311493
03/15/2021,Schenectady,24,11268,653,312146
03/16/2021,Schenectady,27,11295,793,312939
03/17/2021,Schenectady,27,11322,1903,314842
03/18/2021,Schenectady,34,11356,2829,317671
03/19/2021,Schenectady,25,11381,1607,319278
03/20/2021,Schenectady,26,11407,1645,320923
03/21/2021,Schenectady,23,11430,781,321704
03/22/2021,Schenectady,40,11470,657,322361
03/23/2021,Schenectady,53,11523,1507,323868
03/24/2021,Schenectady,63,11586,1784,325652
03/25/2021,Schenectady,56,11642,2257,327909
03/26/2021,Schenectady,35,11677,1660,329569
03/27/2021,Schenectady,40,11717,1936,331505
03/28/2021,Schenectady,20,11737,683,332188
03/29/2021,Schenectady,38,11775,746,332934
03/30/2021,Schenectady,47,11822,2411,335345
03/31/2021,Schenectady,32,11854,1992,337337
04/01/2021,Schenectady,40,11894,2231,339568
04/02/2021,Schenectady,23,11917,1348,340916
04/03/2021,Schenectady,34,11951,2369,343285
04/04/2021,Schenectady,36,11987,683,343968
04/05/2021,Schenectady,11,11998,604,344572
04/06/2021,Schenectady,48,12046,2428,347000
04/07/2021,Schenectady,42,12088,1983,348983
04/08/2021,Schenectady,40,12128,2639,351622
04/09/2021,Schenectady,29,12157,2292,353914
04/10/2021,Schenectady,44,12201,1800,355714
04/11/2021,Schenectady,27,12228,507,356221
04/12/2021,Schenectady,24,12252,600,356821
04/13/2021,Schenectady,37,12289,1670,358491
04/14/2021,Schenectady,43,12332,2655,361146
04/15/2021,Schenectady,25,12357,1632,362778
04/16/2021,Schenectady,38,12395,1836,364614
04/17/2021,Schenectady,25,12420,1458,366072
04/18/2021,Schenectady,15,12435,703,366775
04/19/2021,Schenectady,22,12457,480,367255
04/20/2021,Schenectady,14,12471,1499,368754
04/21/2021,Schenectady,34,12505,1896,370650
04/22/2021,Schenectady,26,12531,2253,372903
04/23/2021,Schenectady,22,12553,1581,374484
04/24/2021,Schenectady,22,12575,1057,375541
04/25/2021,Schenectady,23,12598,710,376251
04/26/2021,Schenectady,24,12622,620,376871
04/27/2021,Schenectady,24,12646,1121,377992
04/28/2021,Schenectady,24,12670,1378,379370
04/29/2021,Schenectady,18,12688,2118,381488
04/30/2021,Schenectady,29,12717,1287,382775
05/01/2021,Schenectady,26,12743,1499,384274
05/02/2021,Schenectady,11,12754,640,384914
05/03/2021,Schenectady,24,12778,370,385284
05/04/2021,Schenectady,22,12800,859,386143
05/05/2021,Schenectady,15,12815,1960,388103
05/06/2021,Schenectady,20,12835,1813,389916
05/07/2021,Schenectady,37,12872,1541,391457
05/08/2021,Schenectady,16,12888,1008,392465
05/09/2021,Schenectady,21,12909,926,393391
05/10/2021,Schenectady,15,12924,800,394191
05/11/2021,Schenectady,14,12938,593,394784
05/12/2021,Schenectady,10,12948,1746,396530
05/13/2021,Schenectady,24,12972,2006,398536
05/14/2021,Schenectady,16,12988,1472,400008
05/15/2021,Schenectady,11,12999,941,400949
05/16/2021,Schenectady,10,13009,555,401504
05/17/2021,Schenectady,9,13018,387,401891
05/18/2021,Schenectady,11,13029,680,402571
05/19/2021,Schenectady,12,13041,1295,403866
05/20/2021,Schenectady,23,13064,1879,405745
05/21/2021,Schenectady,16,13080,1216,406961
05/22/2021,Schenectady,5,13085,633,407594
05/23/2021,Schenectady,12,13097,506,408100
05/24/2021,Schenectady,15,13112,325,408425
05/25/2021,Schenectady,3,13115,580,409005
05/26/2021,Schenectady,10,13125,1213,410218
05/27/2021,Schenectady,8,13133,1427,411645
05/28/2021,Schenectady,10,13143,905,412550
05/29/2021,Schenectady,9,13152,735,413285
05/30/2021,Schenectady,2,13154,301,413586
05/31/2021,Schenectady,2,13156,145,413731
06/01/2021,Schenectady,11,13167,451,414182
06/02/2021,Schenectady,1,13168,751,414933
06/03/2021,Schenectady,2,13170,1667,416600
06/04/2021,Schenectady,5,13175,1227,417827
06/05/2021,Schenectady,3,13178,687,418514
06/06/2021,Schenectady,2,13180,376,418890
06/07/2021,Schenectady,2,13182,481,419371
06/08/2021,Schenectady,2,13184,566,419937
06/09/2021,Schenectady,2,13186,770,420707
06/10/2021,Schenectady,4,13190,1360,422067
06/11/2021,Schenectady,2,13192,1281,423348
06/12/2021,Schenectady,5,13197,547,423895
06/13/2021,Schenectady,3,13200,244,424139
06/14/2021,Schenectady,2,13202,269,424408
06/15/2021,Schenectady,2,13204,381,424789
06/16/2021,Schenectady,3,13207,647,425436
06/17/2021,Schenectady,0,13207,904,426340
06/18/2021,Schenectady,0,13207,641,426981
06/19/2021,Schenectady,1,13208,358,427339
06/20/2021,Schenectady,1,13209,427,427766
06/21/2021,Schenectady,1,13210,206,427972
06/22/2021,Schenectady,3,13213,482,428454
06/23/2021,Schenectady,3,13216,602,429056
06/24/2021,Schenectady,0,13216,419,429475
06/25/2021,Schenectady,0,13216,478,429953
06/26/2021,Schenectady,1,13217,454,430407
06/27/2021,Schenectady,0,13217,256,430663
06/28/2021,Schenectady,0,13217,202,430865
06/29/2021,Schenectady,0,13217,312,431177
06/30/2021,Schenectady,0,13217,338,431515
07/01/2021,Schenectady,2,13219,377,431892
07/02/2021,Schenectady,0,13219,371,432263
07/03/2021,Schenectady,0,13219,309,432572
07/04/2021,Schenectady,0,13219,174,432746
07/05/2021,Schenectady,1,13220,171,432917
07/06/2021,Schenectady,1,13221,170,433087
07/07/2021,Schenectady,1,13222,357,433444
07/08/2021,Schenectady,0,13222,336,433780
07/09/2021,Schenectady,0,13222,267,434047
07/10/2021,Schenectady,0,13222,264,434311
07/11/2021,Schenectady,4,13226,224,434535
07/12/2021,Schenectady,2,13228,179,434714
07/13/2021,Schenectady,0,13228,251,434965
07/14/2021,Schenectady,2,13230,297,435262
07/15/2021,Schenectady,4,13234,253,435515
07/16/2021,Schenectady,6,13240,216,435731
07/17/2021,Schenectady,4,13244,330,436061
07/18/2021,Schenectady,1,13245,156,436217
07/19/2021,Schenectady,5,13250,252,436469
07/20/2021,Schenectady,9,13259,269,436738
07/21/2021,Schenectady,4,13263,366,437104
07/22/2021,Schenectady,18,13281,328,437432
07/23/2021,Schenectady,10,13291,321,437753
07/24/2021,Schenectady,8,13299,384,438137
07/25/2021,Schenectady,4,13303,167,438304
07/26/2021,Schenectady,6,13309,258,438562
07/27/2021,Schenectady,18,13327,401,438963
07/28/2021,Schenectady,20,13347,475,439438
07/29/2021,Schenectady,14,13361,353,439791
07/30/2021,Schenectady,22,13383,420,440211
07/31/2021,Schenectady,17,13400,354,440565
08/01/2021,Schenectady,11,13411,272,440837
08/02/2021,Schenectady,21,13432,362,441199
08/03/2021,Schenectady,17,13449,387,441586
08/04/2021,Schenectady,25,13474,712,442298
08/05/2021,Schenectady,26,13500,458,442756
08/06/2021,Schenectady,43,13543,718,443474
08/07/2021,Schenectady,24,13567,365,443839
08/08/2021,Schenectady,20,13587,378,444217
08/09/2021,Schenectady,35,13622,417,444634
08/10/2021,Schenectady,37,13659,862,445496
08/11/2021,Schenectady,36,13695,867,446363
08/12/2021,Schenectady,58,13753,901,447264
08/13/2021,Schenectady,41,13794,632,447896
08/14/2021,Schenectady,32,13826,508,448404
08/15/2021,Schenectady,44,13870,426,448830
08/16/2021,Schenectady,30,13900,591,449421
08/17/2021,Schenectady,43,13943,896,450317
08/18/2021,Schenectady,53,13996,757,451074
08/19/2021,Schenectady,47,14043,1071,452145
08/20/2021,Schenectady,40,14083,1033,453178
08/21/2021,Schenectady,30,14113,796,453974
08/22/2021,Schenectady,36,14149,508,454482
08/23/2021,Schenectady,20,14169,491,454973
08/24/2021,Schenectady,29,14198,592,455565
08/25/2021,Schenectady,15,14213,978,456543
08/26/2021,Schenectady,102,14315,1226,457769
08/27/2021,Schenectady,34,14349,1037,458806
08/28/2021,Schenectady,31,14380,961,459767
08/29/2021,Schenectady,32,14412,583,460350
08/30/2021,Schenectady,42,14454,860,461210
08/31/2021,Schenectady,39,14493,914,462124
09/01/2021,Schenectady,36,14529,702,462826
09/02/2021,Schenectady,39,14568,666,463492
09/03/2021,Schenectady,58,14626,1294,464786
09/04/2021,Schenectady,28,14654,752,465538
09/05/2021,Schenectady,24,14678,811,466349
09/06/2021,Schenectady,25,14703,339,466688
09/07/2021,Schenectady,23,14726,1061,467749
09/08/2021,Schenectady,48,14774,880,468629
09/09/2021,Schenectady,35,14809,1171,469800
09/10/2021,Schenectady,45,14854,1221,471021
09/11/2021,Schenectady,31,14885,1583,472604
09/12/2021,Schenectady,36,14921,625,473229
09/13/2021,Schenectady,30,14951,974,474203
09/14/2021,Schenectady,27,14978,884,475087
09/15/2021,Schenectady,60,15038,2434,477521
09/16/2021,Schenectady,33,15071,809,478330
09/17/2021,Schenectady,52,15123,1298,479628
09/18/2021,Schenectady,39,15162,2303,481931
09/19/2021,Schenectady,37,15199,514,482445
09/20/2021,Schenectady,52,15251,990,483435
09/21/2021,Schenectady,42,15293,922,484357
09/22/2021,Schenectady,32,15325,1526,485883
09/23/2021,Schenectady,62,15387,1777,487660
09/24/2021,Schenectady,47,15434,1699,489359
09/25/2021,Schenectady,39,15473,1128,490487
09/26/2021,Schenectady,39,15512,696,491183
09/27/2021,Schenectady,46,15558,750,491933
09/28/2021,Schenectady,65,15623,1222,493155
09/29/2021,Schenectady,33,15656,1175,494330
09/30/2021,Schenectady,57,15713,1449,495779
10/01/2021,Schenectady,25,15738,1681,497460
10/02/2021,Schenectady,44,15782,1225,498685
10/03/2021,Schenectady,12,15794,346,499031
10/04/2021,Schenectady,32,15826,837,499868
10/05/2021,Schenectady,78,15904,1183,501051
10/06/2021,Schenectady,50,15954,1291,502342
10/07/2021,Schenectady,63,16017,1741,504083
10/08/2021,Schenectady,53,16070,1755,505838
10/09/2021,Schenectady,19,16089,643,506481
10/10/2021,Schenectady,82,16171,1368,507849
10/11/2021,Schenectady,33,16204,420,508269
10/12/2021,Schenectady,69,16273,1014,509283
10/13/2021,Schenectady,51,16324,1006,510289
10/14/2021,Schenectady,72,16396,2709,512998
10/15/2021,Schenectady,82,16478,2787,515785
10/16/2021,Schenectady,47,16525,1160,516945
10/17/2021,Schenectady,59,16584,881,517826
10/18/2021,Schenectady,8,16592,318,518144
10/19/2021,Schenectady,81,16673,1253,519397
10/20/2021,Schenectady,58,16731,1630,521027
10/21/2021,Schenectady,48,16779,2563,523590
10/22/2021,Schenectady,97,16876,2941,526531
10/23/2021,Schenectady,23,16899,757,527288
03/01/2020,Schoharie,0,0,0,0
03/02/2020,Schoharie,0,0,0,0
03/03/2020,Schoharie,0,0,0,0
03/04/2020,Schoharie,0,0,0,0
03/05/2020,Schoharie,0,0,0,0
03/06/2020,Schoharie,0,0,0,0
03/07/2020,Schoharie,0,0,0,0
03/08/2020,Schoharie,0,0,0,0
03/09/2020,Schoharie,0,0,0,0
03/10/2020,Schoharie,0,0,0,0
03/11/2020,Schoharie,0,0,2,2
03/12/2020,Schoharie,0,0,1,3
03/13/2020,Schoharie,0,0,0,3
03/14/2020,Schoharie,0,0,0,3
03/15/2020,Schoharie,0,0,0,3
03/16/2020,Schoharie,0,0,0,3
03/17/2020,Schoharie,0,0,8,11
03/18/2020,Schoharie,1,1,8,19
03/19/2020,Schoharie,0,1,10,29
03/20/2020,Schoharie,0,1,16,45
03/21/2020,Schoharie,0,1,6,51
03/22/2020,Schoharie,0,1,3,54
03/23/2020,Schoharie,0,1,1,55
03/24/2020,Schoharie,1,2,3,58
03/25/2020,Schoharie,0,2,2,60
03/26/2020,Schoharie,1,3,3,63
03/27/2020,Schoharie,2,5,9,72
03/28/2020,Schoharie,0,5,5,77
03/29/2020,Schoharie,1,6,3,80
03/30/2020,Schoharie,0,6,4,84
03/31/2020,Schoharie,2,8,7,91
04/01/2020,Schoharie,0,8,10,101
04/02/2020,Schoharie,1,9,5,106
04/03/2020,Schoharie,1,10,21,127
04/04/2020,Schoharie,1,11,16,143
04/05/2020,Schoharie,0,11,17,160
04/06/2020,Schoharie,1,12,19,179
04/07/2020,Schoharie,0,12,20,199
04/08/2020,Schoharie,0,12,8,207
04/09/2020,Schoharie,0,12,16,223
04/10/2020,Schoharie,0,12,5,228
04/11/2020,Schoharie,0,12,2,230
04/12/2020,Schoharie,0,12,4,234
04/13/2020,Schoharie,8,20,59,293
04/14/2020,Schoharie,0,20,1,294
04/15/2020,Schoharie,0,20,5,299
04/16/2020,Schoharie,0,20,0,299
04/17/2020,Schoharie,0,20,1,300
04/18/2020,Schoharie,0,20,2,302
04/19/2020,Schoharie,0,20,4,306
04/20/2020,Schoharie,0,20,4,310
04/21/2020,Schoharie,0,20,0,310
04/22/2020,Schoharie,1,21,8,318
04/23/2020,Schoharie,0,21,13,331
04/24/2020,Schoharie,12,33,177,508
04/25/2020,Schoharie,2,35,29,537
04/26/2020,Schoharie,0,35,15,552
04/27/2020,Schoharie,3,38,19,571
04/28/2020,Schoharie,1,39,21,592
04/29/2020,Schoharie,3,42,17,609
04/30/2020,Schoharie,1,43,24,633
05/01/2020,Schoharie,0,43,16,649
05/02/2020,Schoharie,2,45,20,669
05/03/2020,Schoharie,0,45,21,690
05/04/2020,Schoharie,0,45,29,719
05/05/2020,Schoharie,0,45,29,748
05/06/2020,Schoharie,0,45,20,768
05/07/2020,Schoharie,0,45,15,783
05/08/2020,Schoharie,1,46,32,815
05/09/2020,Schoharie,0,46,23,838
05/10/2020,Schoharie,0,46,19,857
05/11/2020,Schoharie,0,46,32,889
05/12/2020,Schoharie,1,47,27,916
05/13/2020,Schoharie,0,47,32,948
05/14/2020,Schoharie,0,47,8,956
05/15/2020,Schoharie,0,47,22,978
05/16/2020,Schoharie,0,47,39,1017
05/17/2020,Schoharie,1,48,36,1053
05/18/2020,Schoharie,0,48,21,1074
05/19/2020,Schoharie,0,48,34,1108
05/20/2020,Schoharie,1,49,33,1141
05/21/2020,Schoharie,0,49,27,1168
05/22/2020,Schoharie,0,49,23,1191
05/23/2020,Schoharie,0,49,29,1220
05/24/2020,Schoharie,0,49,21,1241
05/25/2020,Schoharie,0,49,12,1253
05/26/2020,Schoharie,0,49,46,1299
05/27/2020,Schoharie,0,49,74,1373
05/28/2020,Schoharie,0,49,32,1405
05/29/2020,Schoharie,1,50,32,1437
05/30/2020,Schoharie,0,50,41,1478
05/31/2020,Schoharie,0,50,47,1525
06/01/2020,Schoharie,1,51,39,1564
06/02/2020,Schoharie,0,51,46,1610
06/03/2020,Schoharie,0,51,63,1673
06/04/2020,Schoharie,0,51,60,1733
06/05/2020,Schoharie,3,54,85,1818
06/06/2020,Schoharie,0,54,59,1877
06/07/2020,Schoharie,0,54,65,1942
06/08/2020,Schoharie,0,54,60,2002
06/09/2020,Schoharie,0,54,41,2043
06/10/2020,Schoharie,0,54,74,2117
06/11/2020,Schoharie,0,54,33,2150
06/12/2020,Schoharie,0,54,40,2190
06/13/2020,Schoharie,0,54,37,2227
06/14/2020,Schoharie,0,54,42,2269
06/15/2020,Schoharie,0,54,83,2352
06/16/2020,Schoharie,1,55,87,2439
06/17/2020,Schoharie,0,55,38,2477
06/18/2020,Schoharie,0,55,45,2522
06/19/2020,Schoharie,1,56,35,2557
06/20/2020,Schoharie,1,57,55,2612
06/21/2020,Schoharie,0,57,84,2696
06/22/2020,Schoharie,0,57,61,2757
06/23/2020,Schoharie,0,57,37,2794
06/24/2020,Schoharie,0,57,45,2839
06/25/2020,Schoharie,0,57,19,2858
06/26/2020,Schoharie,0,57,47,2905
06/27/2020,Schoharie,1,58,61,2966
06/28/2020,Schoharie,0,58,48,3014
06/29/2020,Schoharie,0,58,68,3082
06/30/2020,Schoharie,0,58,46,3128
07/01/2020,Schoharie,0,58,49,3177
07/02/2020,Schoharie,0,58,25,3202
07/03/2020,Schoharie,0,58,39,3241
07/04/2020,Schoharie,1,59,49,3290
07/05/2020,Schoharie,0,59,39,3329
07/06/2020,Schoharie,0,59,29,3358
07/07/2020,Schoharie,1,60,48,3406
07/08/2020,Schoharie,1,61,45,3451
07/09/2020,Schoharie,1,62,42,3493
07/10/2020,Schoharie,0,62,53,3546
07/11/2020,Schoharie,0,62,42,3588
07/12/2020,Schoharie,0,62,32,3620
07/13/2020,Schoharie,0,62,35,3655
07/14/2020,Schoharie,0,62,73,3728
07/15/2020,Schoharie,0,62,52,3780
07/16/2020,Schoharie,0,62,77,3857
07/17/2020,Schoharie,0,62,81,3938
07/18/2020,Schoharie,0,62,28,3966
07/19/2020,Schoharie,0,62,42,4008
07/20/2020,Schoharie,2,64,71,4079
07/21/2020,Schoharie,0,64,86,4165
07/22/2020,Schoharie,2,66,43,4208
07/23/2020,Schoharie,1,67,32,4240
07/24/2020,Schoharie,0,67,32,4272
07/25/2020,Schoharie,1,68,48,4320
07/26/2020,Schoharie,0,68,28,4348
07/27/2020,Schoharie,0,68,36,4384
07/28/2020,Schoharie,0,68,44,4428
07/29/2020,Schoharie,0,68,62,4490
07/30/2020,Schoharie,0,68,55,4545
07/31/2020,Schoharie,0,68,61,4606
08/01/2020,Schoharie,0,68,56,4662
08/02/2020,Schoharie,0,68,39,4701
08/03/2020,Schoharie,0,68,72,4773
08/04/2020,Schoharie,0,68,82,4855
08/05/2020,Schoharie,1,69,37,4892
08/06/2020,Schoharie,0,69,42,4934
08/07/2020,Schoharie,0,69,65,4999
08/08/2020,Schoharie,0,69,62,5061
08/09/2020,Schoharie,0,69,33,5094
08/10/2020,Schoharie,0,69,121,5215
08/11/2020,Schoharie,0,69,68,5283
08/12/2020,Schoharie,0,69,65,5348
08/13/2020,Schoharie,0,69,38,5386
08/14/2020,Schoharie,0,69,75,5461
08/15/2020,Schoharie,0,69,55,5516
08/16/2020,Schoharie,0,69,52,5568
08/17/2020,Schoharie,0,69,65,5633
08/18/2020,Schoharie,0,69,64,5697
08/19/2020,Schoharie,0,69,61,5758
08/20/2020,Schoharie,0,69,55,5813
08/21/2020,Schoharie,0,69,64,5877
08/22/2020,Schoharie,0,69,86,5963
08/23/2020,Schoharie,0,69,50,6013
08/24/2020,Schoharie,0,69,47,6060
08/25/2020,Schoharie,0,69,84,6144
08/26/2020,Schoharie,0,69,30,6174
08/27/2020,Schoharie,0,69,53,6227
08/28/2020,Schoharie,0,69,53,6280
08/29/2020,Schoharie,0,69,68,6348
08/30/2020,Schoharie,0,69,46,6394
08/31/2020,Schoharie,1,70,86,6480
09/01/2020,Schoharie,0,70,56,6536
09/02/2020,Schoharie,0,70,65,6601
09/03/2020,Schoharie,1,71,50,6651
09/04/2020,Schoharie,1,72,54,6705
09/05/2020,Schoharie,1,73,66,6771
09/06/2020,Schoharie,0,73,60,6831
09/07/2020,Schoharie,0,73,55,6886
09/08/2020,Schoharie,0,73,26,6912
09/09/2020,Schoharie,1,74,40,6952
09/10/2020,Schoharie,1,75,57,7009
09/11/2020,Schoharie,2,77,66,7075
09/12/2020,Schoharie,1,78,63,7138
09/13/2020,Schoharie,4,82,57,7195
09/14/2020,Schoharie,1,83,56,7251
09/15/2020,Schoharie,0,83,46,7297
09/16/2020,Schoharie,0,83,51,7348
09/17/2020,Schoharie,0,83,48,7396
09/18/2020,Schoharie,0,83,47,7443
09/19/2020,Schoharie,0,83,86,7529
09/20/2020,Schoharie,0,83,47,7576
09/21/2020,Schoharie,0,83,63,7639
09/22/2020,Schoharie,0,83,53,7692
09/23/2020,Schoharie,0,83,54,7746
09/24/2020,Schoharie,0,83,43,7789
09/25/2020,Schoharie,1,84,82,7871
09/26/2020,Schoharie,1,85,64,7935
09/27/2020,Schoharie,0,85,45,7980
09/28/2020,Schoharie,0,85,107,8087
09/29/2020,Schoharie,0,85,49,8136
09/30/2020,Schoharie,0,85,596,8732
10/01/2020,Schoharie,0,85,60,8792
10/02/2020,Schoharie,1,86,88,8880
10/03/2020,Schoharie,0,86,76,8956
10/04/2020,Schoharie,1,87,80,9036
10/05/2020,Schoharie,0,87,63,9099
10/06/2020,Schoharie,0,87,51,9150
10/07/2020,Schoharie,1,88,55,9205
10/08/2020,Schoharie,2,90,400,9605
10/09/2020,Schoharie,3,93,81,9686
10/10/2020,Schoharie,1,94,61,9747
10/11/2020,Schoharie,0,94,780,10527
10/12/2020,Schoharie,1,95,121,10648
10/13/2020,Schoharie,0,95,57,10705
10/14/2020,Schoharie,2,97,496,11201
10/15/2020,Schoharie,3,100,87,11288
10/16/2020,Schoharie,0,100,88,11376
10/17/2020,Schoharie,0,100,84,11460
10/18/2020,Schoharie,0,100,94,11554
10/19/2020,Schoharie,1,101,70,11624
10/20/2020,Schoharie,0,101,577,12201
10/21/2020,Schoharie,0,101,53,12254
10/22/2020,Schoharie,3,104,72,12326
10/23/2020,Schoharie,3,107,81,12407
10/24/2020,Schoharie,2,109,111,12518
10/25/2020,Schoharie,0,109,91,12609
10/26/2020,Schoharie,1,110,66,12675
10/27/2020,Schoharie,1,111,752,13427
10/28/2020,Schoharie,1,112,821,14248
10/29/2020,Schoharie,1,113,86,14334
10/30/2020,Schoharie,1,114,107,14441
10/31/2020,Schoharie,1,115,70,14511
11/01/2020,Schoharie,1,116,99,14610
11/02/2020,Schoharie,0,116,32,14642
11/03/2020,Schoharie,1,117,792,15434
11/04/2020,Schoharie,2,119,838,16272
11/05/2020,Schoharie,1,120,74,16346
11/06/2020,Schoharie,1,121,80,16426
11/07/2020,Schoharie,1,122,86,16512
11/08/2020,Schoharie,2,124,59,16571
11/09/2020,Schoharie,6,130,796,17367
11/10/2020,Schoharie,3,133,1031,18398
11/11/2020,Schoharie,4,137,123,18521
11/12/2020,Schoharie,4,141,96,18617
11/13/2020,Schoharie,0,141,80,18697
11/14/2020,Schoharie,2,143,65,18762
11/15/2020,Schoharie,2,145,56,18818
11/16/2020,Schoharie,10,155,104,18922
11/17/2020,Schoharie,5,160,602,19524
11/18/2020,Schoharie,2,162,609,20133
11/19/2020,Schoharie,0,162,24,20157
11/20/2020,Schoharie,4,166,126,20283
11/21/2020,Schoharie,3,169,42,20325
11/22/2020,Schoharie,7,176,200,20525
11/23/2020,Schoharie,0,176,89,20614
11/24/2020,Schoharie,3,179,281,20895
11/25/2020,Schoharie,4,183,90,20985
11/26/2020,Schoharie,7,190,64,21049
11/27/2020,Schoharie,4,194,73,21122
11/28/2020,Schoharie,2,196,71,21193
11/29/2020,Schoharie,1,197,113,21306
11/30/2020,Schoharie,11,208,141,21447
12/01/2020,Schoharie,4,212,100,21547
12/02/2020,Schoharie,5,217,342,21889
12/03/2020,Schoharie,3,220,81,21970
12/04/2020,Schoharie,15,235,139,22109
12/05/2020,Schoharie,10,245,129,22238
12/06/2020,Schoharie,5,250,111,22349
12/07/2020,Schoharie,10,260,104,22453
12/08/2020,Schoharie,15,275,127,22580
12/09/2020,Schoharie,4,279,66,22646
12/10/2020,Schoharie,14,293,100,22746
12/11/2020,Schoharie,13,306,147,22893
12/12/2020,Schoharie,20,326,169,23062
12/13/2020,Schoharie,16,342,145,23207
12/14/2020,Schoharie,14,356,104,23311
12/15/2020,Schoharie,22,378,118,23429
12/16/2020,Schoharie,14,392,498,23927
12/17/2020,Schoharie,9,401,133,24060
12/18/2020,Schoharie,7,408,138,24198
12/19/2020,Schoharie,10,418,121,24319
12/20/2020,Schoharie,8,426,107,24426
12/21/2020,Schoharie,12,438,93,24519
12/22/2020,Schoharie,11,449,127,24646
12/23/2020,Schoharie,7,456,116,24762
12/24/2020,Schoharie,15,471,109,24871
12/25/2020,Schoharie,22,493,151,25022
12/26/2020,Schoharie,14,507,81,25103
12/27/2020,Schoharie,9,516,68,25171
12/28/2020,Schoharie,11,527,120,25291
12/29/2020,Schoharie,15,542,166,25457
12/30/2020,Schoharie,12,554,142,25599
12/31/2020,Schoharie,18,572,180,25779
01/01/2021,Schoharie,17,589,136,25915
01/02/2021,Schoharie,22,611,118,26033
01/03/2021,Schoharie,17,628,99,26132
01/04/2021,Schoharie,10,638,75,26207
01/05/2021,Schoharie,16,654,138,26345
01/06/2021,Schoharie,25,679,508,26853
01/07/2021,Schoharie,22,701,151,27004
01/08/2021,Schoharie,27,728,187,27191
01/09/2021,Schoharie,14,742,156,27347
01/10/2021,Schoharie,14,756,134,27481
01/11/2021,Schoharie,24,780,215,27696
01/12/2021,Schoharie,19,799,119,27815
01/13/2021,Schoharie,19,818,113,27928
01/14/2021,Schoharie,33,851,509,28437
01/15/2021,Schoharie,22,873,214,28651
01/16/2021,Schoharie,9,882,124,28775
01/17/2021,Schoharie,7,889,83,28858
01/18/2021,Schoharie,8,897,87,28945
01/19/2021,Schoharie,17,914,182,29127
01/20/2021,Schoharie,12,926,145,29272
01/21/2021,Schoharie,17,943,135,29407
01/22/2021,Schoharie,17,960,229,29636
01/23/2021,Schoharie,15,975,158,29794
01/24/2021,Schoharie,6,981,137,29931
01/25/2021,Schoharie,9,990,111,30042
01/26/2021,Schoharie,8,998,106,30148
01/27/2021,Schoharie,5,1003,98,30246
01/28/2021,Schoharie,9,1012,515,30761
01/29/2021,Schoharie,6,1018,145,30906
01/30/2021,Schoharie,11,1029,140,31046
01/31/2021,Schoharie,4,1033,115,31161
02/01/2021,Schoharie,10,1043,115,31276
02/02/2021,Schoharie,2,1045,63,31339
02/03/2021,Schoharie,2,1047,86,31425
02/04/2021,Schoharie,4,1051,362,31787
02/05/2021,Schoharie,5,1056,126,31913
02/06/2021,Schoharie,15,1071,734,32647
02/07/2021,Schoharie,3,1074,103,32750
02/08/2021,Schoharie,5,1079,70,32820
02/09/2021,Schoharie,8,1087,130,32950
02/10/2021,Schoharie,2,1089,517,33467
02/11/2021,Schoharie,6,1095,120,33587
02/12/2021,Schoharie,11,1106,125,33712
02/13/2021,Schoharie,7,1113,963,34675
02/14/2021,Schoharie,8,1121,146,34821
02/15/2021,Schoharie,4,1125,80,34901
02/16/2021,Schoharie,7,1132,64,34965
02/17/2021,Schoharie,11,1143,137,35102
02/18/2021,Schoharie,11,1154,95,35197
02/19/2021,Schoharie,6,1160,109,35306
02/20/2021,Schoharie,8,1168,931,36237
02/21/2021,Schoharie,5,1173,88,36325
02/22/2021,Schoharie,2,1175,56,36381
02/23/2021,Schoharie,1,1176,110,36491
02/24/2021,Schoharie,7,1183,547,37038
02/25/2021,Schoharie,4,1187,559,37597
02/26/2021,Schoharie,3,1190,160,37757
02/27/2021,Schoharie,10,1200,940,38697
02/28/2021,Schoharie,10,1210,77,38774
03/01/2021,Schoharie,5,1215,54,38828
03/02/2021,Schoharie,8,1223,174,39002
03/03/2021,Schoharie,6,1229,560,39562
03/04/2021,Schoharie,12,1241,128,39690
03/05/2021,Schoharie,2,1243,93,39783
03/06/2021,Schoharie,8,1251,1000,40783
03/07/2021,Schoharie,3,1254,861,41644
03/08/2021,Schoharie,5,1259,96,41740
03/09/2021,Schoharie,4,1263,154,41894
03/10/2021,Schoharie,5,1268,705,42599
03/11/2021,Schoharie,11,1279,143,42742
03/12/2021,Schoharie,5,1284,131,42873
03/13/2021,Schoharie,7,1291,817,43690
03/14/2021,Schoharie,9,1300,105,43795
03/15/2021,Schoharie,1,1301,59,43854
03/16/2021,Schoharie,11,1312,115,43969
03/17/2021,Schoharie,11,1323,668,44637
03/18/2021,Schoharie,7,1330,159,44796
03/19/2021,Schoharie,9,1339,180,44976
03/20/2021,Schoharie,9,1348,876,45852
03/21/2021,Schoharie,11,1359,127,45979
03/22/2021,Schoharie,9,1368,82,46061
03/23/2021,Schoharie,4,1372,104,46165
03/24/2021,Schoharie,4,1376,710,46875
03/25/2021,Schoharie,8,1384,232,47107
03/26/2021,Schoharie,5,1389,384,47491
03/27/2021,Schoharie,3,1392,211,47702
03/28/2021,Schoharie,7,1399,821,48523
03/29/2021,Schoharie,2,1401,229,48752
03/30/2021,Schoharie,10,1411,212,48964
03/31/2021,Schoharie,6,1417,190,49154
04/01/2021,Schoharie,7,1424,315,49469
04/02/2021,Schoharie,10,1434,169,49638
04/03/2021,Schoharie,9,1443,477,50115
04/04/2021,Schoharie,2,1445,103,50218
04/05/2021,Schoharie,8,1453,174,50392
04/06/2021,Schoharie,9,1462,303,50695
04/07/2021,Schoharie,8,1470,452,51147
04/08/2021,Schoharie,8,1478,348,51495
04/09/2021,Schoharie,10,1488,418,51913
04/10/2021,Schoharie,5,1493,136,52049
04/11/2021,Schoharie,5,1498,74,52123
04/12/2021,Schoharie,5,1503,266,52389
04/13/2021,Schoharie,17,1520,131,52520
04/14/2021,Schoharie,18,1538,154,52674
04/15/2021,Schoharie,5,1543,381,53055
04/16/2021,Schoharie,5,1548,166,53221
04/17/2021,Schoharie,4,1552,154,53375
04/18/2021,Schoharie,3,1555,223,53598
04/19/2021,Schoharie,7,1562,78,53676
04/20/2021,Schoharie,6,1568,184,53860
04/21/2021,Schoharie,5,1573,812,54672
04/22/2021,Schoharie,6,1579,280,54952
04/23/2021,Schoharie,2,1581,216,55168
04/24/2021,Schoharie,2,1583,133,55301
04/25/2021,Schoharie,2,1585,87,55388
04/26/2021,Schoharie,0,1585,58,55446
04/27/2021,Schoharie,3,1588,286,55732
04/28/2021,Schoharie,3,1591,143,55875
04/29/2021,Schoharie,9,1600,302,56177
04/30/2021,Schoharie,9,1609,206,56383
05/01/2021,Schoharie,5,1614,168,56551
05/02/2021,Schoharie,1,1615,233,56784
05/03/2021,Schoharie,1,1616,50,56834
05/04/2021,Schoharie,7,1623,147,56981
05/05/2021,Schoharie,2,1625,122,57103
05/06/2021,Schoharie,7,1632,296,57399
05/07/2021,Schoharie,8,1640,212,57611
05/08/2021,Schoharie,3,1643,84,57695
05/09/2021,Schoharie,2,1645,237,57932
05/10/2021,Schoharie,3,1648,86,58018
05/11/2021,Schoharie,4,1652,95,58113
05/12/2021,Schoharie,3,1655,142,58255
05/13/2021,Schoharie,5,1660,310,58565
05/14/2021,Schoharie,2,1662,153,58718
05/15/2021,Schoharie,1,1663,101,58819
05/16/2021,Schoharie,4,1667,60,58879
05/17/2021,Schoharie,2,1669,82,58961
05/18/2021,Schoharie,1,1670,134,59095
05/19/2021,Schoharie,1,1671,115,59210
05/20/2021,Schoharie,8,1679,271,59481
05/21/2021,Schoharie,1,1680,131,59612
05/22/2021,Schoharie,0,1680,64,59676
05/23/2021,Schoharie,0,1680,52,59728
05/24/2021,Schoharie,2,1682,58,59786
05/25/2021,Schoharie,3,1685,74,59860
05/26/2021,Schoharie,0,1685,98,59958
05/27/2021,Schoharie,1,1686,246,60204
05/28/2021,Schoharie,1,1687,79,60283
05/29/2021,Schoharie,1,1688,60,60343
05/30/2021,Schoharie,1,1689,46,60389
05/31/2021,Schoharie,0,1689,62,60451
06/01/2021,Schoharie,0,1689,43,60494
06/02/2021,Schoharie,0,1689,80,60574
06/03/2021,Schoharie,1,1690,206,60780
06/04/2021,Schoharie,1,1691,107,60887
06/05/2021,Schoharie,1,1692,61,60948
06/06/2021,Schoharie,0,1692,41,60989
06/07/2021,Schoharie,0,1692,77,61066
06/08/2021,Schoharie,0,1692,106,61172
06/09/2021,Schoharie,0,1692,87,61259
06/10/2021,Schoharie,0,1692,81,61340
06/11/2021,Schoharie,0,1692,106,61446
06/12/2021,Schoharie,0,1692,52,61498
06/13/2021,Schoharie,0,1692,31,61529
06/14/2021,Schoharie,0,1692,52,61581
06/15/2021,Schoharie,0,1692,78,61659
06/16/2021,Schoharie,0,1692,72,61731
06/17/2021,Schoharie,0,1692,64,61795
06/18/2021,Schoharie,1,1693,84,61879
06/19/2021,Schoharie,0,1693,43,61922
06/20/2021,Schoharie,1,1694,31,61953
06/21/2021,Schoharie,0,1694,47,62000
06/22/2021,Schoharie,0,1694,55,62055
06/23/2021,Schoharie,0,1694,90,62145
06/24/2021,Schoharie,2,1696,66,62211
06/25/2021,Schoharie,0,1696,69,62280
06/26/2021,Schoharie,1,1697,48,62328
06/27/2021,Schoharie,2,1699,29,62357
06/28/2021,Schoharie,2,1701,46,62403
06/29/2021,Schoharie,0,1701,61,62464
06/30/2021,Schoharie,1,1702,43,62507
07/01/2021,Schoharie,2,1704,52,62559
07/02/2021,Schoharie,1,1705,64,62623
07/03/2021,Schoharie,0,1705,43,62666
07/04/2021,Schoharie,0,1705,20,62686
07/05/2021,Schoharie,0,1705,14,62700
07/06/2021,Schoharie,0,1705,21,62721
07/07/2021,Schoharie,1,1706,68,62789
07/08/2021,Schoharie,4,1710,72,62861
07/09/2021,Schoharie,0,1710,58,62919
07/10/2021,Schoharie,0,1710,45,62964
07/11/2021,Schoharie,0,1710,29,62993
07/12/2021,Schoharie,0,1710,34,63027
07/13/2021,Schoharie,1,1711,70,63097
07/14/2021,Schoharie,0,1711,79,63176
07/15/2021,Schoharie,3,1714,46,63222
07/16/2021,Schoharie,0,1714,42,63264
07/17/2021,Schoharie,0,1714,44,63308
07/18/2021,Schoharie,1,1715,16,63324
07/19/2021,Schoharie,1,1716,55,63379
07/20/2021,Schoharie,3,1719,44,63423
07/21/2021,Schoharie,0,1719,65,63488
07/22/2021,Schoharie,0,1719,48,63536
07/23/2021,Schoharie,0,1719,50,63586
07/24/2021,Schoharie,1,1720,38,63624
07/25/2021,Schoharie,1,1721,21,63645
07/26/2021,Schoharie,1,1722,47,63692
07/27/2021,Schoharie,3,1725,66,63758
07/28/2021,Schoharie,5,1730,65,63823
07/29/2021,Schoharie,3,1733,63,63886
07/30/2021,Schoharie,3,1736,100,63986
07/31/2021,Schoharie,6,1742,58,64044
08/01/2021,Schoharie,1,1743,49,64093
08/02/2021,Schoharie,0,1743,29,64122
08/03/2021,Schoharie,4,1747,70,64192
08/04/2021,Schoharie,4,1751,80,64272
08/05/2021,Schoharie,6,1757,62,64334
08/06/2021,Schoharie,4,1761,75,64409
08/07/2021,Schoharie,7,1768,78,64487
08/08/2021,Schoharie,4,1772,36,64523
08/09/2021,Schoharie,9,1781,87,64610
08/10/2021,Schoharie,6,1787,94,64704
08/11/2021,Schoharie,5,1792,110,64814
08/12/2021,Schoharie,8,1800,111,64925
08/13/2021,Schoharie,6,1806,90,65015
08/14/2021,Schoharie,3,1809,86,65101
08/15/2021,Schoharie,3,1812,44,65145
08/16/2021,Schoharie,2,1814,57,65202
08/17/2021,Schoharie,2,1816,88,65290
08/18/2021,Schoharie,4,1820,112,65402
08/19/2021,Schoharie,3,1823,139,65541
08/20/2021,Schoharie,4,1827,109,65650
08/21/2021,Schoharie,5,1832,89,65739
08/22/2021,Schoharie,1,1833,47,65786
08/23/2021,Schoharie,5,1838,75,65861
08/24/2021,Schoharie,4,1842,137,65998
08/25/2021,Schoharie,9,1851,155,66153
08/26/2021,Schoharie,11,1862,123,66276
08/27/2021,Schoharie,10,1872,156,66432
08/28/2021,Schoharie,7,1879,118,66550
08/29/2021,Schoharie,7,1886,51,66601
08/30/2021,Schoharie,2,1888,81,66682
08/31/2021,Schoharie,7,1895,330,67012
09/01/2021,Schoharie,4,1899,118,67130
09/02/2021,Schoharie,13,1912,146,67276
09/03/2021,Schoharie,14,1926,147,67423
09/04/2021,Schoharie,8,1934,79,67502
09/05/2021,Schoharie,10,1944,79,67581
09/06/2021,Schoharie,7,1951,29,67610
09/07/2021,Schoharie,12,1963,55,67665
09/08/2021,Schoharie,10,1973,123,67788
09/09/2021,Schoharie,15,1988,593,68381
09/10/2021,Schoharie,9,1997,151,68532
09/11/2021,Schoharie,11,2008,451,68983
09/12/2021,Schoharie,8,2016,64,69047
09/13/2021,Schoharie,7,2023,64,69111
09/14/2021,Schoharie,5,2028,134,69245
09/15/2021,Schoharie,7,2035,165,69410
09/16/2021,Schoharie,6,2041,286,69696
09/17/2021,Schoharie,9,2050,125,69821
09/18/2021,Schoharie,4,2054,127,69948
09/19/2021,Schoharie,11,2065,88,70036
09/20/2021,Schoharie,7,2072,97,70133
09/21/2021,Schoharie,4,2076,158,70291
09/22/2021,Schoharie,7,2083,161,70452
09/23/2021,Schoharie,9,2092,494,70946
09/24/2021,Schoharie,11,2103,199,71145
09/25/2021,Schoharie,6,2109,133,71278
09/26/2021,Schoharie,7,2116,83,71361
09/27/2021,Schoharie,6,2122,119,71480
09/28/2021,Schoharie,11,2133,134,71614
09/29/2021,Schoharie,12,2145,204,71818
09/30/2021,Schoharie,10,2155,362,72180
10/01/2021,Schoharie,9,2164,181,72361
10/02/2021,Schoharie,17,2181,143,72504
10/03/2021,Schoharie,1,2182,90,72594
10/04/2021,Schoharie,3,2185,104,72698
10/05/2021,Schoharie,9,2194,182,72880
10/06/2021,Schoharie,3,2197,179,73059
10/07/2021,Schoharie,10,2207,313,73372
10/08/2021,Schoharie,7,2214,221,73593
10/09/2021,Schoharie,3,2217,79,73672
10/10/2021,Schoharie,12,2229,162,73834
10/11/2021,Schoharie,2,2231,68,73902
10/12/2021,Schoharie,6,2237,119,74021
10/13/2021,Schoharie,9,2246,148,74169
10/14/2021,Schoharie,8,2254,191,74360
10/15/2021,Schoharie,8,2262,214,74574
10/16/2021,Schoharie,10,2272,195,74769
10/17/2021,Schoharie,4,2276,109,74878
10/18/2021,Schoharie,1,2277,76,74954
10/19/2021,Schoharie,12,2289,218,75172
10/20/2021,Schoharie,6,2295,186,75358
10/21/2021,Schoharie,6,2301,343,75701
10/22/2021,Schoharie,21,2322,240,75941
10/23/2021,Schoharie,6,2328,128,76069
03/01/2020,Schuyler,0,0,0,0
03/02/2020,Schuyler,0,0,0,0
03/03/2020,Schuyler,0,0,0,0
03/04/2020,Schuyler,0,0,0,0
03/05/2020,Schuyler,0,0,0,0
03/06/2020,Schuyler,0,0,0,0
03/07/2020,Schuyler,0,0,0,0
03/08/2020,Schuyler,0,0,0,0
03/09/2020,Schuyler,0,0,0,0
03/10/2020,Schuyler,0,0,0,0
03/11/2020,Schuyler,0,0,0,0
03/12/2020,Schuyler,0,0,0,0
03/13/2020,Schuyler,0,0,0,0
03/14/2020,Schuyler,0,0,1,1
03/15/2020,Schuyler,0,0,1,2
03/16/2020,Schuyler,0,0,2,4
03/17/2020,Schuyler,0,0,0,4
03/18/2020,Schuyler,0,0,1,5
03/19/2020,Schuyler,0,0,0,5
03/20/2020,Schuyler,0,0,9,14
03/21/2020,Schuyler,0,0,3,17
03/22/2020,Schuyler,0,0,7,24
03/23/2020,Schuyler,0,0,8,32
03/24/2020,Schuyler,0,0,0,32
03/25/2020,Schuyler,0,0,1,33
03/26/2020,Schuyler,0,0,8,41
03/27/2020,Schuyler,1,1,6,47
03/28/2020,Schuyler,0,1,7,54
03/29/2020,Schuyler,1,2,6,60
03/30/2020,Schuyler,0,2,6,66
03/31/2020,Schuyler,0,2,1,67
04/01/2020,Schuyler,1,3,8,75
04/02/2020,Schuyler,0,3,13,88
04/03/2020,Schuyler,1,4,5,93
04/04/2020,Schuyler,0,4,2,95
04/05/2020,Schuyler,0,4,9,104
04/06/2020,Schuyler,0,4,4,108
04/07/2020,Schuyler,0,4,12,120
04/08/2020,Schuyler,0,4,20,140
04/09/2020,Schuyler,1,5,4,144
04/10/2020,Schuyler,0,5,7,151
04/11/2020,Schuyler,0,5,1,152
04/12/2020,Schuyler,0,5,1,153
04/13/2020,Schuyler,1,6,11,164
04/14/2020,Schuyler,0,6,0,164
04/15/2020,Schuyler,0,6,5,169
04/16/2020,Schuyler,0,6,8,177
04/17/2020,Schuyler,0,6,4,181
04/18/2020,Schuyler,0,6,0,181
04/19/2020,Schuyler,1,7,4,185
04/20/2020,Schuyler,0,7,4,189
04/21/2020,Schuyler,0,7,10,199
04/22/2020,Schuyler,0,7,108,307
04/23/2020,Schuyler,0,7,18,325
04/24/2020,Schuyler,0,7,38,363
04/25/2020,Schuyler,0,7,10,373
04/26/2020,Schuyler,0,7,9,382
04/27/2020,Schuyler,0,7,8,390
04/28/2020,Schuyler,0,7,15,405
04/29/2020,Schuyler,0,7,7,412
04/30/2020,Schuyler,0,7,6,418
05/01/2020,Schuyler,0,7,7,425
05/02/2020,Schuyler,0,7,2,427
05/03/2020,Schuyler,0,7,12,439
05/04/2020,Schuyler,0,7,5,444
05/05/2020,Schuyler,0,7,31,475
05/06/2020,Schuyler,0,7,12,487
05/07/2020,Schuyler,0,7,9,496
05/08/2020,Schuyler,0,7,38,534
05/09/2020,Schuyler,0,7,31,565
05/10/2020,Schuyler,0,7,14,579
05/11/2020,Schuyler,1,8,17,596
05/12/2020,Schuyler,0,8,32,628
05/13/2020,Schuyler,0,8,46,674
05/14/2020,Schuyler,0,8,18,692
05/15/2020,Schuyler,0,8,52,744
05/16/2020,Schuyler,1,9,32,776
05/17/2020,Schuyler,1,10,55,831
05/18/2020,Schuyler,0,10,57,888
05/19/2020,Schuyler,0,10,44,932
05/20/2020,Schuyler,0,10,42,974
05/21/2020,Schuyler,1,11,49,1023
05/22/2020,Schuyler,0,11,78,1101
05/23/2020,Schuyler,0,11,45,1146
05/24/2020,Schuyler,0,11,52,1198
05/25/2020,Schuyler,0,11,14,1212
05/26/2020,Schuyler,0,11,68,1280
05/27/2020,Schuyler,0,11,41,1321
05/28/2020,Schuyler,0,11,52,1373
05/29/2020,Schuyler,0,11,64,1437
05/30/2020,Schuyler,0,11,76,1513
05/31/2020,Schuyler,0,11,30,1543
06/01/2020,Schuyler,1,12,26,1569
06/02/2020,Schuyler,0,12,40,1609
06/03/2020,Schuyler,0,12,22,1631
06/04/2020,Schuyler,0,12,32,1663
06/05/2020,Schuyler,0,12,139,1802
06/06/2020,Schuyler,0,12,47,1849
06/07/2020,Schuyler,0,12,45,1894
06/08/2020,Schuyler,0,12,81,1975
06/09/2020,Schuyler,0,12,46,2021
06/10/2020,Schuyler,0,12,47,2068
06/11/2020,Schuyler,0,12,51,2119
06/12/2020,Schuyler,0,12,67,2186
06/13/2020,Schuyler,0,12,30,2216
06/14/2020,Schuyler,0,12,43,2259
06/15/2020,Schuyler,0,12,68,2327
06/16/2020,Schuyler,0,12,59,2386
06/17/2020,Schuyler,0,12,42,2428
06/18/2020,Schuyler,0,12,67,2495
06/19/2020,Schuyler,0,12,57,2552
06/20/2020,Schuyler,0,12,31,2583
06/21/2020,Schuyler,0,12,33,2616
06/22/2020,Schuyler,0,12,63,2679
06/23/2020,Schuyler,0,12,63,2742
06/24/2020,Schuyler,0,12,26,2768
06/25/2020,Schuyler,0,12,31,2799
06/26/2020,Schuyler,0,12,69,2868
06/27/2020,Schuyler,0,12,56,2924
06/28/2020,Schuyler,0,12,36,2960
06/29/2020,Schuyler,0,12,61,3021
06/30/2020,Schuyler,1,13,44,3065
07/01/2020,Schuyler,0,13,33,3098
07/02/2020,Schuyler,0,13,27,3125
07/03/2020,Schuyler,0,13,74,3199
07/04/2020,Schuyler,0,13,47,3246
07/05/2020,Schuyler,0,13,51,3297
07/06/2020,Schuyler,0,13,38,3335
07/07/2020,Schuyler,0,13,46,3381
07/08/2020,Schuyler,0,13,15,3396
07/09/2020,Schuyler,0,13,47,3443
07/10/2020,Schuyler,2,15,52,3495
07/11/2020,Schuyler,0,15,93,3588
07/12/2020,Schuyler,0,15,27,3615
07/13/2020,Schuyler,0,15,70,3685
07/14/2020,Schuyler,0,15,48,3733
07/15/2020,Schuyler,0,15,134,3867
07/16/2020,Schuyler,0,15,63,3930
07/17/2020,Schuyler,1,16,67,3997
07/18/2020,Schuyler,0,16,67,4064
07/19/2020,Schuyler,4,20,19,4083
07/20/2020,Schuyler,0,20,35,4118
07/21/2020,Schuyler,0,20,99,4217
07/22/2020,Schuyler,0,20,142,4359
07/23/2020,Schuyler,0,20,69,4428
07/24/2020,Schuyler,0,20,83,4511
07/25/2020,Schuyler,0,20,51,4562
07/26/2020,Schuyler,0,20,20,4582
07/27/2020,Schuyler,0,20,23,4605
07/28/2020,Schuyler,0,20,56,4661
07/29/2020,Schuyler,0,20,99,4760
07/30/2020,Schuyler,1,21,98,4858
07/31/2020,Schuyler,1,22,66,4924
08/01/2020,Schuyler,0,22,82,5006
08/02/2020,Schuyler,0,22,9,5015
08/03/2020,Schuyler,0,22,34,5049
08/04/2020,Schuyler,0,22,43,5092
08/05/2020,Schuyler,0,22,91,5183
08/06/2020,Schuyler,0,22,116,5299
08/07/2020,Schuyler,0,22,48,5347
08/08/2020,Schuyler,0,22,101,5448
08/09/2020,Schuyler,0,22,27,5475
08/10/2020,Schuyler,0,22,44,5519
08/11/2020,Schuyler,0,22,53,5572
08/12/2020,Schuyler,0,22,43,5615
08/13/2020,Schuyler,0,22,107,5722
08/14/2020,Schuyler,1,23,69,5791
08/15/2020,Schuyler,0,23,91,5882
08/16/2020,Schuyler,0,23,56,5938
08/17/2020,Schuyler,0,23,23,5961
08/18/2020,Schuyler,0,23,58,6019
08/19/2020,Schuyler,0,23,28,6047
08/20/2020,Schuyler,1,24,157,6204
08/21/2020,Schuyler,0,24,70,6274
08/22/2020,Schuyler,0,24,65,6339
08/23/2020,Schuyler,0,24,33,6372
08/24/2020,Schuyler,0,24,19,6391
08/25/2020,Schuyler,0,24,54,6445
08/26/2020,Schuyler,0,24,97,6542
08/27/2020,Schuyler,1,25,88,6630
08/28/2020,Schuyler,1,26,62,6692
08/29/2020,Schuyler,0,26,58,6750
08/30/2020,Schuyler,0,26,20,6770
08/31/2020,Schuyler,0,26,28,6798
09/01/2020,Schuyler,0,26,47,6845
09/02/2020,Schuyler,1,27,127,6972
09/03/2020,Schuyler,0,27,68,7040
09/04/2020,Schuyler,0,27,82,7122
09/05/2020,Schuyler,1,28,127,7249
09/06/2020,Schuyler,0,28,17,7266
09/07/2020,Schuyler,1,29,42,7308
09/08/2020,Schuyler,0,29,34,7342
09/09/2020,Schuyler,0,29,84,7426
09/10/2020,Schuyler,1,30,100,7526
09/11/2020,Schuyler,2,32,114,7640
09/12/2020,Schuyler,0,32,29,7669
09/13/2020,Schuyler,0,32,63,7732
09/14/2020,Schuyler,1,33,87,7819
09/15/2020,Schuyler,0,33,85,7904
09/16/2020,Schuyler,0,33,150,8054
09/17/2020,Schuyler,4,37,99,8153
09/18/2020,Schuyler,0,37,132,8285
09/19/2020,Schuyler,1,38,109,8394
09/20/2020,Schuyler,0,38,26,8420
09/21/2020,Schuyler,1,39,52,8472
09/22/2020,Schuyler,1,40,106,8578
09/23/2020,Schuyler,0,40,130,8708
09/24/2020,Schuyler,1,41,137,8845
09/25/2020,Schuyler,0,41,112,8957
09/26/2020,Schuyler,0,41,60,9017
09/27/2020,Schuyler,0,41,23,9040
09/28/2020,Schuyler,2,43,29,9069
09/29/2020,Schuyler,0,43,86,9155
09/30/2020,Schuyler,4,47,141,9296
10/01/2020,Schuyler,2,49,110,9406
10/02/2020,Schuyler,0,49,89,9495
10/03/2020,Schuyler,2,51,103,9598
10/04/2020,Schuyler,6,57,84,9682
10/05/2020,Schuyler,1,58,65,9747
10/06/2020,Schuyler,1,59,93,9840
10/07/2020,Schuyler,3,62,178,10018
10/08/2020,Schuyler,4,66,139,10157
10/09/2020,Schuyler,0,66,205,10362
10/10/2020,Schuyler,1,67,175,10537
10/11/2020,Schuyler,5,72,97,10634
10/12/2020,Schuyler,4,76,68,10702
10/13/2020,Schuyler,3,79,91,10793
10/14/2020,Schuyler,3,82,146,10939
10/15/2020,Schuyler,3,85,169,11108
10/16/2020,Schuyler,1,86,169,11277
10/17/2020,Schuyler,2,88,140,11417
10/18/2020,Schuyler,5,93,100,11517
10/19/2020,Schuyler,7,100,61,11578
10/20/2020,Schuyler,4,104,178,11756
10/21/2020,Schuyler,5,109,141,11897
10/22/2020,Schuyler,2,111,156,12053
10/23/2020,Schuyler,4,115,164,12217
10/24/2020,Schuyler,1,116,220,12437
10/25/2020,Schuyler,3,119,56,12493
10/26/2020,Schuyler,5,124,109,12602
10/27/2020,Schuyler,2,126,196,12798
10/28/2020,Schuyler,9,135,165,12963
10/29/2020,Schuyler,4,139,164,13127
10/30/2020,Schuyler,8,147,148,13275
10/31/2020,Schuyler,2,149,208,13483
11/01/2020,Schuyler,6,155,48,13531
11/02/2020,Schuyler,4,159,60,13591
11/03/2020,Schuyler,5,164,191,13782
11/04/2020,Schuyler,2,166,131,13913
11/05/2020,Schuyler,6,172,166,14079
11/06/2020,Schuyler,6,178,162,14241
11/07/2020,Schuyler,5,183,274,14515
11/08/2020,Schuyler,3,186,98,14613
11/09/2020,Schuyler,10,196,104,14717
11/10/2020,Schuyler,4,200,179,14896
11/11/2020,Schuyler,8,208,127,15023
11/12/2020,Schuyler,2,210,188,15211
11/13/2020,Schuyler,8,218,143,15354
11/14/2020,Schuyler,10,228,72,15426
11/15/2020,Schuyler,3,231,162,15588
11/16/2020,Schuyler,6,237,87,15675
11/17/2020,Schuyler,1,238,127,15802
11/18/2020,Schuyler,9,247,193,15995
11/19/2020,Schuyler,1,248,75,16070
11/20/2020,Schuyler,5,253,308,16378
11/21/2020,Schuyler,9,262,132,16510
11/22/2020,Schuyler,9,271,271,16781
11/23/2020,Schuyler,3,274,75,16856
11/24/2020,Schuyler,11,285,207,17063
11/25/2020,Schuyler,4,289,192,17255
11/26/2020,Schuyler,7,296,174,17429
11/27/2020,Schuyler,10,306,249,17678
11/28/2020,Schuyler,8,314,94,17772
11/29/2020,Schuyler,2,316,56,17828
11/30/2020,Schuyler,4,320,47,17875
12/01/2020,Schuyler,3,323,127,18002
12/02/2020,Schuyler,3,326,184,18186
12/03/2020,Schuyler,12,338,186,18372
12/04/2020,Schuyler,12,350,206,18578
12/05/2020,Schuyler,2,352,247,18825
12/06/2020,Schuyler,3,355,169,18994
12/07/2020,Schuyler,4,359,56,19050
12/08/2020,Schuyler,5,364,133,19183
12/09/2020,Schuyler,6,370,238,19421
12/10/2020,Schuyler,2,372,295,19716
12/11/2020,Schuyler,7,379,197,19913
12/12/2020,Schuyler,4,383,229,20142
12/13/2020,Schuyler,6,389,86,20228
12/14/2020,Schuyler,6,395,55,20283
12/15/2020,Schuyler,5,400,151,20434
12/16/2020,Schuyler,6,406,163,20597
12/17/2020,Schuyler,14,420,282,20879
12/18/2020,Schuyler,8,428,108,20987
12/19/2020,Schuyler,13,441,285,21272
12/20/2020,Schuyler,4,445,69,21341
12/21/2020,Schuyler,4,449,63,21404
12/22/2020,Schuyler,9,458,177,21581
12/23/2020,Schuyler,10,468,163,21744
12/24/2020,Schuyler,8,476,302,22046
12/25/2020,Schuyler,14,490,145,22191
12/26/2020,Schuyler,1,491,44,22235
12/27/2020,Schuyler,6,497,65,22300
12/28/2020,Schuyler,7,504,47,22347
12/29/2020,Schuyler,11,515,177,22524
12/30/2020,Schuyler,11,526,246,22770
12/31/2020,Schuyler,8,534,168,22938
01/01/2021,Schuyler,23,557,216,23154
01/02/2021,Schuyler,0,557,51,23205
01/03/2021,Schuyler,14,571,101,23306
01/04/2021,Schuyler,2,573,63,23369
01/05/2021,Schuyler,16,589,161,23530
01/06/2021,Schuyler,15,604,307,23837
01/07/2021,Schuyler,18,622,235,24072
01/08/2021,Schuyler,13,635,241,24313
01/09/2021,Schuyler,9,644,220,24533
01/10/2021,Schuyler,6,650,75,24608
01/11/2021,Schuyler,7,657,67,24675
01/12/2021,Schuyler,14,671,199,24874
01/13/2021,Schuyler,3,674,230,25104
01/14/2021,Schuyler,10,684,261,25365
01/15/2021,Schuyler,15,699,245,25610
01/16/2021,Schuyler,11,710,275,25885
01/17/2021,Schuyler,4,714,85,25970
01/18/2021,Schuyler,2,716,65,26035
01/19/2021,Schuyler,8,724,212,26247
01/20/2021,Schuyler,6,730,246,26493
01/21/2021,Schuyler,15,745,220,26713
01/22/2021,Schuyler,6,751,258,26971
01/23/2021,Schuyler,5,756,301,27272
01/24/2021,Schuyler,4,760,80,27352
01/25/2021,Schuyler,7,767,73,27425
01/26/2021,Schuyler,4,771,180,27605
01/27/2021,Schuyler,8,779,214,27819
01/28/2021,Schuyler,11,790,258,28077
01/29/2021,Schuyler,8,798,222,28299
01/30/2021,Schuyler,2,800,145,28444
01/31/2021,Schuyler,3,803,99,28543
02/01/2021,Schuyler,5,808,73,28616
02/02/2021,Schuyler,3,811,113,28729
02/03/2021,Schuyler,5,816,193,28922
02/04/2021,Schuyler,3,819,131,29053
02/05/2021,Schuyler,5,824,206,29259
02/06/2021,Schuyler,4,828,139,29398
02/07/2021,Schuyler,2,830,120,29518
02/08/2021,Schuyler,0,830,46,29564
02/09/2021,Schuyler,0,830,112,29676
02/10/2021,Schuyler,7,837,242,29918
02/11/2021,Schuyler,2,839,174,30092
02/12/2021,Schuyler,2,841,168,30260
02/13/2021,Schuyler,1,842,112,30372
02/14/2021,Schuyler,2,844,66,30438
02/15/2021,Schuyler,1,845,37,30475
02/16/2021,Schuyler,1,846,97,30572
02/17/2021,Schuyler,0,846,203,30775
02/18/2021,Schuyler,0,846,155,30930
02/19/2021,Schuyler,1,847,159,31089
02/20/2021,Schuyler,3,850,150,31239
02/21/2021,Schuyler,0,850,39,31278
02/22/2021,Schuyler,1,851,64,31342
02/23/2021,Schuyler,1,852,105,31447
02/24/2021,Schuyler,5,857,124,31571
02/25/2021,Schuyler,2,859,179,31750
02/26/2021,Schuyler,3,862,156,31906
02/27/2021,Schuyler,2,864,138,32044
02/28/2021,Schuyler,4,868,58,32102
03/01/2021,Schuyler,0,868,51,32153
03/02/2021,Schuyler,1,869,97,32250
03/03/2021,Schuyler,1,870,198,32448
03/04/2021,Schuyler,1,871,194,32642
03/05/2021,Schuyler,1,872,154,32796
03/06/2021,Schuyler,1,873,149,32945
03/07/2021,Schuyler,1,874,38,32983
03/08/2021,Schuyler,1,875,36,33019
03/09/2021,Schuyler,0,875,120,33139
03/10/2021,Schuyler,1,876,138,33277
03/11/2021,Schuyler,3,879,169,33446
03/12/2021,Schuyler,1,880,118,33564
03/13/2021,Schuyler,4,884,148,33712
03/14/2021,Schuyler,1,885,39,33751
03/15/2021,Schuyler,0,885,41,33792
03/16/2021,Schuyler,4,889,154,33946
03/17/2021,Schuyler,4,893,153,34099
03/18/2021,Schuyler,6,899,161,34260
03/19/2021,Schuyler,1,900,190,34450
03/20/2021,Schuyler,4,904,156,34606
03/21/2021,Schuyler,0,904,74,34680
03/22/2021,Schuyler,1,905,35,34715
03/23/2021,Schuyler,0,905,150,34865
03/24/2021,Schuyler,1,906,174,35039
03/25/2021,Schuyler,4,910,208,35247
03/26/2021,Schuyler,7,917,175,35422
03/27/2021,Schuyler,4,921,161,35583
03/28/2021,Schuyler,3,924,73,35656
03/29/2021,Schuyler,3,927,58,35714
03/30/2021,Schuyler,2,929,238,35952
03/31/2021,Schuyler,5,934,194,36146
04/01/2021,Schuyler,8,942,192,36338
04/02/2021,Schuyler,6,948,250,36588
04/03/2021,Schuyler,1,949,139,36727
04/04/2021,Schuyler,5,954,64,36791
04/05/2021,Schuyler,3,957,54,36845
04/06/2021,Schuyler,6,963,119,36964
04/07/2021,Schuyler,3,966,149,37113
04/08/2021,Schuyler,3,969,237,37350
04/09/2021,Schuyler,3,972,201,37551
04/10/2021,Schuyler,3,975,169,37720
04/11/2021,Schuyler,0,975,43,37763
04/12/2021,Schuyler,2,977,72,37835
04/13/2021,Schuyler,2,979,122,37957
04/14/2021,Schuyler,4,983,171,38128
04/15/2021,Schuyler,5,988,290,38418
04/16/2021,Schuyler,0,988,167,38585
04/17/2021,Schuyler,2,990,193,38778
04/18/2021,Schuyler,2,992,69,38847
04/19/2021,Schuyler,1,993,40,38887
04/20/2021,Schuyler,0,993,171,39058
04/21/2021,Schuyler,4,997,194,39252
04/22/2021,Schuyler,0,997,199,39451
04/23/2021,Schuyler,4,1001,159,39610
04/24/2021,Schuyler,4,1005,153,39763
04/25/2021,Schuyler,1,1006,69,39832
04/26/2021,Schuyler,0,1006,37,39869
04/27/2021,Schuyler,2,1008,219,40088
04/28/2021,Schuyler,5,1013,182,40270
04/29/2021,Schuyler,1,1014,169,40439
04/30/2021,Schuyler,3,1017,238,40677
05/01/2021,Schuyler,2,1019,127,40804
05/02/2021,Schuyler,1,1020,61,40865
05/03/2021,Schuyler,2,1022,41,40906
05/04/2021,Schuyler,1,1023,105,41011
05/05/2021,Schuyler,3,1026,238,41249
05/06/2021,Schuyler,0,1026,118,41367
05/07/2021,Schuyler,0,1026,205,41572
05/08/2021,Schuyler,0,1026,139,41711
05/09/2021,Schuyler,0,1026,35,41746
05/10/2021,Schuyler,0,1026,65,41811
05/11/2021,Schuyler,2,1028,94,41905
05/12/2021,Schuyler,0,1028,145,42050
05/13/2021,Schuyler,0,1028,137,42187
05/14/2021,Schuyler,2,1030,118,42305
05/15/2021,Schuyler,3,1033,122,42427
05/16/2021,Schuyler,0,1033,53,42480
05/17/2021,Schuyler,0,1033,32,42512
05/18/2021,Schuyler,2,1035,129,42641
05/19/2021,Schuyler,0,1035,120,42761
05/20/2021,Schuyler,4,1039,139,42900
05/21/2021,Schuyler,3,1042,120,43020
05/22/2021,Schuyler,3,1045,89,43109
05/23/2021,Schuyler,2,1047,35,43144
05/24/2021,Schuyler,1,1048,32,43176
05/25/2021,Schuyler,1,1049,91,43267
05/26/2021,Schuyler,2,1051,141,43408
05/27/2021,Schuyler,1,1052,115,43523
05/28/2021,Schuyler,1,1053,95,43618
05/29/2021,Schuyler,0,1053,68,43686
05/30/2021,Schuyler,3,1056,22,43708
05/31/2021,Schuyler,0,1056,23,43731
06/01/2021,Schuyler,0,1056,47,43778
06/02/2021,Schuyler,0,1056,84,43862
06/03/2021,Schuyler,4,1060,152,44014
06/04/2021,Schuyler,1,1061,112,44126
06/05/2021,Schuyler,3,1064,94,44220
06/06/2021,Schuyler,2,1066,34,44254
06/07/2021,Schuyler,0,1066,25,44279
06/08/2021,Schuyler,3,1069,79,44358
06/09/2021,Schuyler,1,1070,140,44498
06/10/2021,Schuyler,0,1070,99,44597
06/11/2021,Schuyler,1,1071,93,44690
06/12/2021,Schuyler,1,1072,64,44754
06/13/2021,Schuyler,2,1074,24,44778
06/14/2021,Schuyler,1,1075,30,44808
06/15/2021,Schuyler,5,1080,78,44886
06/16/2021,Schuyler,0,1080,66,44952
06/17/2021,Schuyler,0,1080,53,45005
06/18/2021,Schuyler,0,1080,87,45092
06/19/2021,Schuyler,0,1080,47,45139
06/20/2021,Schuyler,0,1080,17,45156
06/21/2021,Schuyler,1,1081,23,45179
06/22/2021,Schuyler,0,1081,59,45238
06/23/2021,Schuyler,0,1081,79,45317
06/24/2021,Schuyler,0,1081,57,45374
06/25/2021,Schuyler,0,1081,53,45427
06/26/2021,Schuyler,1,1082,60,45487
06/27/2021,Schuyler,0,1082,57,45544
06/28/2021,Schuyler,0,1082,20,45564
06/29/2021,Schuyler,0,1082,55,45619
06/30/2021,Schuyler,0,1082,60,45679
07/01/2021,Schuyler,0,1082,53,45732
07/02/2021,Schuyler,0,1082,90,45822
07/03/2021,Schuyler,0,1082,48,45870
07/04/2021,Schuyler,0,1082,18,45888
07/05/2021,Schuyler,0,1082,13,45901
07/06/2021,Schuyler,0,1082,13,45914
07/07/2021,Schuyler,0,1082,76,45990
07/08/2021,Schuyler,0,1082,45,46035
07/09/2021,Schuyler,0,1082,65,46100
07/10/2021,Schuyler,0,1082,32,46132
07/11/2021,Schuyler,0,1082,28,46160
07/12/2021,Schuyler,0,1082,29,46189
07/13/2021,Schuyler,0,1082,66,46255
07/14/2021,Schuyler,0,1082,49,46304
07/15/2021,Schuyler,0,1082,25,46329
07/16/2021,Schuyler,0,1082,28,46357
07/17/2021,Schuyler,0,1082,31,46388
07/18/2021,Schuyler,0,1082,14,46402
07/19/2021,Schuyler,1,1083,32,46434
07/20/2021,Schuyler,0,1083,39,46473
07/21/2021,Schuyler,1,1084,53,46526
07/22/2021,Schuyler,2,1086,50,46576
07/23/2021,Schuyler,0,1086,33,46609
07/24/2021,Schuyler,2,1088,48,46657
07/25/2021,Schuyler,0,1088,13,46670
07/26/2021,Schuyler,0,1088,23,46693
07/27/2021,Schuyler,1,1089,70,46763
07/28/2021,Schuyler,0,1089,52,46815
07/29/2021,Schuyler,1,1090,50,46865
07/30/2021,Schuyler,0,1090,48,46913
07/31/2021,Schuyler,0,1090,39,46952
08/01/2021,Schuyler,0,1090,14,46966
08/02/2021,Schuyler,0,1090,21,46987
08/03/2021,Schuyler,0,1090,97,47084
08/04/2021,Schuyler,0,1090,53,47137
08/05/2021,Schuyler,1,1091,38,47175
08/06/2021,Schuyler,2,1093,56,47231
08/07/2021,Schuyler,1,1094,41,47272
08/08/2021,Schuyler,1,1095,39,47311
08/09/2021,Schuyler,0,1095,16,47327
08/10/2021,Schuyler,1,1096,92,47419
08/11/2021,Schuyler,0,1096,73,47492
08/12/2021,Schuyler,0,1096,47,47539
08/13/2021,Schuyler,2,1098,34,47573
08/14/2021,Schuyler,2,1100,52,47625
08/15/2021,Schuyler,1,1101,22,47647
08/16/2021,Schuyler,2,1103,31,47678
08/17/2021,Schuyler,2,1105,62,47740
08/18/2021,Schuyler,5,1110,77,47817
08/19/2021,Schuyler,7,1117,107,47924
08/20/2021,Schuyler,6,1123,67,47991
08/21/2021,Schuyler,4,1127,89,48080
08/22/2021,Schuyler,0,1127,40,48120
08/23/2021,Schuyler,1,1128,29,48149
08/24/2021,Schuyler,2,1130,55,48204
08/25/2021,Schuyler,3,1133,93,48297
08/26/2021,Schuyler,5,1138,85,48382
08/27/2021,Schuyler,1,1139,73,48455
08/28/2021,Schuyler,0,1139,158,48613
08/29/2021,Schuyler,5,1144,78,48691
08/30/2021,Schuyler,2,1146,27,48718
08/31/2021,Schuyler,0,1146,95,48813
09/01/2021,Schuyler,8,1154,182,48995
09/02/2021,Schuyler,3,1157,130,49125
09/03/2021,Schuyler,9,1166,177,49302
09/04/2021,Schuyler,8,1174,138,49440
09/05/2021,Schuyler,4,1178,67,49507
09/06/2021,Schuyler,6,1184,45,49552
09/07/2021,Schuyler,7,1191,54,49606
09/08/2021,Schuyler,4,1195,180,49786
09/09/2021,Schuyler,8,1203,150,49936
09/10/2021,Schuyler,9,1212,173,50109
09/11/2021,Schuyler,8,1220,215,50324
09/12/2021,Schuyler,3,1223,118,50442
09/13/2021,Schuyler,4,1227,68,50510
09/14/2021,Schuyler,5,1232,110,50620
09/15/2021,Schuyler,14,1246,198,50818
09/16/2021,Schuyler,7,1253,174,50992
09/17/2021,Schuyler,2,1255,151,51143
09/18/2021,Schuyler,9,1264,248,51391
09/19/2021,Schuyler,8,1272,95,51486
09/20/2021,Schuyler,5,1277,82,51568
09/21/2021,Schuyler,7,1284,151,51719
09/22/2021,Schuyler,5,1289,186,51905
09/23/2021,Schuyler,12,1301,305,52210
09/24/2021,Schuyler,10,1311,257,52467
09/25/2021,Schuyler,10,1321,201,52668
09/26/2021,Schuyler,10,1331,114,52782
09/27/2021,Schuyler,2,1333,52,52834
09/28/2021,Schuyler,10,1343,212,53046
09/29/2021,Schuyler,8,1351,195,53241
09/30/2021,Schuyler,10,1361,262,53503
10/01/2021,Schuyler,6,1367,243,53746
10/02/2021,Schuyler,7,1374,190,53936
10/03/2021,Schuyler,2,1376,34,53970
10/04/2021,Schuyler,11,1387,215,54185
10/05/2021,Schuyler,9,1396,185,54370
10/06/2021,Schuyler,7,1403,219,54589
10/07/2021,Schuyler,13,1416,210,54799
10/08/2021,Schuyler,6,1422,233,55032
10/09/2021,Schuyler,13,1435,158,55190
10/10/2021,Schuyler,5,1440,57,55247
10/11/2021,Schuyler,3,1443,107,55354
10/12/2021,Schuyler,12,1455,141,55495
10/13/2021,Schuyler,18,1473,222,55717
10/14/2021,Schuyler,13,1486,234,55951
10/15/2021,Schuyler,7,1493,244,56195
10/16/2021,Schuyler,20,1513,175,56370
10/17/2021,Schuyler,5,1518,60,56430
10/18/2021,Schuyler,6,1524,175,56605
10/19/2021,Schuyler,8,1532,196,56801
10/20/2021,Schuyler,6,1538,273,57074
10/21/2021,Schuyler,6,1544,176,57250
10/22/2021,Schuyler,2,1546,248,57498
10/23/2021,Schuyler,8,1554,205,57703
03/01/2020,Seneca,0,0,0,0
03/02/2020,Seneca,0,0,0,0
03/03/2020,Seneca,0,0,0,0
03/04/2020,Seneca,0,0,0,0
03/05/2020,Seneca,0,0,0,0
03/06/2020,Seneca,0,0,0,0
03/07/2020,Seneca,0,0,0,0
03/08/2020,Seneca,0,0,0,0
03/09/2020,Seneca,0,0,0,0
03/10/2020,Seneca,0,0,0,0
03/11/2020,Seneca,0,0,0,0
03/12/2020,Seneca,0,0,0,0
03/13/2020,Seneca,0,0,0,0
03/14/2020,Seneca,0,0,0,0
03/15/2020,Seneca,0,0,1,1
03/16/2020,Seneca,0,0,1,2
03/17/2020,Seneca,0,0,1,3
03/18/2020,Seneca,0,0,2,5
03/19/2020,Seneca,0,0,2,7
03/20/2020,Seneca,0,0,6,13
03/21/2020,Seneca,0,0,3,16
03/22/2020,Seneca,0,0,4,20
03/23/2020,Seneca,0,0,11,31
03/24/2020,Seneca,0,0,0,31
03/25/2020,Seneca,0,0,6,37
03/26/2020,Seneca,0,0,11,48
03/27/2020,Seneca,0,0,16,64
03/28/2020,Seneca,0,0,4,68
03/29/2020,Seneca,0,0,5,73
03/30/2020,Seneca,2,2,7,80
03/31/2020,Seneca,0,2,1,81
04/01/2020,Seneca,2,4,14,95
04/02/2020,Seneca,2,6,13,108
04/03/2020,Seneca,0,6,7,115
04/04/2020,Seneca,3,9,15,130
04/05/2020,Seneca,0,9,11,141
04/06/2020,Seneca,1,10,8,149
04/07/2020,Seneca,2,12,14,163
04/08/2020,Seneca,3,15,20,183
04/09/2020,Seneca,0,15,8,191
04/10/2020,Seneca,1,16,5,196
04/11/2020,Seneca,0,16,3,199
04/12/2020,Seneca,0,16,1,200
04/13/2020,Seneca,2,18,33,233
04/14/2020,Seneca,0,18,1,234
04/15/2020,Seneca,0,18,2,236
04/16/2020,Seneca,0,18,3,239
04/17/2020,Seneca,0,18,2,241
04/18/2020,Seneca,0,18,5,246
04/19/2020,Seneca,0,18,2,248
04/20/2020,Seneca,0,18,0,248
04/21/2020,Seneca,0,18,3,251
04/22/2020,Seneca,0,18,15,266
04/23/2020,Seneca,0,18,5,271
04/24/2020,Seneca,18,36,135,406
04/25/2020,Seneca,2,38,11,417
04/26/2020,Seneca,0,38,12,429
04/27/2020,Seneca,0,38,9,438
04/28/2020,Seneca,0,38,13,451
04/29/2020,Seneca,1,39,24,475
04/30/2020,Seneca,2,41,22,497
05/01/2020,Seneca,1,42,26,523
05/02/2020,Seneca,3,45,51,574
05/03/2020,Seneca,0,45,19,593
05/04/2020,Seneca,1,46,26,619
05/05/2020,Seneca,0,46,20,639
05/06/2020,Seneca,0,46,24,663
05/07/2020,Seneca,0,46,19,682
05/08/2020,Seneca,2,48,46,728
05/09/2020,Seneca,1,49,42,770
05/10/2020,Seneca,0,49,41,811
05/11/2020,Seneca,0,49,25,836
05/12/2020,Seneca,0,49,49,885
05/13/2020,Seneca,0,49,40,925
05/14/2020,Seneca,0,49,30,955
05/15/2020,Seneca,1,50,29,984
05/16/2020,Seneca,1,51,48,1032
05/17/2020,Seneca,0,51,122,1154
05/18/2020,Seneca,0,51,65,1219
05/19/2020,Seneca,1,52,50,1269
05/20/2020,Seneca,0,52,79,1348
05/21/2020,Seneca,2,54,54,1402
05/22/2020,Seneca,0,54,51,1453
05/23/2020,Seneca,1,55,103,1556
05/24/2020,Seneca,0,55,56,1612
05/25/2020,Seneca,0,55,86,1698
05/26/2020,Seneca,0,55,50,1748
05/27/2020,Seneca,1,56,77,1825
05/28/2020,Seneca,1,57,140,1965
05/29/2020,Seneca,1,58,68,2033
05/30/2020,Seneca,0,58,138,2171
05/31/2020,Seneca,1,59,81,2252
06/01/2020,Seneca,0,59,60,2312
06/02/2020,Seneca,1,60,157,2469
06/03/2020,Seneca,0,60,106,2575
06/04/2020,Seneca,1,61,141,2716
06/05/2020,Seneca,0,61,165,2881
06/06/2020,Seneca,0,61,162,3043
06/07/2020,Seneca,0,61,118,3161
06/08/2020,Seneca,0,61,91,3252
06/09/2020,Seneca,0,61,98,3350
06/10/2020,Seneca,1,62,198,3548
06/11/2020,Seneca,1,63,198,3746
06/12/2020,Seneca,0,63,86,3832
06/13/2020,Seneca,0,63,127,3959
06/14/2020,Seneca,1,64,103,4062
06/15/2020,Seneca,0,64,105,4167
06/16/2020,Seneca,0,64,81,4248
06/17/2020,Seneca,0,64,34,4282
06/18/2020,Seneca,0,64,80,4362
06/19/2020,Seneca,0,64,80,4442
06/20/2020,Seneca,0,64,123,4565
06/21/2020,Seneca,0,64,80,4645
06/22/2020,Seneca,0,64,78,4723
06/23/2020,Seneca,0,64,62,4785
06/24/2020,Seneca,2,66,61,4846
06/25/2020,Seneca,3,69,89,4935
06/26/2020,Seneca,0,69,82,5017
06/27/2020,Seneca,0,69,93,5110
06/28/2020,Seneca,0,69,118,5228
06/29/2020,Seneca,0,69,60,5288
06/30/2020,Seneca,1,70,109,5397
07/01/2020,Seneca,0,70,44,5441
07/02/2020,Seneca,0,70,47,5488
07/03/2020,Seneca,0,70,98,5586
07/04/2020,Seneca,1,71,42,5628
07/05/2020,Seneca,0,71,60,5688
07/06/2020,Seneca,0,71,82,5770
07/07/2020,Seneca,0,71,105,5875
07/08/2020,Seneca,2,73,115,5990
07/09/2020,Seneca,0,73,85,6075
07/10/2020,Seneca,1,74,176,6251
07/11/2020,Seneca,0,74,110,6361
07/12/2020,Seneca,0,74,84,6445
07/13/2020,Seneca,0,74,104,6549
07/14/2020,Seneca,2,76,139,6688
07/15/2020,Seneca,0,76,116,6804
07/16/2020,Seneca,1,77,109,6913
07/17/2020,Seneca,1,78,108,7021
07/18/2020,Seneca,2,80,89,7110
07/19/2020,Seneca,0,80,79,7189
07/20/2020,Seneca,0,80,79,7268
07/21/2020,Seneca,0,80,70,7338
07/22/2020,Seneca,0,80,145,7483
07/23/2020,Seneca,3,83,145,7628
07/24/2020,Seneca,0,83,173,7801
07/25/2020,Seneca,0,83,145,7946
07/26/2020,Seneca,0,83,48,7994
07/27/2020,Seneca,1,84,36,8030
07/28/2020,Seneca,0,84,68,8098
07/29/2020,Seneca,0,84,102,8200
07/30/2020,Seneca,0,84,137,8337
07/31/2020,Seneca,1,85,124,8461
08/01/2020,Seneca,1,86,77,8538
08/02/2020,Seneca,0,86,43,8581
08/03/2020,Seneca,0,86,101,8682
08/04/2020,Seneca,0,86,55,8737
08/05/2020,Seneca,0,86,135,8872
08/06/2020,Seneca,1,87,136,9008
08/07/2020,Seneca,2,89,106,9114
08/08/2020,Seneca,0,89,98,9212
08/09/2020,Seneca,1,90,38,9250
08/10/2020,Seneca,1,91,93,9343
08/11/2020,Seneca,0,91,89,9432
08/12/2020,Seneca,1,92,100,9532
08/13/2020,Seneca,1,93,133,9665
08/14/2020,Seneca,0,93,83,9748
08/15/2020,Seneca,0,93,133,9881
08/16/2020,Seneca,1,94,85,9966
08/17/2020,Seneca,1,95,67,10033
08/18/2020,Seneca,0,95,66,10099
08/19/2020,Seneca,0,95,107,10206
08/20/2020,Seneca,0,95,131,10337
08/21/2020,Seneca,0,95,143,10480
08/22/2020,Seneca,0,95,69,10549
08/23/2020,Seneca,0,95,84,10633
08/24/2020,Seneca,1,96,100,10733
08/25/2020,Seneca,2,98,59,10792
08/26/2020,Seneca,0,98,97,10889
08/27/2020,Seneca,0,98,167,11056
08/28/2020,Seneca,0,98,137,11193
08/29/2020,Seneca,2,100,111,11304
08/30/2020,Seneca,0,100,61,11365
08/31/2020,Seneca,0,100,48,11413
09/01/2020,Seneca,0,100,61,11474
09/02/2020,Seneca,1,101,80,11554
09/03/2020,Seneca,1,102,122,11676
09/04/2020,Seneca,0,102,121,11797
09/05/2020,Seneca,0,102,175,11972
09/06/2020,Seneca,0,102,30,12002
09/07/2020,Seneca,0,102,38,12040
09/08/2020,Seneca,0,102,76,12116
09/09/2020,Seneca,1,103,72,12188
09/10/2020,Seneca,0,103,79,12267
09/11/2020,Seneca,1,104,196,12463
09/12/2020,Seneca,0,104,79,12542
09/13/2020,Seneca,0,104,104,12646
09/14/2020,Seneca,0,104,89,12735
09/15/2020,Seneca,0,104,128,12863
09/16/2020,Seneca,0,104,104,12967
09/17/2020,Seneca,1,105,152,13119
09/18/2020,Seneca,0,105,204,13323
09/19/2020,Seneca,0,105,97,13420
09/20/2020,Seneca,0,105,64,13484
09/21/2020,Seneca,0,105,129,13613
09/22/2020,Seneca,0,105,88,13701
09/23/2020,Seneca,0,105,134,13835
09/24/2020,Seneca,1,106,203,14038
09/25/2020,Seneca,0,106,168,14206
09/26/2020,Seneca,0,106,84,14290
09/27/2020,Seneca,0,106,122,14412
09/28/2020,Seneca,1,107,41,14453
09/29/2020,Seneca,0,107,148,14601
09/30/2020,Seneca,1,108,151,14752
10/01/2020,Seneca,2,110,128,14880
10/02/2020,Seneca,0,110,206,15086
10/03/2020,Seneca,0,110,99,15185
10/04/2020,Seneca,1,111,99,15284
10/05/2020,Seneca,1,112,126,15410
10/06/2020,Seneca,0,112,119,15529
10/07/2020,Seneca,2,114,110,15639
10/08/2020,Seneca,0,114,109,15748
10/09/2020,Seneca,1,115,188,15936
10/10/2020,Seneca,4,119,151,16087
10/11/2020,Seneca,1,120,93,16180
10/12/2020,Seneca,0,120,97,16277
10/13/2020,Seneca,2,122,87,16364
10/14/2020,Seneca,2,124,260,16624
10/15/2020,Seneca,1,125,150,16774
10/16/2020,Seneca,1,126,237,17011
10/17/2020,Seneca,1,127,117,17128
10/18/2020,Seneca,1,128,137,17265
10/19/2020,Seneca,0,128,129,17394
10/20/2020,Seneca,3,131,133,17527
10/21/2020,Seneca,4,135,299,17826
10/22/2020,Seneca,4,139,170,17996
10/23/2020,Seneca,1,140,329,18325
10/24/2020,Seneca,0,140,324,18649
10/25/2020,Seneca,0,140,86,18735
10/26/2020,Seneca,2,142,562,19297
10/27/2020,Seneca,1,143,205,19502
10/28/2020,Seneca,4,147,267,19769
10/29/2020,Seneca,1,148,359,20128
10/30/2020,Seneca,0,148,251,20379
10/31/2020,Seneca,1,149,128,20507
11/01/2020,Seneca,3,152,98,20605
11/02/2020,Seneca,2,154,162,20767
11/03/2020,Seneca,1,155,97,20864
11/04/2020,Seneca,8,163,250,21114
11/05/2020,Seneca,4,167,113,21227
11/06/2020,Seneca,4,171,220,21447
11/07/2020,Seneca,5,176,155,21602
11/08/2020,Seneca,6,182,128,21730
11/09/2020,Seneca,6,188,181,21911
11/10/2020,Seneca,2,190,93,22004
11/11/2020,Seneca,9,199,310,22314
11/12/2020,Seneca,3,202,107,22421
11/13/2020,Seneca,3,205,300,22721
11/14/2020,Seneca,4,209,223,22944
11/15/2020,Seneca,5,214,80,23024
11/16/2020,Seneca,6,220,318,23342
11/17/2020,Seneca,2,222,133,23475
11/18/2020,Seneca,3,225,149,23624
11/19/2020,Seneca,7,232,96,23720
11/20/2020,Seneca,8,240,385,24105
11/21/2020,Seneca,3,243,72,24177
11/22/2020,Seneca,10,253,437,24614
11/23/2020,Seneca,7,260,290,24904
11/24/2020,Seneca,7,267,144,25048
11/25/2020,Seneca,2,269,116,25164
11/26/2020,Seneca,7,276,190,25354
11/27/2020,Seneca,7,283,240,25594
11/28/2020,Seneca,12,295,301,25895
11/29/2020,Seneca,14,309,135,26030
11/30/2020,Seneca,11,320,168,26198
12/01/2020,Seneca,3,323,143,26341
12/02/2020,Seneca,24,347,228,26569
12/03/2020,Seneca,12,359,297,26866
12/04/2020,Seneca,11,370,319,27185
12/05/2020,Seneca,12,382,251,27436
12/06/2020,Seneca,7,389,88,27524
12/07/2020,Seneca,10,399,172,27696
12/08/2020,Seneca,9,408,136,27832
12/09/2020,Seneca,36,444,323,28155
12/10/2020,Seneca,15,459,265,28420
12/11/2020,Seneca,10,469,273,28693
12/12/2020,Seneca,13,482,238,28931
12/13/2020,Seneca,16,498,287,29218
12/14/2020,Seneca,8,506,181,29399
12/15/2020,Seneca,3,509,92,29491
12/16/2020,Seneca,23,532,227,29718
12/17/2020,Seneca,19,551,204,29922
12/18/2020,Seneca,15,566,188,30110
12/19/2020,Seneca,20,586,382,30492
12/20/2020,Seneca,21,607,191,30683
12/21/2020,Seneca,12,619,177,30860
12/22/2020,Seneca,9,628,199,31059
12/23/2020,Seneca,25,653,180,31239
12/24/2020,Seneca,24,677,322,31561
12/25/2020,Seneca,24,701,216,31777
12/26/2020,Seneca,4,705,125,31902
12/27/2020,Seneca,21,726,178,32080
12/28/2020,Seneca,22,748,239,32319
12/29/2020,Seneca,13,761,253,32572
12/30/2020,Seneca,29,790,238,32810
12/31/2020,Seneca,27,817,287,33097
01/01/2021,Seneca,34,851,255,33352
01/02/2021,Seneca,23,874,182,33534
01/03/2021,Seneca,31,905,271,33805
01/04/2021,Seneca,15,920,179,33984
01/05/2021,Seneca,32,952,311,34295
01/06/2021,Seneca,13,965,228,34523
01/07/2021,Seneca,17,982,405,34928
01/08/2021,Seneca,12,994,286,35214
01/09/2021,Seneca,25,1019,317,35531
01/10/2021,Seneca,30,1049,260,35791
01/11/2021,Seneca,22,1071,222,36013
01/12/2021,Seneca,14,1085,270,36283
01/13/2021,Seneca,19,1104,208,36491
01/14/2021,Seneca,40,1144,385,36876
01/15/2021,Seneca,33,1177,488,37364
01/16/2021,Seneca,26,1203,461,37825
01/17/2021,Seneca,15,1218,247,38072
01/18/2021,Seneca,14,1232,249,38321
01/19/2021,Seneca,7,1239,110,38431
01/20/2021,Seneca,24,1263,246,38677
01/21/2021,Seneca,13,1276,235,38912
01/22/2021,Seneca,22,1298,439,39351
01/23/2021,Seneca,27,1325,289,39640
01/24/2021,Seneca,6,1331,215,39855
01/25/2021,Seneca,7,1338,202,40057
01/26/2021,Seneca,8,1346,189,40246
01/27/2021,Seneca,13,1359,215,40461
01/28/2021,Seneca,20,1379,343,40804
01/29/2021,Seneca,10,1389,368,41172
01/30/2021,Seneca,7,1396,270,41442
01/31/2021,Seneca,5,1401,214,41656
02/01/2021,Seneca,10,1411,157,41813
02/02/2021,Seneca,7,1418,157,41970
02/03/2021,Seneca,4,1422,178,42148
02/04/2021,Seneca,8,1430,163,42311
02/05/2021,Seneca,3,1433,341,42652
02/06/2021,Seneca,9,1442,264,42916
02/07/2021,Seneca,3,1445,194,43110
02/08/2021,Seneca,4,1449,79,43189
02/09/2021,Seneca,16,1465,217,43406
02/10/2021,Seneca,7,1472,224,43630
02/11/2021,Seneca,8,1480,272,43902
02/12/2021,Seneca,7,1487,242,44144
02/13/2021,Seneca,5,1492,253,44397
02/14/2021,Seneca,6,1498,158,44555
02/15/2021,Seneca,2,1500,80,44635
02/16/2021,Seneca,8,1508,123,44758
02/17/2021,Seneca,10,1518,162,44920
02/18/2021,Seneca,8,1526,232,45152
02/19/2021,Seneca,6,1532,279,45431
02/20/2021,Seneca,12,1544,296,45727
02/21/2021,Seneca,7,1551,163,45890
02/22/2021,Seneca,10,1561,115,46005
02/23/2021,Seneca,3,1564,132,46137
02/24/2021,Seneca,10,1574,207,46344
02/25/2021,Seneca,15,1589,248,46592
02/26/2021,Seneca,12,1601,323,46915
02/27/2021,Seneca,9,1610,274,47189
02/28/2021,Seneca,10,1620,164,47353
03/01/2021,Seneca,6,1626,66,47419
03/02/2021,Seneca,1,1627,200,47619
03/03/2021,Seneca,5,1632,210,47829
03/04/2021,Seneca,8,1640,272,48101
03/05/2021,Seneca,8,1648,291,48392
03/06/2021,Seneca,7,1655,261,48653
03/07/2021,Seneca,2,1657,83,48736
03/08/2021,Seneca,5,1662,93,48829
03/09/2021,Seneca,8,1670,253,49082
03/10/2021,Seneca,5,1675,193,49275
03/11/2021,Seneca,9,1684,260,49535
03/12/2021,Seneca,1,1685,210,49745
03/13/2021,Seneca,11,1696,325,50070
03/14/2021,Seneca,8,1704,82,50152
03/15/2021,Seneca,2,1706,170,50322
03/16/2021,Seneca,9,1715,184,50506
03/17/2021,Seneca,12,1727,271,50777
03/18/2021,Seneca,6,1733,307,51084
03/19/2021,Seneca,7,1740,225,51309
03/20/2021,Seneca,2,1742,302,51611
03/21/2021,Seneca,2,1744,115,51726
03/22/2021,Seneca,7,1751,170,51896
03/23/2021,Seneca,9,1760,206,52102
03/24/2021,Seneca,8,1768,239,52341
03/25/2021,Seneca,2,1770,319,52660
03/26/2021,Seneca,3,1773,246,52906
03/27/2021,Seneca,4,1777,276,53182
03/28/2021,Seneca,0,1777,149,53331
03/29/2021,Seneca,6,1783,161,53492
03/30/2021,Seneca,5,1788,204,53696
03/31/2021,Seneca,5,1793,169,53865
04/01/2021,Seneca,4,1797,232,54097
04/02/2021,Seneca,5,1802,289,54386
04/03/2021,Seneca,3,1805,191,54577
04/04/2021,Seneca,6,1811,77,54654
04/05/2021,Seneca,0,1811,222,54876
04/06/2021,Seneca,3,1814,169,55045
04/07/2021,Seneca,5,1819,252,55297
04/08/2021,Seneca,5,1824,301,55598
04/09/2021,Seneca,4,1828,335,55933
04/10/2021,Seneca,10,1838,223,56156
04/11/2021,Seneca,5,1843,134,56290
04/12/2021,Seneca,3,1846,190,56480
04/13/2021,Seneca,7,1853,224,56704
04/14/2021,Seneca,4,1857,245,56949
04/15/2021,Seneca,9,1866,343,57292
04/16/2021,Seneca,12,1878,215,57507
04/17/2021,Seneca,5,1883,215,57722
04/18/2021,Seneca,2,1885,233,57955
04/19/2021,Seneca,0,1885,181,58136
04/20/2021,Seneca,4,1889,171,58307
04/21/2021,Seneca,8,1897,316,58623
04/22/2021,Seneca,5,1902,231,58854
04/23/2021,Seneca,1,1903,355,59209
04/24/2021,Seneca,3,1906,307,59516
04/25/2021,Seneca,0,1906,179,59695
04/26/2021,Seneca,8,1914,235,59930
04/27/2021,Seneca,7,1921,177,60107
04/28/2021,Seneca,8,1929,230,60337
04/29/2021,Seneca,2,1931,298,60635
04/30/2021,Seneca,3,1934,228,60863
05/01/2021,Seneca,4,1938,260,61123
05/02/2021,Seneca,2,1940,114,61237
05/03/2021,Seneca,5,1945,66,61303
05/04/2021,Seneca,11,1956,281,61584
05/05/2021,Seneca,3,1959,245,61829
05/06/2021,Seneca,3,1962,240,62069
05/07/2021,Seneca,2,1964,390,62459
05/08/2021,Seneca,4,1968,152,62611
05/09/2021,Seneca,2,1970,245,62856
05/10/2021,Seneca,1,1971,173,63029
05/11/2021,Seneca,3,1974,120,63149
05/12/2021,Seneca,3,1977,216,63365
05/13/2021,Seneca,2,1979,246,63611
05/14/2021,Seneca,1,1980,178,63789
05/15/2021,Seneca,2,1982,224,64013
05/16/2021,Seneca,1,1983,126,64139
05/17/2021,Seneca,1,1984,103,64242
05/18/2021,Seneca,4,1988,158,64400
05/19/2021,Seneca,2,1990,199,64599
05/20/2021,Seneca,2,1992,233,64832
05/21/2021,Seneca,2,1994,141,64973
05/22/2021,Seneca,0,1994,164,65137
05/23/2021,Seneca,1,1995,128,65265
05/24/2021,Seneca,1,1996,102,65367
05/25/2021,Seneca,2,1998,162,65529
05/26/2021,Seneca,3,2001,114,65643
05/27/2021,Seneca,0,2001,102,65745
05/28/2021,Seneca,0,2001,220,65965
05/29/2021,Seneca,1,2002,173,66138
05/30/2021,Seneca,0,2002,97,66235
05/31/2021,Seneca,1,2003,74,66309
06/01/2021,Seneca,0,2003,80,66389
06/02/2021,Seneca,1,2004,129,66518
06/03/2021,Seneca,1,2005,195,66713
06/04/2021,Seneca,1,2006,257,66970
06/05/2021,Seneca,0,2006,86,67056
06/06/2021,Seneca,2,2008,51,67107
06/07/2021,Seneca,0,2008,83,67190
06/08/2021,Seneca,0,2008,99,67289
06/09/2021,Seneca,1,2009,117,67406
06/10/2021,Seneca,0,2009,128,67534
06/11/2021,Seneca,0,2009,138,67672
06/12/2021,Seneca,1,2010,85,67757
06/13/2021,Seneca,1,2011,48,67805
06/14/2021,Seneca,0,2011,113,67918
06/15/2021,Seneca,0,2011,285,68203
06/16/2021,Seneca,0,2011,130,68333
06/17/2021,Seneca,0,2011,108,68441
06/18/2021,Seneca,0,2011,140,68581
06/19/2021,Seneca,0,2011,73,68654
06/20/2021,Seneca,0,2011,38,68692
06/21/2021,Seneca,0,2011,37,68729
06/22/2021,Seneca,0,2011,95,68824
06/23/2021,Seneca,0,2011,144,68968
06/24/2021,Seneca,0,2011,71,69039
06/25/2021,Seneca,0,2011,107,69146
06/26/2021,Seneca,0,2011,51,69197
06/27/2021,Seneca,0,2011,29,69226
06/28/2021,Seneca,0,2011,32,69258
06/29/2021,Seneca,0,2011,69,69327
06/30/2021,Seneca,0,2011,115,69442
07/01/2021,Seneca,0,2011,83,69525
07/02/2021,Seneca,0,2011,88,69613
07/03/2021,Seneca,2,2013,48,69661
07/04/2021,Seneca,0,2013,35,69696
07/05/2021,Seneca,2,2015,39,69735
07/06/2021,Seneca,0,2015,36,69771
07/07/2021,Seneca,0,2015,86,69857
07/08/2021,Seneca,1,2016,81,69938
07/09/2021,Seneca,0,2016,82,70020
07/10/2021,Seneca,0,2016,32,70052
07/11/2021,Seneca,0,2016,54,70106
07/12/2021,Seneca,0,2016,35,70141
07/13/2021,Seneca,0,2016,82,70223
07/14/2021,Seneca,0,2016,44,70267
07/15/2021,Seneca,0,2016,89,70356
07/16/2021,Seneca,2,2018,71,70427
07/17/2021,Seneca,0,2018,57,70484
07/18/2021,Seneca,1,2019,24,70508
07/19/2021,Seneca,1,2020,45,70553
07/20/2021,Seneca,0,2020,55,70608
07/21/2021,Seneca,1,2021,63,70671
07/22/2021,Seneca,0,2021,90,70761
07/23/2021,Seneca,0,2021,67,70828
07/24/2021,Seneca,1,2022,57,70885
07/25/2021,Seneca,1,2023,14,70899
07/26/2021,Seneca,3,2026,47,70946
07/27/2021,Seneca,1,2027,70,71016
07/28/2021,Seneca,3,2030,104,71120
07/29/2021,Seneca,3,2033,80,71200
07/30/2021,Seneca,6,2039,93,71293
07/31/2021,Seneca,0,2039,54,71347
08/01/2021,Seneca,3,2042,47,71394
08/02/2021,Seneca,1,2043,49,71443
08/03/2021,Seneca,3,2046,113,71556
08/04/2021,Seneca,5,2051,102,71658
08/05/2021,Seneca,6,2057,106,71764
08/06/2021,Seneca,4,2061,139,71903
08/07/2021,Seneca,2,2063,72,71975
08/08/2021,Seneca,1,2064,52,72027
08/09/2021,Seneca,1,2065,54,72081
08/10/2021,Seneca,5,2070,130,72211
08/11/2021,Seneca,1,2071,113,72324
08/12/2021,Seneca,6,2077,138,72462
08/13/2021,Seneca,5,2082,127,72589
08/14/2021,Seneca,2,2084,77,72666
08/15/2021,Seneca,2,2086,75,72741
08/16/2021,Seneca,2,2088,76,72817
08/17/2021,Seneca,8,2096,129,72946
08/18/2021,Seneca,3,2099,78,73024
08/19/2021,Seneca,6,2105,192,73216
08/20/2021,Seneca,6,2111,138,73354
08/21/2021,Seneca,7,2118,92,73446
08/22/2021,Seneca,7,2125,91,73537
08/23/2021,Seneca,2,2127,74,73611
08/24/2021,Seneca,7,2134,150,73761
08/25/2021,Seneca,4,2138,125,73886
08/26/2021,Seneca,13,2151,199,74085
08/27/2021,Seneca,8,2159,171,74256
08/28/2021,Seneca,6,2165,94,74350
08/29/2021,Seneca,11,2176,130,74480
08/30/2021,Seneca,9,2185,83,74563
08/31/2021,Seneca,8,2193,176,74739
09/01/2021,Seneca,14,2207,292,75031
09/02/2021,Seneca,10,2217,139,75170
09/03/2021,Seneca,19,2236,365,75535
09/04/2021,Seneca,20,2256,210,75745
09/05/2021,Seneca,14,2270,116,75861
09/06/2021,Seneca,11,2281,56,75917
09/07/2021,Seneca,7,2288,63,75980
09/08/2021,Seneca,17,2305,256,76236
09/09/2021,Seneca,22,2327,319,76555
09/10/2021,Seneca,18,2345,321,76876
09/11/2021,Seneca,9,2354,247,77123
09/12/2021,Seneca,10,2364,136,77259
09/13/2021,Seneca,3,2367,97,77356
09/14/2021,Seneca,8,2375,190,77546
09/15/2021,Seneca,28,2403,393,77939
09/16/2021,Seneca,19,2422,286,78225
09/17/2021,Seneca,10,2432,218,78443
09/18/2021,Seneca,12,2444,206,78649
09/19/2021,Seneca,13,2457,207,78856
09/20/2021,Seneca,10,2467,146,79002
09/21/2021,Seneca,13,2480,293,79295
09/22/2021,Seneca,9,2489,247,79542
09/23/2021,Seneca,7,2496,172,79714
09/24/2021,Seneca,10,2506,454,80168
09/25/2021,Seneca,8,2514,237,80405
09/26/2021,Seneca,8,2522,204,80609
09/27/2021,Seneca,12,2534,98,80707
09/28/2021,Seneca,24,2558,260,80967
09/29/2021,Seneca,11,2569,368,81335
09/30/2021,Seneca,11,2580,282,81617
10/01/2021,Seneca,13,2593,299,81916
10/02/2021,Seneca,5,2598,206,82122
10/03/2021,Seneca,6,2604,160,82282
10/04/2021,Seneca,8,2612,302,82584
10/05/2021,Seneca,15,2627,267,82851
10/06/2021,Seneca,10,2637,289,83140
10/07/2021,Seneca,11,2648,363,83503
10/08/2021,Seneca,7,2655,259,83762
10/09/2021,Seneca,2,2657,209,83971
10/10/2021,Seneca,13,2670,299,84270
10/11/2021,Seneca,5,2675,77,84347
10/12/2021,Seneca,8,2683,258,84605
10/13/2021,Seneca,9,2692,194,84799
10/14/2021,Seneca,13,2705,315,85114
10/15/2021,Seneca,3,2708,243,85357
10/16/2021,Seneca,8,2716,264,85621
10/17/2021,Seneca,3,2719,156,85777
10/18/2021,Seneca,6,2725,198,85975
10/19/2021,Seneca,8,2733,186,86161
10/20/2021,Seneca,8,2741,309,86470
10/21/2021,Seneca,5,2746,278,86748
10/22/2021,Seneca,11,2757,291,87039
10/23/2021,Seneca,4,2761,293,87332
03/01/2020,St. Lawrence,0,0,0,0
03/02/2020,St. Lawrence,0,0,0,0
03/03/2020,St. Lawrence,0,0,0,0
03/04/2020,St. Lawrence,0,0,0,0
03/05/2020,St. Lawrence,0,0,0,0
03/06/2020,St. Lawrence,0,0,0,0
03/07/2020,St. Lawrence,0,0,2,2
03/08/2020,St. Lawrence,0,0,0,2
03/09/2020,St. Lawrence,0,0,0,2
03/10/2020,St. Lawrence,0,0,1,3
03/11/2020,St. Lawrence,0,0,2,5
03/12/2020,St. Lawrence,0,0,1,6
03/13/2020,St. Lawrence,0,0,1,7
03/14/2020,St. Lawrence,0,0,1,8
03/15/2020,St. Lawrence,0,0,1,9
03/16/2020,St. Lawrence,0,0,0,9
03/17/2020,St. Lawrence,0,0,7,16
03/18/2020,St. Lawrence,0,0,3,19
03/19/2020,St. Lawrence,0,0,7,26
03/20/2020,St. Lawrence,0,0,7,33
03/21/2020,St. Lawrence,1,1,20,53
03/22/2020,St. Lawrence,0,1,9,62
03/23/2020,St. Lawrence,0,1,6,68
03/24/2020,St. Lawrence,0,1,10,78
03/25/2020,St. Lawrence,1,2,14,92
03/26/2020,St. Lawrence,1,3,29,121
03/27/2020,St. Lawrence,5,8,82,203
03/28/2020,St. Lawrence,4,12,65,268
03/29/2020,St. Lawrence,1,13,44,312
03/30/2020,St. Lawrence,17,30,74,386
03/31/2020,St. Lawrence,4,34,32,418
04/01/2020,St. Lawrence,5,39,30,448
04/02/2020,St. Lawrence,4,43,54,502
04/03/2020,St. Lawrence,9,52,81,583
04/04/2020,St. Lawrence,3,55,46,629
04/05/2020,St. Lawrence,4,59,43,672
04/06/2020,St. Lawrence,1,60,64,736
04/07/2020,St. Lawrence,9,69,69,805
04/08/2020,St. Lawrence,7,76,50,855
04/09/2020,St. Lawrence,2,78,24,879
04/10/2020,St. Lawrence,2,80,19,898
04/11/2020,St. Lawrence,5,85,65,963
04/12/2020,St. Lawrence,4,89,47,1010
04/13/2020,St. Lawrence,3,92,29,1039
04/14/2020,St. Lawrence,0,92,7,1046
04/15/2020,St. Lawrence,1,93,48,1094
04/16/2020,St. Lawrence,3,96,16,1110
04/17/2020,St. Lawrence,2,98,6,1116
04/18/2020,St. Lawrence,7,105,25,1141
04/19/2020,St. Lawrence,5,110,24,1165
04/20/2020,St. Lawrence,10,120,17,1182
04/21/2020,St. Lawrence,3,123,6,1188
04/22/2020,St. Lawrence,16,139,94,1282
04/23/2020,St. Lawrence,5,144,37,1319
04/24/2020,St. Lawrence,12,156,64,1383
04/25/2020,St. Lawrence,11,167,36,1419
04/26/2020,St. Lawrence,2,169,27,1446
04/27/2020,St. Lawrence,1,170,19,1465
04/28/2020,St. Lawrence,0,170,84,1549
04/29/2020,St. Lawrence,3,173,277,1826
04/30/2020,St. Lawrence,3,176,157,1983
05/01/2020,St. Lawrence,0,176,130,2113
05/02/2020,St. Lawrence,1,177,125,2238
05/03/2020,St. Lawrence,1,178,85,2323
05/04/2020,St. Lawrence,0,178,38,2361
05/05/2020,St. Lawrence,2,180,34,2395
05/06/2020,St. Lawrence,1,181,53,2448
05/07/2020,St. Lawrence,6,187,845,3293
05/08/2020,St. Lawrence,0,187,164,3457
05/09/2020,St. Lawrence,0,187,51,3508
05/10/2020,St. Lawrence,3,190,47,3555
05/11/2020,St. Lawrence,1,191,18,3573
05/12/2020,St. Lawrence,1,192,151,3724
05/13/2020,St. Lawrence,0,192,105,3829
05/14/2020,St. Lawrence,0,192,332,4161
05/15/2020,St. Lawrence,0,192,1456,5617
05/16/2020,St. Lawrence,0,192,205,5822
05/17/2020,St. Lawrence,0,192,239,6061
05/18/2020,St. Lawrence,0,192,71,6132
05/19/2020,St. Lawrence,3,195,173,6305
05/20/2020,St. Lawrence,0,195,504,6809
05/21/2020,St. Lawrence,0,195,349,7158
05/22/2020,St. Lawrence,1,196,333,7491
05/23/2020,St. Lawrence,1,197,301,7792
05/24/2020,St. Lawrence,0,197,114,7906
05/25/2020,St. Lawrence,0,197,60,7966
05/26/2020,St. Lawrence,3,200,78,8044
05/27/2020,St. Lawrence,1,201,227,8271
05/28/2020,St. Lawrence,1,202,447,8718
05/29/2020,St. Lawrence,0,202,136,8854
05/30/2020,St. Lawrence,2,204,303,9157
05/31/2020,St. Lawrence,1,205,472,9629
06/01/2020,St. Lawrence,0,205,106,9735
06/02/2020,St. Lawrence,1,206,324,10059
06/03/2020,St. Lawrence,1,207,293,10352
06/04/2020,St. Lawrence,0,207,451,10803
06/05/2020,St. Lawrence,2,209,477,11280
06/06/2020,St. Lawrence,0,209,382,11662
06/07/2020,St. Lawrence,0,209,539,12201
06/08/2020,St. Lawrence,0,209,220,12421
06/09/2020,St. Lawrence,0,209,170,12591
06/10/2020,St. Lawrence,3,212,256,12847
06/11/2020,St. Lawrence,2,214,427,13274
06/12/2020,St. Lawrence,0,214,368,13642
06/13/2020,St. Lawrence,1,215,383,14025
06/14/2020,St. Lawrence,0,215,222,14247
06/15/2020,St. Lawrence,0,215,190,14437
06/16/2020,St. Lawrence,0,215,226,14663
06/17/2020,St. Lawrence,0,215,246,14909
06/18/2020,St. Lawrence,0,215,216,15125
06/19/2020,St. Lawrence,1,216,352,15477
06/20/2020,St. Lawrence,0,216,266,15743
06/21/2020,St. Lawrence,1,217,271,16014
06/22/2020,St. Lawrence,0,217,153,16167
06/23/2020,St. Lawrence,0,217,99,16266
06/24/2020,St. Lawrence,0,217,249,16515
06/25/2020,St. Lawrence,1,218,282,16797
06/26/2020,St. Lawrence,0,218,315,17112
06/27/2020,St. Lawrence,0,218,435,17547
06/28/2020,St. Lawrence,1,219,220,17767
06/29/2020,St. Lawrence,0,219,144,17911
06/30/2020,St. Lawrence,0,219,121,18032
07/01/2020,St. Lawrence,1,220,137,18169
07/02/2020,St. Lawrence,2,222,183,18352
07/03/2020,St. Lawrence,1,223,416,18768
07/04/2020,St. Lawrence,1,224,143,18911
07/05/2020,St. Lawrence,2,226,242,19153
07/06/2020,St. Lawrence,0,226,141,19294
07/07/2020,St. Lawrence,1,227,278,19572
07/08/2020,St. Lawrence,0,227,215,19787
07/09/2020,St. Lawrence,0,227,247,20034
07/10/2020,St. Lawrence,3,230,555,20589
07/11/2020,St. Lawrence,0,230,385,20974
07/12/2020,St. Lawrence,1,231,489,21463
07/13/2020,St. Lawrence,2,233,321,21784
07/14/2020,St. Lawrence,1,234,345,22129
07/15/2020,St. Lawrence,3,237,384,22513
07/16/2020,St. Lawrence,1,238,227,22740
07/17/2020,St. Lawrence,4,242,307,23047
07/18/2020,St. Lawrence,0,242,149,23196
07/19/2020,St. Lawrence,4,246,274,23470
07/20/2020,St. Lawrence,1,247,315,23785
07/21/2020,St. Lawrence,3,250,301,24086
07/22/2020,St. Lawrence,3,253,427,24513
07/23/2020,St. Lawrence,1,254,276,24789
07/24/2020,St. Lawrence,3,257,414,25203
07/25/2020,St. Lawrence,1,258,605,25808
07/26/2020,St. Lawrence,0,258,488,26296
07/27/2020,St. Lawrence,0,258,248,26544
07/28/2020,St. Lawrence,1,259,298,26842
07/29/2020,St. Lawrence,1,260,313,27155
07/30/2020,St. Lawrence,0,260,270,27425
07/31/2020,St. Lawrence,1,261,603,28028
08/01/2020,St. Lawrence,1,262,418,28446
08/02/2020,St. Lawrence,0,262,221,28667
08/03/2020,St. Lawrence,0,262,228,28895
08/04/2020,St. Lawrence,0,262,292,29187
08/05/2020,St. Lawrence,1,263,182,29369
08/06/2020,St. Lawrence,0,263,254,29623
08/07/2020,St. Lawrence,0,263,216,29839
08/08/2020,St. Lawrence,0,263,419,30258
08/09/2020,St. Lawrence,0,263,122,30380
08/10/2020,St. Lawrence,0,263,422,30802
08/11/2020,St. Lawrence,0,263,315,31117
08/12/2020,St. Lawrence,0,263,416,31533
08/13/2020,St. Lawrence,0,263,283,31816
08/14/2020,St. Lawrence,0,263,716,32532
08/15/2020,St. Lawrence,0,263,429,32961
08/16/2020,St. Lawrence,0,263,283,33244
08/17/2020,St. Lawrence,0,263,321,33565
08/18/2020,St. Lawrence,1,264,652,34217
08/19/2020,St. Lawrence,0,264,1001,35218
08/20/2020,St. Lawrence,1,265,1052,36270
08/21/2020,St. Lawrence,0,265,1220,37490
08/22/2020,St. Lawrence,2,267,1003,38493
08/23/2020,St. Lawrence,0,267,959,39452
08/24/2020,St. Lawrence,0,267,408,39860
08/25/2020,St. Lawrence,0,267,505,40365
08/26/2020,St. Lawrence,2,269,423,40788
08/27/2020,St. Lawrence,1,270,529,41317
08/28/2020,St. Lawrence,3,273,915,42232
08/29/2020,St. Lawrence,1,274,464,42696
08/30/2020,St. Lawrence,1,275,230,42926
08/31/2020,St. Lawrence,0,275,357,43283
09/01/2020,St. Lawrence,4,279,324,43607
09/02/2020,St. Lawrence,8,287,313,43920
09/03/2020,St. Lawrence,4,291,1157,45077
09/04/2020,St. Lawrence,2,293,1004,46081
09/05/2020,St. Lawrence,3,296,1005,47086
09/06/2020,St. Lawrence,1,297,698,47784
09/07/2020,St. Lawrence,0,297,421,48205
09/08/2020,St. Lawrence,4,301,254,48459
09/09/2020,St. Lawrence,1,302,300,48759
09/10/2020,St. Lawrence,1,303,1032,49791
09/11/2020,St. Lawrence,1,304,591,50382
09/12/2020,St. Lawrence,0,304,551,50933
09/13/2020,St. Lawrence,3,307,278,51211
09/14/2020,St. Lawrence,1,308,338,51549
09/15/2020,St. Lawrence,2,310,267,51816
09/16/2020,St. Lawrence,3,313,1027,52843
09/17/2020,St. Lawrence,1,314,560,53403
09/18/2020,St. Lawrence,1,315,459,53862
09/19/2020,St. Lawrence,3,318,616,54478
09/20/2020,St. Lawrence,0,318,274,54752
09/21/2020,St. Lawrence,1,319,231,54983
09/22/2020,St. Lawrence,1,320,339,55322
09/23/2020,St. Lawrence,2,322,598,55920
09/24/2020,St. Lawrence,0,322,804,56724
09/25/2020,St. Lawrence,0,322,844,57568
09/26/2020,St. Lawrence,0,322,475,58043
09/27/2020,St. Lawrence,2,324,345,58388
09/28/2020,St. Lawrence,1,325,210,58598
09/29/2020,St. Lawrence,2,327,1949,60547
09/30/2020,St. Lawrence,3,330,1096,61643
10/01/2020,St. Lawrence,1,331,852,62495
10/02/2020,St. Lawrence,2,333,799,63294
10/03/2020,St. Lawrence,2,335,653,63947
10/04/2020,St. Lawrence,1,336,236,64183
10/05/2020,St. Lawrence,1,337,646,64829
10/06/2020,St. Lawrence,0,337,1964,66793
10/07/2020,St. Lawrence,2,339,435,67228
10/08/2020,St. Lawrence,3,342,1328,68556
10/09/2020,St. Lawrence,2,344,1047,69603
10/10/2020,St. Lawrence,1,345,681,70284
10/11/2020,St. Lawrence,0,345,278,70562
10/12/2020,St. Lawrence,1,346,278,70840
10/13/2020,St. Lawrence,3,349,2005,72845
10/14/2020,St. Lawrence,2,351,284,73129
10/15/2020,St. Lawrence,2,353,371,73500
10/16/2020,St. Lawrence,2,355,2157,75657
10/17/2020,St. Lawrence,3,358,618,76275
10/18/2020,St. Lawrence,5,363,192,76467
10/19/2020,St. Lawrence,5,368,306,76773
10/20/2020,St. Lawrence,4,372,1858,78631
10/21/2020,St. Lawrence,4,376,1320,79951
10/22/2020,St. Lawrence,3,379,951,80902
10/23/2020,St. Lawrence,3,382,455,81357
10/24/2020,St. Lawrence,4,386,517,81874
10/25/2020,St. Lawrence,4,390,294,82168
10/26/2020,St. Lawrence,6,396,651,82819
10/27/2020,St. Lawrence,3,399,1991,84810
10/28/2020,St. Lawrence,6,405,1509,86319
10/29/2020,St. Lawrence,4,409,604,86923
10/30/2020,St. Lawrence,6,415,830,87753
10/31/2020,St. Lawrence,8,423,354,88107
11/01/2020,St. Lawrence,5,428,275,88382
11/02/2020,St. Lawrence,8,436,431,88813
11/03/2020,St. Lawrence,6,442,342,89155
11/04/2020,St. Lawrence,7,449,3437,92592
11/05/2020,St. Lawrence,12,461,839,93431
11/06/2020,St. Lawrence,10,471,486,93917
11/07/2020,St. Lawrence,9,480,578,94495
11/08/2020,St. Lawrence,13,493,361,94856
11/09/2020,St. Lawrence,8,501,303,95159
11/10/2020,St. Lawrence,8,509,1355,96514
11/11/2020,St. Lawrence,18,527,1148,97662
11/12/2020,St. Lawrence,19,546,2839,100501
11/13/2020,St. Lawrence,8,554,1162,101663
11/14/2020,St. Lawrence,14,568,1104,102767
11/15/2020,St. Lawrence,5,573,151,102918
11/16/2020,St. Lawrence,30,603,798,103716
11/17/2020,St. Lawrence,7,610,1011,104727
11/18/2020,St. Lawrence,17,627,2866,107593
11/19/2020,St. Lawrence,22,649,1496,109089
11/20/2020,St. Lawrence,9,658,1147,110236
11/21/2020,St. Lawrence,9,667,1030,111266
11/22/2020,St. Lawrence,11,678,1115,112381
11/23/2020,St. Lawrence,27,705,351,112732
11/24/2020,St. Lawrence,18,723,501,113233
11/25/2020,St. Lawrence,20,743,1590,114823
11/26/2020,St. Lawrence,41,784,938,115761
11/27/2020,St. Lawrence,21,805,499,116260
11/28/2020,St. Lawrence,17,822,1084,117344
11/29/2020,St. Lawrence,28,850,598,117942
11/30/2020,St. Lawrence,24,874,396,118338
12/01/2020,St. Lawrence,39,913,884,119222
12/02/2020,St. Lawrence,68,981,1897,121119
12/03/2020,St. Lawrence,83,1064,982,122101
12/04/2020,St. Lawrence,19,1083,1437,123538
12/05/2020,St. Lawrence,17,1100,469,124007
12/06/2020,St. Lawrence,38,1138,1340,125347
12/07/2020,St. Lawrence,24,1162,743,126090
12/08/2020,St. Lawrence,20,1182,865,126955
12/09/2020,St. Lawrence,24,1206,1342,128297
12/10/2020,St. Lawrence,64,1270,882,129179
12/11/2020,St. Lawrence,36,1306,726,129905
12/12/2020,St. Lawrence,33,1339,853,130758
12/13/2020,St. Lawrence,14,1353,752,131510
12/14/2020,St. Lawrence,19,1372,534,132044
12/15/2020,St. Lawrence,37,1409,756,132800
12/16/2020,St. Lawrence,55,1464,1545,134345
12/17/2020,St. Lawrence,47,1511,771,135116
12/18/2020,St. Lawrence,35,1546,599,135715
12/19/2020,St. Lawrence,38,1584,635,136350
12/20/2020,St. Lawrence,29,1613,462,136812
12/21/2020,St. Lawrence,44,1657,584,137396
12/22/2020,St. Lawrence,47,1704,474,137870
12/23/2020,St. Lawrence,60,1764,1038,138908
12/24/2020,St. Lawrence,51,1815,691,139599
12/25/2020,St. Lawrence,36,1851,619,140218
12/26/2020,St. Lawrence,26,1877,349,140567
12/27/2020,St. Lawrence,35,1912,365,140932
12/28/2020,St. Lawrence,36,1948,378,141310
12/29/2020,St. Lawrence,63,2011,484,141794
12/30/2020,St. Lawrence,73,2084,1155,142949
12/31/2020,St. Lawrence,98,2182,770,143719
01/01/2021,St. Lawrence,71,2253,690,144409
01/02/2021,St. Lawrence,90,2343,663,145072
01/03/2021,St. Lawrence,32,2375,367,145439
01/04/2021,St. Lawrence,153,2528,1267,146706
01/05/2021,St. Lawrence,66,2594,757,147463
01/06/2021,St. Lawrence,105,2699,2009,149472
01/07/2021,St. Lawrence,104,2803,1267,150739
01/08/2021,St. Lawrence,82,2885,1369,152108
01/09/2021,St. Lawrence,52,2937,950,153058
01/10/2021,St. Lawrence,103,3040,1192,154250
01/11/2021,St. Lawrence,53,3093,1076,155326
01/12/2021,St. Lawrence,69,3162,1249,156575
01/13/2021,St. Lawrence,66,3228,2053,158628
01/14/2021,St. Lawrence,92,3320,1900,160528
01/15/2021,St. Lawrence,117,3437,1891,162419
01/16/2021,St. Lawrence,59,3496,644,163063
01/17/2021,St. Lawrence,51,3547,507,163570
01/18/2021,St. Lawrence,83,3630,722,164292
01/19/2021,St. Lawrence,55,3685,1695,165987
01/20/2021,St. Lawrence,68,3753,1033,167020
01/21/2021,St. Lawrence,102,3855,2452,169472
01/22/2021,St. Lawrence,83,3938,2232,171704
01/23/2021,St. Lawrence,68,4006,1510,173214
01/24/2021,St. Lawrence,59,4065,565,173779
01/25/2021,St. Lawrence,48,4113,627,174406
01/26/2021,St. Lawrence,56,4169,1165,175571
01/27/2021,St. Lawrence,52,4221,1128,176699
01/28/2021,St. Lawrence,68,4289,2801,179500
01/29/2021,St. Lawrence,47,4336,1699,181199
01/30/2021,St. Lawrence,67,4403,1408,182607
01/31/2021,St. Lawrence,43,4446,495,183102
02/01/2021,St. Lawrence,43,4489,593,183695
02/02/2021,St. Lawrence,22,4511,752,184447
02/03/2021,St. Lawrence,28,4539,697,185144
02/04/2021,St. Lawrence,53,4592,1025,186169
02/05/2021,St. Lawrence,48,4640,2343,188512
02/06/2021,St. Lawrence,42,4682,681,189193
02/07/2021,St. Lawrence,30,4712,537,189730
02/08/2021,St. Lawrence,26,4738,387,190117
02/09/2021,St. Lawrence,59,4797,3194,193311
02/10/2021,St. Lawrence,36,4833,1950,195261
02/11/2021,St. Lawrence,41,4874,1774,197035
02/12/2021,St. Lawrence,48,4922,1682,198717
02/13/2021,St. Lawrence,70,4992,963,199680
02/14/2021,St. Lawrence,23,5015,333,200013
02/15/2021,St. Lawrence,19,5034,346,200359
02/16/2021,St. Lawrence,33,5067,3116,203475
02/17/2021,St. Lawrence,21,5088,613,204088
02/18/2021,St. Lawrence,58,5146,1456,205544
02/19/2021,St. Lawrence,48,5194,2142,207686
02/20/2021,St. Lawrence,39,5233,584,208270
02/21/2021,St. Lawrence,25,5258,493,208763
02/22/2021,St. Lawrence,29,5287,470,209233
02/23/2021,St. Lawrence,49,5336,4685,213918
02/24/2021,St. Lawrence,47,5383,2775,216693
02/25/2021,St. Lawrence,56,5439,2117,218810
02/26/2021,St. Lawrence,42,5481,1688,220498
02/27/2021,St. Lawrence,33,5514,788,221286
02/28/2021,St. Lawrence,18,5532,382,221668
03/01/2021,St. Lawrence,31,5563,304,221972
03/02/2021,St. Lawrence,38,5601,3215,225187
03/03/2021,St. Lawrence,21,5622,1840,227027
03/04/2021,St. Lawrence,22,5644,2057,229084
03/05/2021,St. Lawrence,45,5689,1463,230547
03/06/2021,St. Lawrence,12,5701,753,231300
03/07/2021,St. Lawrence,25,5726,370,231670
03/08/2021,St. Lawrence,7,5733,422,232092
03/09/2021,St. Lawrence,15,5748,3145,235237
03/10/2021,St. Lawrence,11,5759,1837,237074
03/11/2021,St. Lawrence,16,5775,2143,239217
03/12/2021,St. Lawrence,15,5790,1129,240346
03/13/2021,St. Lawrence,7,5797,863,241209
03/14/2021,St. Lawrence,3,5800,482,241691
03/15/2021,St. Lawrence,6,5806,440,242131
03/16/2021,St. Lawrence,18,5824,1925,244056
03/17/2021,St. Lawrence,7,5831,2184,246240
03/18/2021,St. Lawrence,5,5836,2725,248965
03/19/2021,St. Lawrence,5,5841,741,249706
03/20/2021,St. Lawrence,3,5844,444,250150
03/21/2021,St. Lawrence,6,5850,390,250540
03/22/2021,St. Lawrence,4,5854,358,250898
03/23/2021,St. Lawrence,3,5857,2881,253779
03/24/2021,St. Lawrence,8,5865,4088,257867
03/25/2021,St. Lawrence,11,5876,2868,260735
03/26/2021,St. Lawrence,14,5890,1174,261909
03/27/2021,St. Lawrence,15,5905,709,262618
03/28/2021,St. Lawrence,12,5917,719,263337
03/29/2021,St. Lawrence,6,5923,468,263805
03/30/2021,St. Lawrence,5,5928,2662,266467
03/31/2021,St. Lawrence,13,5941,1954,268421
04/01/2021,St. Lawrence,13,5954,2911,271332
04/02/2021,St. Lawrence,15,5969,1367,272699
04/03/2021,St. Lawrence,15,5984,451,273150
04/04/2021,St. Lawrence,11,5995,350,273500
04/05/2021,St. Lawrence,13,6008,366,273866
04/06/2021,St. Lawrence,14,6022,2536,276402
04/07/2021,St. Lawrence,25,6047,2409,278811
04/08/2021,St. Lawrence,27,6074,2596,281407
04/09/2021,St. Lawrence,13,6087,1125,282532
04/10/2021,St. Lawrence,13,6100,515,283047
04/11/2021,St. Lawrence,13,6113,272,283319
04/12/2021,St. Lawrence,12,6125,397,283716
04/13/2021,St. Lawrence,12,6137,2441,286157
04/14/2021,St. Lawrence,18,6155,2842,288999
04/15/2021,St. Lawrence,18,6173,1132,290131
04/16/2021,St. Lawrence,21,6194,1194,291325
04/17/2021,St. Lawrence,23,6217,1959,293284
04/18/2021,St. Lawrence,8,6225,195,293479
04/19/2021,St. Lawrence,1,6226,446,293925
04/20/2021,St. Lawrence,20,6246,3100,297025
04/21/2021,St. Lawrence,11,6257,1708,298733
04/22/2021,St. Lawrence,16,6273,1992,300725
04/23/2021,St. Lawrence,6,6279,1264,301989
04/24/2021,St. Lawrence,15,6294,664,302653
04/25/2021,St. Lawrence,10,6304,362,303015
04/26/2021,St. Lawrence,2,6306,455,303470
04/27/2021,St. Lawrence,15,6321,632,304102
04/28/2021,St. Lawrence,16,6337,1239,305341
04/29/2021,St. Lawrence,15,6352,1886,307227
04/30/2021,St. Lawrence,11,6363,583,307810
05/01/2021,St. Lawrence,7,6370,479,308289
05/02/2021,St. Lawrence,9,6379,388,308677
05/03/2021,St. Lawrence,6,6385,740,309417
05/04/2021,St. Lawrence,9,6394,658,310075
05/05/2021,St. Lawrence,11,6405,1528,311603
05/06/2021,St. Lawrence,10,6415,1391,312994
05/07/2021,St. Lawrence,6,6421,1208,314202
05/08/2021,St. Lawrence,12,6433,498,314700
05/09/2021,St. Lawrence,14,6447,239,314939
05/10/2021,St. Lawrence,6,6453,374,315313
05/11/2021,St. Lawrence,13,6466,534,315847
05/12/2021,St. Lawrence,14,6480,1493,317340
05/13/2021,St. Lawrence,13,6493,1667,319007
05/14/2021,St. Lawrence,14,6507,605,319612
05/15/2021,St. Lawrence,8,6515,332,319944
05/16/2021,St. Lawrence,9,6524,218,320162
05/17/2021,St. Lawrence,3,6527,291,320453
05/18/2021,St. Lawrence,12,6539,541,320994
05/19/2021,St. Lawrence,12,6551,1723,322717
05/20/2021,St. Lawrence,13,6564,1196,323913
05/21/2021,St. Lawrence,7,6571,521,324434
05/22/2021,St. Lawrence,6,6577,292,324726
05/23/2021,St. Lawrence,7,6584,181,324907
05/24/2021,St. Lawrence,7,6591,449,325356
05/25/2021,St. Lawrence,4,6595,539,325895
05/26/2021,St. Lawrence,3,6598,1204,327099
05/27/2021,St. Lawrence,8,6606,948,328047
05/28/2021,St. Lawrence,3,6609,450,328497
05/29/2021,St. Lawrence,0,6609,557,329054
05/30/2021,St. Lawrence,2,6611,139,329193
05/31/2021,St. Lawrence,0,6611,159,329352
06/01/2021,St. Lawrence,1,6612,146,329498
06/02/2021,St. Lawrence,4,6616,505,330003
06/03/2021,St. Lawrence,1,6617,1408,331411
06/04/2021,St. Lawrence,1,6618,434,331845
06/05/2021,St. Lawrence,1,6619,228,332073
06/06/2021,St. Lawrence,0,6619,139,332212
06/07/2021,St. Lawrence,0,6619,216,332428
06/08/2021,St. Lawrence,3,6622,359,332787
06/09/2021,St. Lawrence,4,6626,793,333580
06/10/2021,St. Lawrence,2,6628,1148,334728
06/11/2021,St. Lawrence,1,6629,462,335190
06/12/2021,St. Lawrence,4,6633,417,335607
06/13/2021,St. Lawrence,4,6637,144,335751
06/14/2021,St. Lawrence,3,6640,310,336061
06/15/2021,St. Lawrence,1,6641,295,336356
06/16/2021,St. Lawrence,1,6642,497,336853
06/17/2021,St. Lawrence,2,6644,471,337324
06/18/2021,St. Lawrence,2,6646,306,337630
06/19/2021,St. Lawrence,3,6649,256,337886
06/20/2021,St. Lawrence,0,6649,133,338019
06/21/2021,St. Lawrence,2,6651,251,338270
06/22/2021,St. Lawrence,3,6654,233,338503
06/23/2021,St. Lawrence,2,6656,595,339098
06/24/2021,St. Lawrence,1,6657,242,339340
06/25/2021,St. Lawrence,4,6661,206,339546
06/26/2021,St. Lawrence,1,6662,183,339729
06/27/2021,St. Lawrence,2,6664,128,339857
06/28/2021,St. Lawrence,1,6665,135,339992
06/29/2021,St. Lawrence,2,6667,202,340194
06/30/2021,St. Lawrence,4,6671,330,340524
07/01/2021,St. Lawrence,0,6671,345,340869
07/02/2021,St. Lawrence,1,6672,147,341016
07/03/2021,St. Lawrence,0,6672,144,341160
07/04/2021,St. Lawrence,0,6672,146,341306
07/05/2021,St. Lawrence,0,6672,56,341362
07/06/2021,St. Lawrence,0,6672,102,341464
07/07/2021,St. Lawrence,1,6673,232,341696
07/08/2021,St. Lawrence,1,6674,315,342011
07/09/2021,St. Lawrence,1,6675,247,342258
07/10/2021,St. Lawrence,7,6682,152,342410
07/11/2021,St. Lawrence,1,6683,144,342554
07/12/2021,St. Lawrence,1,6684,96,342650
07/13/2021,St. Lawrence,3,6687,205,342855
07/14/2021,St. Lawrence,1,6688,647,343502
07/15/2021,St. Lawrence,1,6689,210,343712
07/16/2021,St. Lawrence,1,6690,191,343903
07/17/2021,St. Lawrence,1,6691,197,344100
07/18/2021,St. Lawrence,0,6691,104,344204
07/19/2021,St. Lawrence,2,6693,224,344428
07/20/2021,St. Lawrence,0,6693,176,344604
07/21/2021,St. Lawrence,3,6696,222,344826
07/22/2021,St. Lawrence,12,6708,288,345114
07/23/2021,St. Lawrence,7,6715,282,345396
07/24/2021,St. Lawrence,9,6724,196,345592
07/25/2021,St. Lawrence,1,6725,102,345694
07/26/2021,St. Lawrence,6,6731,628,346322
07/27/2021,St. Lawrence,3,6734,165,346487
07/28/2021,St. Lawrence,4,6738,262,346749
07/29/2021,St. Lawrence,12,6750,240,346989
07/30/2021,St. Lawrence,3,6753,178,347167
07/31/2021,St. Lawrence,3,6756,236,347403
08/01/2021,St. Lawrence,2,6758,164,347567
08/02/2021,St. Lawrence,9,6767,138,347705
08/03/2021,St. Lawrence,3,6770,166,347871
08/04/2021,St. Lawrence,12,6782,409,348280
08/05/2021,St. Lawrence,4,6786,324,348604
08/06/2021,St. Lawrence,17,6803,328,348932
08/07/2021,St. Lawrence,14,6817,310,349242
08/08/2021,St. Lawrence,7,6824,155,349397
08/09/2021,St. Lawrence,13,6837,180,349577
08/10/2021,St. Lawrence,11,6848,303,349880
08/11/2021,St. Lawrence,30,6878,493,350373
08/12/2021,St. Lawrence,33,6911,588,350961
08/13/2021,St. Lawrence,33,6944,422,351383
08/14/2021,St. Lawrence,20,6964,306,351689
08/15/2021,St. Lawrence,30,6994,313,352002
08/16/2021,St. Lawrence,21,7015,343,352345
08/17/2021,St. Lawrence,38,7053,500,352845
08/18/2021,St. Lawrence,28,7081,559,353404
08/19/2021,St. Lawrence,28,7109,754,354158
08/20/2021,St. Lawrence,27,7136,702,354860
08/21/2021,St. Lawrence,27,7163,354,355214
08/22/2021,St. Lawrence,23,7186,268,355482
08/23/2021,St. Lawrence,27,7213,868,356350
08/24/2021,St. Lawrence,42,7255,515,356865
08/25/2021,St. Lawrence,45,7300,1983,358848
08/26/2021,St. Lawrence,48,7348,1308,360156
08/27/2021,St. Lawrence,46,7394,826,360982
08/28/2021,St. Lawrence,48,7442,754,361736
08/29/2021,St. Lawrence,33,7475,677,362413
08/30/2021,St. Lawrence,55,7530,514,362927
08/31/2021,St. Lawrence,59,7589,1162,364089
09/01/2021,St. Lawrence,35,7624,1209,365298
09/02/2021,St. Lawrence,86,7710,1834,367132
09/03/2021,St. Lawrence,78,7788,1479,368611
09/04/2021,St. Lawrence,49,7837,604,369215
09/05/2021,St. Lawrence,68,7905,1110,370325
09/06/2021,St. Lawrence,51,7956,483,370808
09/07/2021,St. Lawrence,39,7995,587,371395
09/08/2021,St. Lawrence,68,8063,1091,372486
09/09/2021,St. Lawrence,99,8162,3167,375653
09/10/2021,St. Lawrence,64,8226,925,376578
09/11/2021,St. Lawrence,71,8297,1328,377906
09/12/2021,St. Lawrence,60,8357,487,378393
09/13/2021,St. Lawrence,50,8407,886,379279
09/14/2021,St. Lawrence,54,8461,903,380182
09/15/2021,St. Lawrence,83,8544,1729,381911
09/16/2021,St. Lawrence,102,8646,2734,384645
09/17/2021,St. Lawrence,69,8715,1386,386031
09/18/2021,St. Lawrence,59,8774,817,386848
09/19/2021,St. Lawrence,57,8831,553,387401
09/20/2021,St. Lawrence,33,8864,826,388227
09/21/2021,St. Lawrence,44,8908,941,389168
09/22/2021,St. Lawrence,67,8975,1185,390353
09/23/2021,St. Lawrence,56,9031,2679,393032
09/24/2021,St. Lawrence,41,9072,1013,394045
09/25/2021,St. Lawrence,42,9114,482,394527
09/26/2021,St. Lawrence,43,9157,446,394973
09/27/2021,St. Lawrence,46,9203,602,395575
09/28/2021,St. Lawrence,37,9240,781,396356
09/29/2021,St. Lawrence,56,9296,1068,397424
09/30/2021,St. Lawrence,50,9346,2103,399527
10/01/2021,St. Lawrence,57,9403,1103,400630
10/02/2021,St. Lawrence,53,9456,827,401457
10/03/2021,St. Lawrence,31,9487,436,401893
10/04/2021,St. Lawrence,22,9509,556,402449
10/05/2021,St. Lawrence,34,9543,661,403110
10/06/2021,St. Lawrence,55,9598,1262,404372
10/07/2021,St. Lawrence,162,9760,3384,407756
10/08/2021,St. Lawrence,68,9828,1294,409050
10/09/2021,St. Lawrence,25,9853,420,409470
10/10/2021,St. Lawrence,80,9933,793,410263
10/11/2021,St. Lawrence,38,9971,280,410543
10/12/2021,St. Lawrence,70,10041,699,411242
10/13/2021,St. Lawrence,78,10119,896,412138
10/14/2021,St. Lawrence,96,10215,1677,413815
10/15/2021,St. Lawrence,67,10282,1013,414828
10/16/2021,St. Lawrence,72,10354,1373,416201
10/17/2021,St. Lawrence,38,10392,449,416650
10/18/2021,St. Lawrence,32,10424,419,417069
10/19/2021,St. Lawrence,55,10479,731,417800
10/20/2021,St. Lawrence,45,10524,1362,419162
10/21/2021,St. Lawrence,74,10598,2095,421257
10/22/2021,St. Lawrence,66,10664,1302,422559
10/23/2021,St. Lawrence,37,10701,1130,423689
03/01/2020,Steuben,0,0,0,0
03/02/2020,Steuben,0,0,0,0
03/03/2020,Steuben,0,0,0,0
03/04/2020,Steuben,0,0,0,0
03/05/2020,Steuben,0,0,0,0
03/06/2020,Steuben,0,0,0,0
03/07/2020,Steuben,0,0,0,0
03/08/2020,Steuben,0,0,0,0
03/09/2020,Steuben,0,0,0,0
03/10/2020,Steuben,0,0,0,0
03/11/2020,Steuben,0,0,0,0
03/12/2020,Steuben,0,0,0,0
03/13/2020,Steuben,0,0,1,1
03/14/2020,Steuben,0,0,0,1
03/15/2020,Steuben,0,0,0,1
03/16/2020,Steuben,0,0,0,1
03/17/2020,Steuben,0,0,0,1
03/18/2020,Steuben,0,0,4,5
03/19/2020,Steuben,0,0,3,8
03/20/2020,Steuben,2,2,27,35
03/21/2020,Steuben,1,3,17,52
03/22/2020,Steuben,1,4,10,62
03/23/2020,Steuben,1,5,2,64
03/24/2020,Steuben,3,8,13,77
03/25/2020,Steuben,3,11,30,107
03/26/2020,Steuben,1,12,25,132
03/27/2020,Steuben,1,13,27,159
03/28/2020,Steuben,4,17,22,181
03/29/2020,Steuben,2,19,8,189
03/30/2020,Steuben,5,24,39,228
03/31/2020,Steuben,14,38,56,284
04/01/2020,Steuben,5,43,25,309
04/02/2020,Steuben,3,46,36,345
04/03/2020,Steuben,9,55,27,372
04/04/2020,Steuben,8,63,31,403
04/05/2020,Steuben,12,75,40,443
04/06/2020,Steuben,0,75,22,465
04/07/2020,Steuben,7,82,67,532
04/08/2020,Steuben,7,89,50,582
04/09/2020,Steuben,28,117,97,679
04/10/2020,Steuben,2,119,28,707
04/11/2020,Steuben,2,121,12,719
04/12/2020,Steuben,2,123,10,729
04/13/2020,Steuben,24,147,90,819
04/14/2020,Steuben,4,151,24,843
04/15/2020,Steuben,3,154,20,863
04/16/2020,Steuben,0,154,25,888
04/17/2020,Steuben,6,160,92,980
04/18/2020,Steuben,7,167,100,1080
04/19/2020,Steuben,0,167,4,1084
04/20/2020,Steuben,3,170,33,1117
04/21/2020,Steuben,1,171,41,1158
04/22/2020,Steuben,0,171,24,1182
04/23/2020,Steuben,0,171,28,1210
04/24/2020,Steuben,33,204,556,1766
04/25/2020,Steuben,3,207,35,1801
04/26/2020,Steuben,2,209,10,1811
04/27/2020,Steuben,1,210,58,1869
04/28/2020,Steuben,4,214,105,1974
04/29/2020,Steuben,2,216,63,2037
04/30/2020,Steuben,0,216,42,2079
05/01/2020,Steuben,1,217,62,2141
05/02/2020,Steuben,1,218,41,2182
05/03/2020,Steuben,1,219,70,2252
05/04/2020,Steuben,2,221,90,2342
05/05/2020,Steuben,2,223,114,2456
05/06/2020,Steuben,1,224,66,2522
05/07/2020,Steuben,1,225,101,2623
05/08/2020,Steuben,1,226,228,2851
05/09/2020,Steuben,1,227,73,2924
05/10/2020,Steuben,1,228,58,2982
05/11/2020,Steuben,1,229,90,3072
05/12/2020,Steuben,1,230,306,3378
05/13/2020,Steuben,0,230,103,3481
05/14/2020,Steuben,1,231,110,3591
05/15/2020,Steuben,2,233,68,3659
05/16/2020,Steuben,1,234,97,3756
05/17/2020,Steuben,1,235,67,3823
05/18/2020,Steuben,1,236,126,3949
05/19/2020,Steuben,1,237,314,4263
05/20/2020,Steuben,1,238,133,4396
05/21/2020,Steuben,2,240,161,4557
05/22/2020,Steuben,0,240,114,4671
05/23/2020,Steuben,0,240,83,4754
05/24/2020,Steuben,0,240,72,4826
05/25/2020,Steuben,0,240,79,4905
05/26/2020,Steuben,1,241,221,5126
05/27/2020,Steuben,0,241,132,5258
05/28/2020,Steuben,0,241,98,5356
05/29/2020,Steuben,0,241,133,5489
05/30/2020,Steuben,0,241,122,5611
05/31/2020,Steuben,0,241,91,5702
06/01/2020,Steuben,1,242,133,5835
06/02/2020,Steuben,1,243,332,6167
06/03/2020,Steuben,2,245,187,6354
06/04/2020,Steuben,1,246,148,6502
06/05/2020,Steuben,5,251,360,6862
06/06/2020,Steuben,0,251,120,6982
06/07/2020,Steuben,0,251,162,7144
06/08/2020,Steuben,1,252,196,7340
06/09/2020,Steuben,1,253,238,7578
06/10/2020,Steuben,1,254,374,7952
06/11/2020,Steuben,0,254,239,8191
06/12/2020,Steuben,1,255,278,8469
06/13/2020,Steuben,0,255,158,8627
06/14/2020,Steuben,1,256,198,8825
06/15/2020,Steuben,1,257,346,9171
06/16/2020,Steuben,0,257,306,9477
06/17/2020,Steuben,0,257,359,9836
06/18/2020,Steuben,0,257,257,10093
06/19/2020,Steuben,4,261,133,10226
06/20/2020,Steuben,0,261,172,10398
06/21/2020,Steuben,2,263,204,10602
06/22/2020,Steuben,0,263,163,10765
06/23/2020,Steuben,0,263,263,11028
06/24/2020,Steuben,1,264,245,11273
06/25/2020,Steuben,0,264,220,11493
06/26/2020,Steuben,0,264,178,11671
06/27/2020,Steuben,2,266,236,11907
06/28/2020,Steuben,0,266,171,12078
06/29/2020,Steuben,0,266,165,12243
06/30/2020,Steuben,2,268,402,12645
07/01/2020,Steuben,0,268,213,12858
07/02/2020,Steuben,0,268,201,13059
07/03/2020,Steuben,1,269,282,13341
07/04/2020,Steuben,1,270,209,13550
07/05/2020,Steuben,1,271,252,13802
07/06/2020,Steuben,0,271,195,13997
07/07/2020,Steuben,0,271,223,14220
07/08/2020,Steuben,1,272,199,14419
07/09/2020,Steuben,0,272,182,14601
07/10/2020,Steuben,2,274,183,14784
07/11/2020,Steuben,0,274,247,15031
07/12/2020,Steuben,2,276,101,15132
07/13/2020,Steuben,2,278,292,15424
07/14/2020,Steuben,1,279,402,15826
07/15/2020,Steuben,0,279,299,16125
07/16/2020,Steuben,0,279,254,16379
07/17/2020,Steuben,1,280,228,16607
07/18/2020,Steuben,1,281,178,16785
07/19/2020,Steuben,1,282,172,16957
07/20/2020,Steuben,1,283,119,17076
07/21/2020,Steuben,0,283,324,17400
07/22/2020,Steuben,1,284,359,17759
07/23/2020,Steuben,1,285,226,17985
07/24/2020,Steuben,3,288,297,18282
07/25/2020,Steuben,0,288,179,18461
07/26/2020,Steuben,0,288,187,18648
07/27/2020,Steuben,1,289,161,18809
07/28/2020,Steuben,1,290,330,19139
07/29/2020,Steuben,0,290,393,19532
07/30/2020,Steuben,0,290,266,19798
07/31/2020,Steuben,0,290,216,20014
08/01/2020,Steuben,2,292,147,20161
08/02/2020,Steuben,0,292,95,20256
08/03/2020,Steuben,2,294,171,20427
08/04/2020,Steuben,3,297,423,20850
08/05/2020,Steuben,0,297,253,21103
08/06/2020,Steuben,0,297,221,21324
08/07/2020,Steuben,1,298,203,21527
08/08/2020,Steuben,0,298,298,21825
08/09/2020,Steuben,0,298,218,22043
08/10/2020,Steuben,2,300,380,22423
08/11/2020,Steuben,0,300,325,22748
08/12/2020,Steuben,1,301,320,23068
08/13/2020,Steuben,2,303,275,23343
08/14/2020,Steuben,3,306,348,23691
08/15/2020,Steuben,0,306,388,24079
08/16/2020,Steuben,1,307,237,24316
08/17/2020,Steuben,0,307,156,24472
08/18/2020,Steuben,0,307,286,24758
08/19/2020,Steuben,0,307,204,24962
08/20/2020,Steuben,1,308,380,25342
08/21/2020,Steuben,1,309,316,25658
08/22/2020,Steuben,1,310,241,25899
08/23/2020,Steuben,0,310,295,26194
08/24/2020,Steuben,0,310,156,26350
08/25/2020,Steuben,0,310,299,26649
08/26/2020,Steuben,1,311,263,26912
08/27/2020,Steuben,1,312,337,27249
08/28/2020,Steuben,1,313,360,27609
08/29/2020,Steuben,2,315,213,27822
08/30/2020,Steuben,0,315,246,28068
08/31/2020,Steuben,0,315,230,28298
09/01/2020,Steuben,0,315,273,28571
09/02/2020,Steuben,1,316,286,28857
09/03/2020,Steuben,3,319,163,29020
09/04/2020,Steuben,0,319,237,29257
09/05/2020,Steuben,1,320,150,29407
09/06/2020,Steuben,0,320,134,29541
09/07/2020,Steuben,3,323,139,29680
09/08/2020,Steuben,2,325,338,30018
09/09/2020,Steuben,0,325,401,30419
09/10/2020,Steuben,1,326,83,30502
09/11/2020,Steuben,0,326,307,30809
09/12/2020,Steuben,0,326,132,30941
09/13/2020,Steuben,0,326,277,31218
09/14/2020,Steuben,5,331,339,31557
09/15/2020,Steuben,3,334,273,31830
09/16/2020,Steuben,5,339,346,32176
09/17/2020,Steuben,3,342,265,32441
09/18/2020,Steuben,2,344,316,32757
09/19/2020,Steuben,6,350,373,33130
09/20/2020,Steuben,3,353,195,33325
09/21/2020,Steuben,7,360,317,33642
09/22/2020,Steuben,6,366,440,34082
09/23/2020,Steuben,10,376,347,34429
09/24/2020,Steuben,11,387,305,34734
09/25/2020,Steuben,17,404,488,35222
09/26/2020,Steuben,12,416,387,35609
09/27/2020,Steuben,4,420,170,35779
09/28/2020,Steuben,30,450,517,36296
09/29/2020,Steuben,3,453,407,36703
09/30/2020,Steuben,11,464,440,37143
10/01/2020,Steuben,35,499,413,37556
10/02/2020,Steuben,21,520,456,38012
10/03/2020,Steuben,14,534,354,38366
10/04/2020,Steuben,6,540,242,38608
10/05/2020,Steuben,30,570,578,39186
10/06/2020,Steuben,15,585,567,39753
10/07/2020,Steuben,23,608,492,40245
10/08/2020,Steuben,24,632,412,40657
10/09/2020,Steuben,28,660,676,41333
10/10/2020,Steuben,30,690,564,41897
10/11/2020,Steuben,12,702,400,42297
10/12/2020,Steuben,29,731,617,42914
10/13/2020,Steuben,16,747,389,43303
10/14/2020,Steuben,17,764,368,43671
10/15/2020,Steuben,53,817,522,44193
10/16/2020,Steuben,30,847,558,44751
10/17/2020,Steuben,10,857,417,45168
10/18/2020,Steuben,16,873,475,45643
10/19/2020,Steuben,11,884,472,46115
10/20/2020,Steuben,14,898,494,46609
10/21/2020,Steuben,17,915,758,47367
10/22/2020,Steuben,14,929,529,47896
10/23/2020,Steuben,22,951,696,48592
10/24/2020,Steuben,11,962,384,48976
10/25/2020,Steuben,8,970,438,49414
10/26/2020,Steuben,14,984,616,50030
10/27/2020,Steuben,21,1005,499,50529
10/28/2020,Steuben,20,1025,661,51190
10/29/2020,Steuben,16,1041,844,52034
10/30/2020,Steuben,17,1058,759,52793
10/31/2020,Steuben,29,1087,437,53230
11/01/2020,Steuben,22,1109,428,53658
11/02/2020,Steuben,22,1131,560,54218
11/03/2020,Steuben,14,1145,483,54701
11/04/2020,Steuben,14,1159,665,55366
11/05/2020,Steuben,17,1176,1001,56367
11/06/2020,Steuben,24,1200,822,57189
11/07/2020,Steuben,25,1225,814,58003
11/08/2020,Steuben,4,1229,491,58494
11/09/2020,Steuben,20,1249,757,59251
11/10/2020,Steuben,17,1266,1183,60434
11/11/2020,Steuben,29,1295,1314,61748
11/12/2020,Steuben,66,1361,1220,62968
11/13/2020,Steuben,33,1394,823,63791
11/14/2020,Steuben,22,1416,684,64475
11/15/2020,Steuben,18,1434,472,64947
11/16/2020,Steuben,14,1448,572,65519
11/17/2020,Steuben,19,1467,878,66397
11/18/2020,Steuben,21,1488,777,67174
11/19/2020,Steuben,14,1502,526,67700
11/20/2020,Steuben,23,1525,1600,69300
11/21/2020,Steuben,32,1557,679,69979
11/22/2020,Steuben,42,1599,1807,71786
11/23/2020,Steuben,11,1610,718,72504
11/24/2020,Steuben,34,1644,1020,73524
11/25/2020,Steuben,34,1678,1365,74889
11/26/2020,Steuben,36,1714,1220,76109
11/27/2020,Steuben,25,1739,488,76597
11/28/2020,Steuben,32,1771,447,77044
11/29/2020,Steuben,26,1797,381,77425
11/30/2020,Steuben,27,1824,559,77984
12/01/2020,Steuben,41,1865,782,78766
12/02/2020,Steuben,33,1898,843,79609
12/03/2020,Steuben,59,1957,961,80570
12/04/2020,Steuben,59,2016,1420,81990
12/05/2020,Steuben,43,2059,1258,83248
12/06/2020,Steuben,25,2084,613,83861
12/07/2020,Steuben,42,2126,455,84316
12/08/2020,Steuben,69,2195,932,85248
12/09/2020,Steuben,43,2238,1187,86435
12/10/2020,Steuben,57,2295,1494,87929
12/11/2020,Steuben,68,2363,1486,89415
12/12/2020,Steuben,45,2408,876,90291
12/13/2020,Steuben,35,2443,465,90756
12/14/2020,Steuben,31,2474,559,91315
12/15/2020,Steuben,57,2531,1223,92538
12/16/2020,Steuben,55,2586,1113,93651
12/17/2020,Steuben,77,2663,1911,95562
12/18/2020,Steuben,46,2709,780,96342
12/19/2020,Steuben,76,2785,1150,97492
12/20/2020,Steuben,40,2825,452,97944
12/21/2020,Steuben,45,2870,551,98495
12/22/2020,Steuben,72,2942,1096,99591
12/23/2020,Steuben,80,3022,1694,101285
12/24/2020,Steuben,75,3097,719,102004
12/25/2020,Steuben,42,3139,465,102469
12/26/2020,Steuben,20,3159,406,102875
12/27/2020,Steuben,44,3203,447,103322
12/28/2020,Steuben,47,3250,512,103834
12/29/2020,Steuben,73,3323,1020,104854
12/30/2020,Steuben,83,3406,1355,106209
12/31/2020,Steuben,61,3467,667,106876
01/01/2021,Steuben,60,3527,574,107450
01/02/2021,Steuben,62,3589,448,107898
01/03/2021,Steuben,76,3665,505,108403
01/04/2021,Steuben,37,3702,548,108951
01/05/2021,Steuben,103,3805,910,109861
01/06/2021,Steuben,85,3890,1674,111535
01/07/2021,Steuben,105,3995,1787,113322
01/08/2021,Steuben,84,4079,1170,114492
01/09/2021,Steuben,71,4150,714,115206
01/10/2021,Steuben,56,4206,671,115877
01/11/2021,Steuben,61,4267,699,116576
01/12/2021,Steuben,61,4328,805,117381
01/13/2021,Steuben,52,4380,1434,118815
01/14/2021,Steuben,64,4444,1861,120676
01/15/2021,Steuben,52,4496,1297,121973
01/16/2021,Steuben,45,4541,996,122969
01/17/2021,Steuben,19,4560,355,123324
01/18/2021,Steuben,35,4595,453,123777
01/19/2021,Steuben,37,4632,914,124691
01/20/2021,Steuben,48,4680,1718,126409
01/21/2021,Steuben,39,4719,1457,127866
01/22/2021,Steuben,21,4740,1182,129048
01/23/2021,Steuben,34,4774,936,129984
01/24/2021,Steuben,28,4802,795,130779
01/25/2021,Steuben,33,4835,468,131247
01/26/2021,Steuben,38,4873,781,132028
01/27/2021,Steuben,41,4914,1256,133284
01/28/2021,Steuben,26,4940,1816,135100
01/29/2021,Steuben,45,4985,1346,136446
01/30/2021,Steuben,40,5025,864,137310
01/31/2021,Steuben,36,5061,735,138045
02/01/2021,Steuben,24,5085,276,138321
02/02/2021,Steuben,33,5118,708,139029
02/03/2021,Steuben,29,5147,790,139819
02/04/2021,Steuben,30,5177,894,140713
02/05/2021,Steuben,18,5195,1095,141808
02/06/2021,Steuben,35,5230,790,142598
02/07/2021,Steuben,29,5259,675,143273
02/08/2021,Steuben,11,5270,426,143699
02/09/2021,Steuben,15,5285,978,144677
02/10/2021,Steuben,18,5303,1074,145751
02/11/2021,Steuben,15,5318,1125,146876
02/12/2021,Steuben,10,5328,1165,148041
02/13/2021,Steuben,15,5343,524,148565
02/14/2021,Steuben,12,5355,559,149124
02/15/2021,Steuben,13,5368,459,149583
02/16/2021,Steuben,7,5375,568,150151
02/17/2021,Steuben,8,5383,659,150810
02/18/2021,Steuben,16,5399,791,151601
02/19/2021,Steuben,16,5415,929,152530
02/20/2021,Steuben,11,5426,480,153010
02/21/2021,Steuben,6,5432,390,153400
02/22/2021,Steuben,11,5443,541,153941
02/23/2021,Steuben,9,5452,731,154672
02/24/2021,Steuben,11,5463,841,155513
02/25/2021,Steuben,15,5478,1058,156571
02/26/2021,Steuben,18,5496,931,157502
02/27/2021,Steuben,10,5506,695,158197
02/28/2021,Steuben,3,5509,402,158599
03/01/2021,Steuben,7,5516,320,158919
03/02/2021,Steuben,14,5530,833,159752
03/03/2021,Steuben,15,5545,837,160589
03/04/2021,Steuben,17,5562,794,161383
03/05/2021,Steuben,19,5581,852,162235
03/06/2021,Steuben,3,5584,539,162774
03/07/2021,Steuben,14,5598,503,163277
03/08/2021,Steuben,11,5609,453,163730
03/09/2021,Steuben,12,5621,689,164419
03/10/2021,Steuben,8,5629,769,165188
03/11/2021,Steuben,11,5640,653,165841
03/12/2021,Steuben,13,5653,837,166678
03/13/2021,Steuben,11,5664,619,167297
03/14/2021,Steuben,10,5674,472,167769
03/15/2021,Steuben,11,5685,547,168316
03/16/2021,Steuben,13,5698,815,169131
03/17/2021,Steuben,11,5709,621,169752
03/18/2021,Steuben,11,5720,668,170420
03/19/2021,Steuben,13,5733,744,171164
03/20/2021,Steuben,11,5744,704,171868
03/21/2021,Steuben,14,5758,466,172334
03/22/2021,Steuben,14,5772,238,172572
03/23/2021,Steuben,19,5791,717,173289
03/24/2021,Steuben,22,5813,657,173946
03/25/2021,Steuben,18,5831,651,174597
03/26/2021,Steuben,16,5847,1137,175734
03/27/2021,Steuben,23,5870,724,176458
03/28/2021,Steuben,19,5889,653,177111
03/29/2021,Steuben,19,5908,454,177565
03/30/2021,Steuben,20,5928,845,178410
03/31/2021,Steuben,21,5949,860,179270
04/01/2021,Steuben,25,5974,872,180142
04/02/2021,Steuben,29,6003,1058,181200
04/03/2021,Steuben,18,6021,643,181843
04/04/2021,Steuben,19,6040,430,182273
04/05/2021,Steuben,9,6049,542,182815
04/06/2021,Steuben,13,6062,889,183704
04/07/2021,Steuben,32,6094,661,184365
04/08/2021,Steuben,25,6119,1098,185463
04/09/2021,Steuben,17,6136,961,186424
04/10/2021,Steuben,17,6153,855,187279
04/11/2021,Steuben,16,6169,349,187628
04/12/2021,Steuben,23,6192,487,188115
04/13/2021,Steuben,20,6212,474,188589
04/14/2021,Steuben,19,6231,985,189574
04/15/2021,Steuben,22,6253,972,190546
04/16/2021,Steuben,19,6272,725,191271
04/17/2021,Steuben,24,6296,1048,192319
04/18/2021,Steuben,13,6309,504,192823
04/19/2021,Steuben,19,6328,379,193202
04/20/2021,Steuben,27,6355,726,193928
04/21/2021,Steuben,28,6383,730,194658
04/22/2021,Steuben,18,6401,903,195561
04/23/2021,Steuben,16,6417,1135,196696
04/24/2021,Steuben,22,6439,641,197337
04/25/2021,Steuben,19,6458,480,197817
04/26/2021,Steuben,13,6471,324,198141
04/27/2021,Steuben,22,6493,643,198784
04/28/2021,Steuben,25,6518,894,199678
04/29/2021,Steuben,11,6529,804,200482
04/30/2021,Steuben,23,6552,823,201305
05/01/2021,Steuben,12,6564,708,202013
05/02/2021,Steuben,7,6571,521,202534
05/03/2021,Steuben,9,6580,330,202864
05/04/2021,Steuben,19,6599,520,203384
05/05/2021,Steuben,27,6626,744,204128
05/06/2021,Steuben,13,6639,653,204781
05/07/2021,Steuben,30,6669,746,205527
05/08/2021,Steuben,14,6683,639,206166
05/09/2021,Steuben,13,6696,335,206501
05/10/2021,Steuben,14,6710,500,207001
05/11/2021,Steuben,13,6723,745,207746
05/12/2021,Steuben,23,6746,510,208256
05/13/2021,Steuben,16,6762,886,209142
05/14/2021,Steuben,13,6775,766,209908
05/15/2021,Steuben,11,6786,509,210417
05/16/2021,Steuben,8,6794,441,210858
05/17/2021,Steuben,10,6804,292,211150
05/18/2021,Steuben,10,6814,679,211829
05/19/2021,Steuben,13,6827,671,212500
05/20/2021,Steuben,12,6839,608,213108
05/21/2021,Steuben,9,6848,606,213714
05/22/2021,Steuben,9,6857,420,214134
05/23/2021,Steuben,10,6867,374,214508
05/24/2021,Steuben,4,6871,205,214713
05/25/2021,Steuben,1,6872,432,215145
05/26/2021,Steuben,12,6884,603,215748
05/27/2021,Steuben,9,6893,619,216367
05/28/2021,Steuben,5,6898,504,216871
05/29/2021,Steuben,3,6901,428,217299
05/30/2021,Steuben,5,6906,279,217578
05/31/2021,Steuben,3,6909,217,217795
06/01/2021,Steuben,1,6910,245,218040
06/02/2021,Steuben,4,6914,492,218532
06/03/2021,Steuben,10,6924,571,219103
06/04/2021,Steuben,5,6929,552,219655
06/05/2021,Steuben,4,6933,443,220098
06/06/2021,Steuben,1,6934,295,220393
06/07/2021,Steuben,4,6938,403,220796
06/08/2021,Steuben,1,6939,392,221188
06/09/2021,Steuben,3,6942,483,221671
06/10/2021,Steuben,4,6946,578,222249
06/11/2021,Steuben,4,6950,500,222749
06/12/2021,Steuben,2,6952,362,223111
06/13/2021,Steuben,0,6952,224,223335
06/14/2021,Steuben,0,6952,178,223513
06/15/2021,Steuben,1,6953,518,224031
06/16/2021,Steuben,2,6955,360,224391
06/17/2021,Steuben,2,6957,481,224872
06/18/2021,Steuben,0,6957,301,225173
06/19/2021,Steuben,3,6960,271,225444
06/20/2021,Steuben,0,6960,150,225594
06/21/2021,Steuben,0,6960,116,225710
06/22/2021,Steuben,1,6961,226,225936
06/23/2021,Steuben,2,6963,448,226384
06/24/2021,Steuben,0,6963,232,226616
06/25/2021,Steuben,4,6967,285,226901
06/26/2021,Steuben,1,6968,207,227108
06/27/2021,Steuben,0,6968,144,227252
06/28/2021,Steuben,0,6968,120,227372
06/29/2021,Steuben,1,6969,344,227716
06/30/2021,Steuben,1,6970,244,227960
07/01/2021,Steuben,1,6971,187,228147
07/02/2021,Steuben,1,6972,209,228356
07/03/2021,Steuben,1,6973,245,228601
07/04/2021,Steuben,1,6974,117,228718
07/05/2021,Steuben,1,6975,176,228894
07/06/2021,Steuben,1,6976,100,228994
07/07/2021,Steuben,0,6976,317,229311
07/08/2021,Steuben,4,6980,242,229553
07/09/2021,Steuben,0,6980,302,229855
07/10/2021,Steuben,2,6982,232,230087
07/11/2021,Steuben,0,6982,119,230206
07/12/2021,Steuben,0,6982,77,230283
07/13/2021,Steuben,0,6982,138,230421
07/14/2021,Steuben,2,6984,221,230642
07/15/2021,Steuben,1,6985,151,230793
07/16/2021,Steuben,0,6985,183,230976
07/17/2021,Steuben,2,6987,164,231140
07/18/2021,Steuben,1,6988,93,231233
07/19/2021,Steuben,1,6989,98,231331
07/20/2021,Steuben,3,6992,189,231520
07/21/2021,Steuben,3,6995,153,231673
07/22/2021,Steuben,3,6998,190,231863
07/23/2021,Steuben,0,6998,136,231999
07/24/2021,Steuben,4,7002,164,232163
07/25/2021,Steuben,1,7003,68,232231
07/26/2021,Steuben,0,7003,132,232363
07/27/2021,Steuben,2,7005,173,232536
07/28/2021,Steuben,3,7008,177,232713
07/29/2021,Steuben,5,7013,198,232911
07/30/2021,Steuben,3,7016,225,233136
07/31/2021,Steuben,6,7022,121,233257
08/01/2021,Steuben,2,7024,97,233354
08/02/2021,Steuben,3,7027,115,233469
08/03/2021,Steuben,4,7031,244,233713
08/04/2021,Steuben,4,7035,258,233971
08/05/2021,Steuben,1,7036,182,234153
08/06/2021,Steuben,7,7043,239,234392
08/07/2021,Steuben,2,7045,148,234540
08/08/2021,Steuben,1,7046,129,234669
08/09/2021,Steuben,4,7050,113,234782
08/10/2021,Steuben,9,7059,302,235084
08/11/2021,Steuben,11,7070,191,235275
08/12/2021,Steuben,11,7081,304,235579
08/13/2021,Steuben,15,7096,236,235815
08/14/2021,Steuben,12,7108,172,235987
08/15/2021,Steuben,15,7123,166,236153
08/16/2021,Steuben,7,7130,139,236292
08/17/2021,Steuben,19,7149,364,236656
08/18/2021,Steuben,19,7168,321,236977
08/19/2021,Steuben,16,7184,297,237274
08/20/2021,Steuben,25,7209,330,237604
08/21/2021,Steuben,21,7230,295,237899
08/22/2021,Steuben,6,7236,131,238030
08/23/2021,Steuben,12,7248,170,238200
08/24/2021,Steuben,12,7260,314,238514
08/25/2021,Steuben,32,7292,373,238887
08/26/2021,Steuben,31,7323,618,239505
08/27/2021,Steuben,32,7355,671,240176
08/28/2021,Steuben,29,7384,368,240544
08/29/2021,Steuben,28,7412,252,240796
08/30/2021,Steuben,21,7433,208,241004
08/31/2021,Steuben,34,7467,548,241552
09/01/2021,Steuben,53,7520,619,242171
09/02/2021,Steuben,40,7560,665,242836
09/03/2021,Steuben,42,7602,1117,243953
09/04/2021,Steuben,74,7676,711,244664
09/05/2021,Steuben,45,7721,456,245120
09/06/2021,Steuben,26,7747,271,245391
09/07/2021,Steuben,37,7784,407,245798
09/08/2021,Steuben,30,7814,853,246651
09/09/2021,Steuben,59,7873,853,247504
09/10/2021,Steuben,55,7928,1680,249184
09/11/2021,Steuben,39,7967,1069,250253
09/12/2021,Steuben,24,7991,351,250604
09/13/2021,Steuben,22,8013,329,250933
09/14/2021,Steuben,40,8053,1063,251996
09/15/2021,Steuben,72,8125,1065,253061
09/16/2021,Steuben,54,8179,798,253859
09/17/2021,Steuben,54,8233,1516,255375
09/18/2021,Steuben,52,8285,1374,256749
09/19/2021,Steuben,24,8309,426,257175
09/20/2021,Steuben,33,8342,808,257983
09/21/2021,Steuben,52,8394,770,258753
09/22/2021,Steuben,95,8489,1153,259906
09/23/2021,Steuben,64,8553,1169,261075
09/24/2021,Steuben,80,8633,1887,262962
09/25/2021,Steuben,64,8697,1292,264254
09/26/2021,Steuben,54,8751,426,264680
09/27/2021,Steuben,30,8781,376,265056
09/28/2021,Steuben,72,8853,1017,266073
09/29/2021,Steuben,76,8929,1141,267214
09/30/2021,Steuben,50,8979,1171,268385
10/01/2021,Steuben,65,9044,1688,270073
10/02/2021,Steuben,66,9110,1067,271140
10/03/2021,Steuben,35,9145,370,271510
10/04/2021,Steuben,50,9195,466,271976
10/05/2021,Steuben,69,9264,1083,273059
10/06/2021,Steuben,86,9350,1232,274291
10/07/2021,Steuben,74,9424,1315,275606
10/08/2021,Steuben,64,9488,1841,277447
10/09/2021,Steuben,39,9527,695,278142
10/10/2021,Steuben,66,9593,747,278889
10/11/2021,Steuben,32,9625,347,279236
10/12/2021,Steuben,47,9672,490,279726
10/13/2021,Steuben,84,9756,1264,280990
10/14/2021,Steuben,77,9833,1229,282219
10/15/2021,Steuben,96,9929,1529,283748
10/16/2021,Steuben,43,9972,915,284663
10/17/2021,Steuben,47,10019,349,285012
10/18/2021,Steuben,18,10037,308,285320
10/19/2021,Steuben,43,10080,900,286220
10/20/2021,Steuben,53,10133,1215,287435
10/21/2021,Steuben,52,10185,1190,288625
10/22/2021,Steuben,60,10245,1583,290208
10/23/2021,Steuben,28,10273,776,290984
03/01/2020,Suffolk,0,0,0,0
03/02/2020,Suffolk,0,0,0,0
03/03/2020,Suffolk,0,0,0,0
03/04/2020,Suffolk,0,0,2,2
03/05/2020,Suffolk,0,0,2,4
03/06/2020,Suffolk,0,0,1,5
03/07/2020,Suffolk,0,0,2,7
03/08/2020,Suffolk,1,1,11,18
03/09/2020,Suffolk,0,1,4,22
03/10/2020,Suffolk,5,6,24,46
03/11/2020,Suffolk,5,11,24,70
03/12/2020,Suffolk,11,22,73,143
03/13/2020,Suffolk,10,32,79,222
03/14/2020,Suffolk,9,41,38,260
03/15/2020,Suffolk,22,63,95,355
03/16/2020,Suffolk,22,85,109,464
03/17/2020,Suffolk,31,116,179,643
03/18/2020,Suffolk,62,178,361,1004
03/19/2020,Suffolk,193,371,766,1770
03/20/2020,Suffolk,290,661,1461,3231
03/21/2020,Suffolk,373,1034,1578,4809
03/22/2020,Suffolk,424,1458,1153,5962
03/23/2020,Suffolk,422,1880,1047,7009
03/24/2020,Suffolk,380,2260,854,7863
03/25/2020,Suffolk,475,2735,1189,9052
03/26/2020,Suffolk,650,3385,1333,10385
03/27/2020,Suffolk,753,4138,1690,12075
03/28/2020,Suffolk,885,5023,2155,14230
03/29/2020,Suffolk,768,5791,1598,15828
03/30/2020,Suffolk,922,6713,1857,17685
03/31/2020,Suffolk,892,7605,1620,19305
04/01/2020,Suffolk,1141,8746,2148,21453
04/02/2020,Suffolk,1408,10154,2575,24028
04/03/2020,Suffolk,1216,11370,2463,26491
04/04/2020,Suffolk,1035,12405,2200,28691
04/05/2020,Suffolk,1082,13487,2211,30902
04/06/2020,Suffolk,1030,14517,2323,33225
04/07/2020,Suffolk,1327,15844,3139,36364
04/08/2020,Suffolk,1569,17413,3889,40253
04/09/2020,Suffolk,1279,18692,2942,43195
04/10/2020,Suffolk,1191,19883,2556,45751
04/11/2020,Suffolk,933,20816,2215,47966
04/12/2020,Suffolk,827,21643,2164,50130
04/13/2020,Suffolk,819,22462,2246,52376
04/14/2020,Suffolk,816,23278,2135,54511
04/15/2020,Suffolk,904,24182,2536,57047
04/16/2020,Suffolk,853,25035,2496,59543
04/17/2020,Suffolk,1108,26143,3385,62928
04/18/2020,Suffolk,745,26888,2392,65320
04/19/2020,Suffolk,774,27662,2278,67598
04/20/2020,Suffolk,492,28154,1482,69080
04/21/2020,Suffolk,700,28854,2188,71268
04/22/2020,Suffolk,713,29567,2428,73696
04/23/2020,Suffolk,1039,30606,3858,77554
04/24/2020,Suffolk,762,31368,2860,80414
04/25/2020,Suffolk,691,32059,2830,83244
04/26/2020,Suffolk,411,32470,1826,85070
04/27/2020,Suffolk,254,32724,1429,86499
04/28/2020,Suffolk,541,33265,2669,89168
04/29/2020,Suffolk,399,33664,2193,91361
04/30/2020,Suffolk,373,34037,2207,93568
05/01/2020,Suffolk,441,34478,2660,96228
05/02/2020,Suffolk,377,34855,2521,98749
05/03/2020,Suffolk,222,35077,1640,100389
05/04/2020,Suffolk,198,35275,1586,101975
05/05/2020,Suffolk,268,35543,2112,104087
05/06/2020,Suffolk,349,35892,2668,106755
05/07/2020,Suffolk,331,36223,2357,109112
05/08/2020,Suffolk,238,36461,2227,111339
05/09/2020,Suffolk,241,36702,2556,113895
05/10/2020,Suffolk,209,36911,2014,115909
05/11/2020,Suffolk,151,37062,1964,117873
05/12/2020,Suffolk,243,37305,2950,120823
05/13/2020,Suffolk,239,37544,3229,124052
05/14/2020,Suffolk,175,37719,2777,126829
05/15/2020,Suffolk,223,37942,3048,129877
05/16/2020,Suffolk,175,38117,2818,132695
05/17/2020,Suffolk,107,38224,1948,134643
05/18/2020,Suffolk,103,38327,2118,136761
05/19/2020,Suffolk,84,38411,2416,139177
05/20/2020,Suffolk,142,38553,3623,142800
05/21/2020,Suffolk,119,38672,3022,145822
05/22/2020,Suffolk,130,38802,4005,149827
05/23/2020,Suffolk,162,38964,3865,153692
05/24/2020,Suffolk,126,39090,4010,157702
05/25/2020,Suffolk,109,39199,3241,160943
05/26/2020,Suffolk,59,39258,2492,163435
05/27/2020,Suffolk,101,39359,4482,167917
05/28/2020,Suffolk,86,39445,4591,172508
05/29/2020,Suffolk,87,39532,4388,176896
05/30/2020,Suffolk,111,39643,5138,182034
05/31/2020,Suffolk,62,39705,4294,186328
06/01/2020,Suffolk,275,39980,4365,190693
06/02/2020,Suffolk,82,40062,4840,195533
06/03/2020,Suffolk,91,40153,5178,200711
06/04/2020,Suffolk,86,40239,5202,205913
06/05/2020,Suffolk,39,40278,5505,211418
06/06/2020,Suffolk,51,40329,4582,216000
06/07/2020,Suffolk,48,40377,4833,220833
06/08/2020,Suffolk,49,40426,4098,224931
06/09/2020,Suffolk,38,40464,4099,229030
06/10/2020,Suffolk,48,40512,5079,234109
06/11/2020,Suffolk,47,40559,5206,239315
06/12/2020,Suffolk,56,40615,5879,245194
06/13/2020,Suffolk,44,40659,4243,249437
06/14/2020,Suffolk,33,40692,4110,253547
06/15/2020,Suffolk,46,40738,4866,258413
06/16/2020,Suffolk,32,40770,4086,262499
06/17/2020,Suffolk,40,40810,5476,267975
06/18/2020,Suffolk,54,40864,5570,273545
06/19/2020,Suffolk,44,40908,4391,277936
06/20/2020,Suffolk,64,40972,5243,283179
06/21/2020,Suffolk,38,41010,3952,287131
06/22/2020,Suffolk,46,41056,3530,290661
06/23/2020,Suffolk,45,41101,3941,294602
06/24/2020,Suffolk,50,41151,5529,300131
06/25/2020,Suffolk,57,41208,5076,305207
06/26/2020,Suffolk,45,41253,4615,309822
06/27/2020,Suffolk,53,41306,5095,314917
06/28/2020,Suffolk,33,41339,4481,319398
06/29/2020,Suffolk,46,41385,3312,322710
06/30/2020,Suffolk,42,41427,4047,326757
07/01/2020,Suffolk,64,41491,5730,332487
07/02/2020,Suffolk,47,41538,4791,337278
07/03/2020,Suffolk,47,41585,4110,341388
07/04/2020,Suffolk,57,41642,5933,347321
07/05/2020,Suffolk,43,41685,3812,351133
07/06/2020,Suffolk,45,41730,4226,355359
07/07/2020,Suffolk,69,41799,4108,359467
07/08/2020,Suffolk,50,41849,5372,364839
07/09/2020,Suffolk,62,41911,6245,371084
07/10/2020,Suffolk,76,41987,5490,376574
07/11/2020,Suffolk,41,42028,4260,380834
07/12/2020,Suffolk,84,42112,4517,385351
07/13/2020,Suffolk,102,42214,4795,390146
07/14/2020,Suffolk,53,42267,4756,394902
07/15/2020,Suffolk,66,42333,6205,401107
07/16/2020,Suffolk,49,42382,4822,405929
07/17/2020,Suffolk,58,42440,4671,410600
07/18/2020,Suffolk,26,42466,2755,413355
07/19/2020,Suffolk,30,42496,4235,417590
07/20/2020,Suffolk,79,42575,4508,422098
07/21/2020,Suffolk,46,42621,4070,426168
07/22/2020,Suffolk,94,42715,5525,431693
07/23/2020,Suffolk,58,42773,6010,437703
07/24/2020,Suffolk,49,42822,5594,443297
07/25/2020,Suffolk,61,42883,4214,447511
07/26/2020,Suffolk,84,42967,5292,452803
07/27/2020,Suffolk,57,43024,4926,457729
07/28/2020,Suffolk,60,43084,4399,462128
07/29/2020,Suffolk,86,43170,6247,468375
07/30/2020,Suffolk,54,43224,5371,473746
07/31/2020,Suffolk,76,43300,6595,480341
08/01/2020,Suffolk,45,43345,4797,485138
08/02/2020,Suffolk,50,43395,4339,489477
08/03/2020,Suffolk,73,43468,5697,495174
08/04/2020,Suffolk,85,43553,5570,500744
08/05/2020,Suffolk,77,43630,7082,507826
08/06/2020,Suffolk,51,43681,5537,513363
08/07/2020,Suffolk,68,43749,6401,519764
08/08/2020,Suffolk,37,43786,6048,525812
08/09/2020,Suffolk,58,43844,4029,529841
08/10/2020,Suffolk,49,43893,4999,534840
08/11/2020,Suffolk,55,43948,5030,539870
08/12/2020,Suffolk,39,43987,6363,546233
08/13/2020,Suffolk,58,44045,6154,552387
08/14/2020,Suffolk,64,44109,6312,558699
08/15/2020,Suffolk,50,44159,5886,564585
08/16/2020,Suffolk,26,44185,3839,568424
08/17/2020,Suffolk,50,44235,4631,573055
08/18/2020,Suffolk,70,44305,7334,580389
08/19/2020,Suffolk,48,44353,6779,587168
08/20/2020,Suffolk,47,44400,6908,594076
08/21/2020,Suffolk,56,44456,7213,601289
08/22/2020,Suffolk,42,44498,5256,606545
08/23/2020,Suffolk,21,44519,4910,611455
08/24/2020,Suffolk,42,44561,4505,615960
08/25/2020,Suffolk,44,44605,4955,620915
08/26/2020,Suffolk,36,44641,6990,627905
08/27/2020,Suffolk,37,44678,7132,635037
08/28/2020,Suffolk,34,44712,6415,641452
08/29/2020,Suffolk,51,44763,7199,648651
08/30/2020,Suffolk,57,44820,5198,653849
08/31/2020,Suffolk,65,44885,8045,661894
09/01/2020,Suffolk,55,44940,5761,667655
09/02/2020,Suffolk,66,45006,6644,674299
09/03/2020,Suffolk,96,45102,6039,680338
09/04/2020,Suffolk,98,45200,6619,686957
09/05/2020,Suffolk,58,45258,5274,692231
09/06/2020,Suffolk,46,45304,4364,696595
09/07/2020,Suffolk,52,45356,3680,700275
09/08/2020,Suffolk,55,45411,3080,703355
09/09/2020,Suffolk,52,45463,6741,710096
09/10/2020,Suffolk,71,45534,6839,716935
09/11/2020,Suffolk,81,45615,6077,723012
09/12/2020,Suffolk,68,45683,6000,729012
09/13/2020,Suffolk,31,45714,4905,733917
09/14/2020,Suffolk,71,45785,5634,739551
09/15/2020,Suffolk,58,45843,4753,744304
09/16/2020,Suffolk,72,45915,8319,752623
09/17/2020,Suffolk,41,45956,5925,758548
09/18/2020,Suffolk,54,46010,8053,766601
09/19/2020,Suffolk,51,46061,6712,773313
09/20/2020,Suffolk,48,46109,5208,778521
09/21/2020,Suffolk,67,46176,5863,784384
09/22/2020,Suffolk,32,46208,5254,789638
09/23/2020,Suffolk,33,46241,6408,796046
09/24/2020,Suffolk,52,46293,5646,801692
09/25/2020,Suffolk,52,46345,6759,808451
09/26/2020,Suffolk,42,46387,5435,813886
09/27/2020,Suffolk,41,46428,4697,818583
09/28/2020,Suffolk,36,46464,4300,822883
09/29/2020,Suffolk,53,46517,3988,826871
09/30/2020,Suffolk,46,46563,5924,832795
10/01/2020,Suffolk,104,46667,8609,841404
10/02/2020,Suffolk,103,46770,10195,851599
10/03/2020,Suffolk,72,46842,8656,860255
10/04/2020,Suffolk,49,46891,5724,865979
10/05/2020,Suffolk,89,46980,8563,874542
10/06/2020,Suffolk,109,47089,10845,885387
10/07/2020,Suffolk,107,47196,11812,897199
10/08/2020,Suffolk,89,47285,8946,906145
10/09/2020,Suffolk,72,47357,7703,913848
10/10/2020,Suffolk,74,47431,8565,922413
10/11/2020,Suffolk,62,47493,5651,928064
10/12/2020,Suffolk,68,47561,7109,935173
10/13/2020,Suffolk,69,47630,7745,942918
10/14/2020,Suffolk,81,47711,7801,950719
10/15/2020,Suffolk,104,47815,9276,959995
10/16/2020,Suffolk,126,47941,12149,972144
10/17/2020,Suffolk,88,48029,8887,981031
10/18/2020,Suffolk,51,48080,5554,986585
10/19/2020,Suffolk,41,48121,5978,992563
10/20/2020,Suffolk,113,48234,7837,1000400
10/21/2020,Suffolk,74,48308,8143,1008543
10/22/2020,Suffolk,91,48399,9115,1017658
10/23/2020,Suffolk,163,48562,9623,1027281
10/24/2020,Suffolk,101,48663,7576,1034857
10/25/2020,Suffolk,54,48717,5071,1039928
10/26/2020,Suffolk,112,48829,6767,1046695
10/27/2020,Suffolk,169,48998,8769,1055464
10/28/2020,Suffolk,200,49198,13426,1068890
10/29/2020,Suffolk,102,49300,9696,1078586
10/30/2020,Suffolk,96,49396,8488,1087074
10/31/2020,Suffolk,142,49538,10200,1097274
11/01/2020,Suffolk,66,49604,5501,1102775
11/02/2020,Suffolk,176,49780,9927,1112702
11/03/2020,Suffolk,74,49854,7486,1120188
11/04/2020,Suffolk,179,50033,10371,1130559
11/05/2020,Suffolk,177,50210,10332,1140891
11/06/2020,Suffolk,259,50469,10353,1151244
11/07/2020,Suffolk,259,50728,9743,1160987
11/08/2020,Suffolk,324,51052,8467,1169454
11/09/2020,Suffolk,280,51332,7813,1177267
11/10/2020,Suffolk,412,51744,12162,1189429
11/11/2020,Suffolk,321,52065,10924,1200353
11/12/2020,Suffolk,428,52493,11768,1212121
11/13/2020,Suffolk,449,52942,12149,1224270
11/14/2020,Suffolk,366,53308,12561,1236831
11/15/2020,Suffolk,345,53653,9345,1246176
11/16/2020,Suffolk,402,54055,11729,1257905
11/17/2020,Suffolk,430,54485,11360,1269265
11/18/2020,Suffolk,431,54916,13645,1282910
11/19/2020,Suffolk,413,55329,14807,1297717
11/20/2020,Suffolk,478,55807,17718,1315435
11/21/2020,Suffolk,532,56339,14027,1329462
11/22/2020,Suffolk,526,56865,13623,1343085
11/23/2020,Suffolk,501,57366,12670,1355755
11/24/2020,Suffolk,543,57909,12795,1368550
11/25/2020,Suffolk,653,58562,18628,1387178
11/26/2020,Suffolk,711,59273,18438,1405616
11/27/2020,Suffolk,537,59810,14089,1419705
11/28/2020,Suffolk,604,60414,12348,1432053
11/29/2020,Suffolk,658,61072,13745,1445798
11/30/2020,Suffolk,609,61681,11688,1457486
12/01/2020,Suffolk,966,62647,16615,1474101
12/02/2020,Suffolk,1111,63758,18399,1492500
12/03/2020,Suffolk,1171,64929,18146,1510646
12/04/2020,Suffolk,1064,65993,17268,1527914
12/05/2020,Suffolk,1119,67112,17711,1545625
12/06/2020,Suffolk,748,67860,12137,1557762
12/07/2020,Suffolk,1164,69024,17883,1575645
12/08/2020,Suffolk,972,69996,15586,1591231
12/09/2020,Suffolk,1047,71043,17049,1608280
12/10/2020,Suffolk,1075,72118,16941,1625221
12/11/2020,Suffolk,1163,73281,20204,1645425
12/12/2020,Suffolk,1086,74367,17213,1662638
12/13/2020,Suffolk,1087,75454,16241,1678879
12/14/2020,Suffolk,1171,76625,17833,1696712
12/15/2020,Suffolk,1056,77681,12860,1709572
12/16/2020,Suffolk,1169,78850,17296,1726868
12/17/2020,Suffolk,1197,80047,16531,1743399
12/18/2020,Suffolk,942,80989,15052,1758451
12/19/2020,Suffolk,1145,82134,15670,1774121
12/20/2020,Suffolk,978,83112,13180,1787301
12/21/2020,Suffolk,1034,84146,14282,1801583
12/22/2020,Suffolk,1239,85385,17085,1818668
12/23/2020,Suffolk,1330,86715,18660,1837328
12/24/2020,Suffolk,1270,87985,18087,1855415
12/25/2020,Suffolk,1272,89257,17611,1873026
12/26/2020,Suffolk,885,90142,12554,1885580
12/27/2020,Suffolk,1037,91179,11377,1896957
12/28/2020,Suffolk,1212,92391,13620,1910577
12/29/2020,Suffolk,1650,94041,12909,1923486
12/30/2020,Suffolk,2016,96057,19194,1942680
12/31/2020,Suffolk,1874,97931,19417,1962097
01/01/2021,Suffolk,1786,99717,18676,1980773
01/02/2021,Suffolk,1516,101233,14261,1995034
01/03/2021,Suffolk,1232,102465,10876,2005910
01/04/2021,Suffolk,1554,104019,14273,2020183
01/05/2021,Suffolk,2042,106061,18645,2038828
01/06/2021,Suffolk,2194,108255,20941,2059769
01/07/2021,Suffolk,1954,110209,17917,2077686
01/08/2021,Suffolk,2002,112211,20450,2098136
01/09/2021,Suffolk,1732,113943,18104,2116240
01/10/2021,Suffolk,1546,115489,20387,2136627
01/11/2021,Suffolk,1667,117156,17303,2153930
01/12/2021,Suffolk,1673,118829,17104,2171034
01/13/2021,Suffolk,1587,120416,16976,2188010
01/14/2021,Suffolk,2181,122597,27442,2215452
01/15/2021,Suffolk,1787,124384,21598,2237050
01/16/2021,Suffolk,1541,125925,20408,2257458
01/17/2021,Suffolk,1362,127287,16006,2273464
01/18/2021,Suffolk,1293,128580,15314,2288778
01/19/2021,Suffolk,1224,129804,15580,2304358
01/20/2021,Suffolk,1505,131309,19999,2324357
01/21/2021,Suffolk,1439,132748,20514,2344871
01/22/2021,Suffolk,1309,134057,19963,2364834
01/23/2021,Suffolk,1117,135174,17867,2382701
01/24/2021,Suffolk,1419,136593,19154,2401855
01/25/2021,Suffolk,1135,137728,13296,2415151
01/26/2021,Suffolk,1084,138812,15329,2430480
01/27/2021,Suffolk,1301,140113,19070,2449550
01/28/2021,Suffolk,1241,141354,21491,2471041
01/29/2021,Suffolk,1130,142484,19216,2490257
01/30/2021,Suffolk,1014,143498,17429,2507686
01/31/2021,Suffolk,839,144337,14461,2522147
02/01/2021,Suffolk,778,145115,11388,2533535
02/02/2021,Suffolk,527,145642,8925,2542460
02/03/2021,Suffolk,651,146293,12733,2555193
02/04/2021,Suffolk,771,147064,15461,2570654
02/05/2021,Suffolk,1100,148164,18575,2589229
02/06/2021,Suffolk,854,149018,16379,2605608
02/07/2021,Suffolk,696,149714,11990,2617598
02/08/2021,Suffolk,712,150426,13483,2631081
02/09/2021,Suffolk,539,150965,11502,2642583
02/10/2021,Suffolk,828,151793,19731,2662314
02/11/2021,Suffolk,810,152603,17462,2679776
02/12/2021,Suffolk,724,153327,16399,2696175
02/13/2021,Suffolk,771,154098,16673,2712848
02/14/2021,Suffolk,525,154623,13530,2726378
02/15/2021,Suffolk,526,155149,10353,2736731
02/16/2021,Suffolk,590,155739,12965,2749696
02/17/2021,Suffolk,461,156200,13817,2763513
02/18/2021,Suffolk,714,156914,17386,2780899
02/19/2021,Suffolk,602,157516,14759,2795658
02/20/2021,Suffolk,513,158029,13033,2808691
02/21/2021,Suffolk,563,158592,10767,2819458
02/22/2021,Suffolk,554,159146,10476,2829934
02/23/2021,Suffolk,425,159571,15175,2845109
02/24/2021,Suffolk,721,160292,18489,2863598
02/25/2021,Suffolk,675,160967,17389,2880987
02/26/2021,Suffolk,665,161632,17392,2898379
02/27/2021,Suffolk,611,162243,15987,2914366
02/28/2021,Suffolk,575,162818,11764,2926130
03/01/2021,Suffolk,498,163316,10787,2936917
03/02/2021,Suffolk,569,163885,13830,2950747
03/03/2021,Suffolk,654,164539,16516,2967263
03/04/2021,Suffolk,750,165289,18299,2985562
03/05/2021,Suffolk,590,165879,16308,3001870
03/06/2021,Suffolk,618,166497,14889,3016759
03/07/2021,Suffolk,552,167049,12801,3029560
03/08/2021,Suffolk,552,167601,12327,3041887
03/09/2021,Suffolk,598,168199,13670,3055557
03/10/2021,Suffolk,565,168764,15925,3071482
03/11/2021,Suffolk,798,169562,18807,3090289
03/12/2021,Suffolk,664,170226,15974,3106263
03/13/2021,Suffolk,512,170738,12553,3118816
03/14/2021,Suffolk,560,171298,11060,3129876
03/15/2021,Suffolk,652,171950,11633,3141509
03/16/2021,Suffolk,720,172670,16783,3158292
03/17/2021,Suffolk,651,173321,17074,3175366
03/18/2021,Suffolk,711,174032,18166,3193532
03/19/2021,Suffolk,767,174799,18224,3211756
03/20/2021,Suffolk,729,175528,16022,3227778
03/21/2021,Suffolk,612,176140,10821,3238599
03/22/2021,Suffolk,529,176669,11195,3249794
03/23/2021,Suffolk,665,177334,15458,3265252
03/24/2021,Suffolk,743,178077,18620,3283872
03/25/2021,Suffolk,736,178813,19655,3303527
03/26/2021,Suffolk,711,179524,16602,3320129
03/27/2021,Suffolk,797,180321,15943,3336072
03/28/2021,Suffolk,685,181006,13214,3349286
03/29/2021,Suffolk,612,181618,11510,3360796
03/30/2021,Suffolk,824,182442,17595,3378391
03/31/2021,Suffolk,764,183206,19403,3397794
04/01/2021,Suffolk,706,183912,15235,3413029
04/02/2021,Suffolk,733,184645,18397,3431426
04/03/2021,Suffolk,700,185345,16061,3447487
04/04/2021,Suffolk,566,185911,11901,3459388
04/05/2021,Suffolk,576,186487,13068,3472456
04/06/2021,Suffolk,662,187149,14560,3487016
04/07/2021,Suffolk,925,188074,21009,3508025
04/08/2021,Suffolk,731,188805,20503,3528528
04/09/2021,Suffolk,619,189424,18353,3546881
04/10/2021,Suffolk,590,190014,16013,3562894
04/11/2021,Suffolk,449,190463,9195,3572089
04/12/2021,Suffolk,426,190889,10600,3582689
04/13/2021,Suffolk,490,191379,14390,3597079
04/14/2021,Suffolk,627,192006,19341,3616420
04/15/2021,Suffolk,535,192541,15686,3632106
04/16/2021,Suffolk,610,193151,18817,3650923
04/17/2021,Suffolk,395,193546,16099,3667022
04/18/2021,Suffolk,373,193919,11189,3678211
04/19/2021,Suffolk,290,194209,8479,3686690
04/20/2021,Suffolk,303,194512,12542,3699232
04/21/2021,Suffolk,356,194868,18197,3717429
04/22/2021,Suffolk,341,195209,15865,3733294
04/23/2021,Suffolk,325,195534,15947,3749241
04/24/2021,Suffolk,330,195864,14738,3763979
04/25/2021,Suffolk,237,196101,9254,3773233
04/26/2021,Suffolk,204,196305,7682,3780915
04/27/2021,Suffolk,230,196535,10449,3791364
04/28/2021,Suffolk,271,196806,15628,3806992
04/29/2021,Suffolk,289,197095,14614,3821606
04/30/2021,Suffolk,261,197356,15795,3837401
05/01/2021,Suffolk,190,197546,12108,3849509
05/02/2021,Suffolk,172,197718,9535,3859044
05/03/2021,Suffolk,148,197866,7035,3866079
05/04/2021,Suffolk,157,198023,10779,3876858
05/05/2021,Suffolk,160,198183,13182,3890040
05/06/2021,Suffolk,169,198352,13154,3903194
05/07/2021,Suffolk,222,198574,17440,3920634
05/08/2021,Suffolk,121,198695,10204,3930838
05/09/2021,Suffolk,107,198802,8161,3938999
05/10/2021,Suffolk,104,198906,7703,3946702
05/11/2021,Suffolk,119,199025,10927,3957629
05/12/2021,Suffolk,123,199148,14248,3971877
05/13/2021,Suffolk,134,199282,13732,3985609
05/14/2021,Suffolk,129,199411,12818,3998427
05/15/2021,Suffolk,95,199506,10948,4009375
05/16/2021,Suffolk,86,199592,7936,4017311
05/17/2021,Suffolk,68,199660,7895,4025206
05/18/2021,Suffolk,79,199739,9697,4034903
05/19/2021,Suffolk,85,199824,12360,4047263
05/20/2021,Suffolk,80,199904,12697,4059960
05/21/2021,Suffolk,87,199991,11710,4071670
05/22/2021,Suffolk,67,200058,9003,4080673
05/23/2021,Suffolk,57,200115,7253,4087926
05/24/2021,Suffolk,48,200163,6017,4093943
05/25/2021,Suffolk,42,200205,7968,4101911
05/26/2021,Suffolk,72,200277,10701,4112612
05/27/2021,Suffolk,56,200333,11178,4123790
05/28/2021,Suffolk,60,200393,9485,4133275
05/29/2021,Suffolk,108,200501,7802,4141077
05/30/2021,Suffolk,19,200520,6019,4147096
05/31/2021,Suffolk,28,200548,3825,4150921
06/01/2021,Suffolk,27,200575,4089,4155010
06/02/2021,Suffolk,43,200618,8775,4163785
06/03/2021,Suffolk,38,200656,13567,4177352
06/04/2021,Suffolk,48,200704,9542,4186894
06/05/2021,Suffolk,23,200727,8110,4195004
06/06/2021,Suffolk,39,200766,5832,4200836
06/07/2021,Suffolk,32,200798,5944,4206780
06/08/2021,Suffolk,26,200824,7983,4214763
06/09/2021,Suffolk,34,200858,10412,4225175
06/10/2021,Suffolk,37,200895,9530,4234705
06/11/2021,Suffolk,64,200959,11423,4246128
06/12/2021,Suffolk,30,200989,7574,4253702
06/13/2021,Suffolk,19,201008,4384,4258086
06/14/2021,Suffolk,28,201036,4227,4262313
06/15/2021,Suffolk,34,201070,7365,4269678
06/16/2021,Suffolk,42,201112,8835,4278513
06/17/2021,Suffolk,27,201139,8276,4286789
06/18/2021,Suffolk,29,201168,7071,4293860
06/19/2021,Suffolk,25,201193,6644,4300504
06/20/2021,Suffolk,26,201219,4818,4305322
06/21/2021,Suffolk,18,201237,4910,4310232
06/22/2021,Suffolk,24,201261,7022,4317254
06/23/2021,Suffolk,31,201292,8455,4325709
06/24/2021,Suffolk,18,201310,6816,4332525
06/25/2021,Suffolk,32,201342,7545,4340070
06/26/2021,Suffolk,26,201368,7154,4347224
06/27/2021,Suffolk,30,201398,4849,4352073
06/28/2021,Suffolk,20,201418,3873,4355946
06/29/2021,Suffolk,13,201431,6091,4362037
06/30/2021,Suffolk,25,201456,6751,4368788
07/01/2021,Suffolk,33,201489,6015,4374803
07/02/2021,Suffolk,41,201530,6289,4381092
07/03/2021,Suffolk,25,201555,5188,4386280
07/04/2021,Suffolk,25,201580,3870,4390150
07/05/2021,Suffolk,22,201602,2510,4392660
07/06/2021,Suffolk,31,201633,2928,4395588
07/07/2021,Suffolk,30,201663,6995,4402583
07/08/2021,Suffolk,55,201718,5871,4408454
07/09/2021,Suffolk,52,201770,6206,4414660
07/10/2021,Suffolk,39,201809,4815,4419475
07/11/2021,Suffolk,41,201850,3896,4423371
07/12/2021,Suffolk,54,201904,3627,4426998
07/13/2021,Suffolk,60,201964,4968,4431966
07/14/2021,Suffolk,83,202047,5599,4437565
07/15/2021,Suffolk,73,202120,6093,4443658
07/16/2021,Suffolk,75,202195,6073,4449731
07/17/2021,Suffolk,80,202275,5230,4454961
07/18/2021,Suffolk,88,202363,3923,4458884
07/19/2021,Suffolk,97,202460,4838,4463722
07/20/2021,Suffolk,125,202585,5776,4469498
07/21/2021,Suffolk,126,202711,6537,4476035
07/22/2021,Suffolk,152,202863,8230,4484265
07/23/2021,Suffolk,164,203027,7522,4491787
07/24/2021,Suffolk,159,203186,6375,4498162
07/25/2021,Suffolk,131,203317,4384,4502546
07/26/2021,Suffolk,130,203447,4793,4507339
07/27/2021,Suffolk,187,203634,6689,4514028
07/28/2021,Suffolk,183,203817,6865,4520893
07/29/2021,Suffolk,266,204083,8348,4529241
07/30/2021,Suffolk,251,204334,8203,4537444
07/31/2021,Suffolk,230,204564,6699,4544143
08/01/2021,Suffolk,223,204787,5754,4549897
08/02/2021,Suffolk,309,205096,6903,4556800
08/03/2021,Suffolk,284,205380,7935,4564735
08/04/2021,Suffolk,301,205681,9098,4573833
08/05/2021,Suffolk,314,205995,10196,4584029
08/06/2021,Suffolk,407,206402,10378,4594407
08/07/2021,Suffolk,304,206706,7650,4602057
08/08/2021,Suffolk,340,207046,8557,4610614
08/09/2021,Suffolk,259,207305,5529,4616143
08/10/2021,Suffolk,380,207685,9818,4625961
08/11/2021,Suffolk,335,208020,10220,4636181
08/12/2021,Suffolk,420,208440,11546,4647727
08/13/2021,Suffolk,356,208796,9687,4657414
08/14/2021,Suffolk,340,209136,9067,4666481
08/15/2021,Suffolk,476,209612,8491,4674972
08/16/2021,Suffolk,280,209892,5597,4680569
08/17/2021,Suffolk,528,210420,12631,4693200
08/18/2021,Suffolk,515,210935,12216,4705416
08/19/2021,Suffolk,568,211503,12453,4717869
08/20/2021,Suffolk,472,211975,13640,4731509
08/21/2021,Suffolk,425,212400,10542,4742051
08/22/2021,Suffolk,409,212809,8133,4750184
08/23/2021,Suffolk,312,213121,6664,4756848
08/24/2021,Suffolk,420,213541,10415,4767263
08/25/2021,Suffolk,676,214217,12561,4779824
08/26/2021,Suffolk,635,214852,13486,4793310
08/27/2021,Suffolk,557,215409,12648,4805958
08/28/2021,Suffolk,467,215876,10489,4816447
08/29/2021,Suffolk,440,216316,8660,4825107
08/30/2021,Suffolk,382,216698,7268,4832375
08/31/2021,Suffolk,457,217155,10296,4842671
09/01/2021,Suffolk,521,217676,11853,4854524
09/02/2021,Suffolk,722,218398,14436,4868960
09/03/2021,Suffolk,442,218840,10824,4879784
09/04/2021,Suffolk,547,219387,12257,4892041
09/05/2021,Suffolk,315,219702,5931,4897972
09/06/2021,Suffolk,394,220096,6715,4904687
09/07/2021,Suffolk,437,220533,7740,4912427
09/08/2021,Suffolk,535,221068,11985,4924412
09/09/2021,Suffolk,728,221796,16046,4940458
09/10/2021,Suffolk,460,222256,12260,4952718
09/11/2021,Suffolk,520,222776,12348,4965066
09/12/2021,Suffolk,211,222987,6325,4971391
09/13/2021,Suffolk,556,223543,10161,4981552
09/14/2021,Suffolk,525,224068,11555,4993107
09/15/2021,Suffolk,595,224663,14055,5007162
09/16/2021,Suffolk,702,225365,16929,5024091
09/17/2021,Suffolk,512,225877,13780,5037871
09/18/2021,Suffolk,444,226321,11767,5049638
09/19/2021,Suffolk,253,226574,6665,5056303
09/20/2021,Suffolk,607,227181,11608,5067911
09/21/2021,Suffolk,454,227635,12379,5080290
09/22/2021,Suffolk,535,228170,13771,5094061
09/23/2021,Suffolk,549,228719,16241,5110302
09/24/2021,Suffolk,567,229286,13749,5124051
09/25/2021,Suffolk,409,229695,12751,5136802
09/26/2021,Suffolk,295,229990,7651,5144453
09/27/2021,Suffolk,469,230459,10396,5154849
09/28/2021,Suffolk,493,230952,11654,5166503
09/29/2021,Suffolk,511,231463,16069,5182572
09/30/2021,Suffolk,442,231905,14874,5197446
10/01/2021,Suffolk,451,232356,13827,5211273
10/02/2021,Suffolk,432,232788,12010,5223283
10/03/2021,Suffolk,220,233008,7303,5230586
10/04/2021,Suffolk,354,233362,9631,5240217
10/05/2021,Suffolk,514,233876,15182,5255399
10/06/2021,Suffolk,453,234329,15055,5270454
10/07/2021,Suffolk,427,234756,15185,5285639
10/08/2021,Suffolk,433,235189,13693,5299332
10/09/2021,Suffolk,295,235484,8085,5307417
10/10/2021,Suffolk,349,235833,12266,5319683
10/11/2021,Suffolk,415,236248,9492,5329175
10/12/2021,Suffolk,382,236630,11655,5340830
10/13/2021,Suffolk,342,236972,13675,5354505
10/14/2021,Suffolk,534,237506,16266,5370771
10/15/2021,Suffolk,453,237959,13549,5384320
10/16/2021,Suffolk,359,238318,13195,5397515
10/17/2021,Suffolk,176,238494,7494,5405009
10/18/2021,Suffolk,307,238801,9130,5414139
10/19/2021,Suffolk,378,239179,13594,5427733
10/20/2021,Suffolk,378,239557,15537,5443270
10/21/2021,Suffolk,320,239877,13721,5456991
10/22/2021,Suffolk,312,240189,13093,5470084
10/23/2021,Suffolk,280,240469,10611,5480695
03/01/2020,Sullivan,0,0,0,0
03/02/2020,Sullivan,0,0,0,0
03/03/2020,Sullivan,0,0,0,0
03/04/2020,Sullivan,0,0,0,0
03/05/2020,Sullivan,0,0,0,0
03/06/2020,Sullivan,0,0,0,0
03/07/2020,Sullivan,0,0,0,0
03/08/2020,Sullivan,0,0,0,0
03/09/2020,Sullivan,0,0,0,0
03/10/2020,Sullivan,0,0,0,0
03/11/2020,Sullivan,0,0,1,1
03/12/2020,Sullivan,0,0,0,1
03/13/2020,Sullivan,0,0,1,2
03/14/2020,Sullivan,0,0,7,9
03/15/2020,Sullivan,0,0,2,11
03/16/2020,Sullivan,1,1,9,20
03/17/2020,Sullivan,0,1,14,34
03/18/2020,Sullivan,2,3,23,57
03/19/2020,Sullivan,5,8,79,136
03/20/2020,Sullivan,4,12,42,178
03/21/2020,Sullivan,4,16,37,215
03/22/2020,Sullivan,7,23,83,298
03/23/2020,Sullivan,7,30,44,342
03/24/2020,Sullivan,9,39,23,365
03/25/2020,Sullivan,14,53,53,418
03/26/2020,Sullivan,11,64,62,480
03/27/2020,Sullivan,8,72,49,529
03/28/2020,Sullivan,16,88,91,620
03/29/2020,Sullivan,13,101,53,673
03/30/2020,Sullivan,8,109,33,706
03/31/2020,Sullivan,12,121,55,761
04/01/2020,Sullivan,22,143,96,857
04/02/2020,Sullivan,25,168,140,997
04/03/2020,Sullivan,25,193,133,1130
04/04/2020,Sullivan,41,234,153,1283
04/05/2020,Sullivan,19,253,91,1374
04/06/2020,Sullivan,17,270,77,1451
04/07/2020,Sullivan,9,279,56,1507
04/08/2020,Sullivan,15,294,60,1567
04/09/2020,Sullivan,24,318,115,1682
04/10/2020,Sullivan,22,340,99,1781
04/11/2020,Sullivan,18,358,65,1846
04/12/2020,Sullivan,22,380,73,1919
04/13/2020,Sullivan,35,415,133,2052
04/14/2020,Sullivan,9,424,37,2089
04/15/2020,Sullivan,13,437,39,2128
04/16/2020,Sullivan,68,505,192,2320
04/17/2020,Sullivan,19,524,92,2412
04/18/2020,Sullivan,13,537,38,2450
04/19/2020,Sullivan,7,544,30,2480
04/20/2020,Sullivan,11,555,44,2524
04/21/2020,Sullivan,6,561,45,2569
04/22/2020,Sullivan,19,580,52,2621
04/23/2020,Sullivan,48,628,253,2874
04/24/2020,Sullivan,61,689,296,3170
04/25/2020,Sullivan,35,724,160,3330
04/26/2020,Sullivan,24,748,120,3450
04/27/2020,Sullivan,21,769,77,3527
04/28/2020,Sullivan,42,811,114,3641
04/29/2020,Sullivan,27,838,102,3743
04/30/2020,Sullivan,42,880,122,3865
05/01/2020,Sullivan,51,931,128,3993
05/02/2020,Sullivan,20,951,105,4098
05/03/2020,Sullivan,25,976,106,4204
05/04/2020,Sullivan,8,984,111,4315
05/05/2020,Sullivan,12,996,99,4414
05/06/2020,Sullivan,25,1021,150,4564
05/07/2020,Sullivan,18,1039,90,4654
05/08/2020,Sullivan,32,1071,143,4797
05/09/2020,Sullivan,22,1093,115,4912
05/10/2020,Sullivan,16,1109,78,4990
05/11/2020,Sullivan,10,1119,95,5085
05/12/2020,Sullivan,16,1135,89,5174
05/13/2020,Sullivan,33,1168,178,5352
05/14/2020,Sullivan,21,1189,127,5479
05/15/2020,Sullivan,28,1217,176,5655
05/16/2020,Sullivan,14,1231,138,5793
05/17/2020,Sullivan,15,1246,133,5926
05/18/2020,Sullivan,12,1258,111,6037
05/19/2020,Sullivan,9,1267,116,6153
05/20/2020,Sullivan,14,1281,157,6310
05/21/2020,Sullivan,6,1287,158,6468
05/22/2020,Sullivan,10,1297,148,6616
05/23/2020,Sullivan,13,1310,155,6771
05/24/2020,Sullivan,14,1324,170,6941
05/25/2020,Sullivan,14,1338,238,7179
05/26/2020,Sullivan,2,1340,77,7256
05/27/2020,Sullivan,11,1351,209,7465
05/28/2020,Sullivan,13,1364,160,7625
05/29/2020,Sullivan,11,1375,254,7879
05/30/2020,Sullivan,12,1387,237,8116
05/31/2020,Sullivan,2,1389,145,8261
06/01/2020,Sullivan,3,1392,108,8369
06/02/2020,Sullivan,1,1393,155,8524
06/03/2020,Sullivan,12,1405,186,8710
06/04/2020,Sullivan,4,1409,167,8877
06/05/2020,Sullivan,2,1411,176,9053
06/06/2020,Sullivan,4,1415,177,9230
06/07/2020,Sullivan,2,1417,123,9353
06/08/2020,Sullivan,1,1418,152,9505
06/09/2020,Sullivan,7,1425,499,10004
06/10/2020,Sullivan,1,1426,272,10276
06/11/2020,Sullivan,2,1428,112,10388
06/12/2020,Sullivan,2,1430,299,10687
06/13/2020,Sullivan,0,1430,287,10974
06/14/2020,Sullivan,2,1432,76,11050
06/15/2020,Sullivan,1,1433,163,11213
06/16/2020,Sullivan,0,1433,189,11402
06/17/2020,Sullivan,1,1434,176,11578
06/18/2020,Sullivan,0,1434,206,11784
06/19/2020,Sullivan,1,1435,84,11868
06/20/2020,Sullivan,2,1437,139,12007
06/21/2020,Sullivan,1,1438,103,12110
06/22/2020,Sullivan,2,1440,262,12372
06/23/2020,Sullivan,7,1447,197,12569
06/24/2020,Sullivan,1,1448,176,12745
06/25/2020,Sullivan,1,1449,132,12877
06/26/2020,Sullivan,2,1451,142,13019
06/27/2020,Sullivan,0,1451,82,13101
06/28/2020,Sullivan,0,1451,89,13190
06/29/2020,Sullivan,0,1451,282,13472
06/30/2020,Sullivan,1,1452,205,13677
07/01/2020,Sullivan,1,1453,158,13835
07/02/2020,Sullivan,2,1455,288,14123
07/03/2020,Sullivan,1,1456,93,14216
07/04/2020,Sullivan,0,1456,129,14345
07/05/2020,Sullivan,1,1457,113,14458
07/06/2020,Sullivan,2,1459,122,14580
07/07/2020,Sullivan,1,1460,123,14703
07/08/2020,Sullivan,0,1460,138,14841
07/09/2020,Sullivan,4,1464,144,14985
07/10/2020,Sullivan,0,1464,164,15149
07/11/2020,Sullivan,1,1465,127,15276
07/12/2020,Sullivan,0,1465,70,15346
07/13/2020,Sullivan,1,1466,113,15459
07/14/2020,Sullivan,1,1467,217,15676
07/15/2020,Sullivan,2,1469,159,15835
07/16/2020,Sullivan,0,1469,161,15996
07/17/2020,Sullivan,4,1473,333,16329
07/18/2020,Sullivan,0,1473,124,16453
07/19/2020,Sullivan,0,1473,124,16577
07/20/2020,Sullivan,0,1473,166,16743
07/21/2020,Sullivan,0,1473,132,16875
07/22/2020,Sullivan,2,1475,258,17133
07/23/2020,Sullivan,0,1475,214,17347
07/24/2020,Sullivan,1,1476,170,17517
07/25/2020,Sullivan,0,1476,72,17589
07/26/2020,Sullivan,0,1476,87,17676
07/27/2020,Sullivan,0,1476,174,17850
07/28/2020,Sullivan,0,1476,179,18029
07/29/2020,Sullivan,3,1479,446,18475
07/30/2020,Sullivan,1,1480,99,18574
07/31/2020,Sullivan,3,1483,119,18693
08/01/2020,Sullivan,0,1483,62,18755
08/02/2020,Sullivan,0,1483,58,18813
08/03/2020,Sullivan,1,1484,260,19073
08/04/2020,Sullivan,1,1485,144,19217
08/05/2020,Sullivan,0,1485,116,19333
08/06/2020,Sullivan,3,1488,84,19417
08/07/2020,Sullivan,0,1488,103,19520
08/08/2020,Sullivan,1,1489,135,19655
08/09/2020,Sullivan,0,1489,63,19718
08/10/2020,Sullivan,1,1490,167,19885
08/11/2020,Sullivan,1,1491,243,20128
08/12/2020,Sullivan,0,1491,284,20412
08/13/2020,Sullivan,0,1491,240,20652
08/14/2020,Sullivan,2,1493,195,20847
08/15/2020,Sullivan,0,1493,101,20948
08/16/2020,Sullivan,0,1493,75,21023
08/17/2020,Sullivan,0,1493,125,21148
08/18/2020,Sullivan,1,1494,187,21335
08/19/2020,Sullivan,1,1495,179,21514
08/20/2020,Sullivan,0,1495,169,21683
08/21/2020,Sullivan,0,1495,146,21829
08/22/2020,Sullivan,0,1495,82,21911
08/23/2020,Sullivan,0,1495,89,22000
08/24/2020,Sullivan,4,1499,142,22142
08/25/2020,Sullivan,0,1499,164,22306
08/26/2020,Sullivan,7,1506,192,22498
08/27/2020,Sullivan,9,1515,399,22897
08/28/2020,Sullivan,1,1516,138,23035
08/29/2020,Sullivan,5,1521,276,23311
08/30/2020,Sullivan,8,1529,123,23434
08/31/2020,Sullivan,1,1530,146,23580
09/01/2020,Sullivan,4,1534,244,23824
09/02/2020,Sullivan,3,1537,224,24048
09/03/2020,Sullivan,3,1540,415,24463
09/04/2020,Sullivan,3,1543,199,24662
09/05/2020,Sullivan,0,1543,222,24884
09/06/2020,Sullivan,1,1544,77,24961
09/07/2020,Sullivan,0,1544,107,25068
09/08/2020,Sullivan,0,1544,137,25205
09/09/2020,Sullivan,4,1548,265,25470
09/10/2020,Sullivan,0,1548,455,25925
09/11/2020,Sullivan,1,1549,160,26085
09/12/2020,Sullivan,4,1553,160,26245
09/13/2020,Sullivan,4,1557,81,26326
09/14/2020,Sullivan,2,1559,254,26580
09/15/2020,Sullivan,2,1561,122,26702
09/16/2020,Sullivan,4,1565,277,26979
09/17/2020,Sullivan,3,1568,214,27193
09/18/2020,Sullivan,2,1570,199,27392
09/19/2020,Sullivan,1,1571,111,27503
09/20/2020,Sullivan,2,1573,98,27601
09/21/2020,Sullivan,0,1573,218,27819
09/22/2020,Sullivan,3,1576,179,27998
09/23/2020,Sullivan,4,1580,356,28354
09/24/2020,Sullivan,1,1581,199,28553
09/25/2020,Sullivan,2,1583,263,28816
09/26/2020,Sullivan,8,1591,186,29002
09/27/2020,Sullivan,3,1594,170,29172
09/28/2020,Sullivan,6,1600,295,29467
09/29/2020,Sullivan,4,1604,306,29773
09/30/2020,Sullivan,3,1607,219,29992
10/01/2020,Sullivan,3,1610,216,30208
10/02/2020,Sullivan,4,1614,314,30522
10/03/2020,Sullivan,1,1615,171,30693
10/04/2020,Sullivan,1,1616,145,30838
10/05/2020,Sullivan,7,1623,238,31076
10/06/2020,Sullivan,6,1629,332,31408
10/07/2020,Sullivan,4,1633,322,31730
10/08/2020,Sullivan,10,1643,411,32141
10/09/2020,Sullivan,2,1645,344,32485
10/10/2020,Sullivan,4,1649,235,32720
10/11/2020,Sullivan,1,1650,123,32843
10/12/2020,Sullivan,5,1655,326,33169
10/13/2020,Sullivan,4,1659,301,33470
10/14/2020,Sullivan,4,1663,253,33723
10/15/2020,Sullivan,5,1668,418,34141
10/16/2020,Sullivan,6,1674,365,34506
10/17/2020,Sullivan,1,1675,117,34623
10/18/2020,Sullivan,5,1680,110,34733
10/19/2020,Sullivan,2,1682,307,35040
10/20/2020,Sullivan,12,1694,244,35284
10/21/2020,Sullivan,15,1709,322,35606
10/22/2020,Sullivan,5,1714,261,35867
10/23/2020,Sullivan,11,1725,318,36185
10/24/2020,Sullivan,18,1743,320,36505
10/25/2020,Sullivan,7,1750,103,36608
10/26/2020,Sullivan,15,1765,290,36898
10/27/2020,Sullivan,14,1779,278,37176
10/28/2020,Sullivan,7,1786,581,37757
10/29/2020,Sullivan,14,1800,397,38154
10/30/2020,Sullivan,14,1814,357,38511
10/31/2020,Sullivan,4,1818,186,38697
11/01/2020,Sullivan,7,1825,191,38888
11/02/2020,Sullivan,12,1837,386,39274
11/03/2020,Sullivan,15,1852,312,39586
11/04/2020,Sullivan,10,1862,352,39938
11/05/2020,Sullivan,20,1882,688,40626
11/06/2020,Sullivan,9,1891,315,40941
11/07/2020,Sullivan,3,1894,177,41118
11/08/2020,Sullivan,6,1900,249,41367
11/09/2020,Sullivan,20,1920,435,41802
11/10/2020,Sullivan,12,1932,403,42205
11/11/2020,Sullivan,8,1940,541,42746
11/12/2020,Sullivan,16,1956,457,43203
11/13/2020,Sullivan,13,1969,449,43652
11/14/2020,Sullivan,10,1979,267,43919
11/15/2020,Sullivan,2,1981,160,44079
11/16/2020,Sullivan,12,1993,391,44470
11/17/2020,Sullivan,15,2008,397,44867
11/18/2020,Sullivan,23,2031,394,45261
11/19/2020,Sullivan,13,2044,365,45626
11/20/2020,Sullivan,21,2065,418,46044
11/21/2020,Sullivan,13,2078,490,46534
11/22/2020,Sullivan,15,2093,452,46986
11/23/2020,Sullivan,15,2108,350,47336
11/24/2020,Sullivan,15,2123,413,47749
11/25/2020,Sullivan,14,2137,339,48088
11/26/2020,Sullivan,19,2156,518,48606
11/27/2020,Sullivan,10,2166,326,48932
11/28/2020,Sullivan,25,2191,442,49374
11/29/2020,Sullivan,11,2202,307,49681
11/30/2020,Sullivan,8,2210,337,50018
12/01/2020,Sullivan,10,2220,320,50338
12/02/2020,Sullivan,18,2238,514,50852
12/03/2020,Sullivan,23,2261,429,51281
12/04/2020,Sullivan,27,2288,602,51883
12/05/2020,Sullivan,14,2302,339,52222
12/06/2020,Sullivan,13,2315,350,52572
12/07/2020,Sullivan,11,2326,312,52884
12/08/2020,Sullivan,21,2347,344,53228
12/09/2020,Sullivan,29,2376,410,53638
12/10/2020,Sullivan,31,2407,487,54125
12/11/2020,Sullivan,28,2435,563,54688
12/12/2020,Sullivan,20,2455,414,55102
12/13/2020,Sullivan,14,2469,215,55317
12/14/2020,Sullivan,14,2483,165,55482
12/15/2020,Sullivan,27,2510,539,56021
12/16/2020,Sullivan,41,2551,580,56601
12/17/2020,Sullivan,50,2601,538,57139
12/18/2020,Sullivan,38,2639,436,57575
12/19/2020,Sullivan,58,2697,565,58140
12/20/2020,Sullivan,17,2714,186,58326
12/21/2020,Sullivan,27,2741,220,58546
12/22/2020,Sullivan,56,2797,455,59001
12/23/2020,Sullivan,52,2849,630,59631
12/24/2020,Sullivan,34,2883,584,60215
12/25/2020,Sullivan,28,2911,477,60692
12/26/2020,Sullivan,21,2932,282,60974
12/27/2020,Sullivan,48,2980,308,61282
12/28/2020,Sullivan,34,3014,212,61494
12/29/2020,Sullivan,59,3073,593,62087
12/30/2020,Sullivan,33,3106,583,62670
12/31/2020,Sullivan,63,3169,576,63246
01/01/2021,Sullivan,49,3218,519,63765
01/02/2021,Sullivan,9,3227,226,63991
01/03/2021,Sullivan,22,3249,306,64297
01/04/2021,Sullivan,27,3276,334,64631
01/05/2021,Sullivan,52,3328,478,65109
01/06/2021,Sullivan,42,3370,574,65683
01/07/2021,Sullivan,48,3418,680,66363
01/08/2021,Sullivan,36,3454,478,66841
01/09/2021,Sullivan,34,3488,444,67285
01/10/2021,Sullivan,31,3519,389,67674
01/11/2021,Sullivan,51,3570,468,68142
01/12/2021,Sullivan,44,3614,440,68582
01/13/2021,Sullivan,40,3654,526,69108
01/14/2021,Sullivan,59,3713,808,69916
01/15/2021,Sullivan,38,3751,862,70778
01/16/2021,Sullivan,14,3765,586,71364
01/17/2021,Sullivan,33,3798,342,71706
01/18/2021,Sullivan,43,3841,510,72216
01/19/2021,Sullivan,46,3887,394,72610
01/20/2021,Sullivan,36,3923,646,73256
01/21/2021,Sullivan,31,3954,628,73884
01/22/2021,Sullivan,40,3994,689,74573
01/23/2021,Sullivan,21,4015,516,75089
01/24/2021,Sullivan,23,4038,460,75549
01/25/2021,Sullivan,30,4068,379,75928
01/26/2021,Sullivan,26,4094,339,76267
01/27/2021,Sullivan,28,4122,604,76871
01/28/2021,Sullivan,32,4154,673,77544
01/29/2021,Sullivan,41,4195,918,78462
01/30/2021,Sullivan,10,4205,368,78830
01/31/2021,Sullivan,16,4221,367,79197
02/01/2021,Sullivan,29,4250,287,79484
02/02/2021,Sullivan,8,4258,128,79612
02/03/2021,Sullivan,20,4278,296,79908
02/04/2021,Sullivan,35,4313,711,80619
02/05/2021,Sullivan,33,4346,544,81163
02/06/2021,Sullivan,29,4375,492,81655
02/07/2021,Sullivan,14,4389,490,82145
02/08/2021,Sullivan,12,4401,279,82424
02/09/2021,Sullivan,23,4424,370,82794
02/10/2021,Sullivan,20,4444,639,83433
02/11/2021,Sullivan,12,4456,607,84040
02/12/2021,Sullivan,12,4468,448,84488
02/13/2021,Sullivan,14,4482,545,85033
02/14/2021,Sullivan,15,4497,281,85314
02/15/2021,Sullivan,9,4506,224,85538
02/16/2021,Sullivan,27,4533,298,85836
02/17/2021,Sullivan,20,4553,527,86363
02/18/2021,Sullivan,23,4576,423,86786
02/19/2021,Sullivan,18,4594,548,87334
02/20/2021,Sullivan,22,4616,433,87767
02/21/2021,Sullivan,13,4629,259,88026
02/22/2021,Sullivan,17,4646,217,88243
02/23/2021,Sullivan,16,4662,371,88614
02/24/2021,Sullivan,27,4689,640,89254
02/25/2021,Sullivan,26,4715,508,89762
02/26/2021,Sullivan,15,4730,471,90233
02/27/2021,Sullivan,11,4741,520,90753
02/28/2021,Sullivan,14,4755,360,91113
03/01/2021,Sullivan,16,4771,272,91385
03/02/2021,Sullivan,25,4796,356,91741
03/03/2021,Sullivan,26,4822,608,92349
03/04/2021,Sullivan,23,4845,473,92822
03/05/2021,Sullivan,18,4863,612,93434
03/06/2021,Sullivan,28,4891,620,94054
03/07/2021,Sullivan,8,4899,331,94385
03/08/2021,Sullivan,14,4913,317,94702
03/09/2021,Sullivan,16,4929,365,95067
03/10/2021,Sullivan,9,4938,524,95591
03/11/2021,Sullivan,27,4965,660,96251
03/12/2021,Sullivan,30,4995,520,96771
03/13/2021,Sullivan,22,5017,430,97201
03/14/2021,Sullivan,16,5033,235,97436
03/15/2021,Sullivan,22,5055,347,97783
03/16/2021,Sullivan,37,5092,423,98206
03/17/2021,Sullivan,22,5114,694,98900
03/18/2021,Sullivan,39,5153,560,99460
03/19/2021,Sullivan,33,5186,568,100028
03/20/2021,Sullivan,30,5216,543,100571
03/21/2021,Sullivan,15,5231,303,100874
03/22/2021,Sullivan,37,5268,409,101283
03/23/2021,Sullivan,36,5304,417,101700
03/24/2021,Sullivan,32,5336,538,102238
03/25/2021,Sullivan,34,5370,683,102921
03/26/2021,Sullivan,23,5393,616,103537
03/27/2021,Sullivan,28,5421,560,104097
03/28/2021,Sullivan,28,5449,451,104548
03/29/2021,Sullivan,33,5482,417,104965
03/30/2021,Sullivan,53,5535,415,105380
03/31/2021,Sullivan,41,5576,668,106048
04/01/2021,Sullivan,46,5622,619,106667
04/02/2021,Sullivan,42,5664,680,107347
04/03/2021,Sullivan,27,5691,516,107863
04/04/2021,Sullivan,19,5710,335,108198
04/05/2021,Sullivan,23,5733,284,108482
04/06/2021,Sullivan,49,5782,529,109011
04/07/2021,Sullivan,37,5819,587,109598
04/08/2021,Sullivan,45,5864,869,110467
04/09/2021,Sullivan,45,5909,628,111095
04/10/2021,Sullivan,25,5934,536,111631
04/11/2021,Sullivan,24,5958,344,111975
04/12/2021,Sullivan,31,5989,326,112301
04/13/2021,Sullivan,43,6032,501,112802
04/14/2021,Sullivan,29,6061,808,113610
04/15/2021,Sullivan,41,6102,606,114216
04/16/2021,Sullivan,24,6126,724,114940
04/17/2021,Sullivan,27,6153,594,115534
04/18/2021,Sullivan,14,6167,305,115839
04/19/2021,Sullivan,25,6192,284,116123
04/20/2021,Sullivan,18,6210,444,116567
04/21/2021,Sullivan,25,6235,513,117080
04/22/2021,Sullivan,29,6264,633,117713
04/23/2021,Sullivan,31,6295,574,118287
04/24/2021,Sullivan,25,6320,539,118826
04/25/2021,Sullivan,12,6332,463,119289
04/26/2021,Sullivan,15,6347,213,119502
04/27/2021,Sullivan,19,6366,371,119873
04/28/2021,Sullivan,8,6374,669,120542
04/29/2021,Sullivan,12,6386,640,121182
04/30/2021,Sullivan,14,6400,570,121752
05/01/2021,Sullivan,15,6415,496,122248
05/02/2021,Sullivan,4,6419,224,122472
05/03/2021,Sullivan,6,6425,187,122659
05/04/2021,Sullivan,13,6438,348,123007
05/05/2021,Sullivan,18,6456,517,123524
05/06/2021,Sullivan,16,6472,543,124067
05/07/2021,Sullivan,16,6488,584,124651
05/08/2021,Sullivan,15,6503,407,125058
05/09/2021,Sullivan,5,6508,276,125334
05/10/2021,Sullivan,9,6517,250,125584
05/11/2021,Sullivan,8,6525,337,125921
05/12/2021,Sullivan,8,6533,425,126346
05/13/2021,Sullivan,4,6537,583,126929
05/14/2021,Sullivan,12,6549,503,127432
05/15/2021,Sullivan,3,6552,388,127820
05/16/2021,Sullivan,6,6558,227,128047
05/17/2021,Sullivan,2,6560,175,128222
05/18/2021,Sullivan,4,6564,271,128493
05/19/2021,Sullivan,10,6574,462,128955
05/20/2021,Sullivan,2,6576,487,129442
05/21/2021,Sullivan,16,6592,415,129857
05/22/2021,Sullivan,8,6600,359,130216
05/23/2021,Sullivan,1,6601,210,130426
05/24/2021,Sullivan,5,6606,220,130646
05/25/2021,Sullivan,4,6610,249,130895
05/26/2021,Sullivan,6,6616,448,131343
05/27/2021,Sullivan,11,6627,480,131823
05/28/2021,Sullivan,7,6634,383,132206
05/29/2021,Sullivan,2,6636,345,132551
05/30/2021,Sullivan,1,6637,272,132823
05/31/2021,Sullivan,0,6637,127,132950
06/01/2021,Sullivan,1,6638,139,133089
06/02/2021,Sullivan,3,6641,321,133410
06/03/2021,Sullivan,7,6648,457,133867
06/04/2021,Sullivan,6,6654,451,134318
06/05/2021,Sullivan,3,6657,235,134553
06/06/2021,Sullivan,4,6661,162,134715
06/07/2021,Sullivan,0,6661,190,134905
06/08/2021,Sullivan,5,6666,327,135232
06/09/2021,Sullivan,2,6668,312,135544
06/10/2021,Sullivan,2,6670,401,135945
06/11/2021,Sullivan,0,6670,401,136346
06/12/2021,Sullivan,2,6672,299,136645
06/13/2021,Sullivan,0,6672,128,136773
06/14/2021,Sullivan,1,6673,152,136925
06/15/2021,Sullivan,1,6674,271,137196
06/16/2021,Sullivan,0,6674,310,137506
06/17/2021,Sullivan,2,6676,401,137907
06/18/2021,Sullivan,3,6679,295,138202
06/19/2021,Sullivan,2,6681,212,138414
06/20/2021,Sullivan,2,6683,128,138542
06/21/2021,Sullivan,1,6684,349,138891
06/22/2021,Sullivan,2,6686,263,139154
06/23/2021,Sullivan,0,6686,293,139447
06/24/2021,Sullivan,0,6686,346,139793
06/25/2021,Sullivan,3,6689,255,140048
06/26/2021,Sullivan,2,6691,224,140272
06/27/2021,Sullivan,0,6691,390,140662
06/28/2021,Sullivan,0,6691,515,141177
06/29/2021,Sullivan,1,6692,251,141428
06/30/2021,Sullivan,1,6693,313,141741
07/01/2021,Sullivan,0,6693,657,142398
07/02/2021,Sullivan,3,6696,388,142786
07/03/2021,Sullivan,3,6699,166,142952
07/04/2021,Sullivan,0,6699,222,143174
07/05/2021,Sullivan,0,6699,80,143254
07/06/2021,Sullivan,2,6701,153,143407
07/07/2021,Sullivan,1,6702,264,143671
07/08/2021,Sullivan,1,6703,313,143984
07/09/2021,Sullivan,1,6704,206,144190
07/10/2021,Sullivan,5,6709,141,144331
07/11/2021,Sullivan,1,6710,147,144478
07/12/2021,Sullivan,1,6711,140,144618
07/13/2021,Sullivan,1,6712,194,144812
07/14/2021,Sullivan,0,6712,156,144968
07/15/2021,Sullivan,1,6713,183,145151
07/16/2021,Sullivan,2,6715,229,145380
07/17/2021,Sullivan,2,6717,194,145574
07/18/2021,Sullivan,1,6718,269,145843
07/19/2021,Sullivan,3,6721,160,146003
07/20/2021,Sullivan,1,6722,186,146189
07/21/2021,Sullivan,6,6728,225,146414
07/22/2021,Sullivan,0,6728,218,146632
07/23/2021,Sullivan,7,6735,236,146868
07/24/2021,Sullivan,6,6741,210,147078
07/25/2021,Sullivan,3,6744,113,147191
07/26/2021,Sullivan,0,6744,138,147329
07/27/2021,Sullivan,8,6752,313,147642
07/28/2021,Sullivan,6,6758,208,147850
07/29/2021,Sullivan,11,6769,242,148092
07/30/2021,Sullivan,10,6779,242,148334
07/31/2021,Sullivan,13,6792,275,148609
08/01/2021,Sullivan,8,6800,159,148768
08/02/2021,Sullivan,12,6812,269,149037
08/03/2021,Sullivan,15,6827,355,149392
08/04/2021,Sullivan,14,6841,382,149774
08/05/2021,Sullivan,16,6857,350,150124
08/06/2021,Sullivan,16,6873,454,150578
08/07/2021,Sullivan,21,6894,315,150893
08/08/2021,Sullivan,6,6900,227,151120
08/09/2021,Sullivan,14,6914,254,151374
08/10/2021,Sullivan,21,6935,418,151792
08/11/2021,Sullivan,12,6947,418,152210
08/12/2021,Sullivan,18,6965,351,152561
08/13/2021,Sullivan,24,6989,434,152995
08/14/2021,Sullivan,12,7001,308,153303
08/15/2021,Sullivan,20,7021,275,153578
08/16/2021,Sullivan,19,7040,359,153937
08/17/2021,Sullivan,24,7064,417,154354
08/18/2021,Sullivan,28,7092,401,154755
08/19/2021,Sullivan,18,7110,388,155143
08/20/2021,Sullivan,20,7130,452,155595
08/21/2021,Sullivan,13,7143,364,155959
08/22/2021,Sullivan,25,7168,284,156243
08/23/2021,Sullivan,7,7175,192,156435
08/24/2021,Sullivan,17,7192,453,156888
08/25/2021,Sullivan,33,7225,523,157411
08/26/2021,Sullivan,29,7254,483,157894
08/27/2021,Sullivan,19,7273,364,158258
08/28/2021,Sullivan,17,7290,331,158589
08/29/2021,Sullivan,12,7302,183,158772
08/30/2021,Sullivan,19,7321,280,159052
08/31/2021,Sullivan,26,7347,578,159630
09/01/2021,Sullivan,26,7373,435,160065
09/02/2021,Sullivan,24,7397,422,160487
09/03/2021,Sullivan,26,7423,437,160924
09/04/2021,Sullivan,27,7450,357,161281
09/05/2021,Sullivan,14,7464,239,161520
09/06/2021,Sullivan,16,7480,218,161738
09/07/2021,Sullivan,21,7501,244,161982
09/08/2021,Sullivan,21,7522,509,162491
09/09/2021,Sullivan,27,7549,444,162935
09/10/2021,Sullivan,29,7578,518,163453
09/11/2021,Sullivan,24,7602,538,163991
09/12/2021,Sullivan,18,7620,263,164254
09/13/2021,Sullivan,12,7632,240,164494
09/14/2021,Sullivan,27,7659,641,165135
09/15/2021,Sullivan,29,7688,537,165672
09/16/2021,Sullivan,29,7717,633,166305
09/17/2021,Sullivan,23,7740,640,166945
09/18/2021,Sullivan,25,7765,835,167780
09/19/2021,Sullivan,8,7773,275,168055
09/20/2021,Sullivan,14,7787,369,168424
09/21/2021,Sullivan,20,7807,534,168958
09/22/2021,Sullivan,20,7827,558,169516
09/23/2021,Sullivan,25,7852,575,170091
09/24/2021,Sullivan,27,7879,579,170670
09/25/2021,Sullivan,18,7897,543,171213
09/26/2021,Sullivan,25,7922,661,171874
09/27/2021,Sullivan,14,7936,299,172173
09/28/2021,Sullivan,27,7963,543,172716
09/29/2021,Sullivan,30,7993,1022,173738
09/30/2021,Sullivan,17,8010,565,174303
10/01/2021,Sullivan,24,8034,628,174931
10/02/2021,Sullivan,16,8050,486,175417
10/03/2021,Sullivan,15,8065,334,175751
10/04/2021,Sullivan,18,8083,813,176564
10/05/2021,Sullivan,25,8108,597,177161
10/06/2021,Sullivan,30,8138,609,177770
10/07/2021,Sullivan,24,8162,571,178341
10/08/2021,Sullivan,28,8190,596,178937
10/09/2021,Sullivan,18,8208,373,179310
10/10/2021,Sullivan,13,8221,368,179678
10/11/2021,Sullivan,20,8241,257,179935
10/12/2021,Sullivan,25,8266,386,180321
10/13/2021,Sullivan,24,8290,623,180944
10/14/2021,Sullivan,35,8325,1087,182031
10/15/2021,Sullivan,37,8362,551,182582
10/16/2021,Sullivan,32,8394,613,183195
10/17/2021,Sullivan,26,8420,314,183509
10/18/2021,Sullivan,11,8431,376,183885
10/19/2021,Sullivan,16,8447,497,184382
10/20/2021,Sullivan,26,8473,780,185162
10/21/2021,Sullivan,25,8498,564,185726
10/22/2021,Sullivan,13,8511,657,186383
10/23/2021,Sullivan,15,8526,582,186965
03/01/2020,Tioga,0,0,0,0
03/02/2020,Tioga,0,0,0,0
03/03/2020,Tioga,0,0,0,0
03/04/2020,Tioga,0,0,0,0
03/05/2020,Tioga,0,0,0,0
03/06/2020,Tioga,0,0,0,0
03/07/2020,Tioga,0,0,0,0
03/08/2020,Tioga,0,0,0,0
03/09/2020,Tioga,0,0,0,0
03/10/2020,Tioga,0,0,0,0
03/11/2020,Tioga,0,0,1,1
03/12/2020,Tioga,0,0,0,1
03/13/2020,Tioga,1,1,1,2
03/14/2020,Tioga,0,1,0,2
03/15/2020,Tioga,0,1,1,3
03/16/2020,Tioga,0,1,3,6
03/17/2020,Tioga,0,1,5,11
03/18/2020,Tioga,0,1,0,11
03/19/2020,Tioga,0,1,0,11
03/20/2020,Tioga,0,1,5,16
03/21/2020,Tioga,0,1,4,20
03/22/2020,Tioga,0,1,4,24
03/23/2020,Tioga,0,1,3,27
03/24/2020,Tioga,0,1,1,28
03/25/2020,Tioga,1,2,12,40
03/26/2020,Tioga,0,2,10,50
03/27/2020,Tioga,2,4,18,68
03/28/2020,Tioga,0,4,21,89
03/29/2020,Tioga,0,4,15,104
03/30/2020,Tioga,3,7,21,125
03/31/2020,Tioga,0,7,15,140
04/01/2020,Tioga,0,7,14,154
04/02/2020,Tioga,0,7,18,172
04/03/2020,Tioga,0,7,9,181
04/04/2020,Tioga,0,7,8,189
04/05/2020,Tioga,1,8,10,199
04/06/2020,Tioga,0,8,10,209
04/07/2020,Tioga,4,12,29,238
04/08/2020,Tioga,5,17,32,270
04/09/2020,Tioga,1,18,16,286
04/10/2020,Tioga,1,19,10,296
04/11/2020,Tioga,0,19,8,304
04/12/2020,Tioga,1,20,3,307
04/13/2020,Tioga,4,24,52,359
04/14/2020,Tioga,1,25,14,373
04/15/2020,Tioga,2,27,16,389
04/16/2020,Tioga,3,30,13,402
04/17/2020,Tioga,2,32,16,418
04/18/2020,Tioga,3,35,10,428
04/19/2020,Tioga,2,37,6,434
04/20/2020,Tioga,0,37,5,439
04/21/2020,Tioga,2,39,10,449
04/22/2020,Tioga,1,40,13,462
04/23/2020,Tioga,0,40,10,472
04/24/2020,Tioga,31,71,173,645
04/25/2020,Tioga,0,71,8,653
04/26/2020,Tioga,0,71,8,661
04/27/2020,Tioga,11,82,86,747
04/28/2020,Tioga,2,84,68,815
04/29/2020,Tioga,4,88,69,884
04/30/2020,Tioga,2,90,19,903
05/01/2020,Tioga,0,90,20,923
05/02/2020,Tioga,0,90,25,948
05/03/2020,Tioga,0,90,50,998
05/04/2020,Tioga,2,92,67,1065
05/05/2020,Tioga,4,96,76,1141
05/06/2020,Tioga,1,97,40,1181
05/07/2020,Tioga,2,99,40,1221
05/08/2020,Tioga,5,104,83,1304
05/09/2020,Tioga,1,105,31,1335
05/10/2020,Tioga,2,107,40,1375
05/11/2020,Tioga,0,107,35,1410
05/12/2020,Tioga,1,108,92,1502
05/13/2020,Tioga,0,108,59,1561
05/14/2020,Tioga,2,110,42,1603
05/15/2020,Tioga,2,112,57,1660
05/16/2020,Tioga,1,113,59,1719
05/17/2020,Tioga,0,113,82,1801
05/18/2020,Tioga,0,113,113,1914
05/19/2020,Tioga,1,114,106,2020
05/20/2020,Tioga,3,117,89,2109
05/21/2020,Tioga,1,118,105,2214
05/22/2020,Tioga,3,121,96,2310
05/23/2020,Tioga,1,122,79,2389
05/24/2020,Tioga,0,122,54,2443
05/25/2020,Tioga,0,122,45,2488
05/26/2020,Tioga,2,124,195,2683
05/27/2020,Tioga,2,126,132,2815
05/28/2020,Tioga,0,126,110,2925
05/29/2020,Tioga,2,128,141,3066
05/30/2020,Tioga,2,130,107,3173
05/31/2020,Tioga,0,130,44,3217
06/01/2020,Tioga,1,131,143,3360
06/02/2020,Tioga,2,133,123,3483
06/03/2020,Tioga,0,133,101,3584
06/04/2020,Tioga,1,134,140,3724
06/05/2020,Tioga,0,134,302,4026
06/06/2020,Tioga,0,134,146,4172
06/07/2020,Tioga,0,134,79,4251
06/08/2020,Tioga,0,134,166,4417
06/09/2020,Tioga,1,135,247,4664
06/10/2020,Tioga,0,135,159,4823
06/11/2020,Tioga,2,137,106,4929
06/12/2020,Tioga,0,137,162,5091
06/13/2020,Tioga,2,139,71,5162
06/14/2020,Tioga,0,139,71,5233
06/15/2020,Tioga,1,140,174,5407
06/16/2020,Tioga,0,140,70,5477
06/17/2020,Tioga,0,140,175,5652
06/18/2020,Tioga,0,140,123,5775
06/19/2020,Tioga,0,140,77,5852
06/20/2020,Tioga,0,140,60,5912
06/21/2020,Tioga,0,140,70,5982
06/22/2020,Tioga,1,141,186,6168
06/23/2020,Tioga,0,141,128,6296
06/24/2020,Tioga,0,141,151,6447
06/25/2020,Tioga,0,141,68,6515
06/26/2020,Tioga,1,142,131,6646
06/27/2020,Tioga,0,142,77,6723
06/28/2020,Tioga,0,142,51,6774
06/29/2020,Tioga,1,143,175,6949
06/30/2020,Tioga,0,143,107,7056
07/01/2020,Tioga,0,143,130,7186
07/02/2020,Tioga,0,143,108,7294
07/03/2020,Tioga,2,145,101,7395
07/04/2020,Tioga,1,146,101,7496
07/05/2020,Tioga,2,148,126,7622
07/06/2020,Tioga,2,150,105,7727
07/07/2020,Tioga,0,150,61,7788
07/08/2020,Tioga,1,151,110,7898
07/09/2020,Tioga,8,159,160,8058
07/10/2020,Tioga,1,160,126,8184
07/11/2020,Tioga,1,161,151,8335
07/12/2020,Tioga,0,161,83,8418
07/13/2020,Tioga,0,161,121,8539
07/14/2020,Tioga,2,163,208,8747
07/15/2020,Tioga,0,163,165,8912
07/16/2020,Tioga,5,168,101,9013
07/17/2020,Tioga,1,169,141,9154
07/18/2020,Tioga,1,170,104,9258
07/19/2020,Tioga,3,173,131,9389
07/20/2020,Tioga,1,174,110,9499
07/21/2020,Tioga,1,175,128,9627
07/22/2020,Tioga,0,175,129,9756
07/23/2020,Tioga,1,176,187,9943
07/24/2020,Tioga,2,178,131,10074
07/25/2020,Tioga,1,179,89,10163
07/26/2020,Tioga,1,180,145,10308
07/27/2020,Tioga,0,180,85,10393
07/28/2020,Tioga,3,183,129,10522
07/29/2020,Tioga,1,184,118,10640
07/30/2020,Tioga,3,187,150,10790
07/31/2020,Tioga,1,188,133,10923
08/01/2020,Tioga,1,189,70,10993
08/02/2020,Tioga,1,190,75,11068
08/03/2020,Tioga,1,191,171,11239
08/04/2020,Tioga,2,193,230,11469
08/05/2020,Tioga,0,193,100,11569
08/06/2020,Tioga,0,193,135,11704
08/07/2020,Tioga,0,193,153,11857
08/08/2020,Tioga,0,193,120,11977
08/09/2020,Tioga,0,193,103,12080
08/10/2020,Tioga,1,194,197,12277
08/11/2020,Tioga,0,194,124,12401
08/12/2020,Tioga,0,194,160,12561
08/13/2020,Tioga,1,195,204,12765
08/14/2020,Tioga,0,195,134,12899
08/15/2020,Tioga,0,195,95,12994
08/16/2020,Tioga,1,196,102,13096
08/17/2020,Tioga,2,198,130,13226
08/18/2020,Tioga,1,199,98,13324
08/19/2020,Tioga,4,203,165,13489
08/20/2020,Tioga,0,203,220,13709
08/21/2020,Tioga,1,204,205,13914
08/22/2020,Tioga,2,206,103,14017
08/23/2020,Tioga,0,206,99,14116
08/24/2020,Tioga,0,206,93,14209
08/25/2020,Tioga,0,206,110,14319
08/26/2020,Tioga,0,206,137,14456
08/27/2020,Tioga,1,207,199,14655
08/28/2020,Tioga,1,208,174,14829
08/29/2020,Tioga,0,208,117,14946
08/30/2020,Tioga,1,209,103,15049
08/31/2020,Tioga,0,209,68,15117
09/01/2020,Tioga,0,209,74,15191
09/02/2020,Tioga,1,210,96,15287
09/03/2020,Tioga,1,211,118,15405
09/04/2020,Tioga,0,211,232,15637
09/05/2020,Tioga,1,212,186,15823
09/06/2020,Tioga,2,214,79,15902
09/07/2020,Tioga,2,216,133,16035
09/08/2020,Tioga,1,217,81,16116
09/09/2020,Tioga,1,218,118,16234
09/10/2020,Tioga,0,218,198,16432
09/11/2020,Tioga,1,219,267,16699
09/12/2020,Tioga,0,219,115,16814
09/13/2020,Tioga,2,221,118,16932
09/14/2020,Tioga,0,221,198,17130
09/15/2020,Tioga,0,221,190,17320
09/16/2020,Tioga,0,221,249,17569
09/17/2020,Tioga,1,222,249,17818
09/18/2020,Tioga,0,222,287,18105
09/19/2020,Tioga,2,224,144,18249
09/20/2020,Tioga,0,224,65,18314
09/21/2020,Tioga,1,225,181,18495
09/22/2020,Tioga,0,225,223,18718
09/23/2020,Tioga,4,229,218,18936
09/24/2020,Tioga,0,229,346,19282
09/25/2020,Tioga,5,234,271,19553
09/26/2020,Tioga,1,235,142,19695
09/27/2020,Tioga,2,237,101,19796
09/28/2020,Tioga,5,242,172,19968
09/29/2020,Tioga,7,249,283,20251
09/30/2020,Tioga,7,256,309,20560
10/01/2020,Tioga,5,261,359,20919
10/02/2020,Tioga,3,264,342,21261
10/03/2020,Tioga,10,274,462,21723
10/04/2020,Tioga,4,278,211,21934
10/05/2020,Tioga,6,284,105,22039
10/06/2020,Tioga,7,291,446,22485
10/07/2020,Tioga,13,304,441,22926
10/08/2020,Tioga,15,319,439,23365
10/09/2020,Tioga,14,333,422,23787
10/10/2020,Tioga,12,345,364,24151
10/11/2020,Tioga,7,352,204,24355
10/12/2020,Tioga,6,358,285,24640
10/13/2020,Tioga,13,371,300,24940
10/14/2020,Tioga,19,390,442,25382
10/15/2020,Tioga,23,413,579,25961
10/16/2020,Tioga,11,424,295,26256
10/17/2020,Tioga,11,435,370,26626
10/18/2020,Tioga,13,448,220,26846
10/19/2020,Tioga,11,459,201,27047
10/20/2020,Tioga,19,478,297,27344
10/21/2020,Tioga,24,502,566,27910
10/22/2020,Tioga,10,512,363,28273
10/23/2020,Tioga,37,549,664,28937
10/24/2020,Tioga,23,572,507,29444
10/25/2020,Tioga,17,589,205,29649
10/26/2020,Tioga,21,610,374,30023
10/27/2020,Tioga,19,629,348,30371
10/28/2020,Tioga,24,653,349,30720
10/29/2020,Tioga,19,672,446,31166
10/30/2020,Tioga,17,689,528,31694
10/31/2020,Tioga,10,699,330,32024
11/01/2020,Tioga,18,717,221,32245
11/02/2020,Tioga,15,732,264,32509
11/03/2020,Tioga,18,750,275,32784
11/04/2020,Tioga,25,775,419,33203
11/05/2020,Tioga,17,792,346,33549
11/06/2020,Tioga,31,823,521,34070
11/07/2020,Tioga,13,836,379,34449
11/08/2020,Tioga,10,846,153,34602
11/09/2020,Tioga,18,864,245,34847
11/10/2020,Tioga,22,886,300,35147
11/11/2020,Tioga,27,913,341,35488
11/12/2020,Tioga,17,930,457,35945
11/13/2020,Tioga,10,940,337,36282
11/14/2020,Tioga,11,951,253,36535
11/15/2020,Tioga,6,957,272,36807
11/16/2020,Tioga,16,973,204,37011
11/17/2020,Tioga,11,984,249,37260
11/18/2020,Tioga,12,996,352,37612
11/19/2020,Tioga,2,998,230,37842
11/20/2020,Tioga,15,1013,567,38409
11/21/2020,Tioga,11,1024,249,38658
11/22/2020,Tioga,19,1043,467,39125
11/23/2020,Tioga,12,1055,618,39743
11/24/2020,Tioga,11,1066,291,40034
11/25/2020,Tioga,14,1080,432,40466
11/26/2020,Tioga,15,1095,409,40875
11/27/2020,Tioga,9,1104,266,41141
11/28/2020,Tioga,28,1132,491,41632
11/29/2020,Tioga,17,1149,252,41884
11/30/2020,Tioga,4,1153,213,42097
12/01/2020,Tioga,18,1171,405,42502
12/02/2020,Tioga,22,1193,528,43030
12/03/2020,Tioga,15,1208,437,43467
12/04/2020,Tioga,20,1228,692,44159
12/05/2020,Tioga,23,1251,478,44637
12/06/2020,Tioga,9,1260,199,44836
12/07/2020,Tioga,20,1280,195,45031
12/08/2020,Tioga,15,1295,304,45335
12/09/2020,Tioga,17,1312,414,45749
12/10/2020,Tioga,17,1329,685,46434
12/11/2020,Tioga,16,1345,348,46782
12/12/2020,Tioga,22,1367,437,47219
12/13/2020,Tioga,12,1379,333,47552
12/14/2020,Tioga,10,1389,187,47739
12/15/2020,Tioga,18,1407,282,48021
12/16/2020,Tioga,14,1421,468,48489
12/17/2020,Tioga,18,1439,376,48865
12/18/2020,Tioga,12,1451,241,49106
12/19/2020,Tioga,20,1471,323,49429
12/20/2020,Tioga,9,1480,163,49592
12/21/2020,Tioga,6,1486,241,49833
12/22/2020,Tioga,32,1518,313,50146
12/23/2020,Tioga,25,1543,460,50606
12/24/2020,Tioga,32,1575,439,51045
12/25/2020,Tioga,21,1596,279,51324
12/26/2020,Tioga,5,1601,219,51543
12/27/2020,Tioga,15,1616,161,51704
12/28/2020,Tioga,14,1630,197,51901
12/29/2020,Tioga,25,1655,208,52109
12/30/2020,Tioga,24,1679,373,52482
12/31/2020,Tioga,32,1711,348,52830
01/01/2021,Tioga,29,1740,321,53151
01/02/2021,Tioga,31,1771,199,53350
01/03/2021,Tioga,21,1792,179,53529
01/04/2021,Tioga,20,1812,216,53745
01/05/2021,Tioga,44,1856,518,54263
01/06/2021,Tioga,45,1901,515,54778
01/07/2021,Tioga,39,1940,453,55231
01/08/2021,Tioga,31,1971,381,55612
01/09/2021,Tioga,28,1999,543,56155
01/10/2021,Tioga,22,2021,191,56346
01/11/2021,Tioga,23,2044,318,56664
01/12/2021,Tioga,38,2082,373,57037
01/13/2021,Tioga,20,2102,532,57569
01/14/2021,Tioga,22,2124,550,58119
01/15/2021,Tioga,21,2145,472,58591
01/16/2021,Tioga,22,2167,424,59015
01/17/2021,Tioga,24,2191,198,59213
01/18/2021,Tioga,15,2206,225,59438
01/19/2021,Tioga,22,2228,488,59926
01/20/2021,Tioga,40,2268,692,60618
01/21/2021,Tioga,26,2294,553,61171
01/22/2021,Tioga,19,2313,526,61697
01/23/2021,Tioga,33,2346,568,62265
01/24/2021,Tioga,18,2364,253,62518
01/25/2021,Tioga,16,2380,164,62682
01/26/2021,Tioga,24,2404,536,63218
01/27/2021,Tioga,27,2431,624,63842
01/28/2021,Tioga,10,2441,473,64315
01/29/2021,Tioga,15,2456,459,64774
01/30/2021,Tioga,17,2473,497,65271
01/31/2021,Tioga,7,2480,215,65486
02/01/2021,Tioga,8,2488,100,65586
02/02/2021,Tioga,21,2509,426,66012
02/03/2021,Tioga,16,2525,429,66441
02/04/2021,Tioga,20,2545,333,66774
02/05/2021,Tioga,21,2566,488,67262
02/06/2021,Tioga,18,2584,489,67751
02/07/2021,Tioga,15,2599,221,67972
02/08/2021,Tioga,8,2607,156,68128
02/09/2021,Tioga,15,2622,436,68564
02/10/2021,Tioga,9,2631,657,69221
02/11/2021,Tioga,9,2640,295,69516
02/12/2021,Tioga,16,2656,540,70056
02/13/2021,Tioga,17,2673,328,70384
02/14/2021,Tioga,8,2681,147,70531
02/15/2021,Tioga,6,2687,178,70709
02/16/2021,Tioga,8,2695,339,71048
02/17/2021,Tioga,10,2705,541,71589
02/18/2021,Tioga,20,2725,384,71973
02/19/2021,Tioga,15,2740,466,72439
02/20/2021,Tioga,12,2752,405,72844
02/21/2021,Tioga,8,2760,151,72995
02/22/2021,Tioga,6,2766,164,73159
02/23/2021,Tioga,5,2771,360,73519
02/24/2021,Tioga,8,2779,538,74057
02/25/2021,Tioga,9,2788,333,74390
02/26/2021,Tioga,11,2799,424,74814
02/27/2021,Tioga,5,2804,462,75276
02/28/2021,Tioga,2,2806,120,75396
03/01/2021,Tioga,7,2813,126,75522
03/02/2021,Tioga,6,2819,417,75939
03/03/2021,Tioga,7,2826,464,76403
03/04/2021,Tioga,10,2836,386,76789
03/05/2021,Tioga,18,2854,481,77270
03/06/2021,Tioga,10,2864,361,77631
03/07/2021,Tioga,5,2869,135,77766
03/08/2021,Tioga,4,2873,168,77934
03/09/2021,Tioga,9,2882,452,78386
03/10/2021,Tioga,10,2892,513,78899
03/11/2021,Tioga,15,2907,364,79263
03/12/2021,Tioga,18,2925,502,79765
03/13/2021,Tioga,11,2936,414,80179
03/14/2021,Tioga,9,2945,127,80306
03/15/2021,Tioga,2,2947,161,80467
03/16/2021,Tioga,18,2965,545,81012
03/17/2021,Tioga,17,2982,424,81436
03/18/2021,Tioga,14,2996,388,81824
03/19/2021,Tioga,11,3007,559,82383
03/20/2021,Tioga,15,3022,492,82875
03/21/2021,Tioga,5,3027,147,83022
03/22/2021,Tioga,4,3031,132,83154
03/23/2021,Tioga,9,3040,510,83664
03/24/2021,Tioga,15,3055,560,84224
03/25/2021,Tioga,11,3066,379,84603
03/26/2021,Tioga,11,3077,719,85322
03/27/2021,Tioga,20,3097,510,85832
03/28/2021,Tioga,15,3112,227,86059
03/29/2021,Tioga,10,3122,163,86222
03/30/2021,Tioga,6,3128,470,86692
03/31/2021,Tioga,17,3145,537,87229
04/01/2021,Tioga,11,3156,404,87633
04/02/2021,Tioga,15,3171,644,88277
04/03/2021,Tioga,19,3190,372,88649
04/04/2021,Tioga,16,3206,186,88835
04/05/2021,Tioga,7,3213,148,88983
04/06/2021,Tioga,19,3232,449,89432
04/07/2021,Tioga,7,3239,443,89875
04/08/2021,Tioga,31,3270,511,90386
04/09/2021,Tioga,15,3285,508,90894
04/10/2021,Tioga,12,3297,476,91370
04/11/2021,Tioga,7,3304,123,91493
04/12/2021,Tioga,12,3316,160,91653
04/13/2021,Tioga,17,3333,837,92490
04/14/2021,Tioga,24,3357,529,93019
04/15/2021,Tioga,13,3370,465,93484
04/16/2021,Tioga,25,3395,609,94093
04/17/2021,Tioga,17,3412,525,94618
04/18/2021,Tioga,11,3423,187,94805
04/19/2021,Tioga,11,3434,120,94925
04/20/2021,Tioga,16,3450,653,95578
04/21/2021,Tioga,12,3462,565,96143
04/22/2021,Tioga,18,3480,445,96588
04/23/2021,Tioga,19,3499,629,97217
04/24/2021,Tioga,17,3516,409,97626
04/25/2021,Tioga,10,3526,182,97808
04/26/2021,Tioga,1,3527,163,97971
04/27/2021,Tioga,10,3537,675,98646
04/28/2021,Tioga,17,3554,553,99199
04/29/2021,Tioga,13,3567,408,99607
04/30/2021,Tioga,11,3578,690,100297
05/01/2021,Tioga,11,3589,361,100658
05/02/2021,Tioga,5,3594,179,100837
05/03/2021,Tioga,7,3601,114,100951
05/04/2021,Tioga,8,3609,474,101425
05/05/2021,Tioga,5,3614,645,102070
05/06/2021,Tioga,4,3618,267,102337
05/07/2021,Tioga,12,3630,684,103021
05/08/2021,Tioga,11,3641,422,103443
05/09/2021,Tioga,4,3645,124,103567
05/10/2021,Tioga,6,3651,178,103745
05/11/2021,Tioga,8,3659,592,104337
05/12/2021,Tioga,12,3671,367,104704
05/13/2021,Tioga,8,3679,407,105111
05/14/2021,Tioga,16,3695,631,105742
05/15/2021,Tioga,7,3702,389,106131
05/16/2021,Tioga,11,3713,173,106304
05/17/2021,Tioga,7,3720,126,106430
05/18/2021,Tioga,6,3726,625,107055
05/19/2021,Tioga,9,3735,356,107411
05/20/2021,Tioga,12,3747,314,107725
05/21/2021,Tioga,10,3757,439,108164
05/22/2021,Tioga,0,3757,252,108416
05/23/2021,Tioga,3,3760,99,108515
05/24/2021,Tioga,2,3762,140,108655
05/25/2021,Tioga,4,3766,388,109043
05/26/2021,Tioga,8,3774,296,109339
05/27/2021,Tioga,5,3779,289,109628
05/28/2021,Tioga,9,3788,397,110025
05/29/2021,Tioga,5,3793,222,110247
05/30/2021,Tioga,1,3794,90,110337
05/31/2021,Tioga,1,3795,82,110419
06/01/2021,Tioga,1,3796,133,110552
06/02/2021,Tioga,3,3799,417,110969
06/03/2021,Tioga,2,3801,262,111231
06/04/2021,Tioga,10,3811,381,111612
06/05/2021,Tioga,2,3813,223,111835
06/06/2021,Tioga,2,3815,68,111903
06/07/2021,Tioga,2,3817,124,112027
06/08/2021,Tioga,3,3820,416,112443
06/09/2021,Tioga,1,3821,218,112661
06/10/2021,Tioga,6,3827,238,112899
06/11/2021,Tioga,0,3827,381,113280
06/12/2021,Tioga,2,3829,177,113457
06/13/2021,Tioga,0,3829,61,113518
06/14/2021,Tioga,1,3830,115,113633
06/15/2021,Tioga,0,3830,268,113901
06/16/2021,Tioga,0,3830,257,114158
06/17/2021,Tioga,1,3831,186,114344
06/18/2021,Tioga,3,3834,254,114598
06/19/2021,Tioga,0,3834,114,114712
06/20/2021,Tioga,2,3836,56,114768
06/21/2021,Tioga,1,3837,125,114893
06/22/2021,Tioga,1,3838,188,115081
06/23/2021,Tioga,1,3839,216,115297
06/24/2021,Tioga,0,3839,144,115441
06/25/2021,Tioga,1,3840,186,115627
06/26/2021,Tioga,0,3840,150,115777
06/27/2021,Tioga,1,3841,66,115843
06/28/2021,Tioga,1,3842,98,115941
06/29/2021,Tioga,0,3842,202,116143
06/30/2021,Tioga,0,3842,165,116308
07/01/2021,Tioga,0,3842,108,116416
07/02/2021,Tioga,0,3842,139,116555
07/03/2021,Tioga,1,3843,111,116666
07/04/2021,Tioga,0,3843,63,116729
07/05/2021,Tioga,0,3843,49,116778
07/06/2021,Tioga,0,3843,80,116858
07/07/2021,Tioga,1,3844,229,117087
07/08/2021,Tioga,0,3844,134,117221
07/09/2021,Tioga,1,3845,125,117346
07/10/2021,Tioga,0,3845,74,117420
07/11/2021,Tioga,0,3845,50,117470
07/12/2021,Tioga,3,3848,69,117539
07/13/2021,Tioga,3,3851,188,117727
07/14/2021,Tioga,0,3851,143,117870
07/15/2021,Tioga,1,3852,105,117975
07/16/2021,Tioga,0,3852,87,118062
07/17/2021,Tioga,0,3852,103,118165
07/18/2021,Tioga,0,3852,43,118208
07/19/2021,Tioga,2,3854,71,118279
07/20/2021,Tioga,3,3857,116,118395
07/21/2021,Tioga,0,3857,138,118533
07/22/2021,Tioga,1,3858,106,118639
07/23/2021,Tioga,0,3858,98,118737
07/24/2021,Tioga,1,3859,88,118825
07/25/2021,Tioga,2,3861,51,118876
07/26/2021,Tioga,1,3862,50,118926
07/27/2021,Tioga,4,3866,147,119073
07/28/2021,Tioga,3,3869,185,119258
07/29/2021,Tioga,2,3871,116,119374
07/30/2021,Tioga,5,3876,117,119491
07/31/2021,Tioga,0,3876,92,119583
08/01/2021,Tioga,2,3878,49,119632
08/02/2021,Tioga,5,3883,79,119711
08/03/2021,Tioga,0,3883,191,119902
08/04/2021,Tioga,11,3894,183,120085
08/05/2021,Tioga,10,3904,186,120271
08/06/2021,Tioga,8,3912,156,120427
08/07/2021,Tioga,6,3918,126,120553
08/08/2021,Tioga,3,3921,61,120614
08/09/2021,Tioga,2,3923,93,120707
08/10/2021,Tioga,9,3932,178,120885
08/11/2021,Tioga,13,3945,197,121082
08/12/2021,Tioga,13,3958,198,121280
08/13/2021,Tioga,8,3966,179,121459
08/14/2021,Tioga,2,3968,115,121574
08/15/2021,Tioga,6,3974,70,121644
08/16/2021,Tioga,7,3981,144,121788
08/17/2021,Tioga,9,3990,356,122144
08/18/2021,Tioga,10,4000,234,122378
08/19/2021,Tioga,3,4003,309,122687
08/20/2021,Tioga,6,4009,218,122905
08/21/2021,Tioga,10,4019,395,123300
08/22/2021,Tioga,3,4022,83,123383
08/23/2021,Tioga,2,4024,152,123535
08/24/2021,Tioga,10,4034,413,123948
08/25/2021,Tioga,6,4040,221,124169
08/26/2021,Tioga,14,4054,226,124395
08/27/2021,Tioga,13,4067,336,124731
08/28/2021,Tioga,10,4077,415,125146
08/29/2021,Tioga,8,4085,105,125251
08/30/2021,Tioga,7,4092,162,125413
08/31/2021,Tioga,10,4102,312,125725
09/01/2021,Tioga,17,4119,319,126044
09/02/2021,Tioga,14,4133,302,126346
09/03/2021,Tioga,16,4149,257,126603
09/04/2021,Tioga,10,4159,451,127054
09/05/2021,Tioga,9,4168,142,127196
09/06/2021,Tioga,10,4178,93,127289
09/07/2021,Tioga,7,4185,175,127464
09/08/2021,Tioga,21,4206,480,127944
09/09/2021,Tioga,18,4224,362,128306
09/10/2021,Tioga,24,4248,351,128657
09/11/2021,Tioga,16,4264,503,129160
09/12/2021,Tioga,18,4282,97,129257
09/13/2021,Tioga,9,4291,210,129467
09/14/2021,Tioga,20,4311,479,129946
09/15/2021,Tioga,15,4326,577,130523
09/16/2021,Tioga,18,4344,357,130880
09/17/2021,Tioga,16,4360,489,131369
09/18/2021,Tioga,8,4368,320,131689
09/19/2021,Tioga,8,4376,118,131807
09/20/2021,Tioga,9,4385,163,131970
09/21/2021,Tioga,15,4400,560,132530
09/22/2021,Tioga,34,4434,455,132985
09/23/2021,Tioga,30,4464,555,133540
09/24/2021,Tioga,20,4484,504,134044
09/25/2021,Tioga,21,4505,342,134386
09/26/2021,Tioga,8,4513,133,134519
09/27/2021,Tioga,8,4521,170,134689
09/28/2021,Tioga,23,4544,463,135152
09/29/2021,Tioga,27,4571,436,135588
09/30/2021,Tioga,21,4592,498,136086
10/01/2021,Tioga,19,4611,688,136774
10/02/2021,Tioga,26,4637,385,137159
10/03/2021,Tioga,10,4647,129,137288
10/04/2021,Tioga,14,4661,187,137475
10/05/2021,Tioga,33,4694,702,138177
10/06/2021,Tioga,32,4726,483,138660
10/07/2021,Tioga,28,4754,498,139158
10/08/2021,Tioga,35,4789,798,139956
10/09/2021,Tioga,18,4807,329,140285
10/10/2021,Tioga,27,4834,213,140498
10/11/2021,Tioga,11,4845,146,140644
10/12/2021,Tioga,26,4871,491,141135
10/13/2021,Tioga,32,4903,434,141569
10/14/2021,Tioga,43,4946,559,142128
10/15/2021,Tioga,34,4980,655,142783
10/16/2021,Tioga,32,5012,584,143367
10/17/2021,Tioga,13,5025,120,143487
10/18/2021,Tioga,11,5036,127,143614
10/19/2021,Tioga,25,5061,676,144290
10/20/2021,Tioga,33,5094,530,144820
10/21/2021,Tioga,36,5130,406,145226
10/22/2021,Tioga,32,5162,651,145877
10/23/2021,Tioga,24,5186,366,146243
03/01/2020,Tompkins,0,0,0,0
03/02/2020,Tompkins,0,0,0,0
03/03/2020,Tompkins,0,0,0,0
03/04/2020,Tompkins,0,0,0,0
03/05/2020,Tompkins,0,0,0,0
03/06/2020,Tompkins,0,0,0,0
03/07/2020,Tompkins,0,0,0,0
03/08/2020,Tompkins,0,0,0,0
03/09/2020,Tompkins,0,0,1,1
03/10/2020,Tompkins,0,0,0,1
03/11/2020,Tompkins,0,0,2,3
03/12/2020,Tompkins,0,0,2,5
03/13/2020,Tompkins,1,1,5,10
03/14/2020,Tompkins,0,1,1,11
03/15/2020,Tompkins,0,1,4,15
03/16/2020,Tompkins,1,2,17,32
03/17/2020,Tompkins,1,3,11,43
03/18/2020,Tompkins,3,6,18,61
03/19/2020,Tompkins,1,7,7,68
03/20/2020,Tompkins,4,11,96,164
03/21/2020,Tompkins,2,13,76,240
03/22/2020,Tompkins,2,15,115,355
03/23/2020,Tompkins,1,16,111,466
03/24/2020,Tompkins,0,16,2,468
03/25/2020,Tompkins,6,22,89,557
03/26/2020,Tompkins,4,26,109,666
03/27/2020,Tompkins,19,45,182,848
03/28/2020,Tompkins,7,52,128,976
03/29/2020,Tompkins,14,66,157,1133
03/30/2020,Tompkins,0,66,18,1151
03/31/2020,Tompkins,2,68,15,1166
04/01/2020,Tompkins,6,74,126,1292
04/02/2020,Tompkins,10,84,160,1452
04/03/2020,Tompkins,1,85,81,1533
04/04/2020,Tompkins,3,88,52,1585
04/05/2020,Tompkins,6,94,94,1679
04/06/2020,Tompkins,3,97,23,1702
04/07/2020,Tompkins,2,99,85,1787
04/08/2020,Tompkins,6,105,299,2086
04/09/2020,Tompkins,0,105,24,2110
04/10/2020,Tompkins,3,108,135,2245
04/11/2020,Tompkins,1,109,77,2322
04/12/2020,Tompkins,1,110,31,2353
04/13/2020,Tompkins,2,112,104,2457
04/14/2020,Tompkins,3,115,44,2501
04/15/2020,Tompkins,1,116,73,2574
04/16/2020,Tompkins,1,117,36,2610
04/17/2020,Tompkins,0,117,44,2654
04/18/2020,Tompkins,0,117,41,2695
04/19/2020,Tompkins,2,119,47,2742
04/20/2020,Tompkins,0,119,4,2746
04/21/2020,Tompkins,0,119,12,2758
04/22/2020,Tompkins,0,119,95,2853
04/23/2020,Tompkins,2,121,108,2961
04/24/2020,Tompkins,5,126,308,3269
04/25/2020,Tompkins,0,126,44,3313
04/26/2020,Tompkins,0,126,47,3360
04/27/2020,Tompkins,0,126,13,3373
04/28/2020,Tompkins,1,127,119,3492
04/29/2020,Tompkins,1,128,19,3511
04/30/2020,Tompkins,0,128,61,3572
05/01/2020,Tompkins,0,128,118,3690
05/02/2020,Tompkins,1,129,27,3717
05/03/2020,Tompkins,0,129,126,3843
05/04/2020,Tompkins,0,129,52,3895
05/05/2020,Tompkins,0,129,104,3999
05/06/2020,Tompkins,1,130,188,4187
05/07/2020,Tompkins,1,131,187,4374
05/08/2020,Tompkins,1,132,619,4993
05/09/2020,Tompkins,0,132,95,5088
05/10/2020,Tompkins,0,132,86,5174
05/11/2020,Tompkins,0,132,91,5265
05/12/2020,Tompkins,4,136,175,5440
05/13/2020,Tompkins,0,136,103,5543
05/14/2020,Tompkins,0,136,112,5655
05/15/2020,Tompkins,2,138,331,5986
05/16/2020,Tompkins,1,139,421,6407
05/17/2020,Tompkins,2,141,412,6819
05/18/2020,Tompkins,1,142,446,7265
05/19/2020,Tompkins,3,145,219,7484
05/20/2020,Tompkins,0,145,199,7683
05/21/2020,Tompkins,2,147,291,7974
05/22/2020,Tompkins,2,149,410,8384
05/23/2020,Tompkins,2,151,246,8630
05/24/2020,Tompkins,3,154,267,8897
05/25/2020,Tompkins,0,154,48,8945
05/26/2020,Tompkins,1,155,264,9209
05/27/2020,Tompkins,1,156,110,9319
05/28/2020,Tompkins,1,157,425,9744
05/29/2020,Tompkins,4,161,264,10008
05/30/2020,Tompkins,3,164,389,10397
05/31/2020,Tompkins,0,164,149,10546
06/01/2020,Tompkins,0,164,168,10714
06/02/2020,Tompkins,1,165,203,10917
06/03/2020,Tompkins,0,165,206,11123
06/04/2020,Tompkins,2,167,171,11294
06/05/2020,Tompkins,4,171,1067,12361
06/06/2020,Tompkins,0,171,518,12879
06/07/2020,Tompkins,0,171,148,13027
06/08/2020,Tompkins,0,171,452,13479
06/09/2020,Tompkins,0,171,333,13812
06/10/2020,Tompkins,0,171,235,14047
06/11/2020,Tompkins,1,172,191,14238
06/12/2020,Tompkins,1,173,328,14566
06/13/2020,Tompkins,0,173,72,14638
06/14/2020,Tompkins,0,173,61,14699
06/15/2020,Tompkins,0,173,378,15077
06/16/2020,Tompkins,0,173,295,15372
06/17/2020,Tompkins,0,173,210,15582
06/18/2020,Tompkins,0,173,779,16361
06/19/2020,Tompkins,1,174,395,16756
06/20/2020,Tompkins,1,175,139,16895
06/21/2020,Tompkins,0,175,239,17134
06/22/2020,Tompkins,0,175,267,17401
06/23/2020,Tompkins,0,175,237,17638
06/24/2020,Tompkins,0,175,267,17905
06/25/2020,Tompkins,0,175,170,18075
06/26/2020,Tompkins,0,175,231,18306
06/27/2020,Tompkins,1,176,328,18634
06/28/2020,Tompkins,1,177,111,18745
06/29/2020,Tompkins,0,177,200,18945
06/30/2020,Tompkins,0,177,238,19183
07/01/2020,Tompkins,1,178,309,19492
07/02/2020,Tompkins,0,178,233,19725
07/03/2020,Tompkins,0,178,270,19995
07/04/2020,Tompkins,1,179,103,20098
07/05/2020,Tompkins,0,179,179,20277
07/06/2020,Tompkins,0,179,200,20477
07/07/2020,Tompkins,1,180,408,20885
07/08/2020,Tompkins,0,180,95,20980
07/09/2020,Tompkins,1,181,340,21320
07/10/2020,Tompkins,2,183,353,21673
07/11/2020,Tompkins,3,186,482,22155
07/12/2020,Tompkins,0,186,104,22259
07/13/2020,Tompkins,0,186,354,22613
07/14/2020,Tompkins,12,198,438,23051
07/15/2020,Tompkins,0,198,307,23358
07/16/2020,Tompkins,0,198,688,24046
07/17/2020,Tompkins,1,199,645,24691
07/18/2020,Tompkins,9,208,466,25157
07/19/2020,Tompkins,1,209,59,25216
07/20/2020,Tompkins,0,209,221,25437
07/21/2020,Tompkins,0,209,828,26265
07/22/2020,Tompkins,4,213,729,26994
07/23/2020,Tompkins,8,221,635,27629
07/24/2020,Tompkins,2,223,793,28422
07/25/2020,Tompkins,1,224,298,28720
07/26/2020,Tompkins,1,225,91,28811
07/27/2020,Tompkins,0,225,202,29013
07/28/2020,Tompkins,0,225,534,29547
07/29/2020,Tompkins,2,227,740,30287
07/30/2020,Tompkins,1,228,734,31021
07/31/2020,Tompkins,2,230,589,31610
08/01/2020,Tompkins,0,230,329,31939
08/02/2020,Tompkins,0,230,42,31981
08/03/2020,Tompkins,0,230,320,32301
08/04/2020,Tompkins,1,231,514,32815
08/05/2020,Tompkins,1,232,721,33536
08/06/2020,Tompkins,1,233,609,34145
08/07/2020,Tompkins,1,234,740,34885
08/08/2020,Tompkins,0,234,405,35290
08/09/2020,Tompkins,0,234,31,35321
08/10/2020,Tompkins,0,234,303,35624
08/11/2020,Tompkins,0,234,610,36234
08/12/2020,Tompkins,0,234,659,36893
08/13/2020,Tompkins,2,236,1099,37992
08/14/2020,Tompkins,2,238,1203,39195
08/15/2020,Tompkins,0,238,433,39628
08/16/2020,Tompkins,0,238,165,39793
08/17/2020,Tompkins,0,238,186,39979
08/18/2020,Tompkins,0,238,749,40728
08/19/2020,Tompkins,2,240,1401,42129
08/20/2020,Tompkins,4,244,2018,44147
08/21/2020,Tompkins,0,244,1364,45511
08/22/2020,Tompkins,0,244,837,46348
08/23/2020,Tompkins,0,244,653,47001
08/24/2020,Tompkins,1,245,1342,48343
08/25/2020,Tompkins,3,248,2713,51056
08/26/2020,Tompkins,1,249,1237,52293
08/27/2020,Tompkins,2,251,906,53199
08/28/2020,Tompkins,10,261,1782,54981
08/29/2020,Tompkins,3,264,2081,57062
08/30/2020,Tompkins,1,265,829,57891
08/31/2020,Tompkins,5,270,236,58127
09/01/2020,Tompkins,10,280,1707,59834
09/02/2020,Tompkins,23,303,480,60314
09/03/2020,Tompkins,5,308,530,60844
09/04/2020,Tompkins,13,321,7425,68269
09/05/2020,Tompkins,11,332,2868,71137
09/06/2020,Tompkins,7,339,3091,74228
09/07/2020,Tompkins,5,344,4157,78385
09/08/2020,Tompkins,2,346,3619,82004
09/09/2020,Tompkins,15,361,3995,85999
09/10/2020,Tompkins,8,369,4186,90185
09/11/2020,Tompkins,6,375,4884,95069
09/12/2020,Tompkins,6,381,3264,98333
09/13/2020,Tompkins,1,382,3013,101346
09/14/2020,Tompkins,2,384,4744,106090
09/15/2020,Tompkins,2,386,5383,111473
09/16/2020,Tompkins,2,388,5657,117130
09/17/2020,Tompkins,2,390,5661,122791
09/18/2020,Tompkins,4,394,5411,128202
09/19/2020,Tompkins,3,397,2274,130476
09/20/2020,Tompkins,1,398,1354,131830
09/21/2020,Tompkins,1,399,4504,136334
09/22/2020,Tompkins,6,405,5351,141685
09/23/2020,Tompkins,1,406,4729,146414
09/24/2020,Tompkins,2,408,5548,151962
09/25/2020,Tompkins,1,409,3228,155190
09/26/2020,Tompkins,4,413,2389,157579
09/27/2020,Tompkins,1,414,73,157652
09/28/2020,Tompkins,3,417,2631,160283
09/29/2020,Tompkins,4,421,8648,168931
09/30/2020,Tompkins,5,426,10801,179732
10/01/2020,Tompkins,6,432,10039,189771
10/02/2020,Tompkins,6,438,9108,198879
10/03/2020,Tompkins,7,445,10828,209707
10/04/2020,Tompkins,6,451,8669,218376
10/05/2020,Tompkins,4,455,4988,223364
10/06/2020,Tompkins,3,458,7336,230700
10/07/2020,Tompkins,7,465,10526,241226
10/08/2020,Tompkins,8,473,11929,253155
10/09/2020,Tompkins,3,476,11001,264156
10/10/2020,Tompkins,3,479,10409,274565
10/11/2020,Tompkins,2,481,8475,283040
10/12/2020,Tompkins,9,490,2785,285825
10/13/2020,Tompkins,17,507,13369,299194
10/14/2020,Tompkins,8,515,11718,310912
10/15/2020,Tompkins,8,523,8846,319758
10/16/2020,Tompkins,11,534,7652,327410
10/17/2020,Tompkins,6,540,11388,338798
10/18/2020,Tompkins,8,548,8303,347101
10/19/2020,Tompkins,8,556,5324,352425
10/20/2020,Tompkins,7,563,7827,360252
10/21/2020,Tompkins,16,579,11430,371682
10/22/2020,Tompkins,6,585,10011,381693
10/23/2020,Tompkins,8,593,11164,392857
10/24/2020,Tompkins,10,603,10288,403145
10/25/2020,Tompkins,3,606,8122,411267
10/26/2020,Tompkins,3,609,5741,417008
10/27/2020,Tompkins,10,619,8298,425306
10/28/2020,Tompkins,13,632,10597,435903
10/29/2020,Tompkins,7,639,10976,446879
10/30/2020,Tompkins,11,650,9041,455920
10/31/2020,Tompkins,6,656,10948,466868
11/01/2020,Tompkins,3,659,8383,475251
11/02/2020,Tompkins,1,660,5730,480981
11/03/2020,Tompkins,4,664,7999,488980
11/04/2020,Tompkins,11,675,9881,498861
11/05/2020,Tompkins,3,678,9864,508725
11/06/2020,Tompkins,12,690,10328,519053
11/07/2020,Tompkins,12,702,5610,524663
11/08/2020,Tompkins,5,707,8469,533132
11/09/2020,Tompkins,5,712,6862,539994
11/10/2020,Tompkins,22,734,6889,546883
11/11/2020,Tompkins,31,765,6779,553662
11/12/2020,Tompkins,21,786,19656,573318
11/13/2020,Tompkins,13,799,12369,585687
11/14/2020,Tompkins,7,806,1895,587582
11/15/2020,Tompkins,5,811,3853,591435
11/16/2020,Tompkins,9,820,13904,605339
11/17/2020,Tompkins,8,828,6591,611930
11/18/2020,Tompkins,12,840,8970,620900
11/19/2020,Tompkins,8,848,11548,632448
11/20/2020,Tompkins,28,876,13495,645943
11/21/2020,Tompkins,28,904,11529,657472
11/22/2020,Tompkins,32,936,7621,665093
11/23/2020,Tompkins,17,953,12873,677966
11/24/2020,Tompkins,18,971,5913,683879
11/25/2020,Tompkins,29,1000,6582,690461
11/26/2020,Tompkins,43,1043,9335,699796
11/27/2020,Tompkins,33,1076,553,700349
11/28/2020,Tompkins,29,1105,1291,701640
11/29/2020,Tompkins,13,1118,1682,703322
11/30/2020,Tompkins,21,1139,478,703800
12/01/2020,Tompkins,15,1154,13375,717175
12/02/2020,Tompkins,55,1209,4511,721686
12/03/2020,Tompkins,32,1241,8695,730381
12/04/2020,Tompkins,38,1279,7281,737662
12/05/2020,Tompkins,27,1306,8668,746330
12/06/2020,Tompkins,30,1336,10898,757228
12/07/2020,Tompkins,62,1398,637,757865
12/08/2020,Tompkins,26,1424,4981,762846
12/09/2020,Tompkins,27,1451,4363,767209
12/10/2020,Tompkins,26,1477,8517,775726
12/11/2020,Tompkins,52,1529,7664,783390
12/12/2020,Tompkins,27,1556,6606,789996
12/13/2020,Tompkins,37,1593,2153,792149
12/14/2020,Tompkins,20,1613,11283,803432
12/15/2020,Tompkins,24,1637,966,804398
12/16/2020,Tompkins,34,1671,3178,807576
12/17/2020,Tompkins,39,1710,8989,816565
12/18/2020,Tompkins,18,1728,7038,823603
12/19/2020,Tompkins,53,1781,8732,832335
12/20/2020,Tompkins,17,1798,5223,837558
12/21/2020,Tompkins,18,1816,8942,846500
12/22/2020,Tompkins,30,1846,1469,847969
12/23/2020,Tompkins,32,1878,2672,850641
12/24/2020,Tompkins,43,1921,7601,858242
12/25/2020,Tompkins,32,1953,3912,862154
12/26/2020,Tompkins,8,1961,2098,864252
12/27/2020,Tompkins,20,1981,855,865107
12/28/2020,Tompkins,12,1993,1149,866256
12/29/2020,Tompkins,40,2033,3826,870082
12/30/2020,Tompkins,46,2079,1695,871777
12/31/2020,Tompkins,35,2114,1843,873620
01/01/2021,Tompkins,19,2133,1341,874961
01/02/2021,Tompkins,5,2138,200,875161
01/03/2021,Tompkins,14,2152,6083,881244
01/04/2021,Tompkins,14,2166,3572,884816
01/05/2021,Tompkins,59,2225,4907,889723
01/06/2021,Tompkins,53,2278,2619,892342
01/07/2021,Tompkins,40,2318,4849,897191
01/08/2021,Tompkins,56,2374,5508,902699
01/09/2021,Tompkins,22,2396,8040,910739
01/10/2021,Tompkins,18,2414,3798,914537
01/11/2021,Tompkins,10,2424,3190,917727
01/12/2021,Tompkins,39,2463,2596,920323
01/13/2021,Tompkins,21,2484,3005,923328
01/14/2021,Tompkins,44,2528,6419,929747
01/15/2021,Tompkins,44,2572,4829,934576
01/16/2021,Tompkins,41,2613,6224,940800
01/17/2021,Tompkins,28,2641,4187,944987
01/18/2021,Tompkins,16,2657,822,945809
01/19/2021,Tompkins,50,2707,3275,949084
01/20/2021,Tompkins,45,2752,5504,954588
01/21/2021,Tompkins,27,2779,6255,960843
01/22/2021,Tompkins,32,2811,8727,969570
01/23/2021,Tompkins,20,2831,7079,976649
01/24/2021,Tompkins,14,2845,4711,981360
01/25/2021,Tompkins,19,2864,4334,985694
01/26/2021,Tompkins,26,2890,7143,992837
01/27/2021,Tompkins,27,2917,5878,998715
01/28/2021,Tompkins,27,2944,10640,1009355
01/29/2021,Tompkins,18,2962,7963,1017318
01/30/2021,Tompkins,25,2987,10739,1028057
01/31/2021,Tompkins,28,3015,6335,1034392
02/01/2021,Tompkins,29,3044,7419,1041811
02/02/2021,Tompkins,13,3057,7514,1049325
02/03/2021,Tompkins,43,3100,8030,1057355
02/04/2021,Tompkins,37,3137,12494,1069849
02/05/2021,Tompkins,28,3165,12811,1082660
02/06/2021,Tompkins,36,3201,13889,1096549
02/07/2021,Tompkins,25,3226,14373,1110922
02/08/2021,Tompkins,6,3232,12146,1123068
02/09/2021,Tompkins,15,3247,8156,1131224
02/10/2021,Tompkins,27,3274,12849,1144073
02/11/2021,Tompkins,26,3300,11353,1155426
02/12/2021,Tompkins,16,3316,11169,1166595
02/13/2021,Tompkins,9,3325,14363,1180958
02/14/2021,Tompkins,10,3335,12272,1193230
02/15/2021,Tompkins,5,3340,3193,1196423
02/16/2021,Tompkins,5,3345,10699,1207122
02/17/2021,Tompkins,5,3350,19684,1226806
02/18/2021,Tompkins,17,3367,16601,1243407
02/19/2021,Tompkins,9,3376,15712,1259119
02/20/2021,Tompkins,13,3389,14983,1274102
02/21/2021,Tompkins,9,3398,4054,1278156
02/22/2021,Tompkins,10,3408,22271,1300427
02/23/2021,Tompkins,6,3414,10806,1311233
02/24/2021,Tompkins,13,3427,11490,1322723
02/25/2021,Tompkins,8,3435,16265,1338988
02/26/2021,Tompkins,6,3441,16089,1355077
02/27/2021,Tompkins,11,3452,16684,1371761
02/28/2021,Tompkins,5,3457,14241,1386002
03/01/2021,Tompkins,4,3461,13016,1399018
03/02/2021,Tompkins,11,3472,13715,1412733
03/03/2021,Tompkins,17,3489,11520,1424253
03/04/2021,Tompkins,11,3500,16204,1440457
03/05/2021,Tompkins,9,3509,16158,1456615
03/06/2021,Tompkins,14,3523,14724,1471339
03/07/2021,Tompkins,6,3529,10335,1481674
03/08/2021,Tompkins,7,3536,14581,1496255
03/09/2021,Tompkins,16,3552,11669,1507924
03/10/2021,Tompkins,19,3571,13194,1521118
03/11/2021,Tompkins,15,3586,16877,1537995
03/12/2021,Tompkins,15,3601,14004,1551999
03/13/2021,Tompkins,13,3614,16386,1568385
03/14/2021,Tompkins,8,3622,4142,1572527
03/15/2021,Tompkins,12,3634,21948,1594475
03/16/2021,Tompkins,22,3656,12541,1607016
03/17/2021,Tompkins,24,3680,11578,1618594
03/18/2021,Tompkins,19,3699,18381,1636975
03/19/2021,Tompkins,19,3718,16109,1653084
03/20/2021,Tompkins,12,3730,17812,1670896
03/21/2021,Tompkins,6,3736,14452,1685348
03/22/2021,Tompkins,6,3742,9786,1695134
03/23/2021,Tompkins,15,3757,13592,1708726
03/24/2021,Tompkins,20,3777,12316,1721042
03/25/2021,Tompkins,30,3807,16454,1737496
03/26/2021,Tompkins,24,3831,16298,1753794
03/27/2021,Tompkins,21,3852,15722,1769516
03/28/2021,Tompkins,14,3866,11284,1780800
03/29/2021,Tompkins,12,3878,17311,1798111
03/30/2021,Tompkins,16,3894,13370,1811481
03/31/2021,Tompkins,19,3913,10168,1821649
04/01/2021,Tompkins,12,3925,16543,1838192
04/02/2021,Tompkins,7,3932,16951,1855143
04/03/2021,Tompkins,12,3944,15166,1870309
04/04/2021,Tompkins,7,3951,8673,1878982
04/05/2021,Tompkins,5,3956,9727,1888709
04/06/2021,Tompkins,9,3965,19570,1908279
04/07/2021,Tompkins,6,3971,8665,1916944
04/08/2021,Tompkins,9,3980,13655,1930599
04/09/2021,Tompkins,8,3988,11989,1942588
04/10/2021,Tompkins,9,3997,12624,1955212
04/11/2021,Tompkins,3,4000,11035,1966247
04/12/2021,Tompkins,3,4003,9414,1975661
04/13/2021,Tompkins,16,4019,11566,1987227
04/14/2021,Tompkins,15,4034,10425,1997652
04/15/2021,Tompkins,6,4040,11088,2008740
04/16/2021,Tompkins,10,4050,12830,2021570
04/17/2021,Tompkins,8,4058,12925,2034495
04/18/2021,Tompkins,6,4064,11087,2045582
04/19/2021,Tompkins,2,4066,12096,2057678
04/20/2021,Tompkins,11,4077,11573,2069251
04/21/2021,Tompkins,10,4087,9210,2078461
04/22/2021,Tompkins,9,4096,12388,2090849
04/23/2021,Tompkins,13,4109,12327,2103176
04/24/2021,Tompkins,4,4113,10671,2113847
04/25/2021,Tompkins,2,4115,8395,2122242
04/26/2021,Tompkins,1,4116,9775,2132017
04/27/2021,Tompkins,7,4123,10822,2142839
04/28/2021,Tompkins,12,4135,9295,2152134
04/29/2021,Tompkins,5,4140,9336,2161470
04/30/2021,Tompkins,11,4151,11140,2172610
05/01/2021,Tompkins,7,4158,9264,2181874
05/02/2021,Tompkins,2,4160,3480,2185354
05/03/2021,Tompkins,0,4160,6874,2192228
05/04/2021,Tompkins,18,4178,9047,2201275
05/05/2021,Tompkins,6,4184,10492,2211767
05/06/2021,Tompkins,9,4193,9336,2221103
05/07/2021,Tompkins,7,4200,11303,2232406
05/08/2021,Tompkins,9,4209,9224,2241630
05/09/2021,Tompkins,1,4210,5602,2247232
05/10/2021,Tompkins,4,4214,10233,2257465
05/11/2021,Tompkins,2,4216,6717,2264182
05/12/2021,Tompkins,5,4221,7345,2271527
05/13/2021,Tompkins,9,4230,9354,2280881
05/14/2021,Tompkins,11,4241,8320,2289201
05/15/2021,Tompkins,9,4250,7321,2296522
05/16/2021,Tompkins,6,4256,6186,2302708
05/17/2021,Tompkins,0,4256,4317,2307025
05/18/2021,Tompkins,18,4274,6989,2314014
05/19/2021,Tompkins,9,4283,7917,2321931
05/20/2021,Tompkins,6,4289,7864,2329795
05/21/2021,Tompkins,5,4294,5927,2335722
05/22/2021,Tompkins,5,4299,6653,2342375
05/23/2021,Tompkins,1,4300,1524,2343899
05/24/2021,Tompkins,0,4300,2570,2346469
05/25/2021,Tompkins,3,4303,4963,2351432
05/26/2021,Tompkins,3,4306,5771,2357203
05/27/2021,Tompkins,1,4307,5174,2362377
05/28/2021,Tompkins,3,4310,4861,2367238
05/29/2021,Tompkins,8,4318,3916,2371154
05/30/2021,Tompkins,4,4322,2671,2373825
05/31/2021,Tompkins,1,4323,2259,2376084
06/01/2021,Tompkins,2,4325,169,2376253
06/02/2021,Tompkins,6,4331,2738,2378991
06/03/2021,Tompkins,3,4334,1082,2380073
06/04/2021,Tompkins,2,4336,2119,2382192
06/05/2021,Tompkins,2,4338,899,2383091
06/06/2021,Tompkins,3,4341,717,2383808
06/07/2021,Tompkins,0,4341,568,2384376
06/08/2021,Tompkins,3,4344,817,2385193
06/09/2021,Tompkins,0,4344,933,2386126
06/10/2021,Tompkins,0,4344,1178,2387304
06/11/2021,Tompkins,2,4346,1010,2388314
06/12/2021,Tompkins,0,4346,769,2389083
06/13/2021,Tompkins,0,4346,146,2389229
06/14/2021,Tompkins,0,4346,175,2389404
06/15/2021,Tompkins,0,4346,588,2389992
06/16/2021,Tompkins,3,4349,1180,2391172
06/17/2021,Tompkins,1,4350,589,2391761
06/18/2021,Tompkins,0,4350,571,2392332
06/19/2021,Tompkins,0,4350,257,2392589
06/20/2021,Tompkins,1,4351,107,2392696
06/21/2021,Tompkins,1,4352,164,2392860
06/22/2021,Tompkins,1,4353,376,2393236
06/23/2021,Tompkins,3,4356,706,2393942
06/24/2021,Tompkins,1,4357,432,2394374
06/25/2021,Tompkins,0,4357,475,2394849
06/26/2021,Tompkins,1,4358,346,2395195
06/27/2021,Tompkins,0,4358,107,2395302
06/28/2021,Tompkins,0,4358,159,2395461
06/29/2021,Tompkins,0,4358,441,2395902
06/30/2021,Tompkins,1,4359,399,2396301
07/01/2021,Tompkins,1,4360,459,2396760
07/02/2021,Tompkins,1,4361,379,2397139
07/03/2021,Tompkins,0,4361,287,2397426
07/04/2021,Tompkins,3,4364,124,2397550
07/05/2021,Tompkins,1,4365,76,2397626
07/06/2021,Tompkins,0,4365,103,2397729
07/07/2021,Tompkins,0,4365,547,2398276
07/08/2021,Tompkins,1,4366,419,2398695
07/09/2021,Tompkins,2,4368,440,2399135
07/10/2021,Tompkins,0,4368,228,2399363
07/11/2021,Tompkins,1,4369,106,2399469
07/12/2021,Tompkins,1,4370,90,2399559
07/13/2021,Tompkins,2,4372,413,2399972
07/14/2021,Tompkins,1,4373,333,2400305
07/15/2021,Tompkins,2,4375,336,2400641
07/16/2021,Tompkins,2,4377,362,2401003
07/17/2021,Tompkins,0,4377,238,2401241
07/18/2021,Tompkins,0,4377,107,2401348
07/19/2021,Tompkins,0,4377,107,2401455
07/20/2021,Tompkins,2,4379,442,2401897
07/21/2021,Tompkins,1,4380,351,2402248
07/22/2021,Tompkins,4,4384,504,2402752
07/23/2021,Tompkins,7,4391,439,2403191
07/24/2021,Tompkins,2,4393,309,2403500
07/25/2021,Tompkins,0,4393,29,2403529
07/26/2021,Tompkins,3,4396,161,2403690
07/27/2021,Tompkins,12,4408,539,2404229
07/28/2021,Tompkins,20,4428,526,2404755
07/29/2021,Tompkins,13,4441,554,2405309
07/30/2021,Tompkins,11,4452,690,2405999
07/31/2021,Tompkins,7,4459,621,2406620
08/01/2021,Tompkins,6,4465,92,2406712
08/02/2021,Tompkins,4,4469,259,2406971
08/03/2021,Tompkins,19,4488,899,2407870
08/04/2021,Tompkins,7,4495,731,2408601
08/05/2021,Tompkins,12,4507,655,2409256
08/06/2021,Tompkins,12,4519,652,2409908
08/07/2021,Tompkins,14,4533,599,2410507
08/08/2021,Tompkins,9,4542,129,2410636
08/09/2021,Tompkins,9,4551,208,2410844
08/10/2021,Tompkins,10,4561,1207,2412051
08/11/2021,Tompkins,29,4590,1536,2413587
08/12/2021,Tompkins,23,4613,1129,2414716
08/13/2021,Tompkins,15,4628,811,2415527
08/14/2021,Tompkins,16,4644,1157,2416684
08/15/2021,Tompkins,12,4656,236,2416920
08/16/2021,Tompkins,5,4661,365,2417285
08/17/2021,Tompkins,36,4697,996,2418281
08/18/2021,Tompkins,22,4719,2013,2420294
08/19/2021,Tompkins,19,4738,2495,2422789
08/20/2021,Tompkins,25,4763,2351,2425140
08/21/2021,Tompkins,27,4790,1174,2426314
08/22/2021,Tompkins,10,4800,544,2426858
08/23/2021,Tompkins,7,4807,307,2427165
08/24/2021,Tompkins,23,4830,720,2427885
08/25/2021,Tompkins,31,4861,3350,2431235
08/26/2021,Tompkins,52,4913,2722,2433957
08/27/2021,Tompkins,67,4980,3410,2437367
08/28/2021,Tompkins,92,5072,3555,2440922
08/29/2021,Tompkins,66,5138,1141,2442063
08/30/2021,Tompkins,29,5167,1894,2443957
08/31/2021,Tompkins,40,5207,2825,2446782
09/01/2021,Tompkins,72,5279,4306,2451088
09/02/2021,Tompkins,52,5331,5958,2457046
09/03/2021,Tompkins,45,5376,5418,2462464
09/04/2021,Tompkins,61,5437,4061,2466525
09/05/2021,Tompkins,16,5453,697,2467222
09/06/2021,Tompkins,18,5471,2060,2469282
09/07/2021,Tompkins,18,5489,2540,2471822
09/08/2021,Tompkins,55,5544,6016,2477838
09/09/2021,Tompkins,50,5594,3018,2480856
09/10/2021,Tompkins,27,5621,4848,2485704
09/11/2021,Tompkins,48,5669,4518,2490222
09/12/2021,Tompkins,14,5683,256,2490478
09/13/2021,Tompkins,7,5690,3315,2493793
09/14/2021,Tompkins,43,5733,2988,2496781
09/15/2021,Tompkins,35,5768,4246,2501027
09/16/2021,Tompkins,27,5795,5203,2506230
09/17/2021,Tompkins,46,5841,3734,2509964
09/18/2021,Tompkins,48,5889,2754,2512718
09/19/2021,Tompkins,12,5901,238,2512956
09/20/2021,Tompkins,25,5926,3295,2516251
09/21/2021,Tompkins,20,5946,3640,2519891
09/22/2021,Tompkins,28,5974,5654,2525545
09/23/2021,Tompkins,27,6001,3415,2528960
09/24/2021,Tompkins,23,6024,6751,2535711
09/25/2021,Tompkins,47,6071,1680,2537391
09/26/2021,Tompkins,8,6079,185,2537576
09/27/2021,Tompkins,18,6097,2714,2540290
09/28/2021,Tompkins,19,6116,4028,2544318
09/29/2021,Tompkins,20,6136,4858,2549176
09/30/2021,Tompkins,15,6151,3239,2552415
10/01/2021,Tompkins,18,6169,6225,2558640
10/02/2021,Tompkins,28,6197,2626,2561266
10/03/2021,Tompkins,5,6202,81,2561347
10/04/2021,Tompkins,21,6223,3028,2564375
10/05/2021,Tompkins,16,6239,5213,2569588
10/06/2021,Tompkins,26,6265,3278,2572866
10/07/2021,Tompkins,23,6288,5264,2578130
10/08/2021,Tompkins,27,6315,5994,2584124
10/09/2021,Tompkins,20,6335,1944,2586068
10/10/2021,Tompkins,8,6343,217,2586285
10/11/2021,Tompkins,5,6348,1044,2587329
10/12/2021,Tompkins,5,6353,2972,2590301
10/13/2021,Tompkins,32,6385,3683,2593984
10/14/2021,Tompkins,18,6403,6435,2600419
10/15/2021,Tompkins,22,6425,5154,2605573
10/16/2021,Tompkins,38,6463,2757,2608330
10/17/2021,Tompkins,2,6465,141,2608471
10/18/2021,Tompkins,10,6475,2440,2610911
10/19/2021,Tompkins,16,6491,5251,2616162
10/20/2021,Tompkins,13,6504,5408,2621570
10/21/2021,Tompkins,22,6526,4204,2625774
10/22/2021,Tompkins,23,6549,4070,2629844
10/23/2021,Tompkins,25,6574,2339,2632183
03/01/2020,Ulster,0,0,0,0
03/02/2020,Ulster,0,0,0,0
03/03/2020,Ulster,0,0,0,0
03/04/2020,Ulster,0,0,0,0
03/05/2020,Ulster,0,0,1,1
03/06/2020,Ulster,0,0,0,1
03/07/2020,Ulster,0,0,0,1
03/08/2020,Ulster,1,1,1,2
03/09/2020,Ulster,0,1,0,2
03/10/2020,Ulster,0,1,2,4
03/11/2020,Ulster,1,2,1,5
03/12/2020,Ulster,3,5,6,11
03/13/2020,Ulster,0,5,3,14
03/14/2020,Ulster,0,5,30,44
03/15/2020,Ulster,2,7,16,60
03/16/2020,Ulster,1,8,12,72
03/17/2020,Ulster,1,9,15,87
03/18/2020,Ulster,1,10,41,128
03/19/2020,Ulster,2,12,62,190
03/20/2020,Ulster,6,18,70,260
03/21/2020,Ulster,8,26,145,405
03/22/2020,Ulster,9,35,54,459
03/23/2020,Ulster,12,47,117,576
03/24/2020,Ulster,18,65,81,657
03/25/2020,Ulster,13,78,71,728
03/26/2020,Ulster,21,99,83,811
03/27/2020,Ulster,29,128,124,935
03/28/2020,Ulster,18,146,82,1017
03/29/2020,Ulster,44,190,194,1211
03/30/2020,Ulster,21,211,123,1334
03/31/2020,Ulster,10,221,51,1385
04/01/2020,Ulster,19,240,118,1503
04/02/2020,Ulster,23,263,125,1628
04/03/2020,Ulster,27,290,141,1769
04/04/2020,Ulster,42,332,188,1957
04/05/2020,Ulster,40,372,182,2139
04/06/2020,Ulster,26,398,117,2256
04/07/2020,Ulster,24,422,108,2364
04/08/2020,Ulster,38,460,227,2591
04/09/2020,Ulster,70,530,436,3027
04/10/2020,Ulster,59,589,358,3385
04/11/2020,Ulster,23,612,239,3624
04/12/2020,Ulster,18,630,242,3866
04/13/2020,Ulster,60,690,424,4290
04/14/2020,Ulster,43,733,259,4549
04/15/2020,Ulster,28,761,189,4738
04/16/2020,Ulster,27,788,142,4880
04/17/2020,Ulster,32,820,239,5119
04/18/2020,Ulster,34,854,170,5289
04/19/2020,Ulster,23,877,167,5456
04/20/2020,Ulster,16,893,85,5541
04/21/2020,Ulster,20,913,110,5651
04/22/2020,Ulster,29,942,152,5803
04/23/2020,Ulster,34,976,208,6011
04/24/2020,Ulster,190,1166,928,6939
04/25/2020,Ulster,24,1190,207,7146
04/26/2020,Ulster,29,1219,198,7344
04/27/2020,Ulster,11,1230,94,7438
04/28/2020,Ulster,22,1252,335,7773
04/29/2020,Ulster,27,1279,309,8082
04/30/2020,Ulster,19,1298,336,8418
05/01/2020,Ulster,29,1327,362,8780
05/02/2020,Ulster,14,1341,256,9036
05/03/2020,Ulster,13,1354,198,9234
05/04/2020,Ulster,3,1357,104,9338
05/05/2020,Ulster,26,1383,272,9610
05/06/2020,Ulster,33,1416,298,9908
05/07/2020,Ulster,13,1429,276,10184
05/08/2020,Ulster,11,1440,195,10379
05/09/2020,Ulster,10,1450,210,10589
05/10/2020,Ulster,4,1454,135,10724
05/11/2020,Ulster,11,1465,96,10820
05/12/2020,Ulster,16,1481,314,11134
05/13/2020,Ulster,14,1495,536,11670
05/14/2020,Ulster,16,1511,431,12101
05/15/2020,Ulster,26,1537,398,12499
05/16/2020,Ulster,15,1552,345,12844
05/17/2020,Ulster,5,1557,227,13071
05/18/2020,Ulster,8,1565,177,13248
05/19/2020,Ulster,6,1571,284,13532
05/20/2020,Ulster,13,1584,799,14331
05/21/2020,Ulster,11,1595,552,14883
05/22/2020,Ulster,11,1606,418,15301
05/23/2020,Ulster,11,1617,470,15771
05/24/2020,Ulster,15,1632,590,16361
05/25/2020,Ulster,6,1638,162,16523
05/26/2020,Ulster,7,1645,355,16878
05/27/2020,Ulster,13,1658,556,17434
05/28/2020,Ulster,5,1663,683,18117
05/29/2020,Ulster,15,1678,746,18863
05/30/2020,Ulster,7,1685,529,19392
05/31/2020,Ulster,6,1691,538,19930
06/01/2020,Ulster,5,1696,327,20257
06/02/2020,Ulster,5,1701,504,20761
06/03/2020,Ulster,3,1704,617,21378
06/04/2020,Ulster,7,1711,1121,22499
06/05/2020,Ulster,3,1714,776,23275
06/06/2020,Ulster,4,1718,600,23875
06/07/2020,Ulster,3,1721,644,24519
06/08/2020,Ulster,3,1724,403,24922
06/09/2020,Ulster,2,1726,402,25324
06/10/2020,Ulster,3,1729,609,25933
06/11/2020,Ulster,5,1734,731,26664
06/12/2020,Ulster,5,1739,666,27330
06/13/2020,Ulster,2,1741,506,27836
06/14/2020,Ulster,0,1741,502,28338
06/15/2020,Ulster,1,1742,546,28884
06/16/2020,Ulster,2,1744,578,29462
06/17/2020,Ulster,2,1746,740,30202
06/18/2020,Ulster,3,1749,820,31022
06/19/2020,Ulster,1,1750,560,31582
06/20/2020,Ulster,4,1754,706,32288
06/21/2020,Ulster,2,1756,583,32871
06/22/2020,Ulster,1,1757,312,33183
06/23/2020,Ulster,3,1760,262,33445
06/24/2020,Ulster,5,1765,762,34207
06/25/2020,Ulster,3,1768,715,34922
06/26/2020,Ulster,5,1773,902,35824
06/27/2020,Ulster,5,1778,541,36365
06/28/2020,Ulster,0,1778,359,36724
06/29/2020,Ulster,3,1781,367,37091
06/30/2020,Ulster,1,1782,617,37708
07/01/2020,Ulster,8,1790,581,38289
07/02/2020,Ulster,25,1815,768,39057
07/03/2020,Ulster,10,1825,564,39621
07/04/2020,Ulster,9,1834,698,40319
07/05/2020,Ulster,6,1840,507,40826
07/06/2020,Ulster,3,1843,472,41298
07/07/2020,Ulster,2,1845,371,41669
07/08/2020,Ulster,6,1851,690,42359
07/09/2020,Ulster,2,1853,659,43018
07/10/2020,Ulster,2,1855,636,43654
07/11/2020,Ulster,4,1859,430,44084
07/12/2020,Ulster,3,1862,447,44531
07/13/2020,Ulster,10,1872,525,45056
07/14/2020,Ulster,16,1888,823,45879
07/15/2020,Ulster,6,1894,658,46537
07/16/2020,Ulster,4,1898,734,47271
07/17/2020,Ulster,2,1900,817,48088
07/18/2020,Ulster,1,1901,345,48433
07/19/2020,Ulster,0,1901,444,48877
07/20/2020,Ulster,5,1906,626,49503
07/21/2020,Ulster,3,1909,540,50043
07/22/2020,Ulster,2,1911,586,50629
07/23/2020,Ulster,1,1912,598,51227
07/24/2020,Ulster,4,1916,579,51806
07/25/2020,Ulster,9,1925,540,52346
07/26/2020,Ulster,1,1926,423,52769
07/27/2020,Ulster,16,1942,796,53565
07/28/2020,Ulster,31,1973,644,54209
07/29/2020,Ulster,37,2010,967,55176
07/30/2020,Ulster,11,2021,851,56027
07/31/2020,Ulster,5,2026,642,56669
08/01/2020,Ulster,2,2028,394,57063
08/02/2020,Ulster,3,2031,440,57503
08/03/2020,Ulster,8,2039,526,58029
08/04/2020,Ulster,0,2039,407,58436
08/05/2020,Ulster,6,2045,663,59099
08/06/2020,Ulster,4,2049,637,59736
08/07/2020,Ulster,8,2057,577,60313
08/08/2020,Ulster,5,2062,669,60982
08/09/2020,Ulster,10,2072,480,61462
08/10/2020,Ulster,4,2076,479,61941
08/11/2020,Ulster,1,2077,409,62350
08/12/2020,Ulster,4,2081,654,63004
08/13/2020,Ulster,5,2086,595,63599
08/14/2020,Ulster,3,2089,981,64580
08/15/2020,Ulster,6,2095,715,65295
08/16/2020,Ulster,3,2098,345,65640
08/17/2020,Ulster,2,2100,489,66129
08/18/2020,Ulster,6,2106,729,66858
08/19/2020,Ulster,7,2113,663,67521
08/20/2020,Ulster,2,2115,741,68262
08/21/2020,Ulster,11,2126,563,68825
08/22/2020,Ulster,1,2127,593,69418
08/23/2020,Ulster,7,2134,482,69900
08/24/2020,Ulster,3,2137,530,70430
08/25/2020,Ulster,4,2141,581,71011
08/26/2020,Ulster,11,2152,937,71948
08/27/2020,Ulster,3,2155,692,72640
08/28/2020,Ulster,7,2162,899,73539
08/29/2020,Ulster,6,2168,973,74512
08/30/2020,Ulster,7,2175,608,75120
08/31/2020,Ulster,1,2176,619,75739
09/01/2020,Ulster,2,2178,865,76604
09/02/2020,Ulster,12,2190,1057,77661
09/03/2020,Ulster,6,2196,679,78340
09/04/2020,Ulster,3,2199,722,79062
09/05/2020,Ulster,2,2201,762,79824
09/06/2020,Ulster,2,2203,534,80358
09/07/2020,Ulster,0,2203,292,80650
09/08/2020,Ulster,0,2203,469,81119
09/09/2020,Ulster,1,2204,529,81648
09/10/2020,Ulster,5,2209,811,82459
09/11/2020,Ulster,6,2215,677,83136
09/12/2020,Ulster,3,2218,730,83866
09/13/2020,Ulster,1,2219,487,84353
09/14/2020,Ulster,6,2225,453,84806
09/15/2020,Ulster,4,2229,481,85287
09/16/2020,Ulster,2,2231,661,85948
09/17/2020,Ulster,4,2235,597,86545
09/18/2020,Ulster,4,2239,729,87274
09/19/2020,Ulster,3,2242,677,87951
09/20/2020,Ulster,0,2242,445,88396
09/21/2020,Ulster,2,2244,500,88896
09/22/2020,Ulster,0,2244,426,89322
09/23/2020,Ulster,10,2254,708,90030
09/24/2020,Ulster,1,2255,632,90662
09/25/2020,Ulster,1,2256,810,91472
09/26/2020,Ulster,4,2260,631,92103
09/27/2020,Ulster,4,2264,406,92509
09/28/2020,Ulster,8,2272,837,93346
09/29/2020,Ulster,8,2280,516,93862
09/30/2020,Ulster,2,2282,839,94701
10/01/2020,Ulster,11,2293,867,95568
10/02/2020,Ulster,10,2303,720,96288
10/03/2020,Ulster,12,2315,975,97263
10/04/2020,Ulster,9,2324,512,97775
10/05/2020,Ulster,5,2329,508,98283
10/06/2020,Ulster,6,2335,840,99123
10/07/2020,Ulster,8,2343,1182,100305
10/08/2020,Ulster,6,2349,1100,101405
10/09/2020,Ulster,6,2355,919,102324
10/10/2020,Ulster,3,2358,1077,103401
10/11/2020,Ulster,8,2366,985,104386
10/12/2020,Ulster,11,2377,537,104923
10/13/2020,Ulster,9,2386,612,105535
10/14/2020,Ulster,6,2392,1140,106675
10/15/2020,Ulster,3,2395,921,107596
10/16/2020,Ulster,7,2402,1242,108838
10/17/2020,Ulster,9,2411,896,109734
10/18/2020,Ulster,4,2415,979,110713
10/19/2020,Ulster,4,2419,773,111486
10/20/2020,Ulster,9,2428,502,111988
10/21/2020,Ulster,8,2436,996,112984
10/22/2020,Ulster,14,2450,947,113931
10/23/2020,Ulster,9,2459,963,114894
10/24/2020,Ulster,12,2471,781,115675
10/25/2020,Ulster,29,2500,545,116220
10/26/2020,Ulster,15,2515,1100,117320
10/27/2020,Ulster,3,2518,583,117903
10/28/2020,Ulster,13,2531,1156,119059
10/29/2020,Ulster,7,2538,836,119895
10/30/2020,Ulster,9,2547,1054,120949
10/31/2020,Ulster,9,2556,1277,122226
11/01/2020,Ulster,3,2559,844,123070
11/02/2020,Ulster,9,2568,782,123852
11/03/2020,Ulster,7,2575,782,124634
11/04/2020,Ulster,13,2588,960,125594
11/05/2020,Ulster,11,2599,1074,126668
11/06/2020,Ulster,8,2607,866,127534
11/07/2020,Ulster,19,2626,1632,129166
11/08/2020,Ulster,21,2647,1262,130428
11/09/2020,Ulster,23,2670,1130,131558
11/10/2020,Ulster,24,2694,1192,132750
11/11/2020,Ulster,23,2717,1191,133941
11/12/2020,Ulster,21,2738,1167,135108
11/13/2020,Ulster,30,2768,1752,136860
11/14/2020,Ulster,20,2788,724,137584
11/15/2020,Ulster,12,2800,1133,138717
11/16/2020,Ulster,35,2835,1449,140166
11/17/2020,Ulster,30,2865,1015,141181
11/18/2020,Ulster,72,2937,1669,142850
11/19/2020,Ulster,32,2969,1223,144073
11/20/2020,Ulster,35,3004,2320,146393
11/21/2020,Ulster,19,3023,1752,148145
11/22/2020,Ulster,50,3073,2193,150338
11/23/2020,Ulster,36,3109,1178,151516
11/24/2020,Ulster,32,3141,955,152471
11/25/2020,Ulster,39,3180,1759,154230
11/26/2020,Ulster,58,3238,2492,156722
11/27/2020,Ulster,38,3276,1049,157771
11/28/2020,Ulster,49,3325,918,158689
11/29/2020,Ulster,56,3381,1287,159976
11/30/2020,Ulster,53,3434,1074,161050
12/01/2020,Ulster,65,3499,1402,162452
12/02/2020,Ulster,107,3606,1548,164000
12/03/2020,Ulster,91,3697,1823,165823
12/04/2020,Ulster,76,3773,1796,167619
12/05/2020,Ulster,85,3858,1433,169052
12/06/2020,Ulster,39,3897,1057,170109
12/07/2020,Ulster,77,3974,1213,171322
12/08/2020,Ulster,55,4029,1180,172502
12/09/2020,Ulster,74,4103,1256,173758
12/10/2020,Ulster,73,4176,1792,175550
12/11/2020,Ulster,75,4251,1679,177229
12/12/2020,Ulster,76,4327,1444,178673
12/13/2020,Ulster,66,4393,1315,179988
12/14/2020,Ulster,92,4485,1589,181577
12/15/2020,Ulster,62,4547,1143,182720
12/16/2020,Ulster,67,4614,1216,183936
12/17/2020,Ulster,122,4736,1901,185837
12/18/2020,Ulster,55,4791,1169,187006
12/19/2020,Ulster,59,4850,1232,188238
12/20/2020,Ulster,76,4926,1227,189465
12/21/2020,Ulster,75,5001,1245,190710
12/22/2020,Ulster,78,5079,1073,191783
12/23/2020,Ulster,85,5164,1417,193200
12/24/2020,Ulster,77,5241,1727,194927
12/25/2020,Ulster,87,5328,1407,196334
12/26/2020,Ulster,52,5380,1099,197433
12/27/2020,Ulster,56,5436,865,198298
12/28/2020,Ulster,62,5498,1022,199320
12/29/2020,Ulster,74,5572,919,200239
12/30/2020,Ulster,107,5679,1352,201591
12/31/2020,Ulster,137,5816,1639,203230
01/01/2021,Ulster,119,5935,1685,204915
01/02/2021,Ulster,84,6019,1111,206026
01/03/2021,Ulster,70,6089,847,206873
01/04/2021,Ulster,97,6186,1011,207884
01/05/2021,Ulster,118,6304,1431,209315
01/06/2021,Ulster,113,6417,1801,211116
01/07/2021,Ulster,140,6557,1934,213050
01/08/2021,Ulster,120,6677,1658,214708
01/09/2021,Ulster,158,6835,2050,216758
01/10/2021,Ulster,92,6927,1376,218134
01/11/2021,Ulster,111,7038,1401,219535
01/12/2021,Ulster,69,7107,1043,220578
01/13/2021,Ulster,74,7181,1558,222136
01/14/2021,Ulster,156,7337,2312,224448
01/15/2021,Ulster,111,7448,2110,226558
01/16/2021,Ulster,100,7548,1589,228147
01/17/2021,Ulster,94,7642,1704,229851
01/18/2021,Ulster,103,7745,1249,231100
01/19/2021,Ulster,77,7822,1123,232223
01/20/2021,Ulster,79,7901,1749,233972
01/21/2021,Ulster,116,8017,2411,236383
01/22/2021,Ulster,112,8129,1748,238131
01/23/2021,Ulster,98,8227,1708,239839
01/24/2021,Ulster,74,8301,1820,241659
01/25/2021,Ulster,87,8388,1151,242810
01/26/2021,Ulster,54,8442,1210,244020
01/27/2021,Ulster,91,8533,1871,245891
01/28/2021,Ulster,82,8615,1842,247733
01/29/2021,Ulster,101,8716,1916,249649
01/30/2021,Ulster,62,8778,2351,252000
01/31/2021,Ulster,80,8858,1386,253386
02/01/2021,Ulster,41,8899,1056,254442
02/02/2021,Ulster,10,8909,585,255027
02/03/2021,Ulster,46,8955,1002,256029
02/04/2021,Ulster,59,9014,1459,257488
02/05/2021,Ulster,50,9064,1998,259486
02/06/2021,Ulster,57,9121,1791,261277
02/07/2021,Ulster,49,9170,1462,262739
02/08/2021,Ulster,46,9216,1311,264050
02/09/2021,Ulster,60,9276,1148,265198
02/10/2021,Ulster,69,9345,2532,267730
02/11/2021,Ulster,37,9382,1361,269091
02/12/2021,Ulster,44,9426,1901,270992
02/13/2021,Ulster,38,9464,1917,272909
02/14/2021,Ulster,34,9498,1368,274277
02/15/2021,Ulster,43,9541,813,275090
02/16/2021,Ulster,28,9569,1208,276298
02/17/2021,Ulster,35,9604,1110,277408
02/18/2021,Ulster,54,9658,1641,279049
02/19/2021,Ulster,40,9698,3156,282205
02/20/2021,Ulster,56,9754,2910,285115
02/21/2021,Ulster,26,9780,1067,286182
02/22/2021,Ulster,32,9812,970,287152
02/23/2021,Ulster,42,9854,1349,288501
02/24/2021,Ulster,44,9898,2230,290731
02/25/2021,Ulster,42,9940,2199,292930
02/26/2021,Ulster,41,9981,2227,295157
02/27/2021,Ulster,56,10037,3760,298917
02/28/2021,Ulster,32,10069,1151,300068
03/01/2021,Ulster,27,10096,862,300930
03/02/2021,Ulster,50,10146,1470,302400
03/03/2021,Ulster,60,10206,1448,303848
03/04/2021,Ulster,32,10238,2100,305948
03/05/2021,Ulster,41,10279,2555,308503
03/06/2021,Ulster,52,10331,2813,311316
03/07/2021,Ulster,26,10357,964,312280
03/08/2021,Ulster,68,10425,1324,313604
03/09/2021,Ulster,49,10474,1307,314911
03/10/2021,Ulster,49,10523,2153,317064
03/11/2021,Ulster,96,10619,2043,319107
03/12/2021,Ulster,71,10690,2690,321797
03/13/2021,Ulster,57,10747,1095,322892
03/14/2021,Ulster,37,10784,1671,324563
03/15/2021,Ulster,58,10842,1358,325921
03/16/2021,Ulster,51,10893,860,326781
03/17/2021,Ulster,80,10973,1742,328523
03/18/2021,Ulster,64,11037,3001,331524
03/19/2021,Ulster,86,11123,2063,333587
03/20/2021,Ulster,80,11203,2218,335805
03/21/2021,Ulster,71,11274,1803,337608
03/22/2021,Ulster,80,11354,1376,338984
03/23/2021,Ulster,91,11445,1442,340426
03/24/2021,Ulster,83,11528,2327,342753
03/25/2021,Ulster,63,11591,1688,344441
03/26/2021,Ulster,92,11683,2602,347043
03/27/2021,Ulster,104,11787,2753,349796
03/28/2021,Ulster,72,11859,1298,351094
03/29/2021,Ulster,59,11918,1485,352579
03/30/2021,Ulster,61,11979,1607,354186
03/31/2021,Ulster,79,12058,1529,355715
04/01/2021,Ulster,68,12126,1890,357605
04/02/2021,Ulster,79,12205,1775,359380
04/03/2021,Ulster,66,12271,1552,360932
04/04/2021,Ulster,51,12322,1294,362226
04/05/2021,Ulster,56,12378,1113,363339
04/06/2021,Ulster,59,12437,1247,364586
04/07/2021,Ulster,65,12502,1913,366499
04/08/2021,Ulster,86,12588,2299,368798
04/09/2021,Ulster,76,12664,1872,370670
04/10/2021,Ulster,48,12712,1829,372499
04/11/2021,Ulster,43,12755,905,373404
04/12/2021,Ulster,36,12791,930,374334
04/13/2021,Ulster,44,12835,1525,375859
04/14/2021,Ulster,47,12882,2616,378475
04/15/2021,Ulster,37,12919,1193,379668
04/16/2021,Ulster,53,12972,1190,380858
04/17/2021,Ulster,67,13039,2350,383208
04/18/2021,Ulster,43,13082,1346,384554
04/19/2021,Ulster,34,13116,850,385404
04/20/2021,Ulster,43,13159,1460,386864
04/21/2021,Ulster,46,13205,1579,388443
04/22/2021,Ulster,46,13251,1504,389947
04/23/2021,Ulster,36,13287,1724,391671
04/24/2021,Ulster,36,13323,1893,393564
04/25/2021,Ulster,36,13359,954,394518
04/26/2021,Ulster,28,13387,896,395414
04/27/2021,Ulster,25,13412,1523,396937
04/28/2021,Ulster,34,13446,1435,398372
04/29/2021,Ulster,34,13480,1511,399883
04/30/2021,Ulster,37,13517,1852,401735
05/01/2021,Ulster,20,13537,1645,403380
05/02/2021,Ulster,22,13559,1017,404397
05/03/2021,Ulster,17,13576,612,405009
05/04/2021,Ulster,20,13596,1249,406258
05/05/2021,Ulster,24,13620,1285,407543
05/06/2021,Ulster,18,13638,1451,408994
05/07/2021,Ulster,25,13663,1659,410653
05/08/2021,Ulster,16,13679,1213,411866
05/09/2021,Ulster,12,13691,987,412853
05/10/2021,Ulster,14,13705,895,413748
05/11/2021,Ulster,12,13717,987,414735
05/12/2021,Ulster,16,13733,1463,416198
05/13/2021,Ulster,14,13747,1113,417311
05/14/2021,Ulster,15,13762,1205,418516
05/15/2021,Ulster,15,13777,1259,419775
05/16/2021,Ulster,11,13788,574,420349
05/17/2021,Ulster,7,13795,652,421001
05/18/2021,Ulster,6,13801,896,421897
05/19/2021,Ulster,12,13813,1088,422985
05/20/2021,Ulster,8,13821,1289,424274
05/21/2021,Ulster,4,13825,1104,425378
05/22/2021,Ulster,13,13838,1038,426416
05/23/2021,Ulster,6,13844,533,426949
05/24/2021,Ulster,7,13851,666,427615
05/25/2021,Ulster,1,13852,766,428381
05/26/2021,Ulster,2,13854,999,429380
05/27/2021,Ulster,7,13861,977,430357
05/28/2021,Ulster,3,13864,673,431030
05/29/2021,Ulster,3,13867,969,431999
05/30/2021,Ulster,5,13872,493,432492
05/31/2021,Ulster,1,13873,313,432805
06/01/2021,Ulster,3,13876,319,433124
06/02/2021,Ulster,4,13880,886,434010
06/03/2021,Ulster,1,13881,1438,435448
06/04/2021,Ulster,4,13885,807,436255
06/05/2021,Ulster,1,13886,918,437173
06/06/2021,Ulster,3,13889,536,437709
06/07/2021,Ulster,2,13891,620,438329
06/08/2021,Ulster,2,13893,947,439276
06/09/2021,Ulster,1,13894,998,440274
06/10/2021,Ulster,3,13897,898,441172
06/11/2021,Ulster,6,13903,836,442008
06/12/2021,Ulster,2,13905,936,442944
06/13/2021,Ulster,2,13907,416,443360
06/14/2021,Ulster,1,13908,357,443717
06/15/2021,Ulster,3,13911,772,444489
06/16/2021,Ulster,1,13912,867,445356
06/17/2021,Ulster,3,13915,806,446162
06/18/2021,Ulster,1,13916,704,446866
06/19/2021,Ulster,0,13916,456,447322
06/20/2021,Ulster,0,13916,354,447676
06/21/2021,Ulster,1,13917,437,448113
06/22/2021,Ulster,1,13918,621,448734
06/23/2021,Ulster,3,13921,825,449559
06/24/2021,Ulster,3,13924,526,450085
06/25/2021,Ulster,1,13925,587,450672
06/26/2021,Ulster,1,13926,410,451082
06/27/2021,Ulster,0,13926,305,451387
06/28/2021,Ulster,1,13927,493,451880
06/29/2021,Ulster,0,13927,697,452577
06/30/2021,Ulster,2,13929,653,453230
07/01/2021,Ulster,3,13932,406,453636
07/02/2021,Ulster,0,13932,549,454185
07/03/2021,Ulster,1,13933,349,454534
07/04/2021,Ulster,3,13936,332,454866
07/05/2021,Ulster,1,13937,226,455092
07/06/2021,Ulster,2,13939,266,455358
07/07/2021,Ulster,9,13948,697,456055
07/08/2021,Ulster,2,13950,486,456541
07/09/2021,Ulster,8,13958,941,457482
07/10/2021,Ulster,8,13966,461,457943
07/11/2021,Ulster,1,13967,381,458324
07/12/2021,Ulster,6,13973,285,458609
07/13/2021,Ulster,2,13975,790,459399
07/14/2021,Ulster,5,13980,467,459866
07/15/2021,Ulster,2,13982,539,460405
07/16/2021,Ulster,11,13993,684,461089
07/17/2021,Ulster,6,13999,515,461604
07/18/2021,Ulster,2,14001,266,461870
07/19/2021,Ulster,3,14004,364,462234
07/20/2021,Ulster,9,14013,586,462820
07/21/2021,Ulster,7,14020,551,463371
07/22/2021,Ulster,11,14031,593,463964
07/23/2021,Ulster,12,14043,692,464656
07/24/2021,Ulster,12,14055,530,465186
07/25/2021,Ulster,5,14060,365,465551
07/26/2021,Ulster,14,14074,350,465901
07/27/2021,Ulster,10,14084,531,466432
07/28/2021,Ulster,12,14096,523,466955
07/29/2021,Ulster,15,14111,525,467480
07/30/2021,Ulster,20,14131,675,468155
07/31/2021,Ulster,17,14148,1037,469192
08/01/2021,Ulster,16,14164,448,469640
08/02/2021,Ulster,22,14186,385,470025
08/03/2021,Ulster,16,14202,841,470866
08/04/2021,Ulster,27,14229,1058,471924
08/05/2021,Ulster,30,14259,896,472820
08/06/2021,Ulster,34,14293,1097,473917
08/07/2021,Ulster,23,14316,727,474644
08/08/2021,Ulster,14,14330,555,475199
08/09/2021,Ulster,30,14360,482,475681
08/10/2021,Ulster,37,14397,1427,477108
08/11/2021,Ulster,41,14438,1084,478192
08/12/2021,Ulster,21,14459,1104,479296
08/13/2021,Ulster,47,14506,1196,480492
08/14/2021,Ulster,46,14552,1194,481686
08/15/2021,Ulster,20,14572,595,482281
08/16/2021,Ulster,38,14610,765,483046
08/17/2021,Ulster,73,14683,2247,485293
08/18/2021,Ulster,66,14749,1354,486647
08/19/2021,Ulster,40,14789,1146,487793
08/20/2021,Ulster,64,14853,1324,489117
08/21/2021,Ulster,57,14910,1410,490527
08/22/2021,Ulster,38,14948,917,491444
08/23/2021,Ulster,32,14980,746,492190
08/24/2021,Ulster,42,15022,1107,493297
08/25/2021,Ulster,66,15088,1277,494574
08/26/2021,Ulster,45,15133,1119,495693
08/27/2021,Ulster,64,15197,961,496654
08/28/2021,Ulster,40,15237,1289,497943
08/29/2021,Ulster,34,15271,725,498668
08/30/2021,Ulster,40,15311,699,499367
08/31/2021,Ulster,43,15354,934,500301
09/01/2021,Ulster,53,15407,1192,501493
09/02/2021,Ulster,49,15456,1084,502577
09/03/2021,Ulster,47,15503,858,503435
09/04/2021,Ulster,56,15559,1306,504741
09/05/2021,Ulster,33,15592,666,505407
09/06/2021,Ulster,41,15633,505,505912
09/07/2021,Ulster,42,15675,705,506617
09/08/2021,Ulster,51,15726,987,507604
09/09/2021,Ulster,49,15775,1182,508786
09/10/2021,Ulster,64,15839,1366,510152
09/11/2021,Ulster,96,15935,1551,511703
09/12/2021,Ulster,33,15968,960,512663
09/13/2021,Ulster,35,16003,1035,513698
09/14/2021,Ulster,51,16054,884,514582
09/15/2021,Ulster,52,16106,1393,515975
09/16/2021,Ulster,39,16145,1742,517717
09/17/2021,Ulster,50,16195,1354,519071
09/18/2021,Ulster,44,16239,1152,520223
09/19/2021,Ulster,35,16274,913,521136
09/20/2021,Ulster,36,16310,986,522122
09/21/2021,Ulster,34,16344,1285,523407
09/22/2021,Ulster,29,16373,1402,524809
09/23/2021,Ulster,36,16409,1460,526269
09/24/2021,Ulster,40,16449,1512,527781
09/25/2021,Ulster,52,16501,1584,529365
09/26/2021,Ulster,21,16522,686,530051
09/27/2021,Ulster,24,16546,1016,531067
09/28/2021,Ulster,41,16587,1264,532331
09/29/2021,Ulster,44,16631,1383,533714
09/30/2021,Ulster,39,16670,1760,535474
10/01/2021,Ulster,43,16713,1631,537105
10/02/2021,Ulster,24,16737,1302,538407
10/03/2021,Ulster,16,16753,953,539360
10/04/2021,Ulster,29,16782,881,540241
10/05/2021,Ulster,35,16817,1103,541344
10/06/2021,Ulster,31,16848,1438,542782
10/07/2021,Ulster,38,16886,1636,544418
10/08/2021,Ulster,36,16922,1412,545830
10/09/2021,Ulster,11,16933,430,546260
10/10/2021,Ulster,41,16974,1262,547522
10/11/2021,Ulster,31,17005,802,548324
10/12/2021,Ulster,38,17043,896,549220
10/13/2021,Ulster,48,17091,1053,550273
10/14/2021,Ulster,29,17120,1221,551494
10/15/2021,Ulster,28,17148,1438,552932
10/16/2021,Ulster,31,17179,1207,554139
10/17/2021,Ulster,26,17205,784,554923
10/18/2021,Ulster,19,17224,842,555765
10/19/2021,Ulster,24,17248,972,556737
10/20/2021,Ulster,25,17273,1424,558161
10/21/2021,Ulster,27,17300,1556,559717
10/22/2021,Ulster,27,17327,1372,561089
10/23/2021,Ulster,22,17349,939,562028
03/01/2020,Warren,0,0,0,0
03/02/2020,Warren,0,0,0,0
03/03/2020,Warren,0,0,0,0
03/04/2020,Warren,0,0,0,0
03/05/2020,Warren,0,0,0,0
03/06/2020,Warren,0,0,0,0
03/07/2020,Warren,0,0,1,1
03/08/2020,Warren,0,0,0,1
03/09/2020,Warren,0,0,0,1
03/10/2020,Warren,0,0,2,3
03/11/2020,Warren,0,0,1,4
03/12/2020,Warren,0,0,0,4
03/13/2020,Warren,0,0,2,6
03/14/2020,Warren,0,0,13,19
03/15/2020,Warren,0,0,12,31
03/16/2020,Warren,0,0,14,45
03/17/2020,Warren,1,1,16,61
03/18/2020,Warren,0,1,8,69
03/19/2020,Warren,0,1,17,86
03/20/2020,Warren,0,1,31,117
03/21/2020,Warren,0,1,28,145
03/22/2020,Warren,1,2,81,226
03/23/2020,Warren,0,2,8,234
03/24/2020,Warren,0,2,52,286
03/25/2020,Warren,0,2,16,302
03/26/2020,Warren,6,8,54,356
03/27/2020,Warren,5,13,59,415
03/28/2020,Warren,5,18,38,453
03/29/2020,Warren,0,18,3,456
03/30/2020,Warren,0,18,6,462
03/31/2020,Warren,0,18,7,469
04/01/2020,Warren,0,18,9,478
04/02/2020,Warren,1,19,11,489
04/03/2020,Warren,1,20,7,496
04/04/2020,Warren,5,25,13,509
04/05/2020,Warren,1,26,12,521
04/06/2020,Warren,5,31,15,536
04/07/2020,Warren,2,33,14,550
04/08/2020,Warren,7,40,31,581
04/09/2020,Warren,3,43,21,602
04/10/2020,Warren,1,44,17,619
04/11/2020,Warren,2,46,20,639
04/12/2020,Warren,2,48,18,657
04/13/2020,Warren,29,77,67,724
04/14/2020,Warren,0,77,7,731
04/15/2020,Warren,4,81,35,766
04/16/2020,Warren,10,91,41,807
04/17/2020,Warren,3,94,38,845
04/18/2020,Warren,2,96,27,872
04/19/2020,Warren,5,101,20,892
04/20/2020,Warren,1,102,13,905
04/21/2020,Warren,6,108,33,938
04/22/2020,Warren,11,119,40,978
04/23/2020,Warren,3,122,38,1016
04/24/2020,Warren,10,132,94,1110
04/25/2020,Warren,3,135,61,1171
04/26/2020,Warren,12,147,60,1231
04/27/2020,Warren,3,150,25,1256
04/28/2020,Warren,2,152,12,1268
04/29/2020,Warren,24,176,105,1373
04/30/2020,Warren,6,182,94,1467
05/01/2020,Warren,3,185,66,1533
05/02/2020,Warren,3,188,43,1576
05/03/2020,Warren,4,192,53,1629
05/04/2020,Warren,0,192,34,1663
05/05/2020,Warren,1,193,22,1685
05/06/2020,Warren,0,193,44,1729
05/07/2020,Warren,6,199,72,1801
05/08/2020,Warren,3,202,97,1898
05/09/2020,Warren,5,207,149,2047
05/10/2020,Warren,10,217,90,2137
05/11/2020,Warren,4,221,40,2177
05/12/2020,Warren,2,223,127,2304
05/13/2020,Warren,4,227,192,2496
05/14/2020,Warren,1,228,137,2633
05/15/2020,Warren,0,228,116,2749
05/16/2020,Warren,4,232,205,2954
05/17/2020,Warren,2,234,130,3084
05/18/2020,Warren,1,235,52,3136
05/19/2020,Warren,0,235,102,3238
05/20/2020,Warren,6,241,213,3451
05/21/2020,Warren,5,246,234,3685
05/22/2020,Warren,3,249,114,3799
05/23/2020,Warren,1,250,159,3958
05/24/2020,Warren,1,251,65,4023
05/25/2020,Warren,0,251,56,4079
05/26/2020,Warren,1,252,111,4190
05/27/2020,Warren,1,253,116,4306
05/28/2020,Warren,1,254,205,4511
05/29/2020,Warren,1,255,235,4746
05/30/2020,Warren,0,255,255,5001
05/31/2020,Warren,0,255,112,5113
06/01/2020,Warren,0,255,139,5252
06/02/2020,Warren,1,256,156,5408
06/03/2020,Warren,0,256,344,5752
06/04/2020,Warren,0,256,235,5987
06/05/2020,Warren,1,257,137,6124
06/06/2020,Warren,0,257,256,6380
06/07/2020,Warren,0,257,204,6584
06/08/2020,Warren,0,257,12,6596
06/09/2020,Warren,0,257,189,6785
06/10/2020,Warren,0,257,234,7019
06/11/2020,Warren,0,257,344,7363
06/12/2020,Warren,0,257,135,7498
06/13/2020,Warren,0,257,86,7584
06/14/2020,Warren,0,257,195,7779
06/15/2020,Warren,0,257,62,7841
06/16/2020,Warren,0,257,177,8018
06/17/2020,Warren,1,258,225,8243
06/18/2020,Warren,3,261,193,8436
06/19/2020,Warren,0,261,175,8611
06/20/2020,Warren,0,261,155,8766
06/21/2020,Warren,1,262,141,8907
06/22/2020,Warren,0,262,62,8969
06/23/2020,Warren,0,262,177,9146
06/24/2020,Warren,1,263,138,9284
06/25/2020,Warren,0,263,101,9385
06/26/2020,Warren,0,263,210,9595
06/27/2020,Warren,0,263,153,9748
06/28/2020,Warren,0,263,144,9892
06/29/2020,Warren,0,263,51,9943
06/30/2020,Warren,0,263,137,10080
07/01/2020,Warren,1,264,174,10254
07/02/2020,Warren,2,266,117,10371
07/03/2020,Warren,2,268,134,10505
07/04/2020,Warren,1,269,131,10636
07/05/2020,Warren,3,272,164,10800
07/06/2020,Warren,1,273,62,10862
07/07/2020,Warren,0,273,193,11055
07/08/2020,Warren,0,273,133,11188
07/09/2020,Warren,1,274,247,11435
07/10/2020,Warren,0,274,157,11592
07/11/2020,Warren,3,277,264,11856
07/12/2020,Warren,3,280,219,12075
07/13/2020,Warren,0,280,77,12152
07/14/2020,Warren,4,284,194,12346
07/15/2020,Warren,1,285,85,12431
07/16/2020,Warren,1,286,220,12651
07/17/2020,Warren,0,286,302,12953
07/18/2020,Warren,1,287,192,13145
07/19/2020,Warren,0,287,135,13280
07/20/2020,Warren,1,288,199,13479
07/21/2020,Warren,0,288,265,13744
07/22/2020,Warren,2,290,215,13959
07/23/2020,Warren,2,292,234,14193
07/24/2020,Warren,1,293,340,14533
07/25/2020,Warren,1,294,375,14908
07/26/2020,Warren,0,294,268,15176
07/27/2020,Warren,4,298,141,15317
07/28/2020,Warren,0,298,166,15483
07/29/2020,Warren,0,298,129,15612
07/30/2020,Warren,2,300,228,15840
07/31/2020,Warren,0,300,238,16078
08/01/2020,Warren,0,300,159,16237
08/02/2020,Warren,0,300,151,16388
08/03/2020,Warren,2,302,353,16741
08/04/2020,Warren,2,304,201,16942
08/05/2020,Warren,0,304,108,17050
08/06/2020,Warren,3,307,270,17320
08/07/2020,Warren,1,308,150,17470
08/08/2020,Warren,0,308,211,17681
08/09/2020,Warren,4,312,206,17887
08/10/2020,Warren,0,312,148,18035
08/11/2020,Warren,0,312,155,18190
08/12/2020,Warren,0,312,322,18512
08/13/2020,Warren,0,312,301,18813
08/14/2020,Warren,0,312,283,19096
08/15/2020,Warren,0,312,223,19319
08/16/2020,Warren,0,312,188,19507
08/17/2020,Warren,1,313,209,19716
08/18/2020,Warren,0,313,135,19851
08/19/2020,Warren,0,313,174,20025
08/20/2020,Warren,1,314,202,20227
08/21/2020,Warren,1,315,260,20487
08/22/2020,Warren,0,315,192,20679
08/23/2020,Warren,0,315,147,20826
08/24/2020,Warren,1,316,163,20989
08/25/2020,Warren,0,316,95,21084
08/26/2020,Warren,2,318,172,21256
08/27/2020,Warren,2,320,180,21436
08/28/2020,Warren,1,321,353,21789
08/29/2020,Warren,0,321,155,21944
08/30/2020,Warren,0,321,144,22088
08/31/2020,Warren,1,322,158,22246
09/01/2020,Warren,0,322,281,22527
09/02/2020,Warren,1,323,164,22691
09/03/2020,Warren,1,324,190,22881
09/04/2020,Warren,1,325,134,23015
09/05/2020,Warren,1,326,199,23214
09/06/2020,Warren,0,326,115,23329
09/07/2020,Warren,5,331,203,23532
09/08/2020,Warren,0,331,203,23735
09/09/2020,Warren,1,332,131,23866
09/10/2020,Warren,9,341,274,24140
09/11/2020,Warren,7,348,244,24384
09/12/2020,Warren,0,348,230,24614
09/13/2020,Warren,0,348,188,24802
09/14/2020,Warren,0,348,105,24907
09/15/2020,Warren,3,351,174,25081
09/16/2020,Warren,1,352,177,25258
09/17/2020,Warren,2,354,230,25488
09/18/2020,Warren,2,356,221,25709
09/19/2020,Warren,4,360,314,26023
09/20/2020,Warren,3,363,196,26219
09/21/2020,Warren,0,363,547,26766
09/22/2020,Warren,3,366,258,27024
09/23/2020,Warren,3,369,278,27302
09/24/2020,Warren,2,371,322,27624
09/25/2020,Warren,6,377,284,27908
09/26/2020,Warren,4,381,453,28361
09/27/2020,Warren,2,383,206,28567
09/28/2020,Warren,3,386,232,28799
09/29/2020,Warren,5,391,283,29082
09/30/2020,Warren,0,391,344,29426
10/01/2020,Warren,4,395,278,29704
10/02/2020,Warren,12,407,519,30223
10/03/2020,Warren,6,413,269,30492
10/04/2020,Warren,3,416,182,30674
10/05/2020,Warren,3,419,296,30970
10/06/2020,Warren,6,425,411,31381
10/07/2020,Warren,2,427,356,31737
10/08/2020,Warren,2,429,463,32200
10/09/2020,Warren,0,429,361,32561
10/10/2020,Warren,0,429,542,33103
10/11/2020,Warren,1,430,234,33337
10/12/2020,Warren,1,431,332,33669
10/13/2020,Warren,1,432,223,33892
10/14/2020,Warren,2,434,334,34226
10/15/2020,Warren,3,437,358,34584
10/16/2020,Warren,0,437,443,35027
10/17/2020,Warren,1,438,280,35307
10/18/2020,Warren,0,438,293,35600
10/19/2020,Warren,1,439,276,35876
10/20/2020,Warren,2,441,204,36080
10/21/2020,Warren,3,444,393,36473
10/22/2020,Warren,1,445,355,36828
10/23/2020,Warren,3,448,612,37440
10/24/2020,Warren,2,450,263,37703
10/25/2020,Warren,2,452,229,37932
10/26/2020,Warren,5,457,359,38291
10/27/2020,Warren,2,459,285,38576
10/28/2020,Warren,2,461,278,38854
10/29/2020,Warren,0,461,379,39233
10/30/2020,Warren,6,467,490,39723
10/31/2020,Warren,1,468,348,40071
11/01/2020,Warren,1,469,222,40293
11/02/2020,Warren,1,470,291,40584
11/03/2020,Warren,1,471,264,40848
11/04/2020,Warren,3,474,409,41257
11/05/2020,Warren,1,475,276,41533
11/06/2020,Warren,5,480,344,41877
11/07/2020,Warren,3,483,487,42364
11/08/2020,Warren,2,485,139,42503
11/09/2020,Warren,2,487,392,42895
11/10/2020,Warren,6,493,484,43379
11/11/2020,Warren,2,495,279,43658
11/12/2020,Warren,8,503,440,44098
11/13/2020,Warren,4,507,521,44619
11/14/2020,Warren,0,507,207,44826
11/15/2020,Warren,0,507,121,44947
11/16/2020,Warren,8,515,482,45429
11/17/2020,Warren,3,518,353,45782
11/18/2020,Warren,7,525,572,46354
11/19/2020,Warren,5,530,270,46624
11/20/2020,Warren,7,537,561,47185
11/21/2020,Warren,5,542,646,47831
11/22/2020,Warren,1,543,352,48183
11/23/2020,Warren,4,547,495,48678
11/24/2020,Warren,13,560,468,49146
11/25/2020,Warren,9,569,483,49629
11/26/2020,Warren,2,571,363,49992
11/27/2020,Warren,4,575,276,50268
11/28/2020,Warren,2,577,498,50766
11/29/2020,Warren,6,583,332,51098
11/30/2020,Warren,12,595,519,51617
12/01/2020,Warren,8,603,481,52098
12/02/2020,Warren,11,614,472,52570
12/03/2020,Warren,17,631,398,52968
12/04/2020,Warren,15,646,628,53596
12/05/2020,Warren,11,657,341,53937
12/06/2020,Warren,5,662,269,54206
12/07/2020,Warren,18,680,626,54832
12/08/2020,Warren,6,686,339,55171
12/09/2020,Warren,24,710,575,55746
12/10/2020,Warren,14,724,695,56441
12/11/2020,Warren,22,746,602,57043
12/12/2020,Warren,8,754,384,57427
12/13/2020,Warren,2,756,405,57832
12/14/2020,Warren,8,764,380,58212
12/15/2020,Warren,11,775,367,58579
12/16/2020,Warren,29,804,493,59072
12/17/2020,Warren,8,812,458,59530
12/18/2020,Warren,21,833,487,60017
12/19/2020,Warren,3,836,485,60502
12/20/2020,Warren,7,843,394,60896
12/21/2020,Warren,35,878,478,61374
12/22/2020,Warren,19,897,247,61621
12/23/2020,Warren,64,961,683,62304
12/24/2020,Warren,18,979,360,62664
12/25/2020,Warren,61,1040,812,63476
12/26/2020,Warren,9,1049,467,63943
12/27/2020,Warren,27,1076,297,64240
12/28/2020,Warren,18,1094,648,64888
12/29/2020,Warren,47,1141,464,65352
12/30/2020,Warren,15,1156,411,65763
12/31/2020,Warren,93,1249,864,66627
01/01/2021,Warren,23,1272,659,67286
01/02/2021,Warren,65,1337,849,68135
01/03/2021,Warren,9,1346,345,68480
01/04/2021,Warren,41,1387,335,68815
01/05/2021,Warren,47,1434,582,69397
01/06/2021,Warren,53,1487,698,70095
01/07/2021,Warren,80,1567,812,70907
01/08/2021,Warren,58,1625,870,71777
01/09/2021,Warren,57,1682,940,72717
01/10/2021,Warren,35,1717,619,73336
01/11/2021,Warren,47,1764,712,74048
01/12/2021,Warren,61,1825,585,74633
01/13/2021,Warren,21,1846,461,75094
01/14/2021,Warren,82,1928,957,76051
01/15/2021,Warren,54,1982,973,77024
01/16/2021,Warren,22,2004,566,77590
01/17/2021,Warren,41,2045,618,78208
01/18/2021,Warren,17,2062,595,78803
01/19/2021,Warren,57,2119,712,79515
01/20/2021,Warren,44,2163,772,80287
01/21/2021,Warren,38,2201,773,81060
01/22/2021,Warren,44,2245,975,82035
01/23/2021,Warren,14,2259,513,82548
01/24/2021,Warren,11,2270,564,83112
01/25/2021,Warren,51,2321,642,83754
01/26/2021,Warren,29,2350,734,84488
01/27/2021,Warren,35,2385,523,85011
01/28/2021,Warren,32,2417,842,85853
01/29/2021,Warren,14,2431,634,86487
01/30/2021,Warren,21,2452,751,87238
01/31/2021,Warren,9,2461,457,87695
02/01/2021,Warren,5,2466,323,88018
02/02/2021,Warren,28,2494,307,88325
02/03/2021,Warren,40,2534,660,88985
02/04/2021,Warren,20,2554,524,89509
02/05/2021,Warren,28,2582,546,90055
02/06/2021,Warren,14,2596,918,90973
02/07/2021,Warren,10,2606,422,91395
02/08/2021,Warren,14,2620,417,91812
02/09/2021,Warren,10,2630,426,92238
02/10/2021,Warren,24,2654,690,92928
02/11/2021,Warren,13,2667,513,93441
02/12/2021,Warren,13,2680,640,94081
02/13/2021,Warren,24,2704,766,94847
02/14/2021,Warren,6,2710,457,95304
02/15/2021,Warren,10,2720,300,95604
02/16/2021,Warren,6,2726,239,95843
02/17/2021,Warren,8,2734,408,96251
02/18/2021,Warren,20,2754,658,96909
02/19/2021,Warren,9,2763,493,97402
02/20/2021,Warren,6,2769,569,97971
02/21/2021,Warren,7,2776,323,98294
02/22/2021,Warren,15,2791,221,98515
02/23/2021,Warren,4,2795,564,99079
02/24/2021,Warren,12,2807,727,99806
02/25/2021,Warren,12,2819,727,100533
02/26/2021,Warren,10,2829,728,101261
02/27/2021,Warren,6,2835,767,102028
02/28/2021,Warren,6,2841,459,102487
03/01/2021,Warren,13,2854,355,102842
03/02/2021,Warren,10,2864,751,103593
03/03/2021,Warren,8,2872,698,104291
03/04/2021,Warren,18,2890,702,104993
03/05/2021,Warren,17,2907,561,105554
03/06/2021,Warren,6,2913,662,106216
03/07/2021,Warren,4,2917,532,106748
03/08/2021,Warren,8,2925,307,107055
03/09/2021,Warren,14,2939,420,107475
03/10/2021,Warren,7,2946,592,108067
03/11/2021,Warren,12,2958,776,108843
03/12/2021,Warren,10,2968,424,109267
03/13/2021,Warren,3,2971,818,110085
03/14/2021,Warren,6,2977,338,110423
03/15/2021,Warren,14,2991,442,110865
03/16/2021,Warren,12,3003,554,111419
03/17/2021,Warren,14,3017,633,112052
03/18/2021,Warren,5,3022,641,112693
03/19/2021,Warren,10,3032,377,113070
03/20/2021,Warren,8,3040,743,113813
03/21/2021,Warren,5,3045,395,114208
03/22/2021,Warren,23,3068,410,114618
03/23/2021,Warren,11,3079,568,115186
03/24/2021,Warren,20,3099,634,115820
03/25/2021,Warren,17,3116,725,116545
03/26/2021,Warren,16,3132,622,117167
03/27/2021,Warren,8,3140,902,118069
03/28/2021,Warren,8,3148,302,118371
03/29/2021,Warren,16,3164,571,118942
03/30/2021,Warren,16,3180,467,119409
03/31/2021,Warren,19,3199,698,120107
04/01/2021,Warren,12,3211,839,120946
04/02/2021,Warren,20,3231,589,121535
04/03/2021,Warren,3,3234,625,122160
04/04/2021,Warren,5,3239,462,122622
04/05/2021,Warren,12,3251,216,122838
04/06/2021,Warren,9,3260,483,123321
04/07/2021,Warren,20,3280,590,123911
04/08/2021,Warren,8,3288,655,124566
04/09/2021,Warren,11,3299,557,125123
04/10/2021,Warren,8,3307,570,125693
04/11/2021,Warren,7,3314,212,125905
04/12/2021,Warren,19,3333,270,126175
04/13/2021,Warren,4,3337,537,126712
04/14/2021,Warren,12,3349,688,127400
04/15/2021,Warren,11,3360,680,128080
04/16/2021,Warren,14,3374,484,128564
04/17/2021,Warren,12,3386,636,129200
04/18/2021,Warren,9,3395,380,129580
04/19/2021,Warren,4,3399,281,129861
04/20/2021,Warren,19,3418,514,130375
04/21/2021,Warren,13,3431,653,131028
04/22/2021,Warren,7,3438,478,131506
04/23/2021,Warren,11,3449,773,132279
04/24/2021,Warren,5,3454,532,132811
04/25/2021,Warren,4,3458,240,133051
04/26/2021,Warren,10,3468,360,133411
04/27/2021,Warren,4,3472,212,133623
04/28/2021,Warren,4,3476,631,134254
04/29/2021,Warren,6,3482,409,134663
04/30/2021,Warren,6,3488,616,135279
05/01/2021,Warren,0,3488,482,135761
05/02/2021,Warren,1,3489,361,136122
05/03/2021,Warren,8,3497,165,136287
05/04/2021,Warren,10,3507,453,136740
05/05/2021,Warren,6,3513,405,137145
05/06/2021,Warren,16,3529,516,137661
05/07/2021,Warren,11,3540,616,138277
05/08/2021,Warren,8,3548,430,138707
05/09/2021,Warren,4,3552,313,139020
05/10/2021,Warren,11,3563,256,139276
05/11/2021,Warren,6,3569,459,139735
05/12/2021,Warren,8,3577,513,140248
05/13/2021,Warren,3,3580,438,140686
05/14/2021,Warren,5,3585,600,141286
05/15/2021,Warren,5,3590,275,141561
05/16/2021,Warren,2,3592,238,141799
05/17/2021,Warren,2,3594,175,141974
05/18/2021,Warren,5,3599,337,142311
05/19/2021,Warren,3,3602,394,142705
05/20/2021,Warren,6,3608,480,143185
05/21/2021,Warren,4,3612,435,143620
05/22/2021,Warren,2,3614,279,143899
05/23/2021,Warren,8,3622,283,144182
05/24/2021,Warren,1,3623,139,144321
05/25/2021,Warren,4,3627,288,144609
05/26/2021,Warren,2,3629,331,144940
05/27/2021,Warren,1,3630,236,145176
05/28/2021,Warren,4,3634,362,145538
05/29/2021,Warren,1,3635,270,145808
05/30/2021,Warren,3,3638,141,145949
05/31/2021,Warren,0,3638,107,146056
06/01/2021,Warren,2,3640,123,146179
06/02/2021,Warren,5,3645,252,146431
06/03/2021,Warren,3,3648,439,146870
06/04/2021,Warren,5,3653,484,147354
06/05/2021,Warren,3,3656,319,147673
06/06/2021,Warren,0,3656,125,147798
06/07/2021,Warren,0,3656,385,148183
06/08/2021,Warren,0,3656,161,148344
06/09/2021,Warren,1,3657,362,148706
06/10/2021,Warren,1,3658,259,148965
06/11/2021,Warren,0,3658,410,149375
06/12/2021,Warren,0,3658,281,149656
06/13/2021,Warren,0,3658,64,149720
06/14/2021,Warren,0,3658,72,149792
06/15/2021,Warren,0,3658,197,149989
06/16/2021,Warren,1,3659,292,150281
06/17/2021,Warren,1,3660,165,150446
06/18/2021,Warren,1,3661,447,150893
06/19/2021,Warren,4,3665,251,151144
06/20/2021,Warren,2,3667,198,151342
06/21/2021,Warren,0,3667,73,151415
06/22/2021,Warren,1,3668,113,151528
06/23/2021,Warren,2,3670,204,151732
06/24/2021,Warren,0,3670,126,151858
06/25/2021,Warren,0,3670,167,152025
06/26/2021,Warren,0,3670,206,152231
06/27/2021,Warren,2,3672,223,152454
06/28/2021,Warren,1,3673,500,152954
06/29/2021,Warren,1,3674,110,153064
06/30/2021,Warren,1,3675,166,153230
07/01/2021,Warren,2,3677,199,153429
07/02/2021,Warren,3,3680,618,154047
07/03/2021,Warren,0,3680,115,154162
07/04/2021,Warren,0,3680,77,154239
07/05/2021,Warren,0,3680,59,154298
07/06/2021,Warren,1,3681,682,154980
07/07/2021,Warren,0,3681,132,155112
07/08/2021,Warren,1,3682,187,155299
07/09/2021,Warren,1,3683,175,155474
07/10/2021,Warren,5,3688,367,155841
07/11/2021,Warren,3,3691,93,155934
07/12/2021,Warren,1,3692,72,156006
07/13/2021,Warren,6,3698,142,156148
07/14/2021,Warren,2,3700,161,156309
07/15/2021,Warren,3,3703,121,156430
07/16/2021,Warren,2,3705,138,156568
07/17/2021,Warren,1,3706,150,156718
07/18/2021,Warren,5,3711,103,156821
07/19/2021,Warren,6,3717,131,156952
07/20/2021,Warren,5,3722,139,157091
07/21/2021,Warren,7,3729,212,157303
07/22/2021,Warren,4,3733,176,157479
07/23/2021,Warren,4,3737,160,157639
07/24/2021,Warren,5,3742,394,158033
07/25/2021,Warren,2,3744,125,158158
07/26/2021,Warren,1,3745,85,158243
07/27/2021,Warren,7,3752,179,158422
07/28/2021,Warren,5,3757,267,158689
07/29/2021,Warren,4,3761,222,158911
07/30/2021,Warren,3,3764,221,159132
07/31/2021,Warren,6,3770,237,159369
08/01/2021,Warren,2,3772,163,159532
08/02/2021,Warren,9,3781,153,159685
08/03/2021,Warren,12,3793,341,160026
08/04/2021,Warren,10,3803,350,160376
08/05/2021,Warren,13,3816,514,160890
08/06/2021,Warren,25,3841,852,161742
08/07/2021,Warren,9,3850,285,162027
08/08/2021,Warren,4,3854,218,162245
08/09/2021,Warren,15,3869,213,162458
08/10/2021,Warren,20,3889,256,162714
08/11/2021,Warren,15,3904,334,163048
08/12/2021,Warren,21,3925,630,163678
08/13/2021,Warren,10,3935,449,164127
08/14/2021,Warren,17,3952,504,164631
08/15/2021,Warren,14,3966,299,164930
08/16/2021,Warren,11,3977,145,165075
08/17/2021,Warren,33,4010,433,165508
08/18/2021,Warren,26,4036,1002,166510
08/19/2021,Warren,10,4046,412,166922
08/20/2021,Warren,16,4062,504,167426
08/21/2021,Warren,8,4070,402,167828
08/22/2021,Warren,10,4080,318,168146
08/23/2021,Warren,7,4087,116,168262
08/24/2021,Warren,8,4095,303,168565
08/25/2021,Warren,25,4120,507,169072
08/26/2021,Warren,27,4147,506,169578
08/27/2021,Warren,19,4166,360,169938
08/28/2021,Warren,11,4177,296,170234
08/29/2021,Warren,13,4190,428,170662
08/30/2021,Warren,17,4207,181,170843
08/31/2021,Warren,23,4230,330,171173
09/01/2021,Warren,21,4251,393,171566
09/02/2021,Warren,20,4271,522,172088
09/03/2021,Warren,21,4292,377,172465
09/04/2021,Warren,14,4306,286,172751
09/05/2021,Warren,12,4318,510,173261
09/06/2021,Warren,18,4336,304,173565
09/07/2021,Warren,11,4347,276,173841
09/08/2021,Warren,20,4367,260,174101
09/09/2021,Warren,40,4407,450,174551
09/10/2021,Warren,45,4452,558,175109
09/11/2021,Warren,27,4479,632,175741
09/12/2021,Warren,22,4501,405,176146
09/13/2021,Warren,19,4520,204,176350
09/14/2021,Warren,19,4539,363,176713
09/15/2021,Warren,38,4577,618,177331
09/16/2021,Warren,25,4602,811,178142
09/17/2021,Warren,23,4625,522,178664
09/18/2021,Warren,21,4646,586,179250
09/19/2021,Warren,11,4657,475,179725
09/20/2021,Warren,27,4684,727,180452
09/21/2021,Warren,21,4705,317,180769
09/22/2021,Warren,20,4725,683,181452
09/23/2021,Warren,27,4752,1009,182461
09/24/2021,Warren,17,4769,534,182995
09/25/2021,Warren,15,4784,540,183535
09/26/2021,Warren,13,4797,524,184059
09/27/2021,Warren,18,4815,360,184419
09/28/2021,Warren,37,4852,597,185016
09/29/2021,Warren,19,4871,659,185675
09/30/2021,Warren,38,4909,993,186668
10/01/2021,Warren,23,4932,550,187218
10/02/2021,Warren,21,4953,512,187730
10/03/2021,Warren,14,4967,361,188091
10/04/2021,Warren,56,5023,443,188534
10/05/2021,Warren,38,5061,456,188990
10/06/2021,Warren,23,5084,737,189727
10/07/2021,Warren,39,5123,1077,190804
10/08/2021,Warren,18,5141,602,191406
10/09/2021,Warren,7,5148,345,191751
10/10/2021,Warren,28,5176,634,192385
10/11/2021,Warren,29,5205,372,192757
10/12/2021,Warren,40,5245,530,193287
10/13/2021,Warren,26,5271,730,194017
10/14/2021,Warren,29,5300,798,194815
10/15/2021,Warren,45,5345,873,195688
10/16/2021,Warren,26,5371,669,196357
10/17/2021,Warren,15,5386,421,196778
10/18/2021,Warren,21,5407,256,197034
10/19/2021,Warren,21,5428,464,197498
10/20/2021,Warren,32,5460,815,198313
10/21/2021,Warren,41,5501,884,199197
10/22/2021,Warren,41,5542,918,200115
10/23/2021,Warren,29,5571,719,200834
03/01/2020,Washington,0,0,0,0
03/02/2020,Washington,0,0,0,0
03/03/2020,Washington,0,0,0,0
03/04/2020,Washington,0,0,0,0
03/05/2020,Washington,0,0,0,0
03/06/2020,Washington,0,0,0,0
03/07/2020,Washington,0,0,0,0
03/08/2020,Washington,0,0,2,2
03/09/2020,Washington,0,0,0,2
03/10/2020,Washington,0,0,1,3
03/11/2020,Washington,0,0,4,7
03/12/2020,Washington,0,0,0,7
03/13/2020,Washington,0,0,1,8
03/14/2020,Washington,0,0,1,9
03/15/2020,Washington,0,0,5,14
03/16/2020,Washington,0,0,4,18
03/17/2020,Washington,1,1,9,27
03/18/2020,Washington,0,1,5,32
03/19/2020,Washington,0,1,8,40
03/20/2020,Washington,0,1,10,50
03/21/2020,Washington,0,1,18,68
03/22/2020,Washington,2,3,52,120
03/23/2020,Washington,0,3,7,127
03/24/2020,Washington,1,4,25,152
03/25/2020,Washington,0,4,18,170
03/26/2020,Washington,2,6,19,189
03/27/2020,Washington,0,6,40,229
03/28/2020,Washington,1,7,20,249
03/29/2020,Washington,0,7,10,259
03/30/2020,Washington,3,10,7,266
03/31/2020,Washington,0,10,5,271
04/01/2020,Washington,2,12,9,280
04/02/2020,Washington,3,15,13,293
04/03/2020,Washington,1,16,9,302
04/04/2020,Washington,2,18,15,317
04/05/2020,Washington,1,19,2,319
04/06/2020,Washington,0,19,13,332
04/07/2020,Washington,1,20,27,359
04/08/2020,Washington,5,25,24,383
04/09/2020,Washington,1,26,14,397
04/10/2020,Washington,5,31,16,413
04/11/2020,Washington,3,34,18,431
04/12/2020,Washington,3,37,15,446
04/13/2020,Washington,3,40,36,482
04/14/2020,Washington,2,42,8,490
04/15/2020,Washington,4,46,24,514
04/16/2020,Washington,2,48,19,533
04/17/2020,Washington,4,52,25,558
04/18/2020,Washington,11,63,35,593
04/19/2020,Washington,2,65,9,602
04/20/2020,Washington,3,68,12,614
04/21/2020,Washington,5,73,17,631
04/22/2020,Washington,7,80,36,667
04/23/2020,Washington,3,83,26,693
04/24/2020,Washington,30,113,134,827
04/25/2020,Washington,14,127,51,878
04/26/2020,Washington,3,130,37,915
04/27/2020,Washington,1,131,13,928
04/28/2020,Washington,3,134,19,947
04/29/2020,Washington,14,148,58,1005
04/30/2020,Washington,22,170,88,1093
05/01/2020,Washington,14,184,63,1156
05/02/2020,Washington,2,186,63,1219
05/03/2020,Washington,2,188,31,1250
05/04/2020,Washington,0,188,22,1272
05/05/2020,Washington,1,189,25,1297
05/06/2020,Washington,1,190,20,1317
05/07/2020,Washington,11,201,106,1423
05/08/2020,Washington,3,204,86,1509
05/09/2020,Washington,2,206,60,1569
05/10/2020,Washington,4,210,39,1608
05/11/2020,Washington,0,210,24,1632
05/12/2020,Washington,4,214,66,1698
05/13/2020,Washington,1,215,77,1775
05/14/2020,Washington,2,217,65,1840
05/15/2020,Washington,1,218,75,1915
05/16/2020,Washington,1,219,70,1985
05/17/2020,Washington,0,219,47,2032
05/18/2020,Washington,1,220,41,2073
05/19/2020,Washington,1,221,66,2139
05/20/2020,Washington,1,222,87,2226
05/21/2020,Washington,2,224,100,2326
05/22/2020,Washington,1,225,70,2396
05/23/2020,Washington,1,226,213,2609
05/24/2020,Washington,2,228,51,2660
05/25/2020,Washington,0,228,106,2766
05/26/2020,Washington,0,228,107,2873
05/27/2020,Washington,3,231,293,3166
05/28/2020,Washington,1,232,340,3506
05/29/2020,Washington,3,235,240,3746
05/30/2020,Washington,0,235,222,3968
05/31/2020,Washington,0,235,99,4067
06/01/2020,Washington,2,237,81,4148
06/02/2020,Washington,1,238,270,4418
06/03/2020,Washington,0,238,354,4772
06/04/2020,Washington,2,240,158,4930
06/05/2020,Washington,0,240,254,5184
06/06/2020,Washington,0,240,243,5427
06/07/2020,Washington,0,240,211,5638
06/08/2020,Washington,0,240,32,5670
06/09/2020,Washington,0,240,260,5930
06/10/2020,Washington,1,241,230,6160
06/11/2020,Washington,1,242,368,6528
06/12/2020,Washington,0,242,238,6766
06/13/2020,Washington,1,243,99,6865
06/14/2020,Washington,0,243,185,7050
06/15/2020,Washington,0,243,67,7117
06/16/2020,Washington,0,243,164,7281
06/17/2020,Washington,0,243,171,7452
06/18/2020,Washington,0,243,148,7600
06/19/2020,Washington,1,244,206,7806
06/20/2020,Washington,0,244,121,7927
06/21/2020,Washington,0,244,118,8045
06/22/2020,Washington,0,244,35,8080
06/23/2020,Washington,0,244,239,8319
06/24/2020,Washington,1,245,185,8504
06/25/2020,Washington,0,245,109,8613
06/26/2020,Washington,0,245,213,8826
06/27/2020,Washington,1,246,193,9019
06/28/2020,Washington,0,246,157,9176
06/29/2020,Washington,0,246,50,9226
06/30/2020,Washington,0,246,172,9398
07/01/2020,Washington,0,246,156,9554
07/02/2020,Washington,0,246,86,9640
07/03/2020,Washington,0,246,192,9832
07/04/2020,Washington,0,246,79,9911
07/05/2020,Washington,1,247,206,10117
07/06/2020,Washington,0,247,55,10172
07/07/2020,Washington,0,247,196,10368
07/08/2020,Washington,1,248,160,10528
07/09/2020,Washington,1,249,242,10770
07/10/2020,Washington,0,249,176,10946
07/11/2020,Washington,0,249,153,11099
07/12/2020,Washington,0,249,148,11247
07/13/2020,Washington,1,250,111,11358
07/14/2020,Washington,0,250,178,11536
07/15/2020,Washington,0,250,95,11631
07/16/2020,Washington,0,250,196,11827
07/17/2020,Washington,0,250,247,12074
07/18/2020,Washington,0,250,135,12209
07/19/2020,Washington,0,250,115,12324
07/20/2020,Washington,0,250,140,12464
07/21/2020,Washington,1,251,329,12793
07/22/2020,Washington,1,252,250,13043
07/23/2020,Washington,0,252,219,13262
07/24/2020,Washington,0,252,275,13537
07/25/2020,Washington,1,253,300,13837
07/26/2020,Washington,1,254,271,14108
07/27/2020,Washington,0,254,96,14204
07/28/2020,Washington,0,254,142,14346
07/29/2020,Washington,0,254,144,14490
07/30/2020,Washington,0,254,249,14739
07/31/2020,Washington,1,255,261,15000
08/01/2020,Washington,0,255,96,15096
08/02/2020,Washington,0,255,106,15202
08/03/2020,Washington,0,255,211,15413
08/04/2020,Washington,0,255,90,15503
08/05/2020,Washington,1,256,74,15577
08/06/2020,Washington,0,256,260,15837
08/07/2020,Washington,1,257,84,15921
08/08/2020,Washington,2,259,105,16026
08/09/2020,Washington,1,260,122,16148
08/10/2020,Washington,0,260,145,16293
08/11/2020,Washington,0,260,200,16493
08/12/2020,Washington,0,260,239,16732
08/13/2020,Washington,0,260,224,16956
08/14/2020,Washington,1,261,242,17198
08/15/2020,Washington,0,261,202,17400
08/16/2020,Washington,0,261,144,17544
08/17/2020,Washington,1,262,180,17724
08/18/2020,Washington,0,262,140,17864
08/19/2020,Washington,2,264,183,18047
08/20/2020,Washington,0,264,260,18307
08/21/2020,Washington,2,266,275,18582
08/22/2020,Washington,0,266,235,18817
08/23/2020,Washington,0,266,168,18985
08/24/2020,Washington,0,266,194,19179
08/25/2020,Washington,0,266,119,19298
08/26/2020,Washington,0,266,164,19462
08/27/2020,Washington,1,267,137,19599
08/28/2020,Washington,0,267,257,19856
08/29/2020,Washington,0,267,204,20060
08/30/2020,Washington,0,267,122,20182
08/31/2020,Washington,1,268,111,20293
09/01/2020,Washington,0,268,408,20701
09/02/2020,Washington,0,268,176,20877
09/03/2020,Washington,1,269,189,21066
09/04/2020,Washington,0,269,138,21204
09/05/2020,Washington,1,270,173,21377
09/06/2020,Washington,0,270,117,21494
09/07/2020,Washington,1,271,105,21599
09/08/2020,Washington,1,272,321,21920
09/09/2020,Washington,0,272,92,22012
09/10/2020,Washington,3,275,246,22258
09/11/2020,Washington,8,283,230,22488
09/12/2020,Washington,1,284,149,22637
09/13/2020,Washington,0,284,184,22821
09/14/2020,Washington,0,284,117,22938
09/15/2020,Washington,2,286,249,23187
09/16/2020,Washington,1,287,191,23378
09/17/2020,Washington,0,287,210,23588
09/18/2020,Washington,0,287,185,23773
09/19/2020,Washington,0,287,214,23987
09/20/2020,Washington,0,287,110,24097
09/21/2020,Washington,1,288,356,24453
09/22/2020,Washington,1,289,193,24646
09/23/2020,Washington,5,294,295,24941
09/24/2020,Washington,0,294,215,25156
09/25/2020,Washington,2,296,311,25467
09/26/2020,Washington,0,296,274,25741
09/27/2020,Washington,3,299,165,25906
09/28/2020,Washington,2,301,313,26219
09/29/2020,Washington,1,302,243,26462
09/30/2020,Washington,0,302,335,26797
10/01/2020,Washington,3,305,248,27045
10/02/2020,Washington,2,307,345,27390
10/03/2020,Washington,0,307,387,27777
10/04/2020,Washington,0,307,128,27905
10/05/2020,Washington,3,310,324,28229
10/06/2020,Washington,1,311,226,28455
10/07/2020,Washington,3,314,271,28726
10/08/2020,Washington,3,317,423,29149
10/09/2020,Washington,0,317,256,29405
10/10/2020,Washington,0,317,294,29699
10/11/2020,Washington,1,318,168,29867
10/12/2020,Washington,1,319,388,30255
10/13/2020,Washington,3,322,184,30439
10/14/2020,Washington,2,324,301,30740
10/15/2020,Washington,1,325,485,31225
10/16/2020,Washington,1,326,329,31554
10/17/2020,Washington,0,326,248,31802
10/18/2020,Washington,0,326,172,31974
10/19/2020,Washington,0,326,283,32257
10/20/2020,Washington,0,326,193,32450
10/21/2020,Washington,0,326,271,32721
10/22/2020,Washington,1,327,286,33007
10/23/2020,Washington,3,330,375,33382
10/24/2020,Washington,2,332,301,33683
10/25/2020,Washington,2,334,174,33857
10/26/2020,Washington,1,335,345,34202
10/27/2020,Washington,1,336,167,34369
10/28/2020,Washington,2,338,244,34613
10/29/2020,Washington,2,340,313,34926
10/30/2020,Washington,7,347,349,35275
10/31/2020,Washington,3,350,306,35581
11/01/2020,Washington,3,353,189,35770
11/02/2020,Washington,3,356,320,36090
11/03/2020,Washington,2,358,400,36490
11/04/2020,Washington,3,361,487,36977
11/05/2020,Washington,16,377,484,37461
11/06/2020,Washington,3,380,652,38113
11/07/2020,Washington,0,380,600,38713
11/08/2020,Washington,2,382,125,38838
11/09/2020,Washington,2,384,541,39379
11/10/2020,Washington,6,390,809,40188
11/11/2020,Washington,0,390,503,40691
11/12/2020,Washington,5,395,310,41001
11/13/2020,Washington,5,400,255,41256
11/14/2020,Washington,3,403,169,41425
11/15/2020,Washington,1,404,110,41535
11/16/2020,Washington,3,407,368,41903
11/17/2020,Washington,0,407,336,42239
11/18/2020,Washington,4,411,401,42640
11/19/2020,Washington,3,414,195,42835
11/20/2020,Washington,4,418,485,43320
11/21/2020,Washington,4,422,203,43523
11/22/2020,Washington,8,430,472,43995
11/23/2020,Washington,3,433,347,44342
11/24/2020,Washington,2,435,212,44554
11/25/2020,Washington,4,439,362,44916
11/26/2020,Washington,1,440,457,45373
11/27/2020,Washington,4,444,167,45540
11/28/2020,Washington,5,449,250,45790
11/29/2020,Washington,3,452,189,45979
11/30/2020,Washington,5,457,396,46375
12/01/2020,Washington,4,461,326,46701
12/02/2020,Washington,3,464,300,47001
12/03/2020,Washington,6,470,333,47334
12/04/2020,Washington,13,483,352,47686
12/05/2020,Washington,6,489,299,47985
12/06/2020,Washington,2,491,161,48146
12/07/2020,Washington,12,503,356,48502
12/08/2020,Washington,3,506,155,48657
12/09/2020,Washington,12,518,493,49150
12/10/2020,Washington,20,538,379,49529
12/11/2020,Washington,11,549,373,49902
12/12/2020,Washington,25,574,433,50335
12/13/2020,Washington,13,587,364,50699
12/14/2020,Washington,10,597,251,50950
12/15/2020,Washington,9,606,305,51255
12/16/2020,Washington,13,619,367,51622
12/17/2020,Washington,6,625,421,52043
12/18/2020,Washington,9,634,285,52328
12/19/2020,Washington,7,641,334,52662
12/20/2020,Washington,10,651,267,52929
12/21/2020,Washington,20,671,227,53156
12/22/2020,Washington,6,677,135,53291
12/23/2020,Washington,26,703,455,53746
12/24/2020,Washington,10,713,285,54031
12/25/2020,Washington,27,740,464,54495
12/26/2020,Washington,9,749,509,55004
12/27/2020,Washington,18,767,416,55420
12/28/2020,Washington,8,775,323,55743
12/29/2020,Washington,30,805,211,55954
12/30/2020,Washington,20,825,379,56333
12/31/2020,Washington,49,874,535,56868
01/01/2021,Washington,15,889,609,57477
01/02/2021,Washington,42,931,491,57968
01/03/2021,Washington,9,940,347,58315
01/04/2021,Washington,42,982,357,58672
01/05/2021,Washington,24,1006,418,59090
01/06/2021,Washington,48,1054,536,59626
01/07/2021,Washington,61,1115,661,60287
01/08/2021,Washington,52,1167,838,61125
01/09/2021,Washington,38,1205,840,61965
01/10/2021,Washington,24,1229,706,62671
01/11/2021,Washington,43,1272,666,63337
01/12/2021,Washington,41,1313,450,63787
01/13/2021,Washington,19,1332,472,64259
01/14/2021,Washington,49,1381,833,65092
01/15/2021,Washington,43,1424,812,65904
01/16/2021,Washington,14,1438,673,66577
01/17/2021,Washington,35,1473,629,67206
01/18/2021,Washington,29,1502,509,67715
01/19/2021,Washington,40,1542,731,68446
01/20/2021,Washington,32,1574,633,69079
01/21/2021,Washington,38,1612,684,69763
01/22/2021,Washington,32,1644,584,70347
01/23/2021,Washington,35,1679,753,71100
01/24/2021,Washington,24,1703,422,71522
01/25/2021,Washington,32,1735,459,71981
01/26/2021,Washington,27,1762,411,72392
01/27/2021,Washington,23,1785,523,72915
01/28/2021,Washington,33,1818,605,73520
01/29/2021,Washington,14,1832,591,74111
01/30/2021,Washington,22,1854,574,74685
01/31/2021,Washington,21,1875,389,75074
02/01/2021,Washington,14,1889,377,75451
02/02/2021,Washington,18,1907,324,75775
02/03/2021,Washington,35,1942,719,76494
02/04/2021,Washington,38,1980,517,77011
02/05/2021,Washington,23,2003,726,77737
02/06/2021,Washington,24,2027,660,78397
02/07/2021,Washington,28,2055,459,78856
02/08/2021,Washington,24,2079,489,79345
02/09/2021,Washington,15,2094,334,79679
02/10/2021,Washington,16,2110,581,80260
02/11/2021,Washington,21,2131,537,80797
02/12/2021,Washington,16,2147,575,81372
02/13/2021,Washington,13,2160,450,81822
02/14/2021,Washington,7,2167,501,82323
02/15/2021,Washington,23,2190,431,82754
02/16/2021,Washington,9,2199,328,83082
02/17/2021,Washington,3,2202,320,83402
02/18/2021,Washington,20,2222,565,83967
02/19/2021,Washington,10,2232,464,84431
02/20/2021,Washington,16,2248,530,84961
02/21/2021,Washington,11,2259,286,85247
02/22/2021,Washington,12,2271,156,85403
02/23/2021,Washington,8,2279,384,85787
02/24/2021,Washington,16,2295,877,86664
02/25/2021,Washington,25,2320,484,87148
02/26/2021,Washington,6,2326,581,87729
02/27/2021,Washington,9,2335,459,88188
02/28/2021,Washington,8,2343,386,88574
03/01/2021,Washington,10,2353,259,88833
03/02/2021,Washington,7,2360,590,89423
03/03/2021,Washington,6,2366,501,89924
03/04/2021,Washington,14,2380,488,90412
03/05/2021,Washington,17,2397,607,91019
03/06/2021,Washington,9,2406,542,91561
03/07/2021,Washington,6,2412,264,91825
03/08/2021,Washington,6,2418,395,92220
03/09/2021,Washington,8,2426,342,92562
03/10/2021,Washington,9,2435,496,93058
03/11/2021,Washington,13,2448,717,93775
03/12/2021,Washington,12,2460,714,94489
03/13/2021,Washington,4,2464,590,95079
03/14/2021,Washington,7,2471,244,95323
03/15/2021,Washington,11,2482,395,95718
03/16/2021,Washington,11,2493,386,96104
03/17/2021,Washington,8,2501,476,96580
03/18/2021,Washington,6,2507,446,97026
03/19/2021,Washington,8,2515,684,97710
03/20/2021,Washington,16,2531,469,98179
03/21/2021,Washington,7,2538,261,98440
03/22/2021,Washington,19,2557,335,98775
03/23/2021,Washington,12,2569,414,99189
03/24/2021,Washington,13,2582,512,99701
03/25/2021,Washington,8,2590,491,100192
03/26/2021,Washington,30,2620,863,101055
03/27/2021,Washington,17,2637,657,101712
03/28/2021,Washington,10,2647,376,102088
03/29/2021,Washington,17,2664,442,102530
03/30/2021,Washington,12,2676,400,102930
03/31/2021,Washington,15,2691,568,103498
04/01/2021,Washington,17,2708,444,103942
04/02/2021,Washington,6,2714,656,104598
04/03/2021,Washington,11,2725,442,105040
04/04/2021,Washington,8,2733,407,105447
04/05/2021,Washington,6,2739,389,105836
04/06/2021,Washington,16,2755,459,106295
04/07/2021,Washington,13,2768,611,106906
04/08/2021,Washington,11,2779,478,107384
04/09/2021,Washington,10,2789,531,107915
04/10/2021,Washington,3,2792,407,108322
04/11/2021,Washington,3,2795,422,108744
04/12/2021,Washington,8,2803,277,109021
04/13/2021,Washington,10,2813,461,109482
04/14/2021,Washington,13,2826,503,109985
04/15/2021,Washington,14,2840,622,110607
04/16/2021,Washington,7,2847,542,111149
04/17/2021,Washington,10,2857,666,111815
04/18/2021,Washington,10,2867,326,112141
04/19/2021,Washington,3,2870,203,112344
04/20/2021,Washington,9,2879,425,112769
04/21/2021,Washington,13,2892,604,113373
04/22/2021,Washington,8,2900,422,113795
04/23/2021,Washington,15,2915,679,114474
04/24/2021,Washington,6,2921,634,115108
04/25/2021,Washington,3,2924,228,115336
04/26/2021,Washington,3,2927,327,115663
04/27/2021,Washington,6,2933,314,115977
04/28/2021,Washington,13,2946,798,116775
04/29/2021,Washington,16,2962,540,117315
04/30/2021,Washington,11,2973,754,118069
05/01/2021,Washington,8,2981,346,118415
05/02/2021,Washington,2,2983,253,118668
05/03/2021,Washington,11,2994,208,118876
05/04/2021,Washington,17,3011,487,119363
05/05/2021,Washington,5,3016,609,119972
05/06/2021,Washington,11,3027,480,120452
05/07/2021,Washington,10,3037,826,121278
05/08/2021,Washington,3,3040,339,121617
05/09/2021,Washington,8,3048,340,121957
05/10/2021,Washington,7,3055,209,122166
05/11/2021,Washington,9,3064,429,122595
05/12/2021,Washington,9,3073,524,123119
05/13/2021,Washington,2,3075,388,123507
05/14/2021,Washington,10,3085,642,124149
05/15/2021,Washington,6,3091,282,124431
05/16/2021,Washington,4,3095,196,124627
05/17/2021,Washington,0,3095,280,124907
05/18/2021,Washington,6,3101,400,125307
05/19/2021,Washington,3,3104,407,125714
05/20/2021,Washington,2,3106,428,126142
05/21/2021,Washington,6,3112,446,126588
05/22/2021,Washington,3,3115,270,126858
05/23/2021,Washington,1,3116,245,127103
05/24/2021,Washington,1,3117,257,127360
05/25/2021,Washington,2,3119,368,127728
05/26/2021,Washington,6,3125,335,128063
05/27/2021,Washington,2,3127,346,128409
05/28/2021,Washington,3,3130,327,128736
05/29/2021,Washington,6,3136,440,129176
05/30/2021,Washington,0,3136,100,129276
05/31/2021,Washington,2,3138,86,129362
06/01/2021,Washington,3,3141,136,129498
06/02/2021,Washington,1,3142,421,129919
06/03/2021,Washington,0,3142,517,130436
06/04/2021,Washington,4,3146,400,130836
06/05/2021,Washington,1,3147,268,131104
06/06/2021,Washington,0,3147,111,131215
06/07/2021,Washington,3,3150,385,131600
06/08/2021,Washington,2,3152,318,131918
06/09/2021,Washington,3,3155,288,132206
06/10/2021,Washington,4,3159,324,132530
06/11/2021,Washington,0,3159,334,132864
06/12/2021,Washington,0,3159,265,133129
06/13/2021,Washington,2,3161,89,133218
06/14/2021,Washington,1,3162,88,133306
06/15/2021,Washington,0,3162,339,133645
06/16/2021,Washington,0,3162,282,133927
06/17/2021,Washington,0,3162,186,134113
06/18/2021,Washington,0,3162,341,134454
06/19/2021,Washington,1,3163,189,134643
06/20/2021,Washington,1,3164,99,134742
06/21/2021,Washington,0,3164,139,134881
06/22/2021,Washington,1,3165,178,135059
06/23/2021,Washington,0,3165,163,135222
06/24/2021,Washington,0,3165,170,135392
06/25/2021,Washington,0,3165,166,135558
06/26/2021,Washington,1,3166,122,135680
06/27/2021,Washington,0,3166,91,135771
06/28/2021,Washington,0,3166,93,135864
06/29/2021,Washington,1,3167,101,135965
06/30/2021,Washington,0,3167,179,136144
07/01/2021,Washington,0,3167,133,136277
07/02/2021,Washington,0,3167,179,136456
07/03/2021,Washington,0,3167,102,136558
07/04/2021,Washington,0,3167,83,136641
07/05/2021,Washington,2,3169,42,136683
07/06/2021,Washington,0,3169,66,136749
07/07/2021,Washington,0,3169,168,136917
07/08/2021,Washington,1,3170,127,137044
07/09/2021,Washington,0,3170,181,137225
07/10/2021,Washington,0,3170,63,137288
07/11/2021,Washington,0,3170,66,137354
07/12/2021,Washington,0,3170,80,137434
07/13/2021,Washington,2,3172,80,137514
07/14/2021,Washington,0,3172,158,137672
07/15/2021,Washington,0,3172,132,137804
07/16/2021,Washington,4,3176,97,137901
07/17/2021,Washington,1,3177,105,138006
07/18/2021,Washington,1,3178,82,138088
07/19/2021,Washington,0,3178,56,138144
07/20/2021,Washington,0,3178,65,138209
07/21/2021,Washington,2,3180,136,138345
07/22/2021,Washington,3,3183,138,138483
07/23/2021,Washington,4,3187,115,138598
07/24/2021,Washington,0,3187,130,138728
07/25/2021,Washington,2,3189,84,138812
07/26/2021,Washington,1,3190,44,138856
07/27/2021,Washington,4,3194,125,138981
07/28/2021,Washington,5,3199,192,139173
07/29/2021,Washington,4,3203,168,139341
07/30/2021,Washington,3,3206,181,139522
07/31/2021,Washington,7,3213,186,139708
08/01/2021,Washington,2,3215,90,139798
08/02/2021,Washington,8,3223,93,139891
08/03/2021,Washington,3,3226,157,140048
08/04/2021,Washington,7,3233,194,140242
08/05/2021,Washington,10,3243,243,140485
08/06/2021,Washington,11,3254,405,140890
08/07/2021,Washington,8,3262,191,141081
08/08/2021,Washington,4,3266,126,141207
08/09/2021,Washington,8,3274,105,141312
08/10/2021,Washington,5,3279,140,141452
08/11/2021,Washington,10,3289,196,141648
08/12/2021,Washington,7,3296,323,141971
08/13/2021,Washington,10,3306,236,142207
08/14/2021,Washington,6,3312,251,142458
08/15/2021,Washington,5,3317,130,142588
08/16/2021,Washington,10,3327,128,142716
08/17/2021,Washington,15,3342,238,142954
08/18/2021,Washington,11,3353,242,143196
08/19/2021,Washington,3,3356,561,143757
08/20/2021,Washington,9,3365,300,144057
08/21/2021,Washington,5,3370,253,144310
08/22/2021,Washington,5,3375,220,144530
08/23/2021,Washington,7,3382,138,144668
08/24/2021,Washington,6,3388,212,144880
08/25/2021,Washington,16,3404,433,145313
08/26/2021,Washington,15,3419,338,145651
08/27/2021,Washington,15,3434,288,145939
08/28/2021,Washington,6,3440,256,146195
08/29/2021,Washington,10,3450,344,146539
08/30/2021,Washington,12,3462,229,146768
08/31/2021,Washington,9,3471,209,146977
09/01/2021,Washington,15,3486,476,147453
09/02/2021,Washington,26,3512,349,147802
09/03/2021,Washington,15,3527,279,148081
09/04/2021,Washington,16,3543,274,148355
09/05/2021,Washington,16,3559,290,148645
09/06/2021,Washington,13,3572,305,148950
09/07/2021,Washington,18,3590,372,149322
09/08/2021,Washington,31,3621,384,149706
09/09/2021,Washington,29,3650,461,150167
09/10/2021,Washington,29,3679,489,150656
09/11/2021,Washington,41,3720,513,151169
09/12/2021,Washington,23,3743,337,151506
09/13/2021,Washington,22,3765,253,151759
09/14/2021,Washington,20,3785,398,152157
09/15/2021,Washington,29,3814,491,152648
09/16/2021,Washington,23,3837,546,153194
09/17/2021,Washington,17,3854,547,153741
09/18/2021,Washington,16,3870,801,154542
09/19/2021,Washington,15,3885,338,154880
09/20/2021,Washington,41,3926,553,155433
09/21/2021,Washington,19,3945,431,155864
09/22/2021,Washington,22,3967,637,156501
09/23/2021,Washington,31,3998,863,157364
09/24/2021,Washington,33,4031,642,158006
09/25/2021,Washington,27,4058,680,158686
09/26/2021,Washington,19,4077,379,159065
09/27/2021,Washington,23,4100,362,159427
09/28/2021,Washington,20,4120,414,159841
09/29/2021,Washington,29,4149,647,160488
09/30/2021,Washington,31,4180,978,161466
10/01/2021,Washington,16,4196,388,161854
10/02/2021,Washington,13,4209,458,162312
10/03/2021,Washington,6,4215,304,162616
10/04/2021,Washington,26,4241,355,162971
10/05/2021,Washington,25,4266,592,163563
10/06/2021,Washington,19,4285,487,164050
10/07/2021,Washington,28,4313,843,164893
10/08/2021,Washington,19,4332,529,165422
10/09/2021,Washington,5,4337,198,165620
10/10/2021,Washington,19,4356,621,166241
10/11/2021,Washington,27,4383,238,166479
10/12/2021,Washington,44,4427,572,167051
10/13/2021,Washington,28,4455,527,167578
10/14/2021,Washington,35,4490,525,168103
10/15/2021,Washington,29,4519,637,168740
10/16/2021,Washington,14,4533,577,169317
10/17/2021,Washington,13,4546,319,169636
10/18/2021,Washington,18,4564,200,169836
10/19/2021,Washington,23,4587,619,170455
10/20/2021,Washington,26,4613,697,171152
10/21/2021,Washington,28,4641,491,171643
10/22/2021,Washington,26,4667,657,172300
10/23/2021,Washington,17,4684,455,172755
03/01/2020,Wayne,0,0,0,0
03/02/2020,Wayne,0,0,0,0
03/03/2020,Wayne,0,0,0,0
03/04/2020,Wayne,0,0,0,0
03/05/2020,Wayne,0,0,0,0
03/06/2020,Wayne,0,0,0,0
03/07/2020,Wayne,0,0,0,0
03/08/2020,Wayne,0,0,0,0
03/09/2020,Wayne,0,0,0,0
03/10/2020,Wayne,0,0,0,0
03/11/2020,Wayne,0,0,0,0
03/12/2020,Wayne,0,0,0,0
03/13/2020,Wayne,0,0,2,2
03/14/2020,Wayne,0,0,1,3
03/15/2020,Wayne,0,0,3,6
03/16/2020,Wayne,0,0,3,9
03/17/2020,Wayne,0,0,10,19
03/18/2020,Wayne,1,1,15,34
03/19/2020,Wayne,0,1,21,55
03/20/2020,Wayne,2,3,13,68
03/21/2020,Wayne,0,3,9,77
03/22/2020,Wayne,3,6,14,91
03/23/2020,Wayne,0,6,17,108
03/24/2020,Wayne,1,7,15,123
03/25/2020,Wayne,1,8,37,160
03/26/2020,Wayne,3,11,27,187
03/27/2020,Wayne,1,12,32,219
03/28/2020,Wayne,0,12,13,232
03/29/2020,Wayne,3,15,24,256
03/30/2020,Wayne,4,19,28,284
03/31/2020,Wayne,5,24,33,317
04/01/2020,Wayne,3,27,28,345
04/02/2020,Wayne,3,30,28,373
04/03/2020,Wayne,0,30,35,408
04/04/2020,Wayne,2,32,24,432
04/05/2020,Wayne,2,34,15,447
04/06/2020,Wayne,1,35,31,478
04/07/2020,Wayne,4,39,46,524
04/08/2020,Wayne,0,39,34,558
04/09/2020,Wayne,2,41,34,592
04/10/2020,Wayne,1,42,17,609
04/11/2020,Wayne,0,42,7,616
04/12/2020,Wayne,0,42,8,624
04/13/2020,Wayne,6,48,39,663
04/14/2020,Wayne,0,48,20,683
04/15/2020,Wayne,1,49,12,695
04/16/2020,Wayne,0,49,7,702
04/17/2020,Wayne,0,49,7,709
04/18/2020,Wayne,1,50,6,715
04/19/2020,Wayne,0,50,2,717
04/20/2020,Wayne,1,51,8,725
04/21/2020,Wayne,1,52,16,741
04/22/2020,Wayne,1,53,13,754
04/23/2020,Wayne,0,53,12,766
04/24/2020,Wayne,12,65,257,1023
04/25/2020,Wayne,0,65,36,1059
04/26/2020,Wayne,4,69,28,1087
04/27/2020,Wayne,1,70,53,1140
04/28/2020,Wayne,0,70,45,1185
04/29/2020,Wayne,1,71,54,1239
04/30/2020,Wayne,0,71,56,1295
05/01/2020,Wayne,2,73,43,1338
05/02/2020,Wayne,2,75,86,1424
05/03/2020,Wayne,1,76,88,1512
05/04/2020,Wayne,2,78,66,1578
05/05/2020,Wayne,0,78,93,1671
05/06/2020,Wayne,0,78,93,1764
05/07/2020,Wayne,1,79,95,1859
05/08/2020,Wayne,0,79,63,1922
05/09/2020,Wayne,1,80,101,2023
05/10/2020,Wayne,1,81,72,2095
05/11/2020,Wayne,2,83,64,2159
05/12/2020,Wayne,1,84,168,2327
05/13/2020,Wayne,5,89,120,2447
05/14/2020,Wayne,2,91,110,2557
05/15/2020,Wayne,1,92,86,2643
05/16/2020,Wayne,4,96,118,2761
05/17/2020,Wayne,1,97,114,2875
05/18/2020,Wayne,1,98,128,3003
05/19/2020,Wayne,5,103,187,3190
05/20/2020,Wayne,0,103,155,3345
05/21/2020,Wayne,1,104,104,3449
05/22/2020,Wayne,3,107,163,3612
05/23/2020,Wayne,1,108,107,3719
05/24/2020,Wayne,1,109,106,3825
05/25/2020,Wayne,1,110,170,3995
05/26/2020,Wayne,0,110,339,4334
05/27/2020,Wayne,2,112,303,4637
05/28/2020,Wayne,1,113,290,4927
05/29/2020,Wayne,0,113,299,5226
05/30/2020,Wayne,2,115,284,5510
05/31/2020,Wayne,1,116,228,5738
06/01/2020,Wayne,0,116,216,5954
06/02/2020,Wayne,4,120,396,6350
06/03/2020,Wayne,1,121,468,6818
06/04/2020,Wayne,1,122,323,7141
06/05/2020,Wayne,1,123,409,7550
06/06/2020,Wayne,1,124,362,7912
06/07/2020,Wayne,1,125,322,8234
06/08/2020,Wayne,1,126,362,8596
06/09/2020,Wayne,0,126,388,8984
06/10/2020,Wayne,1,127,509,9493
06/11/2020,Wayne,2,129,460,9953
06/12/2020,Wayne,2,131,348,10301
06/13/2020,Wayne,2,133,363,10664
06/14/2020,Wayne,0,133,160,10824
06/15/2020,Wayne,1,134,456,11280
06/16/2020,Wayne,3,137,298,11578
06/17/2020,Wayne,2,139,184,11762
06/18/2020,Wayne,2,141,224,11986
06/19/2020,Wayne,2,143,280,12266
06/20/2020,Wayne,0,143,249,12515
06/21/2020,Wayne,0,143,239,12754
06/22/2020,Wayne,2,145,297,13051
06/23/2020,Wayne,5,150,305,13356
06/24/2020,Wayne,4,154,227,13583
06/25/2020,Wayne,5,159,171,13754
06/26/2020,Wayne,2,161,280,14034
06/27/2020,Wayne,1,162,246,14280
06/28/2020,Wayne,3,165,276,14556
06/29/2020,Wayne,5,170,334,14890
06/30/2020,Wayne,4,174,230,15120
07/01/2020,Wayne,2,176,298,15418
07/02/2020,Wayne,5,181,234,15652
07/03/2020,Wayne,2,183,269,15921
07/04/2020,Wayne,2,185,357,16278
07/05/2020,Wayne,1,186,259,16537
07/06/2020,Wayne,5,191,466,17003
07/07/2020,Wayne,2,193,270,17273
07/08/2020,Wayne,2,195,352,17625
07/09/2020,Wayne,6,201,354,17979
07/10/2020,Wayne,2,203,233,18212
07/11/2020,Wayne,2,205,325,18537
07/12/2020,Wayne,4,209,290,18827
07/13/2020,Wayne,5,214,285,19112
07/14/2020,Wayne,7,221,268,19380
07/15/2020,Wayne,2,223,370,19750
07/16/2020,Wayne,0,223,334,20084
07/17/2020,Wayne,2,225,430,20514
07/18/2020,Wayne,2,227,234,20748
07/19/2020,Wayne,1,228,274,21022
07/20/2020,Wayne,4,232,385,21407
07/21/2020,Wayne,4,236,343,21750
07/22/2020,Wayne,2,238,284,22034
07/23/2020,Wayne,1,239,414,22448
07/24/2020,Wayne,1,240,373,22821
07/25/2020,Wayne,1,241,363,23184
07/26/2020,Wayne,2,243,272,23456
07/27/2020,Wayne,0,243,356,23812
07/28/2020,Wayne,0,243,417,24229
07/29/2020,Wayne,0,243,355,24584
07/30/2020,Wayne,2,245,308,24892
07/31/2020,Wayne,0,245,458,25350
08/01/2020,Wayne,1,246,294,25644
08/02/2020,Wayne,1,247,224,25868
08/03/2020,Wayne,1,248,236,26104
08/04/2020,Wayne,0,248,304,26408
08/05/2020,Wayne,1,249,315,26723
08/06/2020,Wayne,0,249,346,27069
08/07/2020,Wayne,0,249,276,27345
08/08/2020,Wayne,1,250,417,27762
08/09/2020,Wayne,2,252,255,28017
08/10/2020,Wayne,0,252,257,28274
08/11/2020,Wayne,6,258,354,28628
08/12/2020,Wayne,5,263,535,29163
08/13/2020,Wayne,2,265,423,29586
08/14/2020,Wayne,4,269,369,29955
08/15/2020,Wayne,0,269,325,30280
08/16/2020,Wayne,0,269,273,30553
08/17/2020,Wayne,1,270,246,30799
08/18/2020,Wayne,0,270,364,31163
08/19/2020,Wayne,0,270,322,31485
08/20/2020,Wayne,2,272,475,31960
08/21/2020,Wayne,3,275,396,32356
08/22/2020,Wayne,0,275,393,32749
08/23/2020,Wayne,0,275,273,33022
08/24/2020,Wayne,0,275,200,33222
08/25/2020,Wayne,2,277,236,33458
08/26/2020,Wayne,2,279,438,33896
08/27/2020,Wayne,0,279,402,34298
08/28/2020,Wayne,1,280,335,34633
08/29/2020,Wayne,0,280,371,35004
08/30/2020,Wayne,0,280,215,35219
08/31/2020,Wayne,0,280,208,35427
09/01/2020,Wayne,1,281,271,35698
09/02/2020,Wayne,2,283,465,36163
09/03/2020,Wayne,5,288,417,36580
09/04/2020,Wayne,0,288,359,36939
09/05/2020,Wayne,3,291,340,37279
09/06/2020,Wayne,5,296,214,37493
09/07/2020,Wayne,0,296,166,37659
09/08/2020,Wayne,1,297,237,37896
09/09/2020,Wayne,1,298,272,38168
09/10/2020,Wayne,3,301,383,38551
09/11/2020,Wayne,0,301,426,38977
09/12/2020,Wayne,2,303,427,39404
09/13/2020,Wayne,0,303,243,39647
09/14/2020,Wayne,1,304,271,39918
09/15/2020,Wayne,0,304,297,40215
09/16/2020,Wayne,1,305,475,40690
09/17/2020,Wayne,1,306,352,41042
09/18/2020,Wayne,3,309,411,41453
09/19/2020,Wayne,1,310,446,41899
09/20/2020,Wayne,1,311,170,42069
09/21/2020,Wayne,0,311,418,42487
09/22/2020,Wayne,1,312,357,42844
09/23/2020,Wayne,2,314,448,43292
09/24/2020,Wayne,1,315,535,43827
09/25/2020,Wayne,1,316,586,44413
09/26/2020,Wayne,2,318,325,44738
09/27/2020,Wayne,2,320,262,45000
09/28/2020,Wayne,1,321,313,45313
09/29/2020,Wayne,2,323,402,45715
09/30/2020,Wayne,3,326,565,46280
10/01/2020,Wayne,5,331,452,46732
10/02/2020,Wayne,1,332,644,47376
10/03/2020,Wayne,0,332,343,47719
10/04/2020,Wayne,3,335,145,47864
10/05/2020,Wayne,2,337,411,48275
10/06/2020,Wayne,2,339,349,48624
10/07/2020,Wayne,8,347,470,49094
10/08/2020,Wayne,10,357,407,49501
10/09/2020,Wayne,4,361,507,50008
10/10/2020,Wayne,1,362,337,50345
10/11/2020,Wayne,3,365,331,50676
10/12/2020,Wayne,0,365,459,51135
10/13/2020,Wayne,2,367,306,51441
10/14/2020,Wayne,3,370,626,52067
10/15/2020,Wayne,3,373,362,52429
10/16/2020,Wayne,4,377,438,52867
10/17/2020,Wayne,2,379,296,53163
10/18/2020,Wayne,4,383,266,53429
10/19/2020,Wayne,3,386,321,53750
10/20/2020,Wayne,7,393,392,54142
10/21/2020,Wayne,7,400,384,54526
10/22/2020,Wayne,8,408,526,55052
10/23/2020,Wayne,24,432,520,55572
10/24/2020,Wayne,16,448,368,55940
10/25/2020,Wayne,23,471,367,56307
10/26/2020,Wayne,11,482,674,56981
10/27/2020,Wayne,6,488,388,57369
10/28/2020,Wayne,24,512,685,58054
10/29/2020,Wayne,18,530,686,58740
10/30/2020,Wayne,20,550,587,59327
10/31/2020,Wayne,11,561,339,59666
11/01/2020,Wayne,12,573,313,59979
11/02/2020,Wayne,15,588,486,60465
11/03/2020,Wayne,14,602,429,60894
11/04/2020,Wayne,20,622,764,61658
11/05/2020,Wayne,17,639,528,62186
11/06/2020,Wayne,16,655,617,62803
11/07/2020,Wayne,8,663,323,63126
11/08/2020,Wayne,13,676,324,63450
11/09/2020,Wayne,13,689,513,63963
11/10/2020,Wayne,15,704,468,64431
11/11/2020,Wayne,14,718,758,65189
11/12/2020,Wayne,17,735,549,65738
11/13/2020,Wayne,14,749,501,66239
11/14/2020,Wayne,8,757,335,66574
11/15/2020,Wayne,23,780,386,66960
11/16/2020,Wayne,28,808,522,67482
11/17/2020,Wayne,16,824,575,68057
11/18/2020,Wayne,30,854,795,68852
11/19/2020,Wayne,4,858,236,69088
11/20/2020,Wayne,43,901,797,69885
11/21/2020,Wayne,11,912,371,70256
11/22/2020,Wayne,55,967,1295,71551
11/23/2020,Wayne,16,983,650,72201
11/24/2020,Wayne,29,1012,483,72684
11/25/2020,Wayne,40,1052,589,73273
11/26/2020,Wayne,31,1083,777,74050
11/27/2020,Wayne,12,1095,532,74582
11/28/2020,Wayne,32,1127,541,75123
11/29/2020,Wayne,21,1148,701,75824
11/30/2020,Wayne,27,1175,487,76311
12/01/2020,Wayne,31,1206,717,77028
12/02/2020,Wayne,37,1243,621,77649
12/03/2020,Wayne,57,1300,646,78295
12/04/2020,Wayne,47,1347,879,79174
12/05/2020,Wayne,45,1392,672,79846
12/06/2020,Wayne,26,1418,354,80200
12/07/2020,Wayne,19,1437,435,80635
12/08/2020,Wayne,50,1487,568,81203
12/09/2020,Wayne,45,1532,904,82107
12/10/2020,Wayne,47,1579,623,82730
12/11/2020,Wayne,46,1625,785,83515
12/12/2020,Wayne,37,1662,667,84182
12/13/2020,Wayne,47,1709,956,85138
12/14/2020,Wayne,34,1743,504,85642
12/15/2020,Wayne,47,1790,455,86097
12/16/2020,Wayne,58,1848,760,86857
12/17/2020,Wayne,33,1881,646,87503
12/18/2020,Wayne,56,1937,765,88268
12/19/2020,Wayne,40,1977,700,88968
12/20/2020,Wayne,41,2018,634,89602
12/21/2020,Wayne,29,2047,596,90198
12/22/2020,Wayne,54,2101,759,90957
12/23/2020,Wayne,53,2154,591,91548
12/24/2020,Wayne,65,2219,1049,92597
12/25/2020,Wayne,43,2262,690,93287
12/26/2020,Wayne,26,2288,472,93759
12/27/2020,Wayne,64,2352,464,94223
12/28/2020,Wayne,44,2396,581,94804
12/29/2020,Wayne,81,2477,696,95500
12/30/2020,Wayne,82,2559,697,96197
12/31/2020,Wayne,73,2632,1137,97334
01/01/2021,Wayne,68,2700,709,98043
01/02/2021,Wayne,68,2768,630,98673
01/03/2021,Wayne,59,2827,459,99132
01/04/2021,Wayne,59,2886,438,99570
01/05/2021,Wayne,56,2942,594,100164
01/06/2021,Wayne,87,3029,917,101081
01/07/2021,Wayne,100,3129,1046,102127
01/08/2021,Wayne,63,3192,766,102893
01/09/2021,Wayne,85,3277,866,103759
01/10/2021,Wayne,33,3310,597,104356
01/11/2021,Wayne,42,3352,504,104860
01/12/2021,Wayne,43,3395,622,105482
01/13/2021,Wayne,53,3448,808,106290
01/14/2021,Wayne,79,3527,1081,107371
01/15/2021,Wayne,41,3568,943,108314
01/16/2021,Wayne,38,3606,727,109041
01/17/2021,Wayne,40,3646,596,109637
01/18/2021,Wayne,42,3688,588,110225
01/19/2021,Wayne,34,3722,491,110716
01/20/2021,Wayne,51,3773,620,111336
01/21/2021,Wayne,38,3811,825,112161
01/22/2021,Wayne,34,3845,648,112809
01/23/2021,Wayne,54,3899,678,113487
01/24/2021,Wayne,31,3930,498,113985
01/25/2021,Wayne,31,3961,778,114763
01/26/2021,Wayne,31,3992,482,115245
01/27/2021,Wayne,31,4023,758,116003
01/28/2021,Wayne,29,4052,780,116783
01/29/2021,Wayne,21,4073,648,117431
01/30/2021,Wayne,28,4101,702,118133
01/31/2021,Wayne,24,4125,502,118635
02/01/2021,Wayne,11,4136,338,118973
02/02/2021,Wayne,17,4153,511,119484
02/03/2021,Wayne,14,4167,676,120160
02/04/2021,Wayne,16,4183,516,120676
02/05/2021,Wayne,18,4201,765,121441
02/06/2021,Wayne,6,4207,638,122079
02/07/2021,Wayne,16,4223,556,122635
02/08/2021,Wayne,9,4232,211,122846
02/09/2021,Wayne,19,4251,587,123433
02/10/2021,Wayne,22,4273,695,124128
02/11/2021,Wayne,7,4280,439,124567
02/12/2021,Wayne,18,4298,719,125286
02/13/2021,Wayne,10,4308,568,125854
02/14/2021,Wayne,8,4316,439,126293
02/15/2021,Wayne,6,4322,400,126693
02/16/2021,Wayne,11,4333,458,127151
02/17/2021,Wayne,11,4344,487,127638
02/18/2021,Wayne,9,4353,544,128182
02/19/2021,Wayne,17,4370,551,128733
02/20/2021,Wayne,12,4382,725,129458
02/21/2021,Wayne,6,4388,324,129782
02/22/2021,Wayne,10,4398,328,130110
02/23/2021,Wayne,11,4409,612,130722
02/24/2021,Wayne,16,4425,594,131316
02/25/2021,Wayne,8,4433,500,131816
02/26/2021,Wayne,18,4451,747,132563
02/27/2021,Wayne,13,4464,664,133227
02/28/2021,Wayne,9,4473,465,133692
03/01/2021,Wayne,9,4482,210,133902
03/02/2021,Wayne,13,4495,628,134530
03/03/2021,Wayne,15,4510,516,135046
03/04/2021,Wayne,12,4522,788,135834
03/05/2021,Wayne,6,4528,571,136405
03/06/2021,Wayne,12,4540,635,137040
03/07/2021,Wayne,12,4552,398,137438
03/08/2021,Wayne,6,4558,310,137748
03/09/2021,Wayne,7,4565,542,138290
03/10/2021,Wayne,20,4585,573,138863
03/11/2021,Wayne,13,4598,747,139610
03/12/2021,Wayne,9,4607,629,140239
03/13/2021,Wayne,13,4620,712,140951
03/14/2021,Wayne,11,4631,420,141371
03/15/2021,Wayne,6,4637,323,141694
03/16/2021,Wayne,10,4647,516,142210
03/17/2021,Wayne,11,4658,644,142854
03/18/2021,Wayne,7,4665,743,143597
03/19/2021,Wayne,18,4683,609,144206
03/20/2021,Wayne,15,4698,669,144875
03/21/2021,Wayne,4,4702,447,145322
03/22/2021,Wayne,15,4717,398,145720
03/23/2021,Wayne,6,4723,642,146362
03/24/2021,Wayne,19,4742,846,147208
03/25/2021,Wayne,14,4756,782,147990
03/26/2021,Wayne,25,4781,716,148706
03/27/2021,Wayne,14,4795,771,149477
03/28/2021,Wayne,15,4810,521,149998
03/29/2021,Wayne,17,4827,283,150281
03/30/2021,Wayne,15,4842,562,150843
03/31/2021,Wayne,20,4862,557,151400
04/01/2021,Wayne,25,4887,925,152325
04/02/2021,Wayne,14,4901,654,152979
04/03/2021,Wayne,16,4917,753,153732
04/04/2021,Wayne,28,4945,325,154057
04/05/2021,Wayne,12,4957,273,154330
04/06/2021,Wayne,25,4982,711,155041
04/07/2021,Wayne,20,5002,625,155666
04/08/2021,Wayne,53,5055,1094,156760
04/09/2021,Wayne,29,5084,755,157515
04/10/2021,Wayne,21,5105,831,158346
04/11/2021,Wayne,14,5119,337,158683
04/12/2021,Wayne,20,5139,344,159027
04/13/2021,Wayne,15,5154,633,159660
04/14/2021,Wayne,42,5196,918,160578
04/15/2021,Wayne,17,5213,687,161265
04/16/2021,Wayne,33,5246,658,161923
04/17/2021,Wayne,14,5260,989,162912
04/18/2021,Wayne,12,5272,426,163338
04/19/2021,Wayne,13,5285,284,163622
04/20/2021,Wayne,19,5304,562,164184
04/21/2021,Wayne,25,5329,635,164819
04/22/2021,Wayne,15,5344,874,165693
04/23/2021,Wayne,15,5359,673,166366
04/24/2021,Wayne,18,5377,741,167107
04/25/2021,Wayne,10,5387,471,167578
04/26/2021,Wayne,10,5397,384,167962
04/27/2021,Wayne,14,5411,572,168534
04/28/2021,Wayne,11,5422,659,169193
04/29/2021,Wayne,20,5442,939,170132
04/30/2021,Wayne,15,5457,627,170759
05/01/2021,Wayne,14,5471,682,171441
05/02/2021,Wayne,14,5485,387,171828
05/03/2021,Wayne,9,5494,327,172155
05/04/2021,Wayne,19,5513,607,172762
05/05/2021,Wayne,18,5531,673,173435
05/06/2021,Wayne,15,5546,864,174299
05/07/2021,Wayne,14,5560,790,175089
05/08/2021,Wayne,26,5586,588,175677
05/09/2021,Wayne,7,5593,449,176126
05/10/2021,Wayne,9,5602,304,176430
05/11/2021,Wayne,11,5613,673,177103
05/12/2021,Wayne,9,5622,763,177866
05/13/2021,Wayne,14,5636,592,178458
05/14/2021,Wayne,14,5650,782,179240
05/15/2021,Wayne,10,5660,383,179623
05/16/2021,Wayne,4,5664,293,179916
05/17/2021,Wayne,16,5680,564,180480
05/18/2021,Wayne,5,5685,545,181025
05/19/2021,Wayne,16,5701,741,181766
05/20/2021,Wayne,10,5711,513,182279
05/21/2021,Wayne,7,5718,604,182883
05/22/2021,Wayne,5,5723,458,183341
05/23/2021,Wayne,5,5728,476,183817
05/24/2021,Wayne,4,5732,221,184038
05/25/2021,Wayne,2,5734,433,184471
05/26/2021,Wayne,3,5737,497,184968
05/27/2021,Wayne,0,5737,739,185707
05/28/2021,Wayne,2,5739,443,186150
05/29/2021,Wayne,4,5743,533,186683
05/30/2021,Wayne,2,5745,259,186942
05/31/2021,Wayne,0,5745,144,187086
06/01/2021,Wayne,1,5746,316,187402
06/02/2021,Wayne,1,5747,661,188063
06/03/2021,Wayne,5,5752,626,188689
06/04/2021,Wayne,6,5758,508,189197
06/05/2021,Wayne,3,5761,553,189750
06/06/2021,Wayne,3,5764,274,190024
06/07/2021,Wayne,1,5765,226,190250
06/08/2021,Wayne,1,5766,412,190662
06/09/2021,Wayne,2,5768,485,191147
06/10/2021,Wayne,7,5775,467,191614
06/11/2021,Wayne,3,5778,470,192084
06/12/2021,Wayne,3,5781,429,192513
06/13/2021,Wayne,1,5782,253,192766
06/14/2021,Wayne,1,5783,207,192973
06/15/2021,Wayne,0,5783,317,193290
06/16/2021,Wayne,0,5783,300,193590
06/17/2021,Wayne,0,5783,258,193848
06/18/2021,Wayne,2,5785,330,194178
06/19/2021,Wayne,0,5785,256,194434
06/20/2021,Wayne,1,5786,163,194597
06/21/2021,Wayne,1,5787,141,194738
06/22/2021,Wayne,4,5791,326,195064
06/23/2021,Wayne,1,5792,269,195333
06/24/2021,Wayne,1,5793,221,195554
06/25/2021,Wayne,0,5793,260,195814
06/26/2021,Wayne,1,5794,218,196032
06/27/2021,Wayne,0,5794,98,196130
06/28/2021,Wayne,0,5794,174,196304
06/29/2021,Wayne,2,5796,220,196524
06/30/2021,Wayne,0,5796,213,196737
07/01/2021,Wayne,1,5797,176,196913
07/02/2021,Wayne,0,5797,173,197086
07/03/2021,Wayne,1,5798,214,197300
07/04/2021,Wayne,2,5800,184,197484
07/05/2021,Wayne,0,5800,78,197562
07/06/2021,Wayne,0,5800,107,197669
07/07/2021,Wayne,1,5801,204,197873
07/08/2021,Wayne,2,5803,250,198123
07/09/2021,Wayne,1,5804,210,198333
07/10/2021,Wayne,1,5805,199,198532
07/11/2021,Wayne,0,5805,128,198660
07/12/2021,Wayne,1,5806,103,198763
07/13/2021,Wayne,0,5806,166,198929
07/14/2021,Wayne,0,5806,208,199137
07/15/2021,Wayne,0,5806,180,199317
07/16/2021,Wayne,0,5806,129,199446
07/17/2021,Wayne,0,5806,147,199593
07/18/2021,Wayne,3,5809,105,199698
07/19/2021,Wayne,2,5811,104,199802
07/20/2021,Wayne,0,5811,167,199969
07/21/2021,Wayne,3,5814,165,200134
07/22/2021,Wayne,1,5815,172,200306
07/23/2021,Wayne,3,5818,146,200452
07/24/2021,Wayne,7,5825,162,200614
07/25/2021,Wayne,4,5829,82,200696
07/26/2021,Wayne,3,5832,129,200825
07/27/2021,Wayne,9,5841,218,201043
07/28/2021,Wayne,4,5845,176,201219
07/29/2021,Wayne,3,5848,186,201405
07/30/2021,Wayne,5,5853,214,201619
07/31/2021,Wayne,11,5864,162,201781
08/01/2021,Wayne,2,5866,142,201923
08/02/2021,Wayne,2,5868,115,202038
08/03/2021,Wayne,12,5880,195,202233
08/04/2021,Wayne,7,5887,203,202436
08/05/2021,Wayne,22,5909,341,202777
08/06/2021,Wayne,18,5927,305,203082
08/07/2021,Wayne,5,5932,178,203260
08/08/2021,Wayne,12,5944,166,203426
08/09/2021,Wayne,8,5952,173,203599
08/10/2021,Wayne,13,5965,261,203860
08/11/2021,Wayne,11,5976,461,204321
08/12/2021,Wayne,21,5997,415,204736
08/13/2021,Wayne,12,6009,361,205097
08/14/2021,Wayne,14,6023,367,205464
08/15/2021,Wayne,19,6042,193,205657
08/16/2021,Wayne,25,6067,292,205949
08/17/2021,Wayne,8,6075,302,206251
08/18/2021,Wayne,17,6092,476,206727
08/19/2021,Wayne,31,6123,418,207145
08/20/2021,Wayne,11,6134,434,207579
08/21/2021,Wayne,24,6158,378,207957
08/22/2021,Wayne,16,6174,574,208531
08/23/2021,Wayne,8,6182,208,208739
08/24/2021,Wayne,25,6207,403,209142
08/25/2021,Wayne,22,6229,381,209523
08/26/2021,Wayne,34,6263,501,210024
08/27/2021,Wayne,18,6281,521,210545
08/28/2021,Wayne,23,6304,597,211142
08/29/2021,Wayne,21,6325,278,211420
08/30/2021,Wayne,10,6335,235,211655
08/31/2021,Wayne,20,6355,686,212341
09/01/2021,Wayne,24,6379,481,212822
09/02/2021,Wayne,19,6398,413,213235
09/03/2021,Wayne,17,6415,446,213681
09/04/2021,Wayne,17,6432,477,214158
09/05/2021,Wayne,20,6452,219,214377
09/06/2021,Wayne,24,6476,260,214637
09/07/2021,Wayne,20,6496,205,214842
09/08/2021,Wayne,26,6522,764,215606
09/09/2021,Wayne,24,6546,658,216264
09/10/2021,Wayne,42,6588,654,216918
09/11/2021,Wayne,44,6632,742,217660
09/12/2021,Wayne,18,6650,387,218047
09/13/2021,Wayne,28,6678,277,218324
09/14/2021,Wayne,39,6717,675,218999
09/15/2021,Wayne,47,6764,805,219804
09/16/2021,Wayne,40,6804,609,220413
09/17/2021,Wayne,32,6836,634,221047
09/18/2021,Wayne,32,6868,523,221570
09/19/2021,Wayne,36,6904,508,222078
09/20/2021,Wayne,35,6939,618,222696
09/21/2021,Wayne,34,6973,770,223466
09/22/2021,Wayne,40,7013,774,224240
09/23/2021,Wayne,30,7043,768,225008
09/24/2021,Wayne,56,7099,921,225929
09/25/2021,Wayne,29,7128,498,226427
09/26/2021,Wayne,39,7167,582,227009
09/27/2021,Wayne,28,7195,521,227530
09/28/2021,Wayne,24,7219,680,228210
09/29/2021,Wayne,41,7260,743,228953
09/30/2021,Wayne,45,7305,691,229644
10/01/2021,Wayne,39,7344,636,230280
10/02/2021,Wayne,41,7385,678,230958
10/03/2021,Wayne,33,7418,896,231854
10/04/2021,Wayne,18,7436,445,232299
10/05/2021,Wayne,50,7486,777,233076
10/06/2021,Wayne,62,7548,1010,234086
10/07/2021,Wayne,46,7594,644,234730
10/08/2021,Wayne,47,7641,840,235570
10/09/2021,Wayne,31,7672,513,236083
10/10/2021,Wayne,60,7732,1038,237121
10/11/2021,Wayne,44,7776,350,237471
10/12/2021,Wayne,51,7827,584,238055
10/13/2021,Wayne,61,7888,894,238949
10/14/2021,Wayne,56,7944,710,239659
10/15/2021,Wayne,38,7982,816,240475
10/16/2021,Wayne,36,8018,674,241149
10/17/2021,Wayne,56,8074,534,241683
10/18/2021,Wayne,29,8103,430,242113
10/19/2021,Wayne,37,8140,629,242742
10/20/2021,Wayne,27,8167,771,243513
10/21/2021,Wayne,35,8202,716,244229
10/22/2021,Wayne,49,8251,648,244877
10/23/2021,Wayne,27,8278,445,245322
03/01/2020,Westchester,0,0,0,0
03/02/2020,Westchester,1,1,1,1
03/03/2020,Westchester,0,1,1,2
03/04/2020,Westchester,0,1,0,2
03/05/2020,Westchester,19,20,42,44
03/06/2020,Westchester,0,20,9,53
03/07/2020,Westchester,22,42,110,163
03/08/2020,Westchester,18,60,207,370
03/09/2020,Westchester,42,102,222,592
03/10/2020,Westchester,9,111,177,769
03/11/2020,Westchester,21,132,183,952
03/12/2020,Westchester,19,151,108,1060
03/13/2020,Westchester,20,171,209,1269
03/14/2020,Westchester,11,182,220,1489
03/15/2020,Westchester,41,223,372,1861
03/16/2020,Westchester,157,380,1219,3080
03/17/2020,Westchester,158,538,1026,4106
03/18/2020,Westchester,261,799,1588,5694
03/19/2020,Westchester,292,1091,1483,7177
03/20/2020,Westchester,296,1387,1459,8636
03/21/2020,Westchester,486,1873,2011,10647
03/22/2020,Westchester,1021,2894,4037,14684
03/23/2020,Westchester,997,3891,3282,17966
03/24/2020,Westchester,800,4691,2371,20337
03/25/2020,Westchester,1253,5944,5951,26288
03/26/2020,Westchester,1243,7187,3227,29515
03/27/2020,Westchester,688,7875,1588,31103
03/28/2020,Westchester,644,8519,1410,32513
03/29/2020,Westchester,807,9326,1595,34108
03/30/2020,Westchester,641,9967,1515,35623
03/31/2020,Westchester,716,10683,1567,37190
04/01/2020,Westchester,884,11567,1891,39081
04/02/2020,Westchester,784,12351,1632,40713
04/03/2020,Westchester,730,13081,1621,42334
04/04/2020,Westchester,642,13723,1621,43955
04/05/2020,Westchester,571,14294,1398,45353
04/06/2020,Westchester,510,14804,1348,46701
04/07/2020,Westchester,1083,15887,2647,49348
04/08/2020,Westchester,1117,17004,2889,52237
04/09/2020,Westchester,1073,18077,2911,55148
04/10/2020,Westchester,652,18729,1679,56827
04/11/2020,Westchester,584,19313,1472,58299
04/12/2020,Westchester,473,19786,1163,59462
04/13/2020,Westchester,405,20191,1145,60607
04/14/2020,Westchester,756,20947,2019,62626
04/15/2020,Westchester,881,21828,2642,65268
04/16/2020,Westchester,648,22476,2042,67310
04/17/2020,Westchester,703,23179,2298,69608
04/18/2020,Westchester,624,23803,2133,71741
04/19/2020,Westchester,503,24306,1599,73340
04/20/2020,Westchester,350,24656,1208,74548
04/21/2020,Westchester,620,25276,2016,76564
04/22/2020,Westchester,683,25959,2317,78881
04/23/2020,Westchester,674,26633,2672,81553
04/24/2020,Westchester,598,27231,2468,84021
04/25/2020,Westchester,433,27664,1951,85972
04/26/2020,Westchester,343,28007,1764,87736
04/27/2020,Westchester,238,28245,1408,89144
04/28/2020,Westchester,381,28626,1843,90987
04/29/2020,Westchester,344,28970,1842,92829
04/30/2020,Westchester,262,29232,1613,94442
05/01/2020,Westchester,394,29626,2359,96801
05/02/2020,Westchester,258,29884,1809,98610
05/03/2020,Westchester,213,30097,1662,100272
05/04/2020,Westchester,143,30240,1225,101497
05/05/2020,Westchester,186,30426,1434,102931
05/06/2020,Westchester,282,30708,2311,105242
05/07/2020,Westchester,197,30905,2224,107466
05/08/2020,Westchester,182,31087,1936,109402
05/09/2020,Westchester,207,31294,1940,111342
05/10/2020,Westchester,90,31384,1321,112663
05/11/2020,Westchester,88,31472,984,113647
05/12/2020,Westchester,139,31611,1925,115572
05/13/2020,Westchester,181,31792,2450,118022
05/14/2020,Westchester,151,31943,2024,120046
05/15/2020,Westchester,154,32097,2059,122105
05/16/2020,Westchester,127,32224,1940,124045
05/17/2020,Westchester,99,32323,1326,125371
05/18/2020,Westchester,79,32402,1125,126496
05/19/2020,Westchester,115,32517,1867,128363
05/20/2020,Westchester,156,32673,2671,131034
05/21/2020,Westchester,94,32767,2350,133384
05/22/2020,Westchester,114,32881,3234,136618
05/23/2020,Westchester,87,32968,2542,139160
05/24/2020,Westchester,81,33049,2323,141483
05/25/2020,Westchester,58,33107,1695,143178
05/26/2020,Westchester,79,33186,2207,145385
05/27/2020,Westchester,107,33293,3266,148651
05/28/2020,Westchester,56,33349,3203,151854
05/29/2020,Westchester,80,33429,3388,155242
05/30/2020,Westchester,52,33481,3290,158532
05/31/2020,Westchester,71,33552,3376,161908
06/01/2020,Westchester,81,33633,3183,165091
06/02/2020,Westchester,58,33691,3253,168344
06/03/2020,Westchester,76,33767,3524,171868
06/04/2020,Westchester,87,33854,4216,176084
06/05/2020,Westchester,70,33924,3979,180063
06/06/2020,Westchester,30,33954,3162,183225
06/07/2020,Westchester,46,34000,3336,186561
06/08/2020,Westchester,35,34035,2577,189138
06/09/2020,Westchester,41,34076,3304,192442
06/10/2020,Westchester,30,34106,3494,195936
06/11/2020,Westchester,69,34175,4954,200890
06/12/2020,Westchester,78,34253,5099,205989
06/13/2020,Westchester,37,34290,3399,209388
06/14/2020,Westchester,37,34327,3594,212982
06/15/2020,Westchester,31,34358,3204,216186
06/16/2020,Westchester,27,34385,3189,219375
06/17/2020,Westchester,24,34409,3998,223373
06/18/2020,Westchester,46,34455,4521,227894
06/19/2020,Westchester,31,34486,3624,231518
06/20/2020,Westchester,35,34521,3879,235397
06/21/2020,Westchester,36,34557,3794,239191
06/22/2020,Westchester,24,34581,2844,242035
06/23/2020,Westchester,16,34597,2320,244355
06/24/2020,Westchester,45,34642,4611,248966
06/25/2020,Westchester,58,34700,4127,253093
06/26/2020,Westchester,48,34748,4520,257613
06/27/2020,Westchester,32,34780,3087,260700
06/28/2020,Westchester,18,34798,2560,263260
06/29/2020,Westchester,40,34838,3702,266962
06/30/2020,Westchester,28,34866,3730,270692
07/01/2020,Westchester,46,34912,4469,275161
07/02/2020,Westchester,68,34980,4827,279988
07/03/2020,Westchester,40,35020,3437,283425
07/04/2020,Westchester,23,35043,4519,287944
07/05/2020,Westchester,41,35084,3639,291583
07/06/2020,Westchester,22,35106,3586,295169
07/07/2020,Westchester,48,35154,3387,298556
07/08/2020,Westchester,29,35183,4843,303399
07/09/2020,Westchester,43,35226,5182,308581
07/10/2020,Westchester,34,35260,4293,312874
07/11/2020,Westchester,37,35297,3958,316832
07/12/2020,Westchester,30,35327,3238,320070
07/13/2020,Westchester,39,35366,3851,323921
07/14/2020,Westchester,28,35394,3598,327519
07/15/2020,Westchester,28,35422,4364,331883
07/16/2020,Westchester,41,35463,4989,336872
07/17/2020,Westchester,40,35503,4669,341541
07/18/2020,Westchester,12,35515,3004,344545
07/19/2020,Westchester,36,35551,3104,347649
07/20/2020,Westchester,36,35587,3044,350693
07/21/2020,Westchester,49,35636,4198,354891
07/22/2020,Westchester,31,35667,4000,358891
07/23/2020,Westchester,33,35700,4805,363696
07/24/2020,Westchester,38,35738,4045,367741
07/25/2020,Westchester,39,35777,3149,370890
07/26/2020,Westchester,22,35799,3937,374827
07/27/2020,Westchester,39,35838,3847,378674
07/28/2020,Westchester,36,35874,3393,382067
07/29/2020,Westchester,39,35913,4552,386619
07/30/2020,Westchester,20,35933,3133,389752
07/31/2020,Westchester,41,35974,4465,394217
08/01/2020,Westchester,24,35998,3363,397580
08/02/2020,Westchester,16,36014,2919,400499
08/03/2020,Westchester,35,36049,4310,404809
08/04/2020,Westchester,26,36075,4340,409149
08/05/2020,Westchester,32,36107,4246,413395
08/06/2020,Westchester,29,36136,3794,417189
08/07/2020,Westchester,44,36180,4021,421210
08/08/2020,Westchester,25,36205,4018,425228
08/09/2020,Westchester,28,36233,3572,428800
08/10/2020,Westchester,39,36272,4879,433679
08/11/2020,Westchester,52,36324,4970,438649
08/12/2020,Westchester,33,36357,4767,443416
08/13/2020,Westchester,45,36402,4340,447756
08/14/2020,Westchester,33,36435,5397,453153
08/15/2020,Westchester,18,36453,5180,458333
08/16/2020,Westchester,33,36486,3985,462318
08/17/2020,Westchester,54,36540,4984,467302
08/18/2020,Westchester,23,36563,4578,471880
08/19/2020,Westchester,23,36586,5147,477027
08/20/2020,Westchester,35,36621,5357,482384
08/21/2020,Westchester,30,36651,6410,488794
08/22/2020,Westchester,38,36689,4646,493440
08/23/2020,Westchester,21,36710,3977,497417
08/24/2020,Westchester,32,36742,3725,501142
08/25/2020,Westchester,38,36780,4334,505476
08/26/2020,Westchester,45,36825,5279,510755
08/27/2020,Westchester,38,36863,4891,515646
08/28/2020,Westchester,32,36895,5080,520726
08/29/2020,Westchester,54,36949,5745,526471
08/30/2020,Westchester,35,36984,4143,530614
08/31/2020,Westchester,37,37021,4338,534952
09/01/2020,Westchester,36,37057,4422,539374
09/02/2020,Westchester,49,37106,5469,544843
09/03/2020,Westchester,46,37152,5292,550135
09/04/2020,Westchester,53,37205,5401,555536
09/05/2020,Westchester,41,37246,5013,560549
09/06/2020,Westchester,31,37277,3619,564168
09/07/2020,Westchester,37,37314,3039,567207
09/08/2020,Westchester,41,37355,3322,570529
09/09/2020,Westchester,50,37405,4394,574923
09/10/2020,Westchester,49,37454,4849,579772
09/11/2020,Westchester,32,37486,4795,584567
09/12/2020,Westchester,45,37531,3976,588543
09/13/2020,Westchester,40,37571,3371,591914
09/14/2020,Westchester,30,37601,4081,595995
09/15/2020,Westchester,33,37634,4896,600891
09/16/2020,Westchester,38,37672,4826,605717
09/17/2020,Westchester,46,37718,4825,610542
09/18/2020,Westchester,37,37755,5740,616282
09/19/2020,Westchester,46,37801,5776,622058
09/20/2020,Westchester,36,37837,3507,625565
09/21/2020,Westchester,29,37866,4373,629938
09/22/2020,Westchester,37,37903,3880,633818
09/23/2020,Westchester,45,37948,4839,638657
09/24/2020,Westchester,53,38001,5209,643866
09/25/2020,Westchester,50,38051,5411,649277
09/26/2020,Westchester,47,38098,5203,654480
09/27/2020,Westchester,35,38133,2944,657424
09/28/2020,Westchester,49,38182,4215,661639
09/29/2020,Westchester,57,38239,3993,665632
09/30/2020,Westchester,61,38300,5027,670659
10/01/2020,Westchester,46,38346,6018,676677
10/02/2020,Westchester,85,38431,6800,683477
10/03/2020,Westchester,44,38475,5443,688920
10/04/2020,Westchester,40,38515,4438,693358
10/05/2020,Westchester,52,38567,4267,697625
10/06/2020,Westchester,61,38628,5097,702722
10/07/2020,Westchester,66,38694,7634,710356
10/08/2020,Westchester,77,38771,7257,717613
10/09/2020,Westchester,76,38847,7337,724950
10/10/2020,Westchester,47,38894,5815,730765
10/11/2020,Westchester,107,39001,5332,736097
10/12/2020,Westchester,63,39064,4990,741087
10/13/2020,Westchester,54,39118,5661,746748
10/14/2020,Westchester,82,39200,6575,753323
10/15/2020,Westchester,88,39288,7113,760436
10/16/2020,Westchester,110,39398,7386,767822
10/17/2020,Westchester,78,39476,5852,773674
10/18/2020,Westchester,72,39548,4893,778567
10/19/2020,Westchester,68,39616,4171,782738
10/20/2020,Westchester,78,39694,4962,787700
10/21/2020,Westchester,95,39789,7568,795268
10/22/2020,Westchester,101,39890,7241,802509
10/23/2020,Westchester,151,40041,7199,809708
10/24/2020,Westchester,90,40131,5455,815163
10/25/2020,Westchester,71,40202,4502,819665
10/26/2020,Westchester,120,40322,5760,825425
10/27/2020,Westchester,116,40438,6312,831737
10/28/2020,Westchester,116,40554,7381,839118
10/29/2020,Westchester,127,40681,7446,846564
10/30/2020,Westchester,116,40797,6188,852752
10/31/2020,Westchester,149,40946,7355,860107
11/01/2020,Westchester,115,41061,5095,865202
11/02/2020,Westchester,165,41226,6484,871686
11/03/2020,Westchester,134,41360,6358,878044
11/04/2020,Westchester,182,41542,7790,885834
11/05/2020,Westchester,178,41720,7653,893487
11/06/2020,Westchester,234,41954,8184,901671
11/07/2020,Westchester,225,42179,6606,908277
11/08/2020,Westchester,275,42454,6601,914878
11/09/2020,Westchester,242,42696,5528,920406
11/10/2020,Westchester,244,42940,7158,927564
11/11/2020,Westchester,352,43292,8163,935727
11/12/2020,Westchester,364,43656,9137,944864
11/13/2020,Westchester,437,44093,9495,954359
11/14/2020,Westchester,253,44346,6983,961342
11/15/2020,Westchester,230,44576,6167,967509
11/16/2020,Westchester,399,44975,8953,976462
11/17/2020,Westchester,360,45335,7332,983794
11/18/2020,Westchester,337,45672,9771,993565
11/19/2020,Westchester,392,46064,10253,1003818
11/20/2020,Westchester,405,46469,9588,1013406
11/21/2020,Westchester,372,46841,9875,1023281
11/22/2020,Westchester,421,47262,8343,1031624
11/23/2020,Westchester,370,47632,9218,1040842
11/24/2020,Westchester,332,47964,7831,1048673
11/25/2020,Westchester,477,48441,12005,1060678
11/26/2020,Westchester,661,49102,12603,1073281
11/27/2020,Westchester,544,49646,10790,1084071
11/28/2020,Westchester,464,50110,9875,1093946
11/29/2020,Westchester,583,50693,9975,1103921
11/30/2020,Westchester,527,51220,9934,1113855
12/01/2020,Westchester,570,51790,10852,1124707
12/02/2020,Westchester,628,52418,11945,1136652
12/03/2020,Westchester,768,53186,11541,1148193
12/04/2020,Westchester,758,53944,10979,1159172
12/05/2020,Westchester,727,54671,11471,1170643
12/06/2020,Westchester,516,55187,8468,1179111
12/07/2020,Westchester,610,55797,9280,1188391
12/08/2020,Westchester,575,56372,9502,1197893
12/09/2020,Westchester,623,56995,10337,1208230
12/10/2020,Westchester,611,57606,10385,1218615
12/11/2020,Westchester,638,58244,11443,1230058
12/12/2020,Westchester,593,58837,11188,1241246
12/13/2020,Westchester,594,59431,9287,1250533
12/14/2020,Westchester,560,59991,9436,1259969
12/15/2020,Westchester,549,60540,8417,1268386
12/16/2020,Westchester,571,61111,9593,1277979
12/17/2020,Westchester,716,61827,12949,1290928
12/18/2020,Westchester,578,62405,9478,1300406
12/19/2020,Westchester,535,62940,8495,1308901
12/20/2020,Westchester,433,63373,8236,1317137
12/21/2020,Westchester,536,63909,8910,1326047
12/22/2020,Westchester,651,64560,11368,1337415
12/23/2020,Westchester,577,65137,11657,1349072
12/24/2020,Westchester,714,65851,12449,1361521
12/25/2020,Westchester,554,66405,11047,1372568
12/26/2020,Westchester,432,66837,8332,1380900
12/27/2020,Westchester,551,67388,7426,1388326
12/28/2020,Westchester,543,67931,8530,1396856
12/29/2020,Westchester,771,68702,8701,1405557
12/30/2020,Westchester,959,69661,12987,1418544
12/31/2020,Westchester,953,70614,12185,1430729
01/01/2021,Westchester,1013,71627,12775,1443504
01/02/2021,Westchester,591,72218,8333,1451837
01/03/2021,Westchester,544,72762,7180,1459017
01/04/2021,Westchester,619,73381,8878,1467895
01/05/2021,Westchester,776,74157,10826,1478721
01/06/2021,Westchester,1019,75176,13201,1491922
01/07/2021,Westchester,913,76089,12329,1504251
01/08/2021,Westchester,853,76942,12578,1516829
01/09/2021,Westchester,789,77731,12051,1528880
01/10/2021,Westchester,803,78534,11381,1540261
01/11/2021,Westchester,872,79406,11069,1551330
01/12/2021,Westchester,740,80146,9860,1561190
01/13/2021,Westchester,723,80869,10720,1571910
01/14/2021,Westchester,1113,81982,16024,1587934
01/15/2021,Westchester,951,82933,15342,1603276
01/16/2021,Westchester,775,83708,12309,1615585
01/17/2021,Westchester,712,84420,10771,1626356
01/18/2021,Westchester,600,85020,9769,1636125
01/19/2021,Westchester,703,85723,9638,1645763
01/20/2021,Westchester,923,86646,12663,1658426
01/21/2021,Westchester,924,87570,13629,1672055
01/22/2021,Westchester,834,88404,13024,1685079
01/23/2021,Westchester,821,89225,14160,1699239
01/24/2021,Westchester,804,90029,12366,1711605
01/25/2021,Westchester,636,90665,8951,1720556
01/26/2021,Westchester,558,91223,8454,1729010
01/27/2021,Westchester,839,92062,13809,1742819
01/28/2021,Westchester,732,92794,13954,1756773
01/29/2021,Westchester,791,93585,13379,1770152
01/30/2021,Westchester,629,94214,11890,1782042
01/31/2021,Westchester,484,94698,9801,1791843
02/01/2021,Westchester,605,95303,10522,1802365
02/02/2021,Westchester,339,95642,5737,1808102
02/03/2021,Westchester,347,95989,6659,1814761
02/04/2021,Westchester,476,96465,10614,1825375
02/05/2021,Westchester,758,97223,14498,1839873
02/06/2021,Westchester,685,97908,11619,1851492
02/07/2021,Westchester,537,98445,9660,1861152
02/08/2021,Westchester,459,98904,6929,1868081
02/09/2021,Westchester,405,99309,8890,1876971
02/10/2021,Westchester,675,99984,14518,1891489
02/11/2021,Westchester,520,100504,12442,1903931
02/12/2021,Westchester,511,101015,12859,1916790
02/13/2021,Westchester,496,101511,11694,1928484
02/14/2021,Westchester,305,101816,8531,1937015
02/15/2021,Westchester,381,102197,7727,1944742
02/16/2021,Westchester,401,102598,9661,1954403
02/17/2021,Westchester,421,103019,11222,1965625
02/18/2021,Westchester,487,103506,11060,1976685
02/19/2021,Westchester,484,103990,15322,1992007
02/20/2021,Westchester,410,104400,9754,2001761
02/21/2021,Westchester,377,104777,7903,2009664
02/22/2021,Westchester,391,105168,7874,2017538
02/23/2021,Westchester,382,105550,11591,2029129
02/24/2021,Westchester,579,106129,14231,2043360
02/25/2021,Westchester,482,106611,13239,2056599
02/26/2021,Westchester,464,107075,14342,2070941
02/27/2021,Westchester,412,107487,11775,2082716
02/28/2021,Westchester,370,107857,8429,2091145
03/01/2021,Westchester,336,108193,7241,2098386
03/02/2021,Westchester,430,108623,10268,2108654
03/03/2021,Westchester,415,109038,12451,2121105
03/04/2021,Westchester,478,109516,13353,2134458
03/05/2021,Westchester,435,109951,12424,2146882
03/06/2021,Westchester,379,110330,9574,2156456
03/07/2021,Westchester,270,110600,6666,2163122
03/08/2021,Westchester,370,110970,7626,2170748
03/09/2021,Westchester,369,111339,9836,2180584
03/10/2021,Westchester,374,111713,10988,2191572
03/11/2021,Westchester,495,112208,12878,2204450
03/12/2021,Westchester,359,112567,10102,2214552
03/13/2021,Westchester,287,112854,7952,2222504
03/14/2021,Westchester,350,113204,7048,2229552
03/15/2021,Westchester,373,113577,8084,2237636
03/16/2021,Westchester,422,113999,10960,2248596
03/17/2021,Westchester,403,114402,11794,2260390
03/18/2021,Westchester,400,114802,13316,2273706
03/19/2021,Westchester,420,115222,11759,2285465
03/20/2021,Westchester,341,115563,10271,2295736
03/21/2021,Westchester,372,115935,7363,2303099
03/22/2021,Westchester,354,116289,6727,2309826
03/23/2021,Westchester,375,116664,8543,2318369
03/24/2021,Westchester,404,117068,12331,2330700
03/25/2021,Westchester,441,117509,12196,2342896
03/26/2021,Westchester,492,118001,12247,2355143
03/27/2021,Westchester,504,118505,12893,2368036
03/28/2021,Westchester,459,118964,9555,2377591
03/29/2021,Westchester,278,119242,6451,2384042
03/30/2021,Westchester,490,119732,10176,2394218
03/31/2021,Westchester,584,120316,13795,2408013
04/01/2021,Westchester,418,120734,12761,2420774
04/02/2021,Westchester,390,121124,12462,2433236
04/03/2021,Westchester,383,121507,10515,2443751
04/04/2021,Westchester,296,121803,7942,2451693
04/05/2021,Westchester,263,122066,6085,2457778
04/06/2021,Westchester,346,122412,10999,2468777
04/07/2021,Westchester,368,122780,13002,2481779
04/08/2021,Westchester,423,123203,14335,2496114
04/09/2021,Westchester,345,123548,11452,2507566
04/10/2021,Westchester,290,123838,10204,2517770
04/11/2021,Westchester,254,124092,6944,2524714
04/12/2021,Westchester,225,124317,6282,2530996
04/13/2021,Westchester,218,124535,9318,2540314
04/14/2021,Westchester,346,124881,12035,2552349
04/15/2021,Westchester,291,125172,9288,2561637
04/16/2021,Westchester,315,125487,12627,2574264
04/17/2021,Westchester,239,125726,10618,2584882
04/18/2021,Westchester,187,125913,6294,2591176
04/19/2021,Westchester,181,126094,5354,2596530
04/20/2021,Westchester,184,126278,9217,2605747
04/21/2021,Westchester,216,126494,10837,2616584
04/22/2021,Westchester,212,126706,10878,2627462
04/23/2021,Westchester,190,126896,9370,2636832
04/24/2021,Westchester,150,127046,9965,2646797
04/25/2021,Westchester,133,127179,5676,2652473
04/26/2021,Westchester,94,127273,4966,2657439
04/27/2021,Westchester,120,127393,7514,2664953
04/28/2021,Westchester,128,127521,9996,2674949
04/29/2021,Westchester,143,127664,9514,2684463
04/30/2021,Westchester,153,127817,10166,2694629
05/01/2021,Westchester,96,127913,8341,2702970
05/02/2021,Westchester,62,127975,5004,2707974
05/03/2021,Westchester,91,128066,4251,2712225
05/04/2021,Westchester,87,128153,7375,2719600
05/05/2021,Westchester,83,128236,8220,2727820
05/06/2021,Westchester,67,128303,7783,2735603
05/07/2021,Westchester,109,128412,11361,2746964
05/08/2021,Westchester,62,128474,7105,2754069
05/09/2021,Westchester,57,128531,5709,2759778
05/10/2021,Westchester,53,128584,4547,2764325
05/11/2021,Westchester,40,128624,6988,2771313
05/12/2021,Westchester,79,128703,8076,2779389
05/13/2021,Westchester,60,128763,8930,2788319
05/14/2021,Westchester,72,128835,8645,2796964
05/15/2021,Westchester,29,128864,7075,2804039
05/16/2021,Westchester,33,128897,4566,2808605
05/17/2021,Westchester,24,128921,4114,2812719
05/18/2021,Westchester,46,128967,6429,2819148
05/19/2021,Westchester,51,129018,7701,2826849
05/20/2021,Westchester,62,129080,7686,2834535
05/21/2021,Westchester,51,129131,7659,2842194
05/22/2021,Westchester,30,129161,6625,2848819
05/23/2021,Westchester,18,129179,3740,2852559
05/24/2021,Westchester,28,129207,3772,2856331
05/25/2021,Westchester,31,129238,5685,2862016
05/26/2021,Westchester,33,129271,6960,2868976
05/27/2021,Westchester,42,129313,6798,2875774
05/28/2021,Westchester,29,129342,6184,2881958
05/29/2021,Westchester,27,129369,5488,2887446
05/30/2021,Westchester,18,129387,3154,2890600
05/31/2021,Westchester,12,129399,2544,2893144
06/01/2021,Westchester,12,129411,3161,2896305
06/02/2021,Westchester,9,129420,5137,2901442
06/03/2021,Westchester,29,129449,8361,2909803
06/04/2021,Westchester,22,129471,7336,2917139
06/05/2021,Westchester,17,129488,5627,2922766
06/06/2021,Westchester,19,129507,3345,2926111
06/07/2021,Westchester,19,129526,3859,2929970
06/08/2021,Westchester,26,129552,4837,2934807
06/09/2021,Westchester,27,129579,5963,2940770
06/10/2021,Westchester,21,129600,6255,2947025
06/11/2021,Westchester,24,129624,6873,2953898
06/12/2021,Westchester,21,129645,5101,2958999
06/13/2021,Westchester,12,129657,3136,2962135
06/14/2021,Westchester,7,129664,2445,2964580
06/15/2021,Westchester,16,129680,4724,2969304
06/16/2021,Westchester,12,129692,5415,2974719
06/17/2021,Westchester,14,129706,5258,2979977
06/18/2021,Westchester,22,129728,5088,2985065
06/19/2021,Westchester,3,129731,3892,2988957
06/20/2021,Westchester,6,129737,3035,2991992
06/21/2021,Westchester,9,129746,2871,2994863
06/22/2021,Westchester,11,129757,3999,2998862
06/23/2021,Westchester,24,129781,6735,3005597
06/24/2021,Westchester,19,129800,5847,3011444
06/25/2021,Westchester,14,129814,6566,3018010
06/26/2021,Westchester,16,129830,5072,3023082
06/27/2021,Westchester,5,129835,3234,3026316
06/28/2021,Westchester,14,129849,3475,3029791
06/29/2021,Westchester,17,129866,4194,3033985
06/30/2021,Westchester,22,129888,4161,3038146
07/01/2021,Westchester,15,129903,4352,3042498
07/02/2021,Westchester,9,129912,4159,3046657
07/03/2021,Westchester,15,129927,3588,3050245
07/04/2021,Westchester,11,129938,2766,3053011
07/05/2021,Westchester,9,129947,1918,3054929
07/06/2021,Westchester,15,129962,2680,3057609
07/07/2021,Westchester,20,129982,4291,3061900
07/08/2021,Westchester,33,130015,4311,3066211
07/09/2021,Westchester,34,130049,4063,3070274
07/10/2021,Westchester,32,130081,3281,3073555
07/11/2021,Westchester,33,130114,2925,3076480
07/12/2021,Westchester,37,130151,2627,3079107
07/13/2021,Westchester,32,130183,3609,3082716
07/14/2021,Westchester,51,130234,3801,3086517
07/15/2021,Westchester,47,130281,4204,3090721
07/16/2021,Westchester,51,130332,4632,3095353
07/17/2021,Westchester,55,130387,3808,3099161
07/18/2021,Westchester,34,130421,2678,3101839
07/19/2021,Westchester,51,130472,3244,3105083
07/20/2021,Westchester,56,130528,4082,3109165
07/21/2021,Westchester,63,130591,5145,3114310
07/22/2021,Westchester,76,130667,4913,3119223
07/23/2021,Westchester,85,130752,5366,3124589
07/24/2021,Westchester,74,130826,4538,3129127
07/25/2021,Westchester,68,130894,3552,3132679
07/26/2021,Westchester,74,130968,3233,3135912
07/27/2021,Westchester,82,131050,4519,3140431
07/28/2021,Westchester,129,131179,5139,3145570
07/29/2021,Westchester,140,131319,5705,3151275
07/30/2021,Westchester,156,131475,6008,3157283
07/31/2021,Westchester,137,131612,4689,3161972
08/01/2021,Westchester,98,131710,4024,3165996
08/02/2021,Westchester,147,131857,4570,3170566
08/03/2021,Westchester,139,131996,6448,3177014
08/04/2021,Westchester,183,132179,7077,3184091
08/05/2021,Westchester,148,132327,6482,3190573
08/06/2021,Westchester,192,132519,8288,3198861
08/07/2021,Westchester,134,132653,5921,3204782
08/08/2021,Westchester,168,132821,5579,3210361
08/09/2021,Westchester,161,132982,5404,3215765
08/10/2021,Westchester,215,133197,6515,3222280
08/11/2021,Westchester,228,133425,7779,3230059
08/12/2021,Westchester,202,133627,7313,3237372
08/13/2021,Westchester,186,133813,7630,3245002
08/14/2021,Westchester,208,134021,7241,3252243
08/15/2021,Westchester,146,134167,4998,3257241
08/16/2021,Westchester,189,134356,4968,3262209
08/17/2021,Westchester,234,134590,7664,3269873
08/18/2021,Westchester,243,134833,7265,3277138
08/19/2021,Westchester,232,135065,7312,3284450
08/20/2021,Westchester,230,135295,7323,3291773
08/21/2021,Westchester,151,135446,6210,3297983
08/22/2021,Westchester,154,135600,4787,3302770
08/23/2021,Westchester,146,135746,4210,3306980
08/24/2021,Westchester,176,135922,5593,3312573
08/25/2021,Westchester,215,136137,7318,3319891
08/26/2021,Westchester,281,136418,7655,3327546
08/27/2021,Westchester,231,136649,7808,3335354
08/28/2021,Westchester,169,136818,6236,3341590
08/29/2021,Westchester,147,136965,4846,3346436
08/30/2021,Westchester,139,137104,4806,3351242
08/31/2021,Westchester,212,137316,6792,3358034
09/01/2021,Westchester,176,137492,6513,3364547
09/02/2021,Westchester,193,137685,7315,3371862
09/03/2021,Westchester,188,137873,6709,3378571
09/04/2021,Westchester,175,138048,6054,3384625
09/05/2021,Westchester,148,138196,4660,3389285
09/06/2021,Westchester,103,138299,3255,3392540
09/07/2021,Westchester,118,138417,4196,3396736
09/08/2021,Westchester,166,138583,7262,3403998
09/09/2021,Westchester,300,138883,9825,3413823
09/10/2021,Westchester,165,139048,7923,3421746
09/11/2021,Westchester,150,139198,7175,3428921
09/12/2021,Westchester,134,139332,4576,3433497
09/13/2021,Westchester,156,139488,5816,3439313
09/14/2021,Westchester,177,139665,6506,3445819
09/15/2021,Westchester,194,139859,8328,3454147
09/16/2021,Westchester,166,140025,9021,3463168
09/17/2021,Westchester,179,140204,8186,3471354
09/18/2021,Westchester,158,140362,7025,3478379
09/19/2021,Westchester,119,140481,4795,3483174
09/20/2021,Westchester,145,140626,5675,3488849
09/21/2021,Westchester,154,140780,7039,3495888
09/22/2021,Westchester,154,140934,7925,3503813
09/23/2021,Westchester,157,141091,7875,3511688
09/24/2021,Westchester,129,141220,7401,3519089
09/25/2021,Westchester,115,141335,7445,3526534
09/26/2021,Westchester,81,141416,4601,3531135
09/27/2021,Westchester,116,141532,5611,3536746
09/28/2021,Westchester,96,141628,7462,3544208
09/29/2021,Westchester,103,141731,8672,3552880
09/30/2021,Westchester,113,141844,9901,3562781
10/01/2021,Westchester,98,141942,9106,3571887
10/02/2021,Westchester,88,142030,6891,3578778
10/03/2021,Westchester,81,142111,5962,3584740
10/04/2021,Westchester,89,142200,6002,3590742
10/05/2021,Westchester,124,142324,8032,3598774
10/06/2021,Westchester,110,142434,9604,3608378
10/07/2021,Westchester,114,142548,8591,3616969
10/08/2021,Westchester,101,142649,9092,3626061
10/09/2021,Westchester,48,142697,3911,3629972
10/10/2021,Westchester,139,142836,9078,3639050
10/11/2021,Westchester,90,142926,6081,3645131
10/12/2021,Westchester,89,143015,6405,3651536
10/13/2021,Westchester,85,143100,8478,3660014
10/14/2021,Westchester,101,143201,8754,3668768
10/15/2021,Westchester,109,143310,9721,3678489
10/16/2021,Westchester,78,143388,8825,3687314
10/17/2021,Westchester,46,143434,5167,3692481
10/18/2021,Westchester,47,143481,4696,3697177
10/19/2021,Westchester,73,143554,8064,3705241
10/20/2021,Westchester,82,143636,7516,3712757
10/21/2021,Westchester,81,143717,8474,3721231
10/22/2021,Westchester,59,143776,9294,3730525
10/23/2021,Westchester,76,143852,6586,3737111
03/01/2020,Wyoming,0,0,0,0
03/02/2020,Wyoming,0,0,0,0
03/03/2020,Wyoming,0,0,0,0
03/04/2020,Wyoming,0,0,0,0
03/05/2020,Wyoming,0,0,0,0
03/06/2020,Wyoming,0,0,0,0
03/07/2020,Wyoming,0,0,0,0
03/08/2020,Wyoming,0,0,0,0
03/09/2020,Wyoming,0,0,0,0
03/10/2020,Wyoming,0,0,0,0
03/11/2020,Wyoming,0,0,0,0
03/12/2020,Wyoming,0,0,0,0
03/13/2020,Wyoming,0,0,0,0
03/14/2020,Wyoming,0,0,0,0
03/15/2020,Wyoming,1,1,3,3
03/16/2020,Wyoming,0,1,0,3
03/17/2020,Wyoming,0,1,2,5
03/18/2020,Wyoming,1,2,6,11
03/19/2020,Wyoming,0,2,3,14
03/20/2020,Wyoming,0,2,0,14
03/21/2020,Wyoming,0,2,4,18
03/22/2020,Wyoming,2,4,11,29
03/23/2020,Wyoming,0,4,8,37
03/24/2020,Wyoming,0,4,7,44
03/25/2020,Wyoming,3,7,9,53
03/26/2020,Wyoming,0,7,14,67
03/27/2020,Wyoming,0,7,15,82
03/28/2020,Wyoming,1,8,13,95
03/29/2020,Wyoming,0,8,7,102
03/30/2020,Wyoming,1,9,13,115
03/31/2020,Wyoming,1,10,10,125
04/01/2020,Wyoming,4,14,12,137
04/02/2020,Wyoming,1,15,11,148
04/03/2020,Wyoming,3,18,11,159
04/04/2020,Wyoming,4,22,16,175
04/05/2020,Wyoming,1,23,6,181
04/06/2020,Wyoming,0,23,7,188
04/07/2020,Wyoming,4,27,18,206
04/08/2020,Wyoming,2,29,12,218
04/09/2020,Wyoming,1,30,13,231
04/10/2020,Wyoming,1,31,12,243
04/11/2020,Wyoming,0,31,2,245
04/12/2020,Wyoming,0,31,2,247
04/13/2020,Wyoming,1,32,21,268
04/14/2020,Wyoming,2,34,9,277
04/15/2020,Wyoming,0,34,8,285
04/16/2020,Wyoming,1,35,11,296
04/17/2020,Wyoming,1,36,6,302
04/18/2020,Wyoming,0,36,6,308
04/19/2020,Wyoming,0,36,4,312
04/20/2020,Wyoming,0,36,6,318
04/21/2020,Wyoming,4,40,14,332
04/22/2020,Wyoming,1,41,15,347
04/23/2020,Wyoming,2,43,18,365
04/24/2020,Wyoming,14,57,117,482
04/25/2020,Wyoming,2,59,19,501
04/26/2020,Wyoming,4,63,15,516
04/27/2020,Wyoming,0,63,9,525
04/28/2020,Wyoming,2,65,26,551
04/29/2020,Wyoming,2,67,17,568
04/30/2020,Wyoming,1,68,16,584
05/01/2020,Wyoming,1,69,32,616
05/02/2020,Wyoming,0,69,15,631
05/03/2020,Wyoming,0,69,16,647
05/04/2020,Wyoming,1,70,24,671
05/05/2020,Wyoming,0,70,42,713
05/06/2020,Wyoming,1,71,22,735
05/07/2020,Wyoming,2,73,130,865
05/08/2020,Wyoming,2,75,187,1052
05/09/2020,Wyoming,2,77,26,1078
05/10/2020,Wyoming,0,77,39,1117
05/11/2020,Wyoming,0,77,24,1141
05/12/2020,Wyoming,0,77,63,1204
05/13/2020,Wyoming,0,77,41,1245
05/14/2020,Wyoming,0,77,106,1351
05/15/2020,Wyoming,1,78,28,1379
05/16/2020,Wyoming,0,78,43,1422
05/17/2020,Wyoming,1,79,56,1478
05/18/2020,Wyoming,0,79,27,1505
05/19/2020,Wyoming,0,79,60,1565
05/20/2020,Wyoming,0,79,64,1629
05/21/2020,Wyoming,0,79,46,1675
05/22/2020,Wyoming,1,80,150,1825
05/23/2020,Wyoming,1,81,113,1938
05/24/2020,Wyoming,1,82,42,1980
05/25/2020,Wyoming,0,82,29,2009
05/26/2020,Wyoming,0,82,42,2051
05/27/2020,Wyoming,0,82,77,2128
05/28/2020,Wyoming,0,82,66,2194
05/29/2020,Wyoming,2,84,90,2284
05/30/2020,Wyoming,2,86,45,2329
05/31/2020,Wyoming,0,86,85,2414
06/01/2020,Wyoming,0,86,229,2643
06/02/2020,Wyoming,1,87,91,2734
06/03/2020,Wyoming,0,87,122,2856
06/04/2020,Wyoming,1,88,67,2923
06/05/2020,Wyoming,1,89,129,3052
06/06/2020,Wyoming,0,89,124,3176
06/07/2020,Wyoming,1,90,127,3303
06/08/2020,Wyoming,1,91,102,3405
06/09/2020,Wyoming,0,91,188,3593
06/10/2020,Wyoming,0,91,97,3690
06/11/2020,Wyoming,0,91,97,3787
06/12/2020,Wyoming,0,91,113,3900
06/13/2020,Wyoming,1,92,65,3965
06/14/2020,Wyoming,0,92,49,4014
06/15/2020,Wyoming,1,93,201,4215
06/16/2020,Wyoming,0,93,85,4300
06/17/2020,Wyoming,0,93,68,4368
06/18/2020,Wyoming,0,93,126,4494
06/19/2020,Wyoming,0,93,33,4527
06/20/2020,Wyoming,0,93,33,4560
06/21/2020,Wyoming,0,93,151,4711
06/22/2020,Wyoming,0,93,147,4858
06/23/2020,Wyoming,0,93,83,4941
06/24/2020,Wyoming,0,93,95,5036
06/25/2020,Wyoming,1,94,167,5203
06/26/2020,Wyoming,1,95,113,5316
06/27/2020,Wyoming,0,95,65,5381
06/28/2020,Wyoming,0,95,149,5530
06/29/2020,Wyoming,0,95,99,5629
06/30/2020,Wyoming,0,95,94,5723
07/01/2020,Wyoming,0,95,167,5890
07/02/2020,Wyoming,0,95,112,6002
07/03/2020,Wyoming,1,96,224,6226
07/04/2020,Wyoming,1,97,64,6290
07/05/2020,Wyoming,0,97,42,6332
07/06/2020,Wyoming,0,97,89,6421
07/07/2020,Wyoming,1,98,67,6488
07/08/2020,Wyoming,1,99,222,6710
07/09/2020,Wyoming,2,101,70,6780
07/10/2020,Wyoming,0,101,211,6991
07/11/2020,Wyoming,0,101,86,7077
07/12/2020,Wyoming,1,102,65,7142
07/13/2020,Wyoming,1,103,215,7357
07/14/2020,Wyoming,0,103,97,7454
07/15/2020,Wyoming,0,103,92,7546
07/16/2020,Wyoming,0,103,75,7621
07/17/2020,Wyoming,1,104,83,7704
07/18/2020,Wyoming,0,104,161,7865
07/19/2020,Wyoming,0,104,113,7978
07/20/2020,Wyoming,3,107,114,8092
07/21/2020,Wyoming,1,108,102,8194
07/22/2020,Wyoming,0,108,122,8316
07/23/2020,Wyoming,2,110,101,8417
07/24/2020,Wyoming,0,110,151,8568
07/25/2020,Wyoming,0,110,209,8777
07/26/2020,Wyoming,0,110,175,8952
07/27/2020,Wyoming,1,111,106,9058
07/28/2020,Wyoming,0,111,83,9141
07/29/2020,Wyoming,0,111,129,9270
07/30/2020,Wyoming,1,112,114,9384
07/31/2020,Wyoming,0,112,74,9458
08/01/2020,Wyoming,0,112,309,9767
08/02/2020,Wyoming,1,113,64,9831
08/03/2020,Wyoming,0,113,85,9916
08/04/2020,Wyoming,1,114,116,10032
08/05/2020,Wyoming,1,115,104,10136
08/06/2020,Wyoming,1,116,114,10250
08/07/2020,Wyoming,0,116,139,10389
08/08/2020,Wyoming,2,118,153,10542
08/09/2020,Wyoming,0,118,96,10638
08/10/2020,Wyoming,0,118,88,10726
08/11/2020,Wyoming,0,118,56,10782
08/12/2020,Wyoming,0,118,167,10949
08/13/2020,Wyoming,0,118,117,11066
08/14/2020,Wyoming,0,118,151,11217
08/15/2020,Wyoming,0,118,284,11501
08/16/2020,Wyoming,0,118,26,11527
08/17/2020,Wyoming,2,120,110,11637
08/18/2020,Wyoming,0,120,94,11731
08/19/2020,Wyoming,0,120,132,11863
08/20/2020,Wyoming,1,121,138,12001
08/21/2020,Wyoming,0,121,159,12160
08/22/2020,Wyoming,2,123,80,12240
08/23/2020,Wyoming,1,124,166,12406
08/24/2020,Wyoming,1,125,156,12562
08/25/2020,Wyoming,0,125,128,12690
08/26/2020,Wyoming,0,125,99,12789
08/27/2020,Wyoming,0,125,120,12909
08/28/2020,Wyoming,0,125,237,13146
08/29/2020,Wyoming,1,126,197,13343
08/30/2020,Wyoming,0,126,61,13404
08/31/2020,Wyoming,0,126,98,13502
09/01/2020,Wyoming,0,126,153,13655
09/02/2020,Wyoming,0,126,102,13757
09/03/2020,Wyoming,0,126,86,13843
09/04/2020,Wyoming,0,126,115,13958
09/05/2020,Wyoming,0,126,196,14154
09/06/2020,Wyoming,1,127,161,14315
09/07/2020,Wyoming,0,127,40,14355
09/08/2020,Wyoming,0,127,92,14447
09/09/2020,Wyoming,0,127,103,14550
09/10/2020,Wyoming,0,127,51,14601
09/11/2020,Wyoming,1,128,128,14729
09/12/2020,Wyoming,0,128,76,14805
09/13/2020,Wyoming,2,130,222,15027
09/14/2020,Wyoming,0,130,411,15438
09/15/2020,Wyoming,0,130,430,15868
09/16/2020,Wyoming,0,130,459,16327
09/17/2020,Wyoming,1,131,342,16669
09/18/2020,Wyoming,1,132,416,17085
09/19/2020,Wyoming,0,132,579,17664
09/20/2020,Wyoming,0,132,126,17790
09/21/2020,Wyoming,0,132,722,18512
09/22/2020,Wyoming,0,132,417,18929
09/23/2020,Wyoming,2,134,374,19303
09/24/2020,Wyoming,1,135,251,19554
09/25/2020,Wyoming,1,136,165,19719
09/26/2020,Wyoming,1,137,291,20010
09/27/2020,Wyoming,0,137,62,20072
09/28/2020,Wyoming,0,137,78,20150
09/29/2020,Wyoming,0,137,98,20248
09/30/2020,Wyoming,0,137,157,20405
10/01/2020,Wyoming,0,137,190,20595
10/02/2020,Wyoming,3,140,177,20772
10/03/2020,Wyoming,1,141,348,21120
10/04/2020,Wyoming,1,142,54,21174
10/05/2020,Wyoming,2,144,126,21300
10/06/2020,Wyoming,3,147,129,21429
10/07/2020,Wyoming,0,147,153,21582
10/08/2020,Wyoming,3,150,267,21849
10/09/2020,Wyoming,0,150,218,22067
10/10/2020,Wyoming,2,152,80,22147
10/11/2020,Wyoming,0,152,166,22313
10/12/2020,Wyoming,1,153,68,22381
10/13/2020,Wyoming,3,156,86,22467
10/14/2020,Wyoming,0,156,108,22575
10/15/2020,Wyoming,4,160,139,22714
10/16/2020,Wyoming,3,163,458,23172
10/17/2020,Wyoming,3,166,89,23261
10/18/2020,Wyoming,1,167,70,23331
10/19/2020,Wyoming,0,167,278,23609
10/20/2020,Wyoming,5,172,142,23751
10/21/2020,Wyoming,2,174,218,23969
10/22/2020,Wyoming,3,177,176,24145
10/23/2020,Wyoming,2,179,296,24441
10/24/2020,Wyoming,3,182,104,24545
10/25/2020,Wyoming,3,185,191,24736
10/26/2020,Wyoming,1,186,124,24860
10/27/2020,Wyoming,2,188,92,24952
10/28/2020,Wyoming,4,192,169,25121
10/29/2020,Wyoming,4,196,164,25285
10/30/2020,Wyoming,3,199,213,25498
10/31/2020,Wyoming,4,203,230,25728
11/01/2020,Wyoming,2,205,218,25946
11/02/2020,Wyoming,11,216,171,26117
11/03/2020,Wyoming,3,219,160,26277
11/04/2020,Wyoming,7,226,166,26443
11/05/2020,Wyoming,4,230,233,26676
11/06/2020,Wyoming,13,243,312,26988
11/07/2020,Wyoming,3,246,129,27117
11/08/2020,Wyoming,4,250,120,27237
11/09/2020,Wyoming,11,261,198,27435
11/10/2020,Wyoming,10,271,218,27653
11/11/2020,Wyoming,16,287,178,27831
11/12/2020,Wyoming,45,332,365,28196
11/13/2020,Wyoming,8,340,330,28526
11/14/2020,Wyoming,3,343,92,28618
11/15/2020,Wyoming,11,354,121,28739
11/16/2020,Wyoming,9,363,210,28949
11/17/2020,Wyoming,12,375,225,29174
11/18/2020,Wyoming,7,382,182,29356
11/19/2020,Wyoming,2,384,122,29478
11/20/2020,Wyoming,13,397,349,29827
11/21/2020,Wyoming,4,401,128,29955
11/22/2020,Wyoming,18,419,422,30377
11/23/2020,Wyoming,11,430,433,30810
11/24/2020,Wyoming,50,480,402,31212
11/25/2020,Wyoming,19,499,314,31526
11/26/2020,Wyoming,18,517,272,31798
11/27/2020,Wyoming,10,527,184,31982
11/28/2020,Wyoming,6,533,270,32252
11/29/2020,Wyoming,13,546,242,32494
11/30/2020,Wyoming,18,564,239,32733
12/01/2020,Wyoming,20,584,213,32946
12/02/2020,Wyoming,21,605,322,33268
12/03/2020,Wyoming,37,642,416,33684
12/04/2020,Wyoming,26,668,417,34101
12/05/2020,Wyoming,22,690,367,34468
12/06/2020,Wyoming,7,697,146,34614
12/07/2020,Wyoming,26,723,255,34869
12/08/2020,Wyoming,17,740,324,35193
12/09/2020,Wyoming,31,771,312,35505
12/10/2020,Wyoming,33,804,491,35996
12/11/2020,Wyoming,36,840,540,36536
12/12/2020,Wyoming,43,883,307,36843
12/13/2020,Wyoming,12,895,191,37034
12/14/2020,Wyoming,19,914,249,37283
12/15/2020,Wyoming,25,939,241,37524
12/16/2020,Wyoming,35,974,355,37879
12/17/2020,Wyoming,39,1013,453,38332
12/18/2020,Wyoming,40,1053,567,38899
12/19/2020,Wyoming,16,1069,279,39178
12/20/2020,Wyoming,19,1088,164,39342
12/21/2020,Wyoming,20,1108,184,39526
12/22/2020,Wyoming,35,1143,376,39902
12/23/2020,Wyoming,23,1166,275,40177
12/24/2020,Wyoming,31,1197,380,40557
12/25/2020,Wyoming,24,1221,316,40873
12/26/2020,Wyoming,15,1236,156,41029
12/27/2020,Wyoming,17,1253,118,41147
12/28/2020,Wyoming,24,1277,164,41311
12/29/2020,Wyoming,44,1321,374,41685
12/30/2020,Wyoming,46,1367,355,42040
12/31/2020,Wyoming,54,1421,300,42340
01/01/2021,Wyoming,50,1471,409,42749
01/02/2021,Wyoming,39,1510,215,42964
01/03/2021,Wyoming,23,1533,150,43114
01/04/2021,Wyoming,34,1567,196,43310
01/05/2021,Wyoming,58,1625,391,43701
01/06/2021,Wyoming,48,1673,300,44001
01/07/2021,Wyoming,72,1745,633,44634
01/08/2021,Wyoming,36,1781,431,45065
01/09/2021,Wyoming,56,1837,353,45418
01/10/2021,Wyoming,24,1861,180,45598
01/11/2021,Wyoming,26,1887,264,45862
01/12/2021,Wyoming,18,1905,326,46188
01/13/2021,Wyoming,34,1939,447,46635
01/14/2021,Wyoming,48,1987,462,47097
01/15/2021,Wyoming,88,2075,515,47612
01/16/2021,Wyoming,39,2114,376,47988
01/17/2021,Wyoming,21,2135,181,48169
01/18/2021,Wyoming,39,2174,262,48431
01/19/2021,Wyoming,38,2212,362,48793
01/20/2021,Wyoming,36,2248,334,49127
01/21/2021,Wyoming,36,2284,462,49589
01/22/2021,Wyoming,19,2303,338,49927
01/23/2021,Wyoming,15,2318,233,50160
01/24/2021,Wyoming,25,2343,214,50374
01/25/2021,Wyoming,21,2364,157,50531
01/26/2021,Wyoming,16,2380,377,50908
01/27/2021,Wyoming,29,2409,470,51378
01/28/2021,Wyoming,31,2440,326,51704
01/29/2021,Wyoming,22,2462,352,52056
01/30/2021,Wyoming,17,2479,293,52349
01/31/2021,Wyoming,15,2494,142,52491
02/01/2021,Wyoming,10,2504,154,52645
02/02/2021,Wyoming,10,2514,290,52935
02/03/2021,Wyoming,24,2538,441,53376
02/04/2021,Wyoming,25,2563,242,53618
02/05/2021,Wyoming,11,2574,271,53889
02/06/2021,Wyoming,9,2583,243,54132
02/07/2021,Wyoming,16,2599,197,54329
02/08/2021,Wyoming,11,2610,120,54449
02/09/2021,Wyoming,16,2626,330,54779
02/10/2021,Wyoming,17,2643,401,55180
02/11/2021,Wyoming,19,2662,271,55451
02/12/2021,Wyoming,19,2681,243,55694
02/13/2021,Wyoming,8,2689,291,55985
02/14/2021,Wyoming,11,2700,188,56173
02/15/2021,Wyoming,12,2712,130,56303
02/16/2021,Wyoming,4,2716,162,56465
02/17/2021,Wyoming,3,2719,324,56789
02/18/2021,Wyoming,13,2732,242,57031
02/19/2021,Wyoming,16,2748,233,57264
02/20/2021,Wyoming,8,2756,296,57560
02/21/2021,Wyoming,9,2765,119,57679
02/22/2021,Wyoming,5,2770,174,57853
02/23/2021,Wyoming,8,2778,332,58185
02/24/2021,Wyoming,7,2785,372,58557
02/25/2021,Wyoming,7,2792,268,58825
02/26/2021,Wyoming,12,2804,258,59083
02/27/2021,Wyoming,10,2814,189,59272
02/28/2021,Wyoming,6,2820,141,59413
03/01/2021,Wyoming,13,2833,184,59597
03/02/2021,Wyoming,8,2841,383,59980
03/03/2021,Wyoming,12,2853,359,60339
03/04/2021,Wyoming,14,2867,274,60613
03/05/2021,Wyoming,12,2879,310,60923
03/06/2021,Wyoming,6,2885,171,61094
03/07/2021,Wyoming,13,2898,225,61319
03/08/2021,Wyoming,9,2907,192,61511
03/09/2021,Wyoming,4,2911,327,61838
03/10/2021,Wyoming,16,2927,416,62254
03/11/2021,Wyoming,12,2939,274,62528
03/12/2021,Wyoming,8,2947,320,62848
03/13/2021,Wyoming,7,2954,142,62990
03/14/2021,Wyoming,4,2958,92,63082
03/15/2021,Wyoming,5,2963,154,63236
03/16/2021,Wyoming,6,2969,397,63633
03/17/2021,Wyoming,7,2976,221,63854
03/18/2021,Wyoming,7,2983,329,64183
03/19/2021,Wyoming,8,2991,199,64382
03/20/2021,Wyoming,14,3005,287,64669
03/21/2021,Wyoming,1,3006,113,64782
03/22/2021,Wyoming,8,3014,196,64978
03/23/2021,Wyoming,8,3022,260,65238
03/24/2021,Wyoming,9,3031,284,65522
03/25/2021,Wyoming,6,3037,308,65830
03/26/2021,Wyoming,9,3046,386,66216
03/27/2021,Wyoming,5,3051,228,66444
03/28/2021,Wyoming,6,3057,133,66577
03/29/2021,Wyoming,4,3061,212,66789
03/30/2021,Wyoming,8,3069,267,67056
03/31/2021,Wyoming,16,3085,295,67351
04/01/2021,Wyoming,10,3095,416,67767
04/02/2021,Wyoming,12,3107,246,68013
04/03/2021,Wyoming,9,3116,268,68281
04/04/2021,Wyoming,9,3125,113,68394
04/05/2021,Wyoming,3,3128,135,68529
04/06/2021,Wyoming,17,3145,452,68981
04/07/2021,Wyoming,14,3159,224,69205
04/08/2021,Wyoming,15,3174,410,69615
04/09/2021,Wyoming,12,3186,399,70014
04/10/2021,Wyoming,8,3194,220,70234
04/11/2021,Wyoming,4,3198,116,70350
04/12/2021,Wyoming,6,3204,254,70604
04/13/2021,Wyoming,13,3217,310,70914
04/14/2021,Wyoming,9,3226,348,71262
04/15/2021,Wyoming,5,3231,227,71489
04/16/2021,Wyoming,8,3239,344,71833
04/17/2021,Wyoming,22,3261,363,72196
04/18/2021,Wyoming,2,3263,87,72283
04/19/2021,Wyoming,5,3268,250,72533
04/20/2021,Wyoming,14,3282,319,72852
04/21/2021,Wyoming,8,3290,389,73241
04/22/2021,Wyoming,17,3307,321,73562
04/23/2021,Wyoming,19,3326,343,73905
04/24/2021,Wyoming,10,3336,235,74140
04/25/2021,Wyoming,3,3339,223,74363
04/26/2021,Wyoming,5,3344,216,74579
04/27/2021,Wyoming,19,3363,326,74905
04/28/2021,Wyoming,14,3377,389,75294
04/29/2021,Wyoming,16,3393,346,75640
04/30/2021,Wyoming,12,3405,332,75972
05/01/2021,Wyoming,10,3415,289,76261
05/02/2021,Wyoming,2,3417,126,76387
05/03/2021,Wyoming,4,3421,276,76663
05/04/2021,Wyoming,9,3430,274,76937
05/05/2021,Wyoming,12,3442,296,77233
05/06/2021,Wyoming,7,3449,295,77528
05/07/2021,Wyoming,8,3457,304,77832
05/08/2021,Wyoming,2,3459,200,78032
05/09/2021,Wyoming,2,3461,112,78144
05/10/2021,Wyoming,9,3470,243,78387
05/11/2021,Wyoming,14,3484,267,78654
05/12/2021,Wyoming,13,3497,317,78971
05/13/2021,Wyoming,7,3504,231,79202
05/14/2021,Wyoming,7,3511,328,79530
05/15/2021,Wyoming,6,3517,263,79793
05/16/2021,Wyoming,7,3524,108,79901
05/17/2021,Wyoming,0,3524,173,80074
05/18/2021,Wyoming,5,3529,261,80335
05/19/2021,Wyoming,7,3536,322,80657
05/20/2021,Wyoming,5,3541,211,80868
05/21/2021,Wyoming,7,3548,272,81140
05/22/2021,Wyoming,7,3555,116,81256
05/23/2021,Wyoming,4,3559,124,81380
05/24/2021,Wyoming,2,3561,160,81540
05/25/2021,Wyoming,4,3565,258,81798
05/26/2021,Wyoming,3,3568,289,82087
05/27/2021,Wyoming,2,3570,254,82341
05/28/2021,Wyoming,1,3571,191,82532
05/29/2021,Wyoming,3,3574,114,82646
05/30/2021,Wyoming,0,3574,42,82688
05/31/2021,Wyoming,0,3574,55,82743
06/01/2021,Wyoming,0,3574,148,82891
06/02/2021,Wyoming,0,3574,267,83158
06/03/2021,Wyoming,1,3575,354,83512
06/04/2021,Wyoming,0,3575,198,83710
06/05/2021,Wyoming,1,3576,90,83800
06/06/2021,Wyoming,0,3576,129,83929
06/07/2021,Wyoming,1,3577,94,84023
06/08/2021,Wyoming,1,3578,287,84310
06/09/2021,Wyoming,0,3578,282,84592
06/10/2021,Wyoming,2,3580,216,84808
06/11/2021,Wyoming,1,3581,189,84997
06/12/2021,Wyoming,0,3581,133,85130
06/13/2021,Wyoming,0,3581,62,85192
06/14/2021,Wyoming,1,3582,90,85282
06/15/2021,Wyoming,0,3582,120,85402
06/16/2021,Wyoming,1,3583,137,85539
06/17/2021,Wyoming,0,3583,147,85686
06/18/2021,Wyoming,1,3584,144,85830
06/19/2021,Wyoming,0,3584,58,85888
06/20/2021,Wyoming,0,3584,49,85937
06/21/2021,Wyoming,1,3585,73,86010
06/22/2021,Wyoming,0,3585,142,86152
06/23/2021,Wyoming,0,3585,84,86236
06/24/2021,Wyoming,0,3585,99,86335
06/25/2021,Wyoming,0,3585,99,86434
06/26/2021,Wyoming,0,3585,68,86502
06/27/2021,Wyoming,0,3585,39,86541
06/28/2021,Wyoming,3,3588,81,86622
06/29/2021,Wyoming,0,3588,86,86708
06/30/2021,Wyoming,1,3589,88,86796
07/01/2021,Wyoming,0,3589,117,86913
07/02/2021,Wyoming,4,3593,46,86959
07/03/2021,Wyoming,1,3594,59,87018
07/04/2021,Wyoming,2,3596,35,87053
07/05/2021,Wyoming,1,3597,44,87097
07/06/2021,Wyoming,0,3597,52,87149
07/07/2021,Wyoming,2,3599,48,87197
07/08/2021,Wyoming,2,3601,97,87294
07/09/2021,Wyoming,2,3603,89,87383
07/10/2021,Wyoming,0,3603,54,87437
07/11/2021,Wyoming,0,3603,40,87477
07/12/2021,Wyoming,0,3603,35,87512
07/13/2021,Wyoming,2,3605,74,87586
07/14/2021,Wyoming,2,3607,87,87673
07/15/2021,Wyoming,0,3607,83,87756
07/16/2021,Wyoming,0,3607,79,87835
07/17/2021,Wyoming,1,3608,97,87932
07/18/2021,Wyoming,0,3608,28,87960
07/19/2021,Wyoming,0,3608,38,87998
07/20/2021,Wyoming,0,3608,57,88055
07/21/2021,Wyoming,4,3612,61,88116
07/22/2021,Wyoming,2,3614,113,88229
07/23/2021,Wyoming,0,3614,61,88290
07/24/2021,Wyoming,2,3616,55,88345
07/25/2021,Wyoming,0,3616,37,88382
07/26/2021,Wyoming,2,3618,60,88442
07/27/2021,Wyoming,2,3620,71,88513
07/28/2021,Wyoming,0,3620,147,88660
07/29/2021,Wyoming,2,3622,63,88723
07/30/2021,Wyoming,6,3628,73,88796
07/31/2021,Wyoming,0,3628,87,88883
08/01/2021,Wyoming,3,3631,37,88920
08/02/2021,Wyoming,0,3631,70,88990
08/03/2021,Wyoming,1,3632,83,89073
08/04/2021,Wyoming,0,3632,67,89140
08/05/2021,Wyoming,1,3633,85,89225
08/06/2021,Wyoming,2,3635,116,89341
08/07/2021,Wyoming,2,3637,47,89388
08/08/2021,Wyoming,1,3638,66,89454
08/09/2021,Wyoming,1,3639,57,89511
08/10/2021,Wyoming,2,3641,91,89602
08/11/2021,Wyoming,3,3644,96,89698
08/12/2021,Wyoming,4,3648,186,89884
08/13/2021,Wyoming,1,3649,90,89974
08/14/2021,Wyoming,2,3651,73,90047
08/15/2021,Wyoming,1,3652,46,90093
08/16/2021,Wyoming,3,3655,140,90233
08/17/2021,Wyoming,5,3660,148,90381
08/18/2021,Wyoming,4,3664,190,90571
08/19/2021,Wyoming,3,3667,128,90699
08/20/2021,Wyoming,2,3669,130,90829
08/21/2021,Wyoming,3,3672,128,90957
08/22/2021,Wyoming,1,3673,73,91030
08/23/2021,Wyoming,3,3676,166,91196
08/24/2021,Wyoming,5,3681,196,91392
08/25/2021,Wyoming,5,3686,219,91611
08/26/2021,Wyoming,4,3690,176,91787
08/27/2021,Wyoming,3,3693,170,91957
08/28/2021,Wyoming,3,3696,108,92065
08/29/2021,Wyoming,1,3697,72,92137
08/30/2021,Wyoming,2,3699,114,92251
08/31/2021,Wyoming,10,3709,232,92483
09/01/2021,Wyoming,10,3719,199,92682
09/02/2021,Wyoming,6,3725,326,93008
09/03/2021,Wyoming,16,3741,218,93226
09/04/2021,Wyoming,1,3742,160,93386
09/05/2021,Wyoming,5,3747,183,93569
09/06/2021,Wyoming,3,3750,64,93633
09/07/2021,Wyoming,7,3757,102,93735
09/08/2021,Wyoming,13,3770,143,93878
09/09/2021,Wyoming,18,3788,271,94149
09/10/2021,Wyoming,16,3804,259,94408
09/11/2021,Wyoming,10,3814,155,94563
09/12/2021,Wyoming,4,3818,104,94667
09/13/2021,Wyoming,6,3824,123,94790
09/14/2021,Wyoming,12,3836,178,94968
09/15/2021,Wyoming,19,3855,256,95224
09/16/2021,Wyoming,13,3868,325,95549
09/17/2021,Wyoming,9,3877,262,95811
09/18/2021,Wyoming,7,3884,182,95993
09/19/2021,Wyoming,7,3891,107,96100
09/20/2021,Wyoming,10,3901,167,96267
09/21/2021,Wyoming,11,3912,187,96454
09/22/2021,Wyoming,11,3923,223,96677
09/23/2021,Wyoming,16,3939,333,97010
09/24/2021,Wyoming,17,3956,289,97299
09/25/2021,Wyoming,8,3964,185,97484
09/26/2021,Wyoming,12,3976,135,97619
09/27/2021,Wyoming,8,3984,158,97777
09/28/2021,Wyoming,21,4005,245,98022
09/29/2021,Wyoming,19,4024,278,98300
09/30/2021,Wyoming,20,4044,367,98667
10/01/2021,Wyoming,11,4055,278,98945
10/02/2021,Wyoming,24,4079,217,99162
10/03/2021,Wyoming,6,4085,134,99296
10/04/2021,Wyoming,12,4097,193,99489
10/05/2021,Wyoming,30,4127,373,99862
10/06/2021,Wyoming,26,4153,349,100211
10/07/2021,Wyoming,25,4178,366,100577
10/08/2021,Wyoming,21,4199,277,100854
10/09/2021,Wyoming,18,4217,120,100974
10/10/2021,Wyoming,23,4240,189,101163
10/11/2021,Wyoming,12,4252,149,101312
10/12/2021,Wyoming,24,4276,296,101608
10/13/2021,Wyoming,16,4292,207,101815
10/14/2021,Wyoming,17,4309,285,102100
10/15/2021,Wyoming,17,4326,316,102416
10/16/2021,Wyoming,10,4336,317,102733
10/17/2021,Wyoming,8,4344,228,102961
10/18/2021,Wyoming,5,4349,161,103122
10/19/2021,Wyoming,22,4371,311,103433
10/20/2021,Wyoming,22,4393,333,103766
10/21/2021,Wyoming,14,4407,266,104032
10/22/2021,Wyoming,11,4418,310,104342
10/23/2021,Wyoming,10,4428,167,104509
03/01/2020,Yates,0,0,0,0
03/02/2020,Yates,0,0,0,0
03/03/2020,Yates,0,0,0,0
03/04/2020,Yates,0,0,0,0
03/05/2020,Yates,0,0,0,0
03/06/2020,Yates,0,0,0,0
03/07/2020,Yates,0,0,0,0
03/08/2020,Yates,0,0,0,0
03/09/2020,Yates,0,0,0,0
03/10/2020,Yates,0,0,0,0
03/11/2020,Yates,0,0,0,0
03/12/2020,Yates,0,0,0,0
03/13/2020,Yates,0,0,1,1
03/14/2020,Yates,0,0,2,3
03/15/2020,Yates,0,0,1,4
03/16/2020,Yates,0,0,0,4
03/17/2020,Yates,0,0,0,4
03/18/2020,Yates,0,0,3,7
03/19/2020,Yates,0,0,1,8
03/20/2020,Yates,0,0,2,10
03/21/2020,Yates,0,0,3,13
03/22/2020,Yates,0,0,3,16
03/23/2020,Yates,0,0,3,19
03/24/2020,Yates,0,0,3,22
03/25/2020,Yates,0,0,1,23
03/26/2020,Yates,0,0,2,25
03/27/2020,Yates,0,0,10,35
03/28/2020,Yates,0,0,7,42
03/29/2020,Yates,0,0,2,44
03/30/2020,Yates,0,0,3,47
03/31/2020,Yates,0,0,7,54
04/01/2020,Yates,1,1,8,62
04/02/2020,Yates,0,1,7,69
04/03/2020,Yates,0,1,3,72
04/04/2020,Yates,0,1,6,78
04/05/2020,Yates,0,1,2,80
04/06/2020,Yates,0,1,3,83
04/07/2020,Yates,0,1,5,88
04/08/2020,Yates,0,1,7,95
04/09/2020,Yates,1,2,3,98
04/10/2020,Yates,0,2,5,103
04/11/2020,Yates,1,3,6,109
04/12/2020,Yates,1,4,4,113
04/13/2020,Yates,2,6,5,118
04/14/2020,Yates,0,6,5,123
04/15/2020,Yates,1,7,2,125
04/16/2020,Yates,1,8,10,135
04/17/2020,Yates,1,9,28,163
04/18/2020,Yates,0,9,2,165
04/19/2020,Yates,1,10,13,178
04/20/2020,Yates,0,10,1,179
04/21/2020,Yates,1,11,1,180
04/22/2020,Yates,0,11,8,188
04/23/2020,Yates,0,11,5,193
04/24/2020,Yates,5,16,41,234
04/25/2020,Yates,1,17,4,238
04/26/2020,Yates,0,17,3,241
04/27/2020,Yates,0,17,3,244
04/28/2020,Yates,0,17,8,252
04/29/2020,Yates,1,18,10,262
04/30/2020,Yates,0,18,12,274
05/01/2020,Yates,0,18,13,287
05/02/2020,Yates,1,19,23,310
05/03/2020,Yates,0,19,9,319
05/04/2020,Yates,0,19,7,326
05/05/2020,Yates,0,19,13,339
05/06/2020,Yates,0,19,13,352
05/07/2020,Yates,1,20,12,364
05/08/2020,Yates,0,20,24,388
05/09/2020,Yates,1,21,27,415
05/10/2020,Yates,0,21,15,430
05/11/2020,Yates,0,21,15,445
05/12/2020,Yates,1,22,23,468
05/13/2020,Yates,0,22,51,519
05/14/2020,Yates,0,22,16,535
05/15/2020,Yates,0,22,15,550
05/16/2020,Yates,1,23,14,564
05/17/2020,Yates,2,25,22,586
05/18/2020,Yates,1,26,25,611
05/19/2020,Yates,8,34,67,678
05/20/2020,Yates,0,34,62,740
05/21/2020,Yates,0,34,107,847
05/22/2020,Yates,3,37,22,869
05/23/2020,Yates,0,37,58,927
05/24/2020,Yates,0,37,28,955
05/25/2020,Yates,0,37,67,1022
05/26/2020,Yates,2,39,28,1050
05/27/2020,Yates,0,39,50,1100
05/28/2020,Yates,0,39,130,1230
05/29/2020,Yates,0,39,31,1261
05/30/2020,Yates,0,39,87,1348
05/31/2020,Yates,0,39,77,1425
06/01/2020,Yates,0,39,48,1473
06/02/2020,Yates,0,39,108,1581
06/03/2020,Yates,0,39,78,1659
06/04/2020,Yates,0,39,113,1772
06/05/2020,Yates,0,39,109,1881
06/06/2020,Yates,0,39,73,1954
06/07/2020,Yates,0,39,110,2064
06/08/2020,Yates,0,39,30,2094
06/09/2020,Yates,0,39,64,2158
06/10/2020,Yates,0,39,99,2257
06/11/2020,Yates,0,39,103,2360
06/12/2020,Yates,0,39,52,2412
06/13/2020,Yates,1,40,64,2476
06/14/2020,Yates,0,40,89,2565
06/15/2020,Yates,0,40,98,2663
06/16/2020,Yates,0,40,58,2721
06/17/2020,Yates,0,40,53,2774
06/18/2020,Yates,0,40,74,2848
06/19/2020,Yates,1,41,49,2897
06/20/2020,Yates,0,41,70,2967
06/21/2020,Yates,1,42,72,3039
06/22/2020,Yates,1,43,43,3082
06/23/2020,Yates,1,44,44,3126
06/24/2020,Yates,0,44,41,3167
06/25/2020,Yates,1,45,61,3228
06/26/2020,Yates,0,45,56,3284
06/27/2020,Yates,0,45,63,3347
06/28/2020,Yates,1,46,133,3480
06/29/2020,Yates,0,46,55,3535
06/30/2020,Yates,0,46,53,3588
07/01/2020,Yates,0,46,28,3616
07/02/2020,Yates,0,46,67,3683
07/03/2020,Yates,2,48,84,3767
07/04/2020,Yates,0,48,45,3812
07/05/2020,Yates,0,48,33,3845
07/06/2020,Yates,0,48,59,3904
07/07/2020,Yates,0,48,73,3977
07/08/2020,Yates,0,48,87,4064
07/09/2020,Yates,0,48,65,4129
07/10/2020,Yates,0,48,59,4188
07/11/2020,Yates,0,48,44,4232
07/12/2020,Yates,0,48,46,4278
07/13/2020,Yates,1,49,54,4332
07/14/2020,Yates,1,50,55,4387
07/15/2020,Yates,0,50,84,4471
07/16/2020,Yates,1,51,89,4560
07/17/2020,Yates,0,51,104,4664
07/18/2020,Yates,0,51,33,4697
07/19/2020,Yates,0,51,46,4743
07/20/2020,Yates,0,51,109,4852
07/21/2020,Yates,0,51,53,4905
07/22/2020,Yates,0,51,115,5020
07/23/2020,Yates,0,51,41,5061
07/24/2020,Yates,0,51,79,5140
07/25/2020,Yates,0,51,120,5260
07/26/2020,Yates,1,52,67,5327
07/27/2020,Yates,0,52,55,5382
07/28/2020,Yates,0,52,47,5429
07/29/2020,Yates,0,52,39,5468
07/30/2020,Yates,1,53,90,5558
07/31/2020,Yates,2,55,58,5616
08/01/2020,Yates,0,55,86,5702
08/02/2020,Yates,0,55,51,5753
08/03/2020,Yates,1,56,65,5818
08/04/2020,Yates,0,56,49,5867
08/05/2020,Yates,0,56,75,5942
08/06/2020,Yates,0,56,50,5992
08/07/2020,Yates,0,56,122,6114
08/08/2020,Yates,1,57,64,6178
08/09/2020,Yates,0,57,37,6215
08/10/2020,Yates,0,57,49,6264
08/11/2020,Yates,0,57,133,6397
08/12/2020,Yates,1,58,94,6491
08/13/2020,Yates,0,58,58,6549
08/14/2020,Yates,1,59,55,6604
08/15/2020,Yates,0,59,82,6686
08/16/2020,Yates,0,59,59,6745
08/17/2020,Yates,0,59,70,6815
08/18/2020,Yates,0,59,51,6866
08/19/2020,Yates,0,59,64,6930
08/20/2020,Yates,0,59,96,7026
08/21/2020,Yates,0,59,61,7087
08/22/2020,Yates,1,60,90,7177
08/23/2020,Yates,0,60,27,7204
08/24/2020,Yates,0,60,35,7239
08/25/2020,Yates,0,60,78,7317
08/26/2020,Yates,0,60,47,7364
08/27/2020,Yates,0,60,94,7458
08/28/2020,Yates,1,61,65,7523
08/29/2020,Yates,0,61,100,7623
08/30/2020,Yates,1,62,80,7703
08/31/2020,Yates,0,62,32,7735
09/01/2020,Yates,0,62,47,7782
09/02/2020,Yates,0,62,69,7851
09/03/2020,Yates,0,62,86,7937
09/04/2020,Yates,0,62,56,7993
09/05/2020,Yates,0,62,87,8080
09/06/2020,Yates,0,62,60,8140
09/07/2020,Yates,0,62,37,8177
09/08/2020,Yates,0,62,34,8211
09/09/2020,Yates,0,62,35,8246
09/10/2020,Yates,0,62,85,8331
09/11/2020,Yates,0,62,97,8428
09/12/2020,Yates,0,62,74,8502
09/13/2020,Yates,0,62,113,8615
09/14/2020,Yates,0,62,40,8655
09/15/2020,Yates,0,62,50,8705
09/16/2020,Yates,0,62,94,8799
09/17/2020,Yates,0,62,91,8890
09/18/2020,Yates,0,62,71,8961
09/19/2020,Yates,0,62,179,9140
09/20/2020,Yates,0,62,71,9211
09/21/2020,Yates,0,62,43,9254
09/22/2020,Yates,0,62,72,9326
09/23/2020,Yates,0,62,63,9389
09/24/2020,Yates,0,62,92,9481
09/25/2020,Yates,0,62,77,9558
09/26/2020,Yates,2,64,124,9682
09/27/2020,Yates,0,64,103,9785
09/28/2020,Yates,0,64,45,9830
09/29/2020,Yates,0,64,63,9893
09/30/2020,Yates,0,64,87,9980
10/01/2020,Yates,1,65,86,10066
10/02/2020,Yates,0,65,101,10167
10/03/2020,Yates,1,66,132,10299
10/04/2020,Yates,0,66,66,10365
10/05/2020,Yates,1,67,78,10443
10/06/2020,Yates,0,67,66,10509
10/07/2020,Yates,0,67,101,10610
10/08/2020,Yates,3,70,112,10722
10/09/2020,Yates,1,71,111,10833
10/10/2020,Yates,0,71,117,10950
10/11/2020,Yates,1,72,93,11043
10/12/2020,Yates,5,77,52,11095
10/13/2020,Yates,0,77,60,11155
10/14/2020,Yates,1,78,107,11262
10/15/2020,Yates,3,81,205,11467
10/16/2020,Yates,3,84,106,11573
10/17/2020,Yates,4,88,111,11684
10/18/2020,Yates,6,94,99,11783
10/19/2020,Yates,4,98,52,11835
10/20/2020,Yates,1,99,133,11968
10/21/2020,Yates,3,102,110,12078
10/22/2020,Yates,5,107,107,12185
10/23/2020,Yates,4,111,119,12304
10/24/2020,Yates,1,112,109,12413
10/25/2020,Yates,3,115,69,12482
10/26/2020,Yates,6,121,109,12591
10/27/2020,Yates,2,123,47,12638
10/28/2020,Yates,3,126,209,12847
10/29/2020,Yates,2,128,133,12980
10/30/2020,Yates,4,132,89,13069
10/31/2020,Yates,2,134,92,13161
11/01/2020,Yates,3,137,124,13285
11/02/2020,Yates,8,145,78,13363
11/03/2020,Yates,2,147,51,13414
11/04/2020,Yates,6,153,99,13513
11/05/2020,Yates,3,156,82,13595
11/06/2020,Yates,5,161,117,13712
11/07/2020,Yates,2,163,145,13857
11/08/2020,Yates,8,171,88,13945
11/09/2020,Yates,5,176,80,14025
11/10/2020,Yates,2,178,51,14076
11/11/2020,Yates,4,182,72,14148
11/12/2020,Yates,8,190,138,14286
11/13/2020,Yates,11,201,101,14387
11/14/2020,Yates,5,206,85,14472
11/15/2020,Yates,3,209,90,14562
11/16/2020,Yates,8,217,149,14711
11/17/2020,Yates,1,218,87,14798
11/18/2020,Yates,2,220,100,14898
11/19/2020,Yates,0,220,89,14987
11/20/2020,Yates,4,224,196,15183
11/21/2020,Yates,4,228,138,15321
11/22/2020,Yates,11,239,293,15614
11/23/2020,Yates,3,242,110,15724
11/24/2020,Yates,0,242,93,15817
11/25/2020,Yates,5,247,96,15913
11/26/2020,Yates,5,252,74,15987
11/27/2020,Yates,1,253,146,16133
11/28/2020,Yates,9,262,158,16291
11/29/2020,Yates,3,265,214,16505
11/30/2020,Yates,4,269,61,16566
12/01/2020,Yates,3,272,68,16634
12/02/2020,Yates,5,277,87,16721
12/03/2020,Yates,11,288,163,16884
12/04/2020,Yates,9,297,166,17050
12/05/2020,Yates,10,307,160,17210
12/06/2020,Yates,6,313,80,17290
12/07/2020,Yates,6,319,153,17443
12/08/2020,Yates,19,338,150,17593
12/09/2020,Yates,7,345,106,17699
12/10/2020,Yates,7,352,145,17844
12/11/2020,Yates,4,356,116,17960
12/12/2020,Yates,6,362,177,18137
12/13/2020,Yates,10,372,231,18368
12/14/2020,Yates,3,375,81,18449
12/15/2020,Yates,3,378,63,18512
12/16/2020,Yates,8,386,104,18616
12/17/2020,Yates,9,395,169,18785
12/18/2020,Yates,3,398,112,18897
12/19/2020,Yates,4,402,197,19094
12/20/2020,Yates,2,404,224,19318
12/21/2020,Yates,6,410,62,19380
12/22/2020,Yates,7,417,50,19430
12/23/2020,Yates,2,419,94,19524
12/24/2020,Yates,12,431,222,19746
12/25/2020,Yates,16,447,146,19892
12/26/2020,Yates,3,450,162,20054
12/27/2020,Yates,12,462,227,20281
12/28/2020,Yates,11,473,80,20361
12/29/2020,Yates,15,488,145,20506
12/30/2020,Yates,13,501,130,20636
12/31/2020,Yates,21,522,151,20787
01/01/2021,Yates,17,539,234,21021
01/02/2021,Yates,18,557,238,21259
01/03/2021,Yates,15,572,175,21434
01/04/2021,Yates,11,583,72,21506
01/05/2021,Yates,25,608,239,21745
01/06/2021,Yates,15,623,154,21899
01/07/2021,Yates,26,649,201,22100
01/08/2021,Yates,24,673,306,22406
01/09/2021,Yates,19,692,254,22660
01/10/2021,Yates,17,709,153,22813
01/11/2021,Yates,13,722,97,22910
01/12/2021,Yates,14,736,137,23047
01/13/2021,Yates,9,745,112,23159
01/14/2021,Yates,13,758,233,23392
01/15/2021,Yates,25,783,288,23680
01/16/2021,Yates,12,795,249,23929
01/17/2021,Yates,18,813,157,24086
01/18/2021,Yates,13,826,71,24157
01/19/2021,Yates,9,835,82,24239
01/20/2021,Yates,10,845,119,24358
01/21/2021,Yates,18,863,220,24578
01/22/2021,Yates,12,875,296,24874
01/23/2021,Yates,10,885,204,25078
01/24/2021,Yates,5,890,176,25254
01/25/2021,Yates,9,899,87,25341
01/26/2021,Yates,11,910,115,25456
01/27/2021,Yates,11,921,154,25610
01/28/2021,Yates,9,930,270,25880
01/29/2021,Yates,6,936,248,26128
01/30/2021,Yates,7,943,188,26316
01/31/2021,Yates,8,951,179,26495
02/01/2021,Yates,3,954,101,26596
02/02/2021,Yates,7,961,76,26672
02/03/2021,Yates,7,968,103,26775
02/04/2021,Yates,11,979,162,26937
02/05/2021,Yates,4,983,254,27191
02/06/2021,Yates,6,989,249,27440
02/07/2021,Yates,2,991,158,27598
02/08/2021,Yates,0,991,61,27659
02/09/2021,Yates,1,992,63,27722
02/10/2021,Yates,2,994,156,27878
02/11/2021,Yates,1,995,215,28093
02/12/2021,Yates,1,996,212,28305
02/13/2021,Yates,2,998,191,28496
02/14/2021,Yates,0,998,171,28667
02/15/2021,Yates,3,1001,40,28707
02/16/2021,Yates,2,1003,112,28819
02/17/2021,Yates,1,1004,162,28981
02/18/2021,Yates,1,1005,169,29150
02/19/2021,Yates,1,1006,153,29303
02/20/2021,Yates,1,1007,221,29524
02/21/2021,Yates,2,1009,91,29615
02/22/2021,Yates,2,1011,79,29694
02/23/2021,Yates,0,1011,176,29870
02/24/2021,Yates,0,1011,125,29995
02/25/2021,Yates,0,1011,232,30227
02/26/2021,Yates,3,1014,136,30363
02/27/2021,Yates,0,1014,196,30559
02/28/2021,Yates,0,1014,157,30716
03/01/2021,Yates,1,1015,90,30806
03/02/2021,Yates,0,1015,106,30912
03/03/2021,Yates,2,1017,161,31073
03/04/2021,Yates,5,1022,268,31341
03/05/2021,Yates,1,1023,197,31538
03/06/2021,Yates,1,1024,183,31721
03/07/2021,Yates,1,1025,61,31782
03/08/2021,Yates,1,1026,32,31814
03/09/2021,Yates,2,1028,199,32013
03/10/2021,Yates,0,1028,173,32186
03/11/2021,Yates,4,1032,245,32431
03/12/2021,Yates,1,1033,132,32563
03/13/2021,Yates,3,1036,197,32760
03/14/2021,Yates,0,1036,46,32806
03/15/2021,Yates,1,1037,102,32908
03/16/2021,Yates,2,1039,72,32980
03/17/2021,Yates,1,1040,279,33259
03/18/2021,Yates,0,1040,300,33559
03/19/2021,Yates,0,1040,130,33689
03/20/2021,Yates,0,1040,236,33925
03/21/2021,Yates,0,1040,80,34005
03/22/2021,Yates,0,1040,126,34131
03/23/2021,Yates,5,1045,147,34278
03/24/2021,Yates,3,1048,191,34469
03/25/2021,Yates,1,1049,300,34769
03/26/2021,Yates,2,1051,178,34947
03/27/2021,Yates,1,1052,232,35179
03/28/2021,Yates,2,1054,68,35247
03/29/2021,Yates,4,1058,53,35300
03/30/2021,Yates,0,1058,185,35485
03/31/2021,Yates,2,1060,229,35714
04/01/2021,Yates,2,1062,259,35973
04/02/2021,Yates,0,1062,186,36159
04/03/2021,Yates,2,1064,165,36324
04/04/2021,Yates,2,1066,75,36399
04/05/2021,Yates,1,1067,271,36670
04/06/2021,Yates,2,1069,129,36799
04/07/2021,Yates,10,1079,233,37032
04/08/2021,Yates,4,1083,296,37328
04/09/2021,Yates,3,1086,310,37638
04/10/2021,Yates,5,1091,246,37884
04/11/2021,Yates,0,1091,102,37986
04/12/2021,Yates,1,1092,46,38032
04/13/2021,Yates,6,1098,165,38197
04/14/2021,Yates,3,1101,210,38407
04/15/2021,Yates,1,1102,218,38625
04/16/2021,Yates,6,1108,214,38839
04/17/2021,Yates,2,1110,228,39067
04/18/2021,Yates,0,1110,186,39253
04/19/2021,Yates,0,1110,99,39352
04/20/2021,Yates,2,1112,146,39498
04/21/2021,Yates,0,1112,193,39691
04/22/2021,Yates,1,1113,276,39967
04/23/2021,Yates,1,1114,191,40158
04/24/2021,Yates,11,1125,220,40378
04/25/2021,Yates,2,1127,116,40494
04/26/2021,Yates,1,1128,194,40688
04/27/2021,Yates,5,1133,105,40793
04/28/2021,Yates,2,1135,179,40972
04/29/2021,Yates,3,1138,280,41252
04/30/2021,Yates,3,1141,276,41528
05/01/2021,Yates,1,1142,162,41690
05/02/2021,Yates,1,1143,138,41828
05/03/2021,Yates,1,1144,73,41901
05/04/2021,Yates,6,1150,150,42051
05/05/2021,Yates,4,1154,207,42258
05/06/2021,Yates,2,1156,243,42501
05/07/2021,Yates,3,1159,351,42852
05/08/2021,Yates,3,1162,156,43008
05/09/2021,Yates,1,1163,204,43212
05/10/2021,Yates,1,1164,87,43299
05/11/2021,Yates,1,1165,99,43398
05/12/2021,Yates,2,1167,171,43569
05/13/2021,Yates,1,1168,230,43799
05/14/2021,Yates,0,1168,137,43936
05/15/2021,Yates,0,1168,158,44094
05/16/2021,Yates,1,1169,100,44194
05/17/2021,Yates,0,1169,24,44218
05/18/2021,Yates,3,1172,138,44356
05/19/2021,Yates,0,1172,109,44465
05/20/2021,Yates,0,1172,178,44643
05/21/2021,Yates,0,1172,148,44791
05/22/2021,Yates,0,1172,122,44913
05/23/2021,Yates,0,1172,124,45037
05/24/2021,Yates,2,1174,22,45059
05/25/2021,Yates,0,1174,63,45122
05/26/2021,Yates,2,1176,94,45216
05/27/2021,Yates,0,1176,153,45369
05/28/2021,Yates,0,1176,112,45481
05/29/2021,Yates,1,1177,118,45599
05/30/2021,Yates,0,1177,120,45719
05/31/2021,Yates,0,1177,18,45737
06/01/2021,Yates,1,1178,36,45773
06/02/2021,Yates,0,1178,62,45835
06/03/2021,Yates,0,1178,166,46001
06/04/2021,Yates,0,1178,141,46142
06/05/2021,Yates,0,1178,59,46201
06/06/2021,Yates,0,1178,82,46283
06/07/2021,Yates,0,1178,22,46305
06/08/2021,Yates,0,1178,38,46343
06/09/2021,Yates,0,1178,118,46461
06/10/2021,Yates,0,1178,105,46566
06/11/2021,Yates,0,1178,121,46687
06/12/2021,Yates,0,1178,52,46739
06/13/2021,Yates,0,1178,62,46801
06/14/2021,Yates,0,1178,95,46896
06/15/2021,Yates,1,1179,235,47131
06/16/2021,Yates,0,1179,124,47255
06/17/2021,Yates,0,1179,90,47345
06/18/2021,Yates,0,1179,181,47526
06/19/2021,Yates,0,1179,52,47578
06/20/2021,Yates,0,1179,33,47611
06/21/2021,Yates,0,1179,22,47633
06/22/2021,Yates,0,1179,39,47672
06/23/2021,Yates,0,1179,134,47806
06/24/2021,Yates,0,1179,91,47897
06/25/2021,Yates,1,1180,63,47960
06/26/2021,Yates,0,1180,43,48003
06/27/2021,Yates,0,1180,31,48034
06/28/2021,Yates,0,1180,22,48056
06/29/2021,Yates,0,1180,32,48088
06/30/2021,Yates,0,1180,46,48134
07/01/2021,Yates,0,1180,33,48167
07/02/2021,Yates,0,1180,62,48229
07/03/2021,Yates,0,1180,38,48267
07/04/2021,Yates,0,1180,19,48286
07/05/2021,Yates,0,1180,20,48306
07/06/2021,Yates,0,1180,12,48318
07/07/2021,Yates,0,1180,39,48357
07/08/2021,Yates,0,1180,40,48397
07/09/2021,Yates,0,1180,30,48427
07/10/2021,Yates,0,1180,35,48462
07/11/2021,Yates,0,1180,28,48490
07/12/2021,Yates,0,1180,12,48502
07/13/2021,Yates,0,1180,27,48529
07/14/2021,Yates,0,1180,33,48562
07/15/2021,Yates,0,1180,21,48583
07/16/2021,Yates,0,1180,30,48613
07/17/2021,Yates,0,1180,32,48645
07/18/2021,Yates,0,1180,11,48656
07/19/2021,Yates,1,1181,19,48675
07/20/2021,Yates,1,1182,34,48709
07/21/2021,Yates,0,1182,43,48752
07/22/2021,Yates,0,1182,28,48780
07/23/2021,Yates,0,1182,19,48799
07/24/2021,Yates,0,1182,36,48835
07/25/2021,Yates,0,1182,14,48849
07/26/2021,Yates,0,1182,27,48876
07/27/2021,Yates,0,1182,34,48910
07/28/2021,Yates,0,1182,41,48951
07/29/2021,Yates,0,1182,53,49004
07/30/2021,Yates,0,1182,30,49034
07/31/2021,Yates,0,1182,35,49069
08/01/2021,Yates,0,1182,18,49087
08/02/2021,Yates,1,1183,18,49105
08/03/2021,Yates,0,1183,46,49151
08/04/2021,Yates,3,1186,33,49184
08/05/2021,Yates,3,1189,24,49208
08/06/2021,Yates,0,1189,48,49256
08/07/2021,Yates,2,1191,38,49294
08/08/2021,Yates,5,1196,29,49323
08/09/2021,Yates,0,1196,11,49334
08/10/2021,Yates,2,1198,76,49410
08/11/2021,Yates,2,1200,43,49453
08/12/2021,Yates,4,1204,54,49507
08/13/2021,Yates,2,1206,46,49553
08/14/2021,Yates,3,1209,27,49580
08/15/2021,Yates,5,1214,31,49611
08/16/2021,Yates,1,1215,49,49660
08/17/2021,Yates,1,1216,61,49721
08/18/2021,Yates,2,1218,41,49762
08/19/2021,Yates,4,1222,77,49839
08/20/2021,Yates,1,1223,70,49909
08/21/2021,Yates,2,1225,56,49965
08/22/2021,Yates,1,1226,44,50009
08/23/2021,Yates,0,1226,34,50043
08/24/2021,Yates,3,1229,45,50088
08/25/2021,Yates,3,1232,43,50131
08/26/2021,Yates,5,1237,105,50236
08/27/2021,Yates,3,1240,54,50290
08/28/2021,Yates,1,1241,58,50348
08/29/2021,Yates,3,1244,65,50413
08/30/2021,Yates,6,1250,37,50450
08/31/2021,Yates,5,1255,94,50544
09/01/2021,Yates,1,1256,86,50630
09/02/2021,Yates,4,1260,74,50704
09/03/2021,Yates,6,1266,94,50798
09/04/2021,Yates,8,1274,91,50889
09/05/2021,Yates,10,1284,68,50957
09/06/2021,Yates,9,1293,128,51085
09/07/2021,Yates,9,1302,75,51160
09/08/2021,Yates,11,1313,163,51323
09/09/2021,Yates,11,1324,151,51474
09/10/2021,Yates,4,1328,128,51602
09/11/2021,Yates,9,1337,114,51716
09/12/2021,Yates,6,1343,190,51906
09/13/2021,Yates,8,1351,51,51957
09/14/2021,Yates,6,1357,141,52098
09/15/2021,Yates,7,1364,182,52280
09/16/2021,Yates,7,1371,162,52442
09/17/2021,Yates,8,1379,120,52562
09/18/2021,Yates,2,1381,153,52715
09/19/2021,Yates,6,1387,133,52848
09/20/2021,Yates,9,1396,69,52917
09/21/2021,Yates,3,1399,169,53086
09/22/2021,Yates,8,1407,162,53248
09/23/2021,Yates,5,1412,156,53404
09/24/2021,Yates,7,1419,197,53601
09/25/2021,Yates,5,1424,448,54049
09/26/2021,Yates,4,1428,130,54179
09/27/2021,Yates,1,1429,33,54212
09/28/2021,Yates,1,1430,145,54357
09/29/2021,Yates,8,1438,141,54498
09/30/2021,Yates,6,1444,137,54635
10/01/2021,Yates,2,1446,104,54739
10/02/2021,Yates,10,1456,136,54875
10/03/2021,Yates,3,1459,95,54970
10/04/2021,Yates,1,1460,84,55054
10/05/2021,Yates,7,1467,178,55232
10/06/2021,Yates,15,1482,175,55407
10/07/2021,Yates,4,1486,169,55576
10/08/2021,Yates,7,1493,139,55715
10/09/2021,Yates,7,1500,100,55815
10/10/2021,Yates,8,1508,146,55961
10/11/2021,Yates,12,1520,52,56013
10/12/2021,Yates,8,1528,90,56103
10/13/2021,Yates,11,1539,125,56228
10/14/2021,Yates,19,1558,204,56432
10/15/2021,Yates,19,1577,147,56579
10/16/2021,Yates,11,1588,122,56701
10/17/2021,Yates,17,1605,125,56826
10/18/2021,Yates,5,1610,53,56879
10/19/2021,Yates,21,1631,168,57047
10/20/2021,Yates,16,1647,202,57249
10/21/2021,Yates,10,1657,169,57418
10/22/2021,Yates,10,1667,176,57594
10/23/2021,Yates,6,1673,127,57721
